config,fold_id,pair_id,n_rows,n_pos,precision,recall,f1,n_features
distance_topological,0,ChEMBL__Unionable__assays_horizontal_50_ac5_av,529,23,1.0,0.34782608695652173,0.5161290322580645,38
distance_topological,0,OpenData__Semantically-Joinable__miller2_both_50_70_ac4_av,1849,35,1.0,0.14285714285714285,0.25,38
distance_topological,0,TPC-DI__Joinable__prospect_both_50_50_ec_ev,272,11,1.0,0.7272727272727273,0.8421052631578947,38
distance_topological,0,TPC-DI__View-Unionable__prospect_both_0_30_ac1_ev,196,6,1.0,0.5,0.6666666666666666,38
distance_topological,0,ChEMBL__Joinable__assays_both_50_1_ac2_ev,144,1,0.0,0.0,0.0,38
distance_topological,0,ChEMBL__Unionable__assays_horizontal_50_ac5_ev,529,23,1.0,0.34782608695652173,0.5161290322580645,38
distance_topological,0,ChEMBL__Joinable__assays_both_50_1_ac3_ev,144,1,0.0,0.0,0.0,38
distance_topological,0,TPC-DI__View-Unionable__prospect_both_0_30_ac2_ev,196,6,1.0,0.5,0.6666666666666666,38
distance_topological,0,OpenData__Semantically-Joinable__miller2_vertical_1_ac4_av,676,1,0.0,0.0,0.0,38
distance_topological,0,TPC-DI__Joinable__prospect_both_50_70_ec_ev,342,15,1.0,0.8,0.8888888888888888,38
distance_topological,0,ChEMBL__View-Unionable__assays_both_0_1_ac2_ev,144,1,0.0,0.0,0.0,38
distance_topological,0,TPC-DI__Joinable__prospect_vertical_1_ac2_ev,132,1,1.0,1.0,1.0,38
distance_topological,0,TPC-DI__View-Unionable__prospect_both_0_30_ec_av,196,6,1.0,0.6666666666666666,0.8,38
distance_topological,0,OpenData__Semantically-Joinable__miller2_vertical_30_ac2_av,1089,15,0.6666666666666666,0.13333333333333333,0.2222222222222222,38
distance_topological,0,ChEMBL__Joinable__assays_both_50_30_ec_ev,210,6,1.0,0.5,0.6666666666666666,38
distance_topological,0,TPC-DI__View-Unionable__prospect_both_0_50_ac1_av,272,11,1.0,0.36363636363636365,0.5333333333333333,38
distance_topological,0,TPC-DI__Joinable__prospect_vertical_1_ec_ev,132,1,1.0,1.0,1.0,38
distance_topological,0,TPC-DI__View-Unionable__prospect_both_0_50_ac1_ev,272,11,1.0,0.36363636363636365,0.5333333333333333,38
distance_topological,0,ChEMBL__View-Unionable__assays_both_0_30_ac1_av,210,6,0.0,0.0,0.0,38
distance_topological,0,OpenData__Semantically-Joinable__miller2_vertical_50_ac3_av,1444,25,1.0,0.08,0.14814814814814814,38
distance_topological,0,ChEMBL__View-Unionable__assays_both_0_30_ac2_av,210,6,1.0,0.3333333333333333,0.5,38
distance_topological,0,OpenData__Semantically-Joinable__miller2_vertical_50_ac4_av,1444,25,0.75,0.12,0.20689655172413793,38
distance_topological,0,OpenData__Semantically-Joinable__miller2_vertical_50_ac5_av,1444,25,0.0,0.0,0.0,38
distance_topological,0,TPC-DI__Joinable__prospect_vertical_50_ac1_ev,272,11,1.0,0.7272727272727273,0.8421052631578947,38
distance_topological,0,ChEMBL__Joinable__assays_both_50_70_ac3_ev,380,16,1.0,0.25,0.4,38
distance_topological,0,ChEMBL__Joinable__assays_both_50_70_ac4_ev,380,16,1.0,0.375,0.5454545454545454,38
distance_topological,0,OpenData__Semantically-Joinable__miller2_vertical_70_ac2_av,1849,35,0.7272727272727273,0.22857142857142856,0.34782608695652173,38
distance_topological,0,ChEMBL__Joinable__assays_both_50_70_ec_ev,380,16,1.0,0.625,0.7692307692307693,38
distance_topological,0,TPC-DI__Joinable__prospect_vertical_50_ac5_ev,272,11,1.0,0.36363636363636365,0.5333333333333333,38
distance_topological,0,OpenData__Semantically-Joinable__miller2_vertical_70_ac4_av,1849,35,1.0,0.08571428571428572,0.15789473684210525,38
distance_topological,0,TPC-DI__Joinable__prospect_vertical_50_ec_ev,272,11,1.0,0.9090909090909091,0.9523809523809523,38
distance_topological,0,TPC-DI__Joinable__prospect_vertical_70_ac1_ev,342,15,1.0,0.7333333333333333,0.8461538461538461,38
distance_topological,0,ChEMBL__View-Unionable__assays_both_0_30_ec_av,210,6,1.0,0.3333333333333333,0.5,38
distance_topological,0,OpenData__Unionable__miller2_horizontal_0_ac1_ev,2601,51,1.0,0.27450980392156865,0.4307692307692308,38
distance_topological,0,TPC-DI__Joinable__prospect_vertical_70_ac4_ev,342,15,1.0,0.5333333333333333,0.6956521739130435,38
distance_topological,0,TPC-DI__View-Unionable__prospect_both_0_70_ac3_ev,342,15,1.0,0.2,0.3333333333333333,38
distance_topological,0,ChEMBL__Joinable__assays_vertical_1_ec_ev,144,1,0.0,0.0,0.0,38
distance_topological,0,OpenData__Unionable__miller2_horizontal_0_ac2_av,2601,51,1.0,0.37254901960784315,0.5428571428571428,38
distance_topological,0,TPC-DI__View-Unionable__prospect_both_0_70_ac4_ev,342,15,0.8,0.26666666666666666,0.4,38
distance_topological,0,ChEMBL__Joinable__assays_vertical_30_ac3_ev,210,6,1.0,0.6666666666666666,0.8,38
distance_topological,0,ChEMBL__View-Unionable__assays_both_0_50_ac3_av,289,11,1.0,0.09090909090909091,0.16666666666666666,38
distance_topological,0,TPC-DI__View-Unionable__prospect_both_0_70_ac5_ev,342,15,1.0,0.2,0.3333333333333333,38
distance_topological,0,ChEMBL__View-Unionable__assays_both_0_50_ac3_ev,289,11,1.0,0.36363636363636365,0.5333333333333333,38
distance_topological,0,ChEMBL__Joinable__assays_vertical_30_ec_ev,210,6,1.0,0.6666666666666666,0.8,38
distance_topological,0,ChEMBL__View-Unionable__assays_both_0_50_ac4_ev,289,11,1.0,0.36363636363636365,0.5333333333333333,38
distance_topological,0,ChEMBL__Joinable__assays_vertical_50_ac2_ev,289,11,1.0,0.18181818181818182,0.3076923076923077,38
distance_topological,0,Wikidata__Musicians__Musicians_unionable,400,19,0.8888888888888888,0.8421052631578947,0.8648648648648649,38
distance_topological,0,ChEMBL__Joinable__assays_vertical_50_ac4_ev,289,11,1.0,0.2727272727272727,0.42857142857142855,38
distance_topological,0,ChEMBL__View-Unionable__assays_both_0_50_ec_ev,289,11,1.0,0.45454545454545453,0.625,38
distance_topological,0,ChEMBL__View-Unionable__assays_both_0_70_ac1_av,380,16,1.0,0.3125,0.47619047619047616,38
distance_topological,0,OpenData__Unionable__miller2_horizontal_100_ac1_ev,2601,51,1.0,0.27450980392156865,0.4307692307692308,38
distance_topological,0,ChEMBL__Joinable__assays_vertical_50_ec_ev,289,11,1.0,0.45454545454545453,0.625,38
distance_topological,0,ChEMBL__View-Unionable__assays_both_0_70_ac2_av,380,16,1.0,0.1875,0.3157894736842105,38
distance_topological,0,TPC-DI__Semantically-Joinable__prospect_both_50_50_ac1_av,272,11,1.0,0.36363636363636365,0.5333333333333333,38
distance_topological,0,ChEMBL__Joinable__assays_vertical_70_ac3_ev,380,16,1.0,0.375,0.5454545454545454,38
distance_topological,0,OpenData__Unionable__miller2_horizontal_100_ac3_ev,2601,51,1.0,0.13725490196078433,0.2413793103448276,38
distance_topological,0,ChEMBL__View-Unionable__assays_both_0_70_ac3_ev,380,16,1.0,0.3125,0.47619047619047616,38
distance_topological,0,OpenData__Unionable__miller2_horizontal_100_ac4_ev,2601,51,1.0,0.35294117647058826,0.5217391304347826,38
distance_topological,0,TPC-DI__Semantically-Joinable__prospect_both_50_50_ac4_av,272,11,1.0,0.18181818181818182,0.3076923076923077,38
distance_topological,0,ChEMBL__Joinable__assays_vertical_70_ec_ev,380,16,1.0,0.6875,0.8148148148148148,38
distance_topological,0,ChEMBL__View-Unionable__assays_both_0_70_ac4_ev,380,16,1.0,0.5625,0.72,38
distance_topological,0,TPC-DI__Semantically-Joinable__prospect_both_50_50_ac5_av,272,11,1.0,0.18181818181818182,0.3076923076923077,38
distance_topological,0,ChEMBL__View-Unionable__assays_both_0_70_ac5_av,380,16,1.0,0.125,0.2222222222222222,38
distance_topological,0,OpenData__Unionable__miller2_horizontal_100_ac5_ev,2601,51,1.0,0.19607843137254902,0.32786885245901637,38
distance_topological,0,ChEMBL__Semantically-Joinable__assays_both_50_1_ac2_av,144,1,0.0,0.0,0.0,38
distance_topological,0,ChEMBL__View-Unionable__assays_both_0_70_ac5_ev,380,16,1.0,0.4375,0.6086956521739131,38
distance_topological,0,TPC-DI__Semantically-Joinable__prospect_both_50_70_ac1_av,342,15,1.0,0.4666666666666667,0.6363636363636364,38
distance_topological,0,ChEMBL__View-Unionable__assays_both_0_70_ec_av,380,16,0.9,0.5625,0.6923076923076923,38
distance_topological,0,ChEMBL__Semantically-Joinable__assays_both_50_1_ac4_av,144,1,0.0,0.0,0.0,38
distance_topological,0,OpenData__Unionable__miller2_horizontal_50_ac1_av,2601,51,1.0,0.27450980392156865,0.4307692307692308,38
distance_topological,0,ChEMBL__Semantically-Joinable__assays_both_50_1_ec_av,144,1,0.0,0.0,0.0,38
distance_topological,0,TPC-DI__Semantically-Joinable__prospect_both_50_70_ac5_av,342,15,0.0,0.0,0.0,38
distance_topological,0,ChEMBL__Semantically-Joinable__assays_both_50_30_ac1_av,210,6,1.0,0.3333333333333333,0.5,38
distance_topological,0,Magellan__dblp_acm,25,5,1.0,0.8,0.8888888888888888,38
distance_topological,0,ChEMBL__Semantically-Joinable__assays_both_50_30_ac2_av,210,6,1.0,0.16666666666666666,0.2857142857142857,38
distance_topological,0,Magellan__dblp_scholar,25,5,1.0,0.4,0.5714285714285714,38
distance_topological,0,OpenData__Unionable__miller2_horizontal_50_ac3_av,2601,51,1.0,0.13725490196078433,0.2413793103448276,38
distance_topological,0,TPC-DI__Semantically-Joinable__prospect_vertical_1_ac2_av,132,1,1.0,1.0,1.0,38
distance_topological,0,OpenData__Unionable__miller2_horizontal_50_ac4_av,2601,51,1.0,0.4117647058823529,0.5833333333333334,38
distance_topological,0,TPC-DI__Semantically-Joinable__prospect_vertical_1_ac4_av,132,1,1.0,1.0,1.0,38
distance_topological,0,OpenData__Joinable__miller2_both_50_1_ac1_ev,676,1,0.0,0.0,0.0,38
distance_topological,0,OpenData__Joinable__miller2_both_50_1_ac2_ev,676,1,0.0,0.0,0.0,38
distance_topological,0,OpenData__Unionable__miller2_horizontal_50_ac5_ev,2601,51,1.0,0.19607843137254902,0.32786885245901637,38
distance_topological,0,TPC-DI__Semantically-Joinable__prospect_vertical_1_ec_av,132,1,1.0,1.0,1.0,38
distance_topological,0,ChEMBL__Semantically-Joinable__assays_both_50_50_ac2_av,289,11,1.0,0.18181818181818182,0.3076923076923077,38
distance_topological,0,OpenData__Joinable__miller2_both_50_1_ac3_ev,676,1,0.0,0.0,0.0,38
distance_topological,0,OpenData__Unionable__miller2_horizontal_50_ec_ev,2601,51,1.0,0.7647058823529411,0.8666666666666667,38
distance_topological,0,ChEMBL__Semantically-Joinable__assays_both_50_50_ac5_av,289,11,0.5,0.09090909090909091,0.15384615384615385,38
distance_topological,0,ChEMBL__Semantically-Joinable__assays_both_50_50_ec_av,289,11,1.0,0.5454545454545454,0.7058823529411765,38
distance_topological,0,TPC-DI__Semantically-Joinable__prospect_vertical_30_ac5_av,196,6,1.0,0.16666666666666666,0.2857142857142857,38
distance_topological,0,OpenData__View -Unionable__miller2_both_0_1_ac2_ev,676,1,0.0,0.0,0.0,38
distance_topological,0,OpenData__View -Unionable__miller2_both_0_1_ac3_av,676,1,0.0,0.0,0.0,38
distance_topological,0,TPC-DI__Semantically-Joinable__prospect_vertical_50_ac1_av,272,11,1.0,0.36363636363636365,0.5333333333333333,38
distance_topological,0,TPC-DI__Semantically-Joinable__prospect_vertical_50_ac2_av,272,11,1.0,0.45454545454545453,0.625,38
distance_topological,0,OpenData__Joinable__miller2_both_50_30_ec_ev,1089,15,1.0,0.7333333333333333,0.8461538461538461,38
distance_topological,0,TPC-DI__Semantically-Joinable__prospect_vertical_50_ac4_av,272,11,1.0,0.09090909090909091,0.16666666666666666,38
distance_topological,0,TPC-DI__Semantically-Joinable__prospect_vertical_50_ec_av,272,11,1.0,0.8181818181818182,0.9,38
distance_topological,0,TPC-DI__Semantically-Joinable__prospect_vertical_70_ac2_av,342,15,0.75,0.4,0.5217391304347826,38
distance_topological,0,OpenData__Joinable__miller2_both_50_50_ac5_ev,1444,25,1.0,0.04,0.07692307692307693,38
distance_topological,0,ChEMBL__Semantically-Joinable__assays_vertical_1_ac5_av,144,1,0.0,0.0,0.0,38
distance_topological,0,OpenData__Joinable__miller2_both_50_70_ac1_ev,1849,35,1.0,0.3142857142857143,0.4782608695652174,38
distance_topological,0,OpenData__View -Unionable__miller2_both_0_30_ac3_av,1089,15,0.0,0.0,0.0,38
distance_topological,0,TPC-DI__Unionable__prospect_horizontal_0_ac1_av,484,22,1.0,0.5,0.6666666666666666,38
distance_topological,0,OpenData__Joinable__miller2_both_50_70_ac5_ev,1849,35,1.0,0.2,0.3333333333333333,38
distance_topological,0,OpenData__View -Unionable__miller2_both_0_30_ac4_av,1089,15,1.0,0.06666666666666667,0.125,38
distance_topological,0,ChEMBL__Semantically-Joinable__assays_vertical_30_ac5_av,210,6,1.0,0.16666666666666666,0.2857142857142857,38
distance_topological,0,TPC-DI__Unionable__prospect_horizontal_0_ac2_ev,484,22,1.0,0.5454545454545454,0.7058823529411765,38
distance_topological,0,ChEMBL__Semantically-Joinable__assays_vertical_30_ec_av,210,6,1.0,0.5,0.6666666666666666,38
distance_topological,0,OpenData__View -Unionable__miller2_both_0_30_ac5_av,1089,15,0.0,0.0,0.0,38
distance_topological,0,TPC-DI__Unionable__prospect_horizontal_0_ac3_av,484,22,1.0,0.18181818181818182,0.3076923076923077,38
distance_topological,0,TPC-DI__Unionable__prospect_horizontal_0_ac4_av,484,22,0.9090909090909091,0.45454545454545453,0.6060606060606061,38
distance_topological,0,OpenData__Joinable__miller2_vertical_1_ac4_ev,676,1,0.0,0.0,0.0,38
distance_topological,0,ChEMBL__Semantically-Joinable__assays_vertical_50_ac4_av,289,11,1.0,0.2727272727272727,0.42857142857142855,38
distance_topological,0,ChEMBL__Semantically-Joinable__assays_vertical_50_ac5_av,289,11,1.0,0.2727272727272727,0.42857142857142855,38
distance_topological,0,OpenData__View -Unionable__miller2_both_0_50_ac2_av,1444,25,1.0,0.12,0.21428571428571427,38
distance_topological,0,OpenData__Joinable__miller2_vertical_30_ac2_ev,1089,15,0.9,0.6,0.72,38
distance_topological,0,OpenData__View -Unionable__miller2_both_0_50_ac2_ev,1444,25,1.0,0.32,0.48484848484848486,38
distance_topological,0,TPC-DI__Unionable__prospect_horizontal_0_ec_ev,484,22,1.0,0.7272727272727273,0.8421052631578947,38
distance_topological,0,ChEMBL__Semantically-Joinable__assays_vertical_70_ac2_av,380,16,0.8333333333333334,0.3125,0.45454545454545453,38
distance_topological,0,OpenData__Joinable__miller2_vertical_30_ac3_ev,1089,15,1.0,0.3333333333333333,0.5,38
distance_topological,0,OpenData__View -Unionable__miller2_both_0_50_ac3_ev,1444,25,1.0,0.16,0.27586206896551724,38
distance_topological,0,TPC-DI__Unionable__prospect_horizontal_100_ac2_ev,484,22,1.0,0.5,0.6666666666666666,38
distance_topological,0,OpenData__Joinable__miller2_vertical_50_ac1_ev,1444,25,1.0,0.52,0.6842105263157895,38
distance_topological,0,OpenData__View -Unionable__miller2_both_0_50_ac5_av,1444,25,0.0,0.0,0.0,38
distance_topological,0,ChEMBL__Unionable__assays_horizontal_0_ac1_av,529,23,1.0,0.391304347826087,0.5625,38
distance_topological,0,OpenData__View -Unionable__miller2_both_0_50_ac5_ev,1444,25,1.0,0.12,0.21428571428571427,38
distance_topological,0,OpenData__Joinable__miller2_vertical_50_ac3_ev,1444,25,1.0,0.32,0.48484848484848486,38
distance_topological,0,OpenData__View -Unionable__miller2_both_0_50_ec_av,1444,25,1.0,0.64,0.7804878048780488,38
distance_topological,0,ChEMBL__Unionable__assays_horizontal_0_ac2_av,529,23,1.0,0.30434782608695654,0.4666666666666667,38
distance_topological,0,ChEMBL__Unionable__assays_horizontal_0_ac2_ev,529,23,0.9090909090909091,0.43478260869565216,0.5882352941176471,38
distance_topological,0,TPC-DI__Unionable__prospect_horizontal_100_ac5_av,484,22,1.0,0.22727272727272727,0.37037037037037035,38
distance_topological,0,ChEMBL__Unionable__assays_horizontal_0_ac3_av,529,23,1.0,0.21739130434782608,0.35714285714285715,38
distance_topological,0,OpenData__Joinable__miller2_vertical_50_ec_ev,1444,25,1.0,0.76,0.8636363636363636,38
distance_topological,0,OpenData__Joinable__miller2_vertical_70_ac2_ev,1849,35,0.8636363636363636,0.5428571428571428,0.6666666666666666,38
distance_topological,0,ChEMBL__Unionable__assays_horizontal_0_ac4_ev,529,23,1.0,0.5217391304347826,0.6857142857142857,38
distance_topological,0,OpenData__Joinable__miller2_vertical_70_ac4_ev,1849,35,0.8823529411764706,0.42857142857142855,0.5769230769230769,38
distance_topological,0,OpenData__View -Unionable__miller2_both_0_70_ac3_ev,1849,35,1.0,0.17142857142857143,0.2926829268292683,38
distance_topological,0,TPC-DI__Unionable__prospect_horizontal_50_ac1_ev,484,22,1.0,0.5,0.6666666666666666,38
distance_topological,0,OpenData__View -Unionable__miller2_both_0_70_ac4_av,1849,35,1.0,0.14285714285714285,0.25,38
distance_topological,0,ChEMBL__Unionable__assays_horizontal_0_ec_ev,529,23,1.0,0.6086956521739131,0.7567567567567568,38
distance_topological,0,OpenData__Semantically-Joinable__miller2_both_50_1_ac1_av,676,1,0.0,0.0,0.0,38
distance_topological,0,TPC-DI__Unionable__prospect_horizontal_50_ac3_ev,484,22,1.0,0.18181818181818182,0.3076923076923077,38
distance_topological,0,OpenData__Semantically-Joinable__miller2_both_50_1_ac4_av,676,1,0.0,0.0,0.0,38
distance_topological,0,OpenData__View -Unionable__miller2_both_0_70_ec_ev,1849,35,1.0,0.8,0.8888888888888888,38
distance_topological,0,TPC-DI__Unionable__prospect_horizontal_50_ac4_ev,484,22,0.875,0.3181818181818182,0.4666666666666667,38
distance_topological,0,OpenData__Semantically-Joinable__miller2_both_50_1_ac5_av,676,1,0.0,0.0,0.0,38
distance_topological,0,TPC-DI__Unionable__prospect_horizontal_50_ac5_av,484,22,1.0,0.22727272727272727,0.37037037037037035,38
distance_topological,0,OpenData__Semantically-Joinable__miller2_both_50_1_ec_av,676,1,1.0,1.0,1.0,38
distance_topological,0,TPC-DI__Joinable__prospect_both_50_1_ac2_ev,132,1,0.0,0.0,0.0,38
distance_topological,0,ChEMBL__Unionable__assays_horizontal_100_ac4_av,529,23,1.0,0.5217391304347826,0.6857142857142857,38
distance_topological,0,TPC-DI__Joinable__prospect_both_50_1_ac4_ev,132,1,1.0,1.0,1.0,38
distance_topological,0,TPC-DI__View-Unionable__prospect_both_0_1_ac1_ev,132,1,1.0,1.0,1.0,38
distance_topological,0,OpenData__Semantically-Joinable__miller2_both_50_30_ec_av,1089,15,1.0,0.5333333333333333,0.6956521739130435,38
distance_topological,0,TPC-DI__Joinable__prospect_both_50_30_ac2_ev,196,6,1.0,0.3333333333333333,0.5,38
distance_topological,0,ChEMBL__Unionable__assays_horizontal_100_ec_ev,529,23,1.0,0.6086956521739131,0.7567567567567568,38
distance_topological,0,OpenData__Semantically-Joinable__miller2_both_50_50_ac1_av,1444,25,0.0,0.0,0.0,38
distance_topological,0,TPC-DI__Joinable__prospect_both_50_30_ac3_ev,196,6,1.0,0.16666666666666666,0.2857142857142857,38
distance_topological,0,TPC-DI__View-Unionable__prospect_both_0_1_ac3_av,132,1,0.0,0.0,0.0,38
distance_topological,0,OpenData__Semantically-Joinable__miller2_both_50_50_ac2_av,1444,25,1.0,0.04,0.07692307692307693,38
distance_topological,0,TPC-DI__Joinable__prospect_both_50_30_ac5_ev,196,6,1.0,0.5,0.6666666666666666,38
distance_topological,0,TPC-DI__Joinable__prospect_both_50_30_ec_ev,196,6,1.0,0.8333333333333334,0.9090909090909091,38
distance_topological,0,TPC-DI__View-Unionable__prospect_both_0_1_ac4_ev,132,1,1.0,1.0,1.0,38
distance_topological,0,TPC-DI__View-Unionable__prospect_both_0_1_ac5_av,132,1,1.0,1.0,1.0,38
distance_topological,0,ChEMBL__Unionable__assays_horizontal_50_ac3_av,529,23,1.0,0.21739130434782608,0.35714285714285715,38
distance_topological,0,TPC-DI__View-Unionable__prospect_both_0_1_ec_ev,132,1,1.0,1.0,1.0,38
distance_topological,0,TPC-DI__View-Unionable__prospect_both_0_30_ac1_av,196,6,1.0,0.3333333333333333,0.5,38
distance_topological,1,ChEMBL__Joinable__assays_both_50_1_ac1_ev,144,1,1.0,1.0,1.0,38
distance_topological,1,OpenData__Semantically-Joinable__miller2_both_50_70_ac4_av,1849,35,1.0,0.05714285714285714,0.10810810810810811,38
distance_topological,1,TPC-DI__View-Unionable__prospect_both_0_30_ac1_ev,196,6,1.0,0.16666666666666666,0.2857142857142857,38
distance_topological,1,ChEMBL__Joinable__assays_both_50_1_ac2_ev,144,1,0.0,0.0,0.0,38
distance_topological,1,ChEMBL__Unionable__assays_horizontal_50_ac5_ev,529,23,1.0,0.30434782608695654,0.4666666666666667,38
distance_topological,1,TPC-DI__View-Unionable__prospect_both_0_30_ac2_av,196,6,1.0,0.16666666666666666,0.2857142857142857,38
distance_topological,1,ChEMBL__Joinable__assays_both_50_1_ac3_ev,144,1,0.0,0.0,0.0,38
distance_topological,1,OpenData__Semantically-Joinable__miller2_both_50_70_ec_av,1849,35,1.0,0.5142857142857142,0.6792452830188679,38
distance_topological,1,ChEMBL__Joinable__assays_both_50_1_ac5_ev,144,1,0.0,0.0,0.0,38
distance_topological,1,TPC-DI__View-Unionable__prospect_both_0_30_ac3_ev,196,6,1.0,0.16666666666666666,0.2857142857142857,38
distance_topological,1,OpenData__Semantically-Joinable__miller2_vertical_1_ac3_av,676,1,0.0,0.0,0.0,38
distance_topological,1,ChEMBL__View-Unionable__assays_both_0_1_ac2_ev,144,1,0.0,0.0,0.0,38
distance_topological,1,TPC-DI__Joinable__prospect_vertical_1_ac3_ev,132,1,0.0,0.0,0.0,38
distance_topological,1,TPC-DI__Joinable__prospect_vertical_1_ac4_ev,132,1,1.0,1.0,1.0,38
distance_topological,1,ChEMBL__Joinable__assays_both_50_30_ec_ev,210,6,1.0,0.8333333333333334,0.9090909090909091,38
distance_topological,1,OpenData__Semantically-Joinable__miller2_vertical_30_ac3_av,1089,15,1.0,0.13333333333333333,0.23529411764705882,38
distance_topological,1,TPC-DI__View-Unionable__prospect_both_0_50_ac1_av,272,11,1.0,0.2727272727272727,0.42857142857142855,38
distance_topological,1,ChEMBL__Joinable__assays_both_50_50_ac1_ev,289,11,1.0,0.5454545454545454,0.7058823529411765,38
distance_topological,1,OpenData__Semantically-Joinable__miller2_vertical_30_ac4_av,1089,15,1.0,0.13333333333333333,0.23529411764705882,38
distance_topological,1,TPC-DI__Joinable__prospect_vertical_1_ec_ev,132,1,1.0,1.0,1.0,38
distance_topological,1,TPC-DI__View-Unionable__prospect_both_0_50_ac1_ev,272,11,1.0,0.2727272727272727,0.42857142857142855,38
distance_topological,1,ChEMBL__View-Unionable__assays_both_0_1_ac5_ev,144,1,0.0,0.0,0.0,38
distance_topological,1,OpenData__Semantically-Joinable__miller2_vertical_30_ac5_av,1089,15,1.0,0.06666666666666667,0.125,38
distance_topological,1,TPC-DI__View-Unionable__prospect_both_0_50_ac2_ev,272,11,1.0,0.18181818181818182,0.3076923076923077,38
distance_topological,1,ChEMBL__View-Unionable__assays_both_0_30_ac1_av,210,6,1.0,0.16666666666666666,0.2857142857142857,38
distance_topological,1,ChEMBL__View-Unionable__assays_both_0_30_ac1_ev,210,6,1.0,0.5,0.6666666666666666,38
distance_topological,1,OpenData__Semantically-Joinable__miller2_vertical_50_ac3_av,1444,25,1.0,0.16,0.27586206896551724,38
distance_topological,1,TPC-DI__Joinable__prospect_vertical_30_ec_ev,196,6,1.0,1.0,1.0,38
distance_topological,1,ChEMBL__View-Unionable__assays_both_0_30_ac2_ev,210,6,1.0,0.3333333333333333,0.5,38
distance_topological,1,TPC-DI__Joinable__prospect_vertical_50_ac1_ev,272,11,1.0,0.7272727272727273,0.8421052631578947,38
distance_topological,1,OpenData__Semantically-Joinable__miller2_vertical_70_ac1_av,1849,35,1.0,0.14285714285714285,0.25,38
distance_topological,1,TPC-DI__View-Unionable__prospect_both_0_50_ec_av,272,11,1.0,0.7272727272727273,0.8421052631578947,38
distance_topological,1,ChEMBL__Joinable__assays_both_50_70_ec_ev,380,16,1.0,0.6875,0.8148148148148148,38
distance_topological,1,TPC-DI__Joinable__prospect_vertical_50_ac5_ev,272,11,1.0,0.2727272727272727,0.42857142857142855,38
distance_topological,1,ChEMBL__Joinable__assays_vertical_1_ac1_ev,144,1,1.0,1.0,1.0,38
distance_topological,1,ChEMBL__Joinable__assays_vertical_1_ac2_ev,144,1,0.0,0.0,0.0,38
distance_topological,1,TPC-DI__View-Unionable__prospect_both_0_70_ac2_av,342,15,1.0,0.13333333333333333,0.23529411764705882,38
distance_topological,1,ChEMBL__View-Unionable__assays_both_0_30_ec_av,210,6,1.0,0.3333333333333333,0.5,38
distance_topological,1,OpenData__Semantically-Joinable__miller2_vertical_70_ec_av,1849,35,0.8421052631578947,0.45714285714285713,0.5925925925925926,38
distance_topological,1,TPC-DI__View-Unionable__prospect_both_0_70_ac2_ev,342,15,0.8571428571428571,0.4,0.5454545454545454,38
distance_topological,1,ChEMBL__View-Unionable__assays_both_0_30_ec_ev,210,6,1.0,0.8333333333333334,0.9090909090909091,38
distance_topological,1,OpenData__Unionable__miller2_horizontal_0_ac1_ev,2601,51,1.0,0.23529411764705882,0.38095238095238093,38
distance_topological,1,TPC-DI__Joinable__prospect_vertical_70_ac5_ev,342,15,1.0,0.4666666666666667,0.6363636363636364,38
distance_topological,1,OpenData__Unionable__miller2_horizontal_0_ac2_ev,2601,51,1.0,0.37254901960784315,0.5428571428571428,38
distance_topological,1,TPC-DI__Joinable__prospect_vertical_70_ec_ev,342,15,1.0,0.9333333333333333,0.9655172413793104,38
distance_topological,1,TPC-DI__View-Unionable__prospect_both_0_70_ac5_av,342,15,1.0,0.06666666666666667,0.125,38
distance_topological,1,ChEMBL__Joinable__assays_vertical_30_ac3_ev,210,6,1.0,0.5,0.6666666666666666,38
distance_topological,1,TPC-DI__View-Unionable__prospect_both_0_70_ac5_ev,342,15,1.0,0.13333333333333333,0.23529411764705882,38
distance_topological,1,OpenData__Unionable__miller2_horizontal_0_ac4_av,2601,51,1.0,0.19607843137254902,0.32786885245901637,38
distance_topological,1,TPC-DI__Semantically-Joinable__prospect_both_50_1_ac3_av,132,1,0.0,0.0,0.0,38
distance_topological,1,ChEMBL__Joinable__assays_vertical_30_ac5_ev,210,6,1.0,0.3333333333333333,0.5,38
distance_topological,1,OpenData__Unionable__miller2_horizontal_0_ac4_ev,2601,51,1.0,0.27450980392156865,0.4307692307692308,38
distance_topological,1,ChEMBL__Joinable__assays_vertical_30_ec_ev,210,6,1.0,0.6666666666666666,0.8,38
distance_topological,1,ChEMBL__Joinable__assays_vertical_50_ac1_ev,289,11,1.0,0.5454545454545454,0.7058823529411765,38
distance_topological,1,Wikidata__Musicians__Musicians_semjoinable,196,8,1.0,0.75,0.8571428571428571,38
distance_topological,1,ChEMBL__View-Unionable__assays_both_0_50_ac5_ev,289,11,1.0,0.2727272727272727,0.42857142857142855,38
distance_topological,1,OpenData__Unionable__miller2_horizontal_0_ec_av,2601,51,0.8431372549019608,0.8431372549019608,0.8431372549019608,38
distance_topological,1,ChEMBL__View-Unionable__assays_both_0_50_ec_av,289,11,0.875,0.6363636363636364,0.7368421052631579,38
distance_topological,1,TPC-DI__Semantically-Joinable__prospect_both_50_30_ac3_av,196,6,0.0,0.0,0.0,38
distance_topological,1,TPC-DI__Semantically-Joinable__prospect_both_50_30_ac4_av,196,6,1.0,0.3333333333333333,0.5,38
distance_topological,1,OpenData__Unionable__miller2_horizontal_100_ac2_ev,2601,51,1.0,0.3333333333333333,0.5,38
distance_topological,1,TPC-DI__Semantically-Joinable__prospect_both_50_30_ec_av,196,6,1.0,0.5,0.6666666666666666,38
distance_topological,1,ChEMBL__Joinable__assays_vertical_70_ac3_ev,380,16,1.0,0.25,0.4,38
distance_topological,1,ChEMBL__View-Unionable__assays_both_0_70_ac3_av,380,16,1.0,0.125,0.2222222222222222,38
distance_topological,1,ChEMBL__Joinable__assays_vertical_70_ac4_ev,380,16,1.0,0.4375,0.6086956521739131,38
distance_topological,1,OpenData__Unionable__miller2_horizontal_100_ac4_av,2601,51,1.0,0.29411764705882354,0.45454545454545453,38
distance_topological,1,ChEMBL__View-Unionable__assays_both_0_70_ac4_ev,380,16,1.0,0.375,0.5454545454545454,38
distance_topological,1,OpenData__Unionable__miller2_horizontal_100_ac5_av,2601,51,1.0,0.11764705882352941,0.21052631578947367,38
distance_topological,1,ChEMBL__View-Unionable__assays_both_0_70_ac5_av,380,16,1.0,0.125,0.2222222222222222,38
distance_topological,1,OpenData__Unionable__miller2_horizontal_100_ac5_ev,2601,51,1.0,0.11764705882352941,0.21052631578947367,38
distance_topological,1,TPC-DI__Semantically-Joinable__prospect_both_50_50_ec_av,272,11,1.0,0.7272727272727273,0.8421052631578947,38
distance_topological,1,ChEMBL__View-Unionable__assays_both_0_70_ac5_ev,380,16,1.0,0.375,0.5454545454545454,38
distance_topological,1,ChEMBL__View-Unionable__assays_both_0_70_ec_av,380,16,0.9,0.5625,0.6923076923076923,38
distance_topological,1,OpenData__Unionable__miller2_horizontal_100_ec_ev,2601,51,1.0,0.7647058823529411,0.8666666666666667,38
distance_topological,1,ChEMBL__Semantically-Joinable__assays_both_50_1_ac4_av,144,1,0.0,0.0,0.0,38
distance_topological,1,TPC-DI__Semantically-Joinable__prospect_both_50_70_ac4_av,342,15,1.0,0.13333333333333333,0.23529411764705882,38
distance_topological,1,ChEMBL__Semantically-Joinable__assays_both_50_30_ac1_av,210,6,1.0,0.3333333333333333,0.5,38
distance_topological,1,Magellan__dblp_acm,25,5,1.0,0.6,0.75,38
distance_topological,1,OpenData__Unionable__miller2_horizontal_50_ac2_ev,2601,51,1.0,0.4117647058823529,0.5833333333333334,38
distance_topological,1,Magellan__fodors_zagats,49,7,1.0,1.0,1.0,38
distance_topological,1,TPC-DI__Semantically-Joinable__prospect_vertical_1_ac3_av,132,1,1.0,1.0,1.0,38
distance_topological,1,ChEMBL__Semantically-Joinable__assays_both_50_50_ac3_av,289,11,1.0,0.09090909090909091,0.16666666666666666,38
distance_topological,1,TPC-DI__Semantically-Joinable__prospect_vertical_30_ac2_av,196,6,1.0,0.5,0.6666666666666666,38
distance_topological,1,OpenData__Joinable__miller2_both_50_1_ec_ev,676,1,0.0,0.0,0.0,38
distance_topological,1,OpenData__View -Unionable__miller2_both_0_1_ac1_ev,676,1,0.0,0.0,0.0,38
distance_topological,1,TPC-DI__Semantically-Joinable__prospect_vertical_30_ac4_av,196,6,1.0,0.3333333333333333,0.5,38
distance_topological,1,OpenData__Joinable__miller2_both_50_30_ac1_ev,1089,15,1.0,0.26666666666666666,0.42105263157894735,38
distance_topological,1,TPC-DI__Semantically-Joinable__prospect_vertical_30_ac5_av,196,6,1.0,0.16666666666666666,0.2857142857142857,38
distance_topological,1,ChEMBL__Semantically-Joinable__assays_both_50_70_ac1_av,380,16,1.0,0.375,0.5454545454545454,38
distance_topological,1,ChEMBL__Semantically-Joinable__assays_both_50_70_ac2_av,380,16,1.0,0.25,0.4,38
distance_topological,1,TPC-DI__Semantically-Joinable__prospect_vertical_50_ac1_av,272,11,1.0,0.2727272727272727,0.42857142857142855,38
distance_topological,1,OpenData__View -Unionable__miller2_both_0_1_ac3_ev,676,1,0.0,0.0,0.0,38
distance_topological,1,ChEMBL__Semantically-Joinable__assays_both_50_70_ac4_av,380,16,1.0,0.1875,0.3157894736842105,38
distance_topological,1,OpenData__View -Unionable__miller2_both_0_1_ac4_av,676,1,0.0,0.0,0.0,38
distance_topological,1,TPC-DI__Semantically-Joinable__prospect_vertical_50_ac3_av,272,11,1.0,0.18181818181818182,0.3076923076923077,38
distance_topological,1,OpenData__Joinable__miller2_both_50_30_ec_ev,1089,15,1.0,0.7333333333333333,0.8461538461538461,38
distance_topological,1,OpenData__View -Unionable__miller2_both_0_1_ac4_ev,676,1,0.0,0.0,0.0,38
distance_topological,1,ChEMBL__Semantically-Joinable__assays_both_50_70_ec_av,380,16,1.0,0.5625,0.72,38
distance_topological,1,ChEMBL__Semantically-Joinable__assays_vertical_1_ac1_av,144,1,1.0,1.0,1.0,38
distance_topological,1,OpenData__View -Unionable__miller2_both_0_1_ac5_ev,676,1,0.0,0.0,0.0,38
distance_topological,1,OpenData__Joinable__miller2_both_50_50_ac3_ev,1444,25,1.0,0.2,0.3333333333333333,38
distance_topological,1,TPC-DI__Semantically-Joinable__prospect_vertical_70_ac1_av,342,15,1.0,0.4,0.5714285714285714,38
distance_topological,1,OpenData__Joinable__miller2_both_50_50_ac5_ev,1444,25,1.0,0.04,0.07692307692307693,38
distance_topological,1,OpenData__View -Unionable__miller2_both_0_30_ac1_ev,1089,15,1.0,0.26666666666666666,0.42105263157894735,38
distance_topological,1,OpenData__View -Unionable__miller2_both_0_30_ac2_av,1089,15,0.0,0.0,0.0,38
distance_topological,1,OpenData__Joinable__miller2_both_50_70_ac2_ev,1849,35,0.9375,0.42857142857142855,0.5882352941176471,38
distance_topological,1,TPC-DI__Semantically-Joinable__prospect_vertical_70_ec_av,342,15,1.0,0.7333333333333333,0.8461538461538461,38
distance_topological,1,OpenData__Joinable__miller2_both_50_70_ac3_ev,1849,35,1.0,0.14285714285714285,0.25,38
distance_topological,1,OpenData__View -Unionable__miller2_both_0_30_ac3_av,1089,15,0.0,0.0,0.0,38
distance_topological,1,TPC-DI__Unionable__prospect_horizontal_0_ac1_av,484,22,1.0,0.36363636363636365,0.5333333333333333,38
distance_topological,1,OpenData__Joinable__miller2_both_50_70_ac5_ev,1849,35,1.0,0.11428571428571428,0.20512820512820512,38
distance_topological,1,TPC-DI__Unionable__prospect_horizontal_0_ac2_av,484,22,1.0,0.2727272727272727,0.42857142857142855,38
distance_topological,1,ChEMBL__Semantically-Joinable__assays_vertical_30_ac5_av,210,6,1.0,0.16666666666666666,0.2857142857142857,38
distance_topological,1,OpenData__Joinable__miller2_both_50_70_ec_ev,1849,35,1.0,0.7714285714285715,0.8709677419354839,38
distance_topological,1,ChEMBL__Semantically-Joinable__assays_vertical_50_ac1_av,289,11,1.0,0.45454545454545453,0.625,38
distance_topological,1,TPC-DI__Unionable__prospect_horizontal_0_ac3_ev,484,22,1.0,0.22727272727272727,0.37037037037037035,38
distance_topological,1,ChEMBL__Semantically-Joinable__assays_vertical_50_ac2_av,289,11,1.0,0.2727272727272727,0.42857142857142855,38
distance_topological,1,OpenData__View -Unionable__miller2_both_0_30_ec_av,1089,15,1.0,0.6666666666666666,0.8,38
distance_topological,1,TPC-DI__Unionable__prospect_horizontal_0_ac4_av,484,22,1.0,0.13636363636363635,0.24,38
distance_topological,1,OpenData__View -Unionable__miller2_both_0_30_ec_ev,1089,15,1.0,0.5333333333333333,0.6956521739130435,38
distance_topological,1,TPC-DI__Unionable__prospect_horizontal_0_ac4_ev,484,22,1.0,0.18181818181818182,0.3076923076923077,38
distance_topological,1,OpenData__Joinable__miller2_vertical_1_ac5_ev,676,1,0.0,0.0,0.0,38
distance_topological,1,TPC-DI__Unionable__prospect_horizontal_0_ac5_ev,484,22,1.0,0.13636363636363635,0.24,38
distance_topological,1,ChEMBL__Semantically-Joinable__assays_vertical_50_ec_av,289,11,1.0,0.5454545454545454,0.7058823529411765,38
distance_topological,1,OpenData__View -Unionable__miller2_both_0_50_ac2_av,1444,25,0.8,0.16,0.26666666666666666,38
distance_topological,1,ChEMBL__Semantically-Joinable__assays_vertical_70_ac1_av,380,16,1.0,0.4375,0.6086956521739131,38
distance_topological,1,ChEMBL__Semantically-Joinable__assays_vertical_70_ac2_av,380,16,0.8,0.25,0.38095238095238093,38
distance_topological,1,OpenData__Joinable__miller2_vertical_30_ac3_ev,1089,15,1.0,0.26666666666666666,0.42105263157894735,38
distance_topological,1,OpenData__Joinable__miller2_vertical_30_ac4_ev,1089,15,1.0,0.5333333333333333,0.6956521739130435,38
distance_topological,1,TPC-DI__Unionable__prospect_horizontal_100_ac2_av,484,22,1.0,0.36363636363636365,0.5333333333333333,38
distance_topological,1,ChEMBL__Semantically-Joinable__assays_vertical_70_ac5_av,380,16,1.0,0.125,0.2222222222222222,38
distance_topological,1,TPC-DI__Unionable__prospect_horizontal_100_ac2_ev,484,22,0.875,0.3181818181818182,0.4666666666666667,38
distance_topological,1,OpenData__Joinable__miller2_vertical_50_ac1_ev,1444,25,1.0,0.44,0.6111111111111112,38
distance_topological,1,OpenData__View -Unionable__miller2_both_0_50_ac5_ev,1444,25,1.0,0.04,0.07692307692307693,38
distance_topological,1,TPC-DI__Unionable__prospect_horizontal_100_ac4_ev,484,22,1.0,0.22727272727272727,0.37037037037037035,38
distance_topological,1,ChEMBL__Unionable__assays_horizontal_0_ac3_av,529,23,1.0,0.17391304347826086,0.2962962962962963,38
distance_topological,1,ChEMBL__Unionable__assays_horizontal_0_ac3_ev,529,23,1.0,0.17391304347826086,0.2962962962962963,38
distance_topological,1,OpenData__Joinable__miller2_vertical_70_ac4_ev,1849,35,1.0,0.37142857142857144,0.5416666666666666,38
distance_topological,1,OpenData__View -Unionable__miller2_both_0_70_ac4_av,1849,35,1.0,0.08571428571428572,0.15789473684210525,38
distance_topological,1,TPC-DI__Unionable__prospect_horizontal_50_ac2_ev,484,22,1.0,0.36363636363636365,0.5333333333333333,38
distance_topological,1,OpenData__View -Unionable__miller2_both_0_70_ac5_ev,1849,35,1.0,0.14285714285714285,0.25,38
distance_topological,1,OpenData__View -Unionable__miller2_both_0_70_ec_av,1849,35,0.8846153846153846,0.6571428571428571,0.7540983606557377,38
distance_topological,1,TPC-DI__Unionable__prospect_horizontal_50_ac4_av,484,22,1.0,0.2727272727272727,0.42857142857142855,38
distance_topological,1,ChEMBL__Unionable__assays_horizontal_100_ac2_av,529,23,1.0,0.391304347826087,0.5625,38
distance_topological,1,OpenData__Semantically-Joinable__miller2_both_50_1_ac5_av,676,1,0.0,0.0,0.0,38
distance_topological,1,TPC-DI__Joinable__prospect_both_50_1_ac3_ev,132,1,0.0,0.0,0.0,38
distance_topological,1,ChEMBL__Unionable__assays_horizontal_100_ac4_av,529,23,0.875,0.30434782608695654,0.45161290322580644,38
distance_topological,1,ChEMBL__Unionable__assays_horizontal_100_ac4_ev,529,23,0.875,0.30434782608695654,0.45161290322580644,38
distance_topological,1,OpenData__Semantically-Joinable__miller2_both_50_30_ac3_av,1089,15,1.0,0.06666666666666667,0.125,38
distance_topological,1,ChEMBL__Unionable__assays_horizontal_100_ac5_av,529,23,1.0,0.30434782608695654,0.4666666666666667,38
distance_topological,1,TPC-DI__Joinable__prospect_both_50_1_ec_ev,132,1,1.0,1.0,1.0,38
distance_topological,1,ChEMBL__Unionable__assays_horizontal_100_ac5_ev,529,23,1.0,0.30434782608695654,0.4666666666666667,38
distance_topological,1,OpenData__Semantically-Joinable__miller2_both_50_30_ac5_av,1089,15,0.0,0.0,0.0,38
distance_topological,1,TPC-DI__Joinable__prospect_both_50_30_ac2_ev,196,6,1.0,0.3333333333333333,0.5,38
distance_topological,1,TPC-DI__View-Unionable__prospect_both_0_1_ac2_ev,132,1,1.0,1.0,1.0,38
distance_topological,1,ChEMBL__Unionable__assays_horizontal_100_ec_ev,529,23,1.0,0.6521739130434783,0.7894736842105263,38
distance_topological,1,TPC-DI__View-Unionable__prospect_both_0_1_ac3_av,132,1,0.0,0.0,0.0,38
distance_topological,1,TPC-DI__Joinable__prospect_both_50_30_ac4_ev,196,6,1.0,0.16666666666666666,0.2857142857142857,38
distance_topological,1,ChEMBL__Unionable__assays_horizontal_50_ac2_av,529,23,1.0,0.391304347826087,0.5625,38
distance_topological,1,TPC-DI__Joinable__prospect_both_50_50_ac1_ev,272,11,1.0,0.2727272727272727,0.42857142857142855,38
distance_topological,1,TPC-DI__View-Unionable__prospect_both_0_1_ac5_av,132,1,1.0,1.0,1.0,38
distance_topological,1,OpenData__Semantically-Joinable__miller2_both_50_50_ec_av,1444,25,0.8823529411764706,0.6,0.7142857142857143,38
distance_topological,1,OpenData__Semantically-Joinable__miller2_both_50_70_ac1_av,1849,35,1.0,0.14285714285714285,0.25,38
distance_topological,1,TPC-DI__Joinable__prospect_both_50_50_ac3_ev,272,11,1.0,0.36363636363636365,0.5333333333333333,38
distance_topological,1,ChEMBL__Unionable__assays_horizontal_50_ac4_ev,529,23,1.0,0.34782608695652173,0.5161290322580645,38
distance_topological,1,OpenData__Semantically-Joinable__miller2_both_50_70_ac3_av,1849,35,1.0,0.02857142857142857,0.05555555555555555,38
distance_topological,2,OpenData__Semantically-Joinable__miller2_both_50_70_ac4_av,1849,35,1.0,0.08571428571428572,0.15789473684210525,38
distance_topological,2,ChEMBL__Joinable__assays_both_50_1_ac2_ev,144,1,0.0,0.0,0.0,38
distance_topological,2,TPC-DI__Joinable__prospect_both_50_70_ac1_ev,342,15,1.0,0.3333333333333333,0.5,38
distance_topological,2,TPC-DI__View-Unionable__prospect_both_0_30_ac2_av,196,6,0.0,0.0,0.0,38
distance_topological,2,ChEMBL__Joinable__assays_both_50_1_ac4_ev,144,1,0.0,0.0,0.0,38
distance_topological,2,ChEMBL__View-Unionable__assays_both_0_1_ac1_av,144,1,1.0,1.0,1.0,38
distance_topological,2,OpenData__Semantically-Joinable__miller2_vertical_1_ac2_av,676,1,0.0,0.0,0.0,38
distance_topological,2,TPC-DI__View-Unionable__prospect_both_0_30_ac3_ev,196,6,0.0,0.0,0.0,38
distance_topological,2,ChEMBL__Joinable__assays_both_50_30_ac2_ev,210,6,1.0,0.16666666666666666,0.2857142857142857,38
distance_topological,2,ChEMBL__View-Unionable__assays_both_0_1_ac3_av,144,1,0.0,0.0,0.0,38
distance_topological,2,TPC-DI__Joinable__prospect_vertical_1_ac2_ev,132,1,1.0,1.0,1.0,38
distance_topological,2,OpenData__Semantically-Joinable__miller2_vertical_30_ac1_av,1089,15,1.0,0.26666666666666666,0.42105263157894735,38
distance_topological,2,TPC-DI__Joinable__prospect_vertical_1_ac3_ev,132,1,1.0,1.0,1.0,38
distance_topological,2,ChEMBL__View-Unionable__assays_both_0_1_ac4_av,144,1,0.0,0.0,0.0,38
distance_topological,2,ChEMBL__View-Unionable__assays_both_0_1_ac4_ev,144,1,0.0,0.0,0.0,38
distance_topological,2,ChEMBL__Joinable__assays_both_50_50_ac3_ev,289,11,1.0,0.09090909090909091,0.16666666666666666,38
distance_topological,2,ChEMBL__View-Unionable__assays_both_0_1_ec_av,144,1,1.0,1.0,1.0,38
distance_topological,2,OpenData__Semantically-Joinable__miller2_vertical_50_ac1_av,1444,25,0.75,0.12,0.20689655172413793,38
distance_topological,2,TPC-DI__Joinable__prospect_vertical_30_ac3_ev,196,6,1.0,0.5,0.6666666666666666,38
distance_topological,2,TPC-DI__Joinable__prospect_vertical_30_ac4_ev,196,6,1.0,0.5,0.6666666666666666,38
distance_topological,2,TPC-DI__View-Unionable__prospect_both_0_50_ac3_ev,272,11,1.0,0.18181818181818182,0.3076923076923077,38
distance_topological,2,OpenData__Semantically-Joinable__miller2_vertical_50_ac4_av,1444,25,0.5,0.04,0.07407407407407407,38
distance_topological,2,TPC-DI__Joinable__prospect_vertical_30_ec_ev,196,6,1.0,0.8333333333333334,0.9090909090909091,38
distance_topological,2,OpenData__Semantically-Joinable__miller2_vertical_50_ac5_av,1444,25,0.0,0.0,0.0,38
distance_topological,2,ChEMBL__Joinable__assays_both_50_70_ac4_ev,380,16,1.0,0.1875,0.3157894736842105,38
distance_topological,2,TPC-DI__View-Unionable__prospect_both_0_50_ec_av,272,11,0.875,0.6363636363636364,0.7368421052631579,38
distance_topological,2,ChEMBL__Joinable__assays_both_50_70_ac5_ev,380,16,1.0,0.3125,0.47619047619047616,38
distance_topological,2,OpenData__Semantically-Joinable__miller2_vertical_70_ac2_av,1849,35,0.75,0.17142857142857143,0.27906976744186046,38
distance_topological,2,TPC-DI__View-Unionable__prospect_both_0_50_ec_ev,272,11,1.0,0.7272727272727273,0.8421052631578947,38
distance_topological,2,ChEMBL__Joinable__assays_both_50_70_ec_ev,380,16,1.0,0.9375,0.967741935483871,38
distance_topological,2,OpenData__Semantically-Joinable__miller2_vertical_70_ac4_av,1849,35,0.0,0.0,0.0,38
distance_topological,2,ChEMBL__Joinable__assays_vertical_1_ac2_ev,144,1,0.0,0.0,0.0,38
distance_topological,2,OpenData__Semantically-Joinable__miller2_vertical_70_ac5_av,1849,35,1.0,0.02857142857142857,0.05555555555555555,38
distance_topological,2,ChEMBL__View-Unionable__assays_both_0_30_ec_av,210,6,1.0,0.5,0.6666666666666666,38
distance_topological,2,TPC-DI__View-Unionable__prospect_both_0_70_ac2_ev,342,15,1.0,0.26666666666666666,0.42105263157894735,38
distance_topological,2,ChEMBL__View-Unionable__assays_both_0_30_ec_ev,210,6,1.0,0.8333333333333334,0.9090909090909091,38
distance_topological,2,OpenData__Unionable__miller2_horizontal_0_ac1_av,2601,51,0.9166666666666666,0.21568627450980393,0.3492063492063492,38
distance_topological,2,ChEMBL__View-Unionable__assays_both_0_50_ac1_av,289,11,1.0,0.45454545454545453,0.625,38
distance_topological,2,TPC-DI__Joinable__prospect_vertical_70_ac4_ev,342,15,1.0,0.4666666666666667,0.6363636363636364,38
distance_topological,2,TPC-DI__View-Unionable__prospect_both_0_70_ac3_ev,342,15,1.0,0.13333333333333333,0.23529411764705882,38
distance_topological,2,ChEMBL__Joinable__assays_vertical_1_ec_ev,144,1,1.0,1.0,1.0,38
distance_topological,2,ChEMBL__View-Unionable__assays_both_0_50_ac1_ev,289,11,1.0,0.5454545454545454,0.7058823529411765,38
distance_topological,2,TPC-DI__View-Unionable__prospect_both_0_70_ac4_av,342,15,1.0,0.13333333333333333,0.23529411764705882,38
distance_topological,2,ChEMBL__View-Unionable__assays_both_0_50_ac2_av,289,11,1.0,0.18181818181818182,0.3076923076923077,38
distance_topological,2,OpenData__Unionable__miller2_horizontal_0_ac2_ev,2601,51,1.0,0.37254901960784315,0.5428571428571428,38
distance_topological,2,TPC-DI__Joinable__prospect_vertical_70_ec_ev,342,15,1.0,0.8666666666666667,0.9285714285714286,38
distance_topological,2,TPC-DI__View-Unionable__prospect_both_0_70_ac4_ev,342,15,0.0,0.0,0.0,38
distance_topological,2,TPC-DI__Semantically-Joinable__prospect_both_50_1_ac2_av,132,1,0.0,0.0,0.0,38
distance_topological,2,OpenData__Unionable__miller2_horizontal_0_ac4_av,2601,51,1.0,0.13725490196078433,0.2413793103448276,38
distance_topological,2,ChEMBL__Joinable__assays_vertical_30_ec_ev,210,6,1.0,1.0,1.0,38
distance_topological,2,ChEMBL__View-Unionable__assays_both_0_50_ac4_ev,289,11,1.0,0.2727272727272727,0.42857142857142855,38
distance_topological,2,ChEMBL__Joinable__assays_vertical_50_ac1_ev,289,11,1.0,0.6363636363636364,0.7777777777777778,38
distance_topological,2,Wikidata__Musicians__Musicians_semjoinable,196,8,1.0,0.875,0.9333333333333333,38
distance_topological,2,ChEMBL__View-Unionable__assays_both_0_50_ac5_ev,289,11,1.0,0.36363636363636365,0.5333333333333333,38
distance_topological,2,ChEMBL__Joinable__assays_vertical_50_ac3_ev,289,11,1.0,0.45454545454545453,0.625,38
distance_topological,2,OpenData__Unionable__miller2_horizontal_0_ec_ev,2601,51,1.0,0.9019607843137255,0.9484536082474226,38
distance_topological,2,TPC-DI__Semantically-Joinable__prospect_both_50_30_ac2_av,196,6,0.0,0.0,0.0,38
distance_topological,2,ChEMBL__Joinable__assays_vertical_50_ac4_ev,289,11,1.0,0.2727272727272727,0.42857142857142855,38
distance_topological,2,ChEMBL__View-Unionable__assays_both_0_50_ec_ev,289,11,1.0,0.8181818181818182,0.9,38
distance_topological,2,TPC-DI__Semantically-Joinable__prospect_both_50_30_ac3_av,196,6,0.0,0.0,0.0,38
distance_topological,2,ChEMBL__View-Unionable__assays_both_0_70_ac1_av,380,16,1.0,0.375,0.5454545454545454,38
distance_topological,2,OpenData__Unionable__miller2_horizontal_100_ac2_av,2601,51,1.0,0.39215686274509803,0.5633802816901409,38
distance_topological,2,ChEMBL__Joinable__assays_vertical_70_ac3_ev,380,16,1.0,0.3125,0.47619047619047616,38
distance_topological,2,OpenData__Unionable__miller2_horizontal_100_ac3_ev,2601,51,1.0,0.11764705882352941,0.21052631578947367,38
distance_topological,2,TPC-DI__Semantically-Joinable__prospect_both_50_50_ac2_av,272,11,0.3333333333333333,0.09090909090909091,0.14285714285714285,38
distance_topological,2,OpenData__Unionable__miller2_horizontal_100_ac4_av,2601,51,1.0,0.13725490196078433,0.2413793103448276,38
distance_topological,2,OpenData__Unionable__miller2_horizontal_100_ac4_ev,2601,51,1.0,0.21568627450980393,0.3548387096774194,38
distance_topological,2,ChEMBL__Semantically-Joinable__assays_both_50_1_ac1_av,144,1,1.0,1.0,1.0,38
distance_topological,2,TPC-DI__Semantically-Joinable__prospect_both_50_50_ec_av,272,11,1.0,0.6363636363636364,0.7777777777777778,38
distance_topological,2,TPC-DI__Semantically-Joinable__prospect_both_50_70_ac2_av,342,15,0.7142857142857143,0.3333333333333333,0.45454545454545453,38
distance_topological,2,TPC-DI__Semantically-Joinable__prospect_both_50_70_ac3_av,342,15,0.0,0.0,0.0,38
distance_topological,2,Magellan__amazon_google_exp,16,4,1.0,0.5,0.6666666666666666,38
distance_topological,2,TPC-DI__Semantically-Joinable__prospect_both_50_70_ac5_av,342,15,0.0,0.0,0.0,38
distance_topological,2,Magellan__dblp_acm,25,5,1.0,0.6,0.75,38
distance_topological,2,TPC-DI__Semantically-Joinable__prospect_vertical_1_ac1_av,132,1,1.0,1.0,1.0,38
distance_topological,2,OpenData__Unionable__miller2_horizontal_50_ac4_av,2601,51,1.0,0.23529411764705882,0.38095238095238093,38
distance_topological,2,TPC-DI__Semantically-Joinable__prospect_vertical_1_ac3_av,132,1,1.0,1.0,1.0,38
distance_topological,2,ChEMBL__Semantically-Joinable__assays_both_50_30_ac5_av,210,6,1.0,0.16666666666666666,0.2857142857142857,38
distance_topological,2,OpenData__Unionable__miller2_horizontal_50_ac5_av,2601,51,1.0,0.11764705882352941,0.21052631578947367,38
distance_topological,2,OpenData__Joinable__miller2_both_50_1_ac2_ev,676,1,0.0,0.0,0.0,38
distance_topological,2,ChEMBL__Semantically-Joinable__assays_both_50_50_ac2_av,289,11,1.0,0.18181818181818182,0.3076923076923077,38
distance_topological,2,OpenData__Unionable__miller2_horizontal_50_ec_av,2601,51,1.0,0.9019607843137255,0.9484536082474226,38
distance_topological,2,ChEMBL__Semantically-Joinable__assays_both_50_50_ac4_av,289,11,1.0,0.2727272727272727,0.42857142857142855,38
distance_topological,2,OpenData__View -Unionable__miller2_both_0_1_ac1_ev,676,1,0.0,0.0,0.0,38
distance_topological,2,ChEMBL__Semantically-Joinable__assays_both_50_50_ec_av,289,11,1.0,0.8181818181818182,0.9,38
distance_topological,2,OpenData__Joinable__miller2_both_50_30_ac1_ev,1089,15,1.0,0.3333333333333333,0.5,38
distance_topological,2,OpenData__View -Unionable__miller2_both_0_1_ac2_ev,676,1,0.0,0.0,0.0,38
distance_topological,2,OpenData__View -Unionable__miller2_both_0_1_ac3_av,676,1,0.0,0.0,0.0,38
distance_topological,2,TPC-DI__Semantically-Joinable__prospect_vertical_50_ac2_av,272,11,1.0,0.36363636363636365,0.5333333333333333,38
distance_topological,2,ChEMBL__Semantically-Joinable__assays_both_50_70_ac4_av,380,16,1.0,0.0625,0.11764705882352941,38
distance_topological,2,OpenData__View -Unionable__miller2_both_0_1_ac4_av,676,1,0.0,0.0,0.0,38
distance_topological,2,TPC-DI__Semantically-Joinable__prospect_vertical_50_ac3_av,272,11,0.0,0.0,0.0,38
distance_topological,2,OpenData__Joinable__miller2_both_50_30_ec_ev,1089,15,1.0,0.8,0.8888888888888888,38
distance_topological,2,TPC-DI__Semantically-Joinable__prospect_vertical_50_ac4_av,272,11,1.0,0.09090909090909091,0.16666666666666666,38
distance_topological,2,OpenData__View -Unionable__miller2_both_0_1_ac5_av,676,1,0.0,0.0,0.0,38
distance_topological,2,ChEMBL__Semantically-Joinable__assays_vertical_1_ac2_av,144,1,0.0,0.0,0.0,38
distance_topological,2,OpenData__Joinable__miller2_both_50_50_ac4_ev,1444,25,1.0,0.12,0.21428571428571427,38
distance_topological,2,TPC-DI__Semantically-Joinable__prospect_vertical_70_ac3_av,342,15,1.0,0.2,0.3333333333333333,38
distance_topological,2,ChEMBL__Semantically-Joinable__assays_vertical_1_ac5_av,144,1,0.0,0.0,0.0,38
distance_topological,2,OpenData__View -Unionable__miller2_both_0_30_ac1_ev,1089,15,1.0,0.26666666666666666,0.42105263157894735,38
distance_topological,2,OpenData__Joinable__miller2_both_50_70_ac2_ev,1849,35,1.0,0.34285714285714286,0.5106382978723404,38
distance_topological,2,OpenData__View -Unionable__miller2_both_0_30_ac2_ev,1089,15,1.0,0.4666666666666667,0.6363636363636364,38
distance_topological,2,ChEMBL__Semantically-Joinable__assays_vertical_30_ac3_av,210,6,0.0,0.0,0.0,38
distance_topological,2,TPC-DI__Unionable__prospect_horizontal_0_ac1_ev,484,22,1.0,0.3181818181818182,0.4827586206896552,38
distance_topological,2,OpenData__Joinable__miller2_both_50_70_ac5_ev,1849,35,1.0,0.11428571428571428,0.20512820512820512,38
distance_topological,2,OpenData__View -Unionable__miller2_both_0_30_ac4_av,1089,15,0.0,0.0,0.0,38
distance_topological,2,TPC-DI__Unionable__prospect_horizontal_0_ac2_av,484,22,1.0,0.22727272727272727,0.37037037037037035,38
distance_topological,2,ChEMBL__Semantically-Joinable__assays_vertical_30_ec_av,210,6,1.0,0.8333333333333334,0.9090909090909091,38
distance_topological,2,TPC-DI__Unionable__prospect_horizontal_0_ac3_av,484,22,1.0,0.13636363636363635,0.24,38
distance_topological,2,OpenData__Joinable__miller2_vertical_1_ac2_ev,676,1,0.0,0.0,0.0,38
distance_topological,2,TPC-DI__Unionable__prospect_horizontal_0_ac4_av,484,22,1.0,0.09090909090909091,0.16666666666666666,38
distance_topological,2,TPC-DI__Unionable__prospect_horizontal_0_ac4_ev,484,22,1.0,0.13636363636363635,0.24,38
distance_topological,2,OpenData__Joinable__miller2_vertical_1_ac5_ev,676,1,0.0,0.0,0.0,38
distance_topological,2,TPC-DI__Unionable__prospect_horizontal_0_ac5_av,484,22,1.0,0.09090909090909091,0.16666666666666666,38
distance_topological,2,OpenData__Joinable__miller2_vertical_1_ec_ev,676,1,1.0,1.0,1.0,38
distance_topological,2,OpenData__View -Unionable__miller2_both_0_50_ac1_ev,1444,25,1.0,0.16,0.27586206896551724,38
distance_topological,2,OpenData__View -Unionable__miller2_both_0_50_ac2_av,1444,25,1.0,0.08,0.14814814814814814,38
distance_topological,2,ChEMBL__Semantically-Joinable__assays_vertical_70_ac1_av,380,16,1.0,0.4375,0.6086956521739131,38
distance_topological,2,ChEMBL__Semantically-Joinable__assays_vertical_70_ac2_av,380,16,1.0,0.125,0.2222222222222222,38
distance_topological,2,OpenData__Joinable__miller2_vertical_30_ac3_ev,1089,15,1.0,0.26666666666666666,0.42105263157894735,38
distance_topological,2,OpenData__View -Unionable__miller2_both_0_50_ac3_av,1444,25,1.0,0.04,0.07692307692307693,38
distance_topological,2,TPC-DI__Unionable__prospect_horizontal_100_ac1_av,484,22,1.0,0.3181818181818182,0.4827586206896552,38
distance_topological,2,ChEMBL__Semantically-Joinable__assays_vertical_70_ac3_av,380,16,1.0,0.125,0.2222222222222222,38
distance_topological,2,OpenData__View -Unionable__miller2_both_0_50_ac3_ev,1444,25,1.0,0.16,0.27586206896551724,38
distance_topological,2,ChEMBL__Semantically-Joinable__assays_vertical_70_ac4_av,380,16,0.7142857142857143,0.3125,0.43478260869565216,38
distance_topological,2,OpenData__Joinable__miller2_vertical_30_ac5_ev,1089,15,1.0,0.06666666666666667,0.125,38
distance_topological,2,ChEMBL__Semantically-Joinable__assays_vertical_70_ac5_av,380,16,0.6666666666666666,0.125,0.21052631578947367,38
distance_topological,2,OpenData__Joinable__miller2_vertical_50_ac2_ev,1444,25,1.0,0.44,0.6111111111111112,38
distance_topological,2,ChEMBL__Unionable__assays_horizontal_0_ac1_ev,529,23,1.0,0.5652173913043478,0.7222222222222222,38
distance_topological,2,TPC-DI__Unionable__prospect_horizontal_100_ac4_av,484,22,1.0,0.13636363636363635,0.24,38
distance_topological,2,OpenData__View -Unionable__miller2_both_0_50_ec_ev,1444,25,1.0,1.0,1.0,38
distance_topological,2,ChEMBL__Unionable__assays_horizontal_0_ac2_ev,529,23,1.0,0.34782608695652173,0.5161290322580645,38
distance_topological,2,OpenData__Joinable__miller2_vertical_70_ac1_ev,1849,35,1.0,0.45714285714285713,0.6274509803921569,38
distance_topological,2,OpenData__Joinable__miller2_vertical_70_ac2_ev,1849,35,1.0,0.4857142857142857,0.6538461538461539,38
distance_topological,2,OpenData__View -Unionable__miller2_both_0_70_ac2_ev,1849,35,1.0,0.34285714285714286,0.5106382978723404,38
distance_topological,2,ChEMBL__Unionable__assays_horizontal_0_ac4_ev,529,23,1.0,0.391304347826087,0.5625,38
distance_topological,2,TPC-DI__Unionable__prospect_horizontal_50_ac1_av,484,22,1.0,0.3181818181818182,0.4827586206896552,38
distance_topological,2,ChEMBL__Unionable__assays_horizontal_0_ac5_av,529,23,0.875,0.30434782608695654,0.45161290322580644,38
distance_topological,2,OpenData__Joinable__miller2_vertical_70_ac4_ev,1849,35,1.0,0.4,0.5714285714285714,38
distance_topological,2,ChEMBL__Unionable__assays_horizontal_0_ac5_ev,529,23,1.0,0.30434782608695654,0.4666666666666667,38
distance_topological,2,ChEMBL__Unionable__assays_horizontal_0_ec_av,529,23,0.95,0.8260869565217391,0.8837209302325582,38
distance_topological,2,OpenData__View -Unionable__miller2_both_0_70_ac5_ev,1849,35,1.0,0.14285714285714285,0.25,38
distance_topological,2,ChEMBL__Unionable__assays_horizontal_100_ac1_ev,529,23,1.0,0.5652173913043478,0.7222222222222222,38
distance_topological,2,TPC-DI__Unionable__prospect_horizontal_50_ac4_av,484,22,1.0,0.22727272727272727,0.37037037037037035,38
distance_topological,2,ChEMBL__Unionable__assays_horizontal_100_ac2_av,529,23,1.0,0.30434782608695654,0.4666666666666667,38
distance_topological,2,TPC-DI__Unionable__prospect_horizontal_50_ac4_ev,484,22,1.0,0.13636363636363635,0.24,38
distance_topological,2,ChEMBL__Unionable__assays_horizontal_100_ac2_ev,529,23,1.0,0.2608695652173913,0.41379310344827586,38
distance_topological,2,OpenData__Semantically-Joinable__miller2_both_50_1_ec_av,676,1,1.0,1.0,1.0,38
distance_topological,2,ChEMBL__Unionable__assays_horizontal_100_ac4_av,529,23,1.0,0.30434782608695654,0.4666666666666667,38
distance_topological,2,OpenData__Semantically-Joinable__miller2_both_50_30_ac2_av,1089,15,1.0,0.06666666666666667,0.125,38
distance_topological,2,TPC-DI__Joinable__prospect_both_50_1_ec_ev,132,1,1.0,1.0,1.0,38
distance_topological,2,OpenData__Semantically-Joinable__miller2_both_50_30_ac5_av,1089,15,0.0,0.0,0.0,38
distance_topological,2,OpenData__Semantically-Joinable__miller2_both_50_30_ec_av,1089,15,1.0,0.6666666666666666,0.8,38
distance_topological,2,TPC-DI__View-Unionable__prospect_both_0_1_ac2_ev,132,1,0.0,0.0,0.0,38
distance_topological,2,TPC-DI__Joinable__prospect_both_50_30_ac3_ev,196,6,0.0,0.0,0.0,38
distance_topological,2,TPC-DI__View-Unionable__prospect_both_0_1_ac3_ev,132,1,0.0,0.0,0.0,38
distance_topological,2,ChEMBL__Unionable__assays_horizontal_50_ac2_av,529,23,1.0,0.2608695652173913,0.41379310344827586,38
distance_topological,2,OpenData__Semantically-Joinable__miller2_both_50_50_ac4_av,1444,25,1.0,0.08,0.14814814814814814,38
distance_topological,2,TPC-DI__Joinable__prospect_both_50_30_ec_ev,196,6,1.0,0.6666666666666666,0.8,38
distance_topological,2,TPC-DI__View-Unionable__prospect_both_0_1_ac4_ev,132,1,0.0,0.0,0.0,38
distance_topological,2,TPC-DI__Joinable__prospect_both_50_50_ac1_ev,272,11,1.0,0.18181818181818182,0.3076923076923077,38
distance_topological,2,TPC-DI__Joinable__prospect_both_50_50_ac2_ev,272,11,1.0,0.18181818181818182,0.3076923076923077,38
distance_topological,2,TPC-DI__View-Unionable__prospect_both_0_1_ac5_ev,132,1,0.0,0.0,0.0,38
distance_topological,2,OpenData__Semantically-Joinable__miller2_both_50_70_ac1_av,1849,35,1.0,0.17142857142857143,0.2926829268292683,38
distance_topological,2,TPC-DI__Joinable__prospect_both_50_50_ac4_ev,272,11,1.0,0.09090909090909091,0.16666666666666666,38
distance_topological,2,TPC-DI__View-Unionable__prospect_both_0_30_ac1_av,196,6,1.0,0.3333333333333333,0.5,38
distance_topological,3,ChEMBL__Unionable__assays_horizontal_50_ac5_ev,529,23,1.0,0.30434782608695654,0.4666666666666667,38
distance_topological,3,OpenData__Semantically-Joinable__miller2_both_50_70_ac5_av,1849,35,0.0,0.0,0.0,38
distance_topological,3,OpenData__Semantically-Joinable__miller2_both_50_70_ec_av,1849,35,1.0,0.6285714285714286,0.7719298245614035,38
distance_topological,3,TPC-DI__View-Unionable__prospect_both_0_30_ac3_av,196,6,0.0,0.0,0.0,38
distance_topological,3,ChEMBL__Joinable__assays_both_50_1_ac5_ev,144,1,0.0,0.0,0.0,38
distance_topological,3,TPC-DI__Joinable__prospect_both_50_70_ac5_ev,342,15,1.0,0.4,0.5714285714285714,38
distance_topological,3,TPC-DI__View-Unionable__prospect_both_0_30_ac4_ev,196,6,1.0,0.5,0.6666666666666666,38
distance_topological,3,TPC-DI__Joinable__prospect_vertical_1_ac1_ev,132,1,1.0,1.0,1.0,38
distance_topological,3,ChEMBL__Joinable__assays_both_50_30_ac3_ev,210,6,1.0,0.3333333333333333,0.5,38
distance_topological,3,TPC-DI__View-Unionable__prospect_both_0_30_ac5_ev,196,6,1.0,0.16666666666666666,0.2857142857142857,38
distance_topological,3,TPC-DI__Joinable__prospect_vertical_1_ac3_ev,132,1,1.0,1.0,1.0,38
distance_topological,3,OpenData__Semantically-Joinable__miller2_vertical_30_ac2_av,1089,15,1.0,0.13333333333333333,0.23529411764705882,38
distance_topological,3,TPC-DI__View-Unionable__prospect_both_0_30_ec_ev,196,6,1.0,0.5,0.6666666666666666,38
distance_topological,3,ChEMBL__View-Unionable__assays_both_0_1_ac4_ev,144,1,0.0,0.0,0.0,38
distance_topological,3,ChEMBL__Joinable__assays_both_50_50_ac1_ev,289,11,1.0,0.5454545454545454,0.7058823529411765,38
distance_topological,3,OpenData__Semantically-Joinable__miller2_vertical_30_ac4_av,1089,15,1.0,0.2,0.3333333333333333,38
distance_topological,3,TPC-DI__View-Unionable__prospect_both_0_50_ac2_av,272,11,0.6666666666666666,0.18181818181818182,0.2857142857142857,38
distance_topological,3,ChEMBL__Joinable__assays_both_50_50_ac3_ev,289,11,1.0,0.2727272727272727,0.42857142857142855,38
distance_topological,3,TPC-DI__View-Unionable__prospect_both_0_50_ac2_ev,272,11,1.0,0.18181818181818182,0.3076923076923077,38
distance_topological,3,ChEMBL__Joinable__assays_both_50_50_ac4_ev,289,11,1.0,0.36363636363636365,0.5333333333333333,38
distance_topological,3,OpenData__Semantically-Joinable__miller2_vertical_50_ac1_av,1444,25,0.8333333333333334,0.2,0.3225806451612903,38
distance_topological,3,TPC-DI__Joinable__prospect_vertical_30_ac3_ev,196,6,1.0,0.5,0.6666666666666666,38
distance_topological,3,ChEMBL__View-Unionable__assays_both_0_30_ac1_av,210,6,1.0,0.16666666666666666,0.2857142857142857,38
distance_topological,3,OpenData__Semantically-Joinable__miller2_vertical_50_ac2_av,1444,25,0.6666666666666666,0.16,0.25806451612903225,38
distance_topological,3,TPC-DI__Joinable__prospect_vertical_30_ac4_ev,196,6,1.0,0.6666666666666666,0.8,38
distance_topological,3,TPC-DI__View-Unionable__prospect_both_0_50_ac3_ev,272,11,1.0,0.36363636363636365,0.5333333333333333,38
distance_topological,3,ChEMBL__Joinable__assays_both_50_50_ec_ev,289,11,1.0,0.6363636363636364,0.7777777777777778,38
distance_topological,3,ChEMBL__View-Unionable__assays_both_0_30_ac2_av,210,6,1.0,0.3333333333333333,0.5,38
distance_topological,3,OpenData__Semantically-Joinable__miller2_vertical_50_ac5_av,1444,25,1.0,0.04,0.07692307692307693,38
distance_topological,3,ChEMBL__View-Unionable__assays_both_0_30_ac3_ev,210,6,0.0,0.0,0.0,38
distance_topological,3,ChEMBL__Joinable__assays_both_50_70_ac5_ev,380,16,1.0,0.25,0.4,38
distance_topological,3,OpenData__Semantically-Joinable__miller2_vertical_70_ac2_av,1849,35,0.6666666666666666,0.22857142857142856,0.3404255319148936,38
distance_topological,3,TPC-DI__Joinable__prospect_vertical_50_ac4_ev,272,11,1.0,0.45454545454545453,0.625,38
distance_topological,3,ChEMBL__Joinable__assays_both_50_70_ec_ev,380,16,1.0,0.8125,0.896551724137931,38
distance_topological,3,ChEMBL__View-Unionable__assays_both_0_30_ac4_ev,210,6,1.0,0.3333333333333333,0.5,38
distance_topological,3,TPC-DI__Joinable__prospect_vertical_50_ac5_ev,272,11,1.0,0.2727272727272727,0.42857142857142855,38
distance_topological,3,ChEMBL__Joinable__assays_vertical_1_ac1_ev,144,1,1.0,1.0,1.0,38
distance_topological,3,ChEMBL__View-Unionable__assays_both_0_30_ac5_ev,210,6,1.0,0.16666666666666666,0.2857142857142857,38
distance_topological,3,TPC-DI__View-Unionable__prospect_both_0_70_ac2_av,342,15,0.5,0.2,0.2857142857142857,38
distance_topological,3,TPC-DI__View-Unionable__prospect_both_0_70_ac3_av,342,15,1.0,0.13333333333333333,0.23529411764705882,38
distance_topological,3,TPC-DI__Joinable__prospect_vertical_70_ac4_ev,342,15,1.0,0.4,0.5714285714285714,38
distance_topological,3,TPC-DI__View-Unionable__prospect_both_0_70_ac3_ev,342,15,1.0,0.26666666666666666,0.42105263157894735,38
distance_topological,3,OpenData__Unionable__miller2_horizontal_0_ac2_av,2601,51,0.9615384615384616,0.49019607843137253,0.6493506493506493,38
distance_topological,3,ChEMBL__Joinable__assays_vertical_30_ac1_ev,210,6,1.0,0.8333333333333334,0.9090909090909091,38
distance_topological,3,OpenData__Unionable__miller2_horizontal_0_ac2_ev,2601,51,0.9642857142857143,0.5294117647058824,0.6835443037974683,38
distance_topological,3,TPC-DI__Joinable__prospect_vertical_70_ec_ev,342,15,1.0,0.9333333333333333,0.9655172413793104,38
distance_topological,3,TPC-DI__View-Unionable__prospect_both_0_70_ac4_ev,342,15,0.8571428571428571,0.4,0.5454545454545454,38
distance_topological,3,ChEMBL__Joinable__assays_vertical_30_ac2_ev,210,6,1.0,0.16666666666666666,0.2857142857142857,38
distance_topological,3,ChEMBL__View-Unionable__assays_both_0_50_ac3_ev,289,11,1.0,0.36363636363636365,0.5333333333333333,38
distance_topological,3,TPC-DI__View-Unionable__prospect_both_0_70_ec_av,342,15,1.0,0.8,0.8888888888888888,38
distance_topological,3,ChEMBL__Joinable__assays_vertical_30_ac5_ev,210,6,1.0,0.3333333333333333,0.5,38
distance_topological,3,ChEMBL__View-Unionable__assays_both_0_50_ac4_av,289,11,0.8,0.36363636363636365,0.5,38
distance_topological,3,ChEMBL__View-Unionable__assays_both_0_50_ac4_ev,289,11,1.0,0.2727272727272727,0.42857142857142855,38
distance_topological,3,OpenData__Unionable__miller2_horizontal_0_ac5_av,2601,51,1.0,0.21568627450980393,0.3548387096774194,38
distance_topological,3,OpenData__Unionable__miller2_horizontal_0_ec_av,2601,51,0.7419354838709677,0.9019607843137255,0.8141592920353983,38
distance_topological,3,ChEMBL__Joinable__assays_vertical_50_ac3_ev,289,11,1.0,0.6363636363636364,0.7777777777777778,38
distance_topological,3,TPC-DI__Semantically-Joinable__prospect_both_50_30_ac2_av,196,6,1.0,0.5,0.6666666666666666,38
distance_topological,3,Wikidata__Musicians__Musicians_viewunion,169,5,0.6666666666666666,0.8,0.7272727272727273,38
distance_topological,3,TPC-DI__Semantically-Joinable__prospect_both_50_30_ac3_av,196,6,0.0,0.0,0.0,38
distance_topological,3,OpenData__Unionable__miller2_horizontal_100_ac1_ev,2601,51,1.0,0.4117647058823529,0.5833333333333334,38
distance_topological,3,TPC-DI__Semantically-Joinable__prospect_both_50_30_ac4_av,196,6,1.0,0.16666666666666666,0.2857142857142857,38
distance_topological,3,ChEMBL__View-Unionable__assays_both_0_70_ac1_ev,380,16,1.0,0.5625,0.72,38
distance_topological,3,OpenData__Unionable__miller2_horizontal_100_ac2_av,2601,51,0.9354838709677419,0.5686274509803921,0.7073170731707317,38
distance_topological,3,ChEMBL__View-Unionable__assays_both_0_70_ac2_av,380,16,1.0,0.1875,0.3157894736842105,38
distance_topological,3,OpenData__Unionable__miller2_horizontal_100_ac3_av,2601,51,1.0,0.17647058823529413,0.3,38
distance_topological,3,TPC-DI__Semantically-Joinable__prospect_both_50_50_ac1_av,272,11,1.0,0.6363636363636364,0.7777777777777778,38
distance_topological,3,ChEMBL__Joinable__assays_vertical_70_ac3_ev,380,16,1.0,0.5,0.6666666666666666,38
distance_topological,3,ChEMBL__Joinable__assays_vertical_70_ec_ev,380,16,1.0,0.9375,0.967741935483871,38
distance_topological,3,ChEMBL__View-Unionable__assays_both_0_70_ac4_ev,380,16,1.0,0.4375,0.6086956521739131,38
distance_topological,3,ChEMBL__View-Unionable__assays_both_0_70_ac5_av,380,16,0.5,0.0625,0.1111111111111111,38
distance_topological,3,OpenData__Unionable__miller2_horizontal_100_ac5_ev,2601,51,1.0,0.21568627450980393,0.3548387096774194,38
distance_topological,3,TPC-DI__Semantically-Joinable__prospect_both_50_70_ac1_av,342,15,1.0,0.4,0.5714285714285714,38
distance_topological,3,ChEMBL__View-Unionable__assays_both_0_70_ec_av,380,16,0.9230769230769231,0.75,0.8275862068965517,38
distance_topological,3,OpenData__Unionable__miller2_horizontal_100_ec_ev,2601,51,1.0,0.9019607843137255,0.9484536082474226,38
distance_topological,3,TPC-DI__Semantically-Joinable__prospect_both_50_70_ac2_av,342,15,0.6666666666666666,0.4,0.5,38
distance_topological,3,ChEMBL__Semantically-Joinable__assays_both_50_1_ac4_av,144,1,0.0,0.0,0.0,38
distance_topological,3,OpenData__Unionable__miller2_horizontal_50_ac1_av,2601,51,1.0,0.4117647058823529,0.5833333333333334,38
distance_topological,3,TPC-DI__Semantically-Joinable__prospect_both_50_70_ac4_av,342,15,1.0,0.2,0.3333333333333333,38
distance_topological,3,ChEMBL__Semantically-Joinable__assays_both_50_1_ec_av,144,1,1.0,1.0,1.0,38
distance_topological,3,TPC-DI__Semantically-Joinable__prospect_both_50_70_ac5_av,342,15,1.0,0.13333333333333333,0.23529411764705882,38
distance_topological,3,Magellan__fodors_zagats,49,7,0.875,1.0,0.9333333333333333,38
distance_topological,3,Magellan__itunes_amazon,81,9,1.0,0.6666666666666666,0.8,38
distance_topological,3,TPC-DI__Semantically-Joinable__prospect_vertical_1_ac3_av,132,1,1.0,1.0,1.0,38
distance_topological,3,OpenData__Joinable__miller2_both_50_1_ac1_ev,676,1,0.0,0.0,0.0,38
distance_topological,3,TPC-DI__Semantically-Joinable__prospect_vertical_1_ec_av,132,1,1.0,1.0,1.0,38
distance_topological,3,OpenData__Joinable__miller2_both_50_1_ac3_ev,676,1,0.0,0.0,0.0,38
distance_topological,3,OpenData__Unionable__miller2_horizontal_50_ec_av,2601,51,1.0,0.9019607843137255,0.9484536082474226,38
distance_topological,3,ChEMBL__Semantically-Joinable__assays_both_50_50_ac3_av,289,11,1.0,0.2727272727272727,0.42857142857142855,38
distance_topological,3,ChEMBL__Semantically-Joinable__assays_both_50_50_ac4_av,289,11,0.75,0.2727272727272727,0.4,38
distance_topological,3,OpenData__View -Unionable__miller2_both_0_1_ac1_ev,676,1,0.0,0.0,0.0,38
distance_topological,3,ChEMBL__Semantically-Joinable__assays_both_50_50_ec_av,289,11,0.8888888888888888,0.7272727272727273,0.8,38
distance_topological,3,OpenData__View -Unionable__miller2_both_0_1_ac2_av,676,1,0.0,0.0,0.0,38
distance_topological,3,TPC-DI__Semantically-Joinable__prospect_vertical_30_ac5_av,196,6,1.0,0.16666666666666666,0.2857142857142857,38
distance_topological,3,ChEMBL__Semantically-Joinable__assays_both_50_70_ac1_av,380,16,1.0,0.4375,0.6086956521739131,38
distance_topological,3,OpenData__View -Unionable__miller2_both_0_1_ac2_ev,676,1,0.0,0.0,0.0,38
distance_topological,3,ChEMBL__Semantically-Joinable__assays_both_50_70_ac2_av,380,16,0.8,0.25,0.38095238095238093,38
distance_topological,3,ChEMBL__Semantically-Joinable__assays_both_50_70_ac3_av,380,16,1.0,0.1875,0.3157894736842105,38
distance_topological,3,ChEMBL__Semantically-Joinable__assays_both_50_70_ec_av,380,16,0.9230769230769231,0.75,0.8275862068965517,38
distance_topological,3,OpenData__View -Unionable__miller2_both_0_1_ac5_av,676,1,0.0,0.0,0.0,38
distance_topological,3,TPC-DI__Semantically-Joinable__prospect_vertical_50_ac5_av,272,11,1.0,0.18181818181818182,0.3076923076923077,38
distance_topological,3,ChEMBL__Semantically-Joinable__assays_vertical_1_ac1_av,144,1,1.0,1.0,1.0,38
distance_topological,3,OpenData__Joinable__miller2_both_50_50_ac2_ev,1444,25,1.0,0.52,0.6842105263157895,38
distance_topological,3,ChEMBL__Semantically-Joinable__assays_vertical_1_ac4_av,144,1,0.0,0.0,0.0,38
distance_topological,3,ChEMBL__Semantically-Joinable__assays_vertical_1_ac5_av,144,1,0.0,0.0,0.0,38
distance_topological,3,TPC-DI__Semantically-Joinable__prospect_vertical_70_ac4_av,342,15,1.0,0.13333333333333333,0.23529411764705882,38
distance_topological,3,ChEMBL__Semantically-Joinable__assays_vertical_1_ec_av,144,1,1.0,1.0,1.0,38
distance_topological,3,OpenData__Joinable__miller2_both_50_70_ac1_ev,1849,35,1.0,0.4857142857142857,0.6538461538461539,38
distance_topological,3,TPC-DI__Semantically-Joinable__prospect_vertical_70_ec_av,342,15,0.8461538461538461,0.7333333333333333,0.7857142857142857,38
distance_topological,3,OpenData__Joinable__miller2_both_50_70_ac3_ev,1849,35,1.0,0.2,0.3333333333333333,38
distance_topological,3,OpenData__View -Unionable__miller2_both_0_30_ac4_av,1089,15,1.0,0.2,0.3333333333333333,38
distance_topological,3,OpenData__Joinable__miller2_both_50_70_ec_ev,1849,35,1.0,0.9142857142857143,0.9552238805970149,38
distance_topological,3,TPC-DI__Unionable__prospect_horizontal_0_ac2_ev,484,22,0.9,0.4090909090909091,0.5625,38
distance_topological,3,OpenData__Joinable__miller2_vertical_1_ac2_ev,676,1,0.0,0.0,0.0,38
distance_topological,3,OpenData__Joinable__miller2_vertical_1_ac3_ev,676,1,0.0,0.0,0.0,38
distance_topological,3,TPC-DI__Unionable__prospect_horizontal_0_ac4_av,484,22,1.0,0.2727272727272727,0.42857142857142855,38
distance_topological,3,ChEMBL__Semantically-Joinable__assays_vertical_50_ac3_av,289,11,1.0,0.18181818181818182,0.3076923076923077,38
distance_topological,3,OpenData__Joinable__miller2_vertical_1_ec_ev,676,1,1.0,1.0,1.0,38
distance_topological,3,TPC-DI__Unionable__prospect_horizontal_0_ac5_ev,484,22,1.0,0.3181818181818182,0.4827586206896552,38
distance_topological,3,OpenData__View -Unionable__miller2_both_0_50_ac2_av,1444,25,1.0,0.16,0.27586206896551724,38
distance_topological,3,TPC-DI__Unionable__prospect_horizontal_0_ec_av,484,22,1.0,0.7272727272727273,0.8421052631578947,38
distance_topological,3,OpenData__Joinable__miller2_vertical_30_ac2_ev,1089,15,0.9090909090909091,0.6666666666666666,0.7692307692307693,38
distance_topological,3,TPC-DI__Unionable__prospect_horizontal_0_ec_ev,484,22,1.0,0.7272727272727273,0.8421052631578947,38
distance_topological,3,OpenData__Joinable__miller2_vertical_30_ac3_ev,1089,15,1.0,0.4666666666666667,0.6363636363636364,38
distance_topological,3,OpenData__View -Unionable__miller2_both_0_50_ac3_av,1444,25,0.5,0.04,0.07407407407407407,38
distance_topological,3,OpenData__View -Unionable__miller2_both_0_50_ac4_av,1444,25,1.0,0.32,0.48484848484848486,38
distance_topological,3,TPC-DI__Unionable__prospect_horizontal_100_ac2_av,484,22,1.0,0.5,0.6666666666666666,38
distance_topological,3,OpenData__Joinable__miller2_vertical_30_ec_ev,1089,15,0.9375,1.0,0.967741935483871,38
distance_topological,3,OpenData__View -Unionable__miller2_both_0_50_ac5_av,1444,25,0.0,0.0,0.0,38
distance_topological,3,OpenData__View -Unionable__miller2_both_0_50_ac5_ev,1444,25,1.0,0.2,0.3333333333333333,38
distance_topological,3,ChEMBL__Unionable__assays_horizontal_0_ac2_ev,529,23,0.8888888888888888,0.34782608695652173,0.5,38
distance_topological,3,OpenData__Joinable__miller2_vertical_50_ac5_ev,1444,25,1.0,0.32,0.48484848484848486,38
distance_topological,3,OpenData__View -Unionable__miller2_both_0_70_ac1_av,1849,35,1.0,0.22857142857142856,0.37209302325581395,38
distance_topological,3,OpenData__Joinable__miller2_vertical_50_ec_ev,1444,25,1.0,1.0,1.0,38
distance_topological,3,TPC-DI__Unionable__prospect_horizontal_100_ac5_ev,484,22,1.0,0.3181818181818182,0.4827586206896552,38
distance_topological,3,TPC-DI__Unionable__prospect_horizontal_100_ec_av,484,22,1.0,0.7272727272727273,0.8421052631578947,38
distance_topological,3,ChEMBL__Unionable__assays_horizontal_0_ac4_ev,529,23,1.0,0.391304347826087,0.5625,38
distance_topological,3,OpenData__View -Unionable__miller2_both_0_70_ac3_av,1849,35,0.5,0.02857142857142857,0.05405405405405406,38
distance_topological,3,OpenData__Joinable__miller2_vertical_70_ac5_ev,1849,35,1.0,0.2857142857142857,0.4444444444444444,38
distance_topological,3,OpenData__View -Unionable__miller2_both_0_70_ac4_av,1849,35,1.0,0.22857142857142856,0.37209302325581395,38
distance_topological,3,TPC-DI__Unionable__prospect_horizontal_50_ac2_av,484,22,0.7777777777777778,0.3181818181818182,0.45161290322580644,38
distance_topological,3,ChEMBL__Unionable__assays_horizontal_0_ec_av,529,23,0.9411764705882353,0.6956521739130435,0.8,38
distance_topological,3,OpenData__View -Unionable__miller2_both_0_70_ac4_ev,1849,35,1.0,0.4857142857142857,0.6538461538461539,38
distance_topological,3,TPC-DI__Unionable__prospect_horizontal_50_ac2_ev,484,22,1.0,0.45454545454545453,0.625,38
distance_topological,3,OpenData__Semantically-Joinable__miller2_both_50_1_ac1_av,676,1,0.0,0.0,0.0,38
distance_topological,3,ChEMBL__Unionable__assays_horizontal_100_ac1_av,529,23,1.0,0.5652173913043478,0.7222222222222222,38
distance_topological,3,ChEMBL__Unionable__assays_horizontal_100_ac2_av,529,23,1.0,0.34782608695652173,0.5161290322580645,38
distance_topological,3,OpenData__View -Unionable__miller2_both_0_70_ec_ev,1849,35,1.0,0.9428571428571428,0.9705882352941176,38
distance_topological,3,ChEMBL__Unionable__assays_horizontal_100_ac2_ev,529,23,1.0,0.21739130434782608,0.35714285714285715,38
distance_topological,3,OpenData__Semantically-Joinable__miller2_both_50_1_ac5_av,676,1,0.0,0.0,0.0,38
distance_topological,3,TPC-DI__Unionable__prospect_horizontal_50_ac5_ev,484,22,1.0,0.3181818181818182,0.4827586206896552,38
distance_topological,3,ChEMBL__Unionable__assays_horizontal_100_ac3_ev,529,23,1.0,0.21739130434782608,0.35714285714285715,38
distance_topological,3,TPC-DI__Joinable__prospect_both_50_1_ac3_ev,132,1,0.0,0.0,0.0,38
distance_topological,3,ChEMBL__Unionable__assays_horizontal_100_ac4_ev,529,23,0.9,0.391304347826087,0.5454545454545454,38
distance_topological,3,OpenData__Semantically-Joinable__miller2_both_50_30_ac4_av,1089,15,1.0,0.26666666666666666,0.42105263157894735,38
distance_topological,3,TPC-DI__Joinable__prospect_both_50_30_ac1_ev,196,6,1.0,0.8333333333333334,0.9090909090909091,38
distance_topological,3,OpenData__Semantically-Joinable__miller2_both_50_50_ac1_av,1444,25,1.0,0.08,0.14814814814814814,38
distance_topological,3,TPC-DI__Joinable__prospect_both_50_30_ac4_ev,196,6,1.0,0.6666666666666666,0.8,38
distance_topological,3,TPC-DI__View-Unionable__prospect_both_0_1_ac3_ev,132,1,0.0,0.0,0.0,38
distance_topological,3,ChEMBL__Unionable__assays_horizontal_50_ac1_ev,529,23,1.0,0.5652173913043478,0.7222222222222222,38
distance_topological,3,OpenData__Semantically-Joinable__miller2_both_50_50_ac3_av,1444,25,0.5,0.04,0.07407407407407407,38
distance_topological,3,TPC-DI__Joinable__prospect_both_50_30_ac5_ev,196,6,1.0,0.6666666666666666,0.8,38
distance_topological,3,OpenData__Semantically-Joinable__miller2_both_50_50_ac4_av,1444,25,1.0,0.2,0.3333333333333333,38
distance_topological,3,TPC-DI__Joinable__prospect_both_50_30_ec_ev,196,6,1.0,0.6666666666666666,0.8,38
distance_topological,3,TPC-DI__View-Unionable__prospect_both_0_1_ac5_av,132,1,1.0,1.0,1.0,38
distance_topological,3,ChEMBL__Unionable__assays_horizontal_50_ac3_ev,529,23,1.0,0.21739130434782608,0.35714285714285715,38
distance_topological,3,OpenData__Semantically-Joinable__miller2_both_50_70_ac3_av,1849,35,1.0,0.02857142857142857,0.05555555555555555,38
distance_topological,4,ChEMBL__Joinable__assays_both_50_1_ac2_ev,144,1,0.0,0.0,0.0,38
distance_topological,4,ChEMBL__Unionable__assays_horizontal_50_ac5_ev,529,23,1.0,0.34782608695652173,0.5161290322580645,38
distance_topological,4,TPC-DI__View-Unionable__prospect_both_0_30_ac2_av,196,6,1.0,0.16666666666666666,0.2857142857142857,38
distance_topological,4,ChEMBL__Joinable__assays_both_50_1_ac3_ev,144,1,0.0,0.0,0.0,38
distance_topological,4,OpenData__Semantically-Joinable__miller2_vertical_1_ac1_av,676,1,0.0,0.0,0.0,38
distance_topological,4,ChEMBL__View-Unionable__assays_both_0_1_ac1_ev,144,1,0.0,0.0,0.0,38
distance_topological,4,TPC-DI__View-Unionable__prospect_both_0_30_ac4_av,196,6,1.0,0.3333333333333333,0.5,38
distance_topological,4,ChEMBL__View-Unionable__assays_both_0_1_ac2_av,144,1,0.0,0.0,0.0,38
distance_topological,4,OpenData__Semantically-Joinable__miller2_vertical_1_ac4_av,676,1,0.0,0.0,0.0,38
distance_topological,4,TPC-DI__Joinable__prospect_both_50_70_ec_ev,342,15,1.0,0.6666666666666666,0.8,38
distance_topological,4,ChEMBL__Joinable__assays_both_50_30_ac3_ev,210,6,1.0,0.16666666666666666,0.2857142857142857,38
distance_topological,4,OpenData__Semantically-Joinable__miller2_vertical_1_ec_av,676,1,0.0,0.0,0.0,38
distance_topological,4,TPC-DI__View-Unionable__prospect_both_0_30_ac5_ev,196,6,1.0,0.16666666666666666,0.2857142857142857,38
distance_topological,4,TPC-DI__Joinable__prospect_vertical_1_ac3_ev,132,1,1.0,1.0,1.0,38
distance_topological,4,TPC-DI__View-Unionable__prospect_both_0_30_ec_av,196,6,1.0,0.6666666666666666,0.8,38
distance_topological,4,TPC-DI__Joinable__prospect_vertical_1_ac5_ev,132,1,1.0,1.0,1.0,38
distance_topological,4,TPC-DI__View-Unionable__prospect_both_0_50_ac1_av,272,11,1.0,0.2727272727272727,0.42857142857142855,38
distance_topological,4,ChEMBL__Joinable__assays_both_50_50_ac1_ev,289,11,1.0,0.45454545454545453,0.625,38
distance_topological,4,TPC-DI__Joinable__prospect_vertical_1_ec_ev,132,1,1.0,1.0,1.0,38
distance_topological,4,ChEMBL__View-Unionable__assays_both_0_1_ec_av,144,1,0.0,0.0,0.0,38
distance_topological,4,TPC-DI__Joinable__prospect_vertical_30_ac2_ev,196,6,0.8,0.6666666666666666,0.7272727272727273,38
distance_topological,4,TPC-DI__View-Unionable__prospect_both_0_50_ac2_ev,272,11,1.0,0.36363636363636365,0.5333333333333333,38
distance_topological,4,ChEMBL__Joinable__assays_both_50_50_ac4_ev,289,11,1.0,0.2727272727272727,0.42857142857142855,38
distance_topological,4,OpenData__Semantically-Joinable__miller2_vertical_50_ac2_av,1444,25,0.6666666666666666,0.16,0.25806451612903225,38
distance_topological,4,TPC-DI__View-Unionable__prospect_both_0_50_ac3_ev,272,11,1.0,0.36363636363636365,0.5333333333333333,38
distance_topological,4,ChEMBL__View-Unionable__assays_both_0_30_ac1_ev,210,6,1.0,0.3333333333333333,0.5,38
distance_topological,4,ChEMBL__View-Unionable__assays_both_0_30_ac2_av,210,6,1.0,0.16666666666666666,0.2857142857142857,38
distance_topological,4,OpenData__Semantically-Joinable__miller2_vertical_50_ac4_av,1444,25,0.5,0.08,0.13793103448275862,38
distance_topological,4,ChEMBL__View-Unionable__assays_both_0_30_ac2_ev,210,6,1.0,0.16666666666666666,0.2857142857142857,38
distance_topological,4,OpenData__Semantically-Joinable__miller2_vertical_70_ac1_av,1849,35,1.0,0.17142857142857143,0.2926829268292683,38
distance_topological,4,ChEMBL__Joinable__assays_both_50_70_ac5_ev,380,16,1.0,0.3125,0.47619047619047616,38
distance_topological,4,OpenData__Semantically-Joinable__miller2_vertical_70_ac2_av,1849,35,0.5,0.14285714285714285,0.2222222222222222,38
distance_topological,4,ChEMBL__Joinable__assays_both_50_70_ec_ev,380,16,1.0,0.5625,0.72,38
distance_topological,4,TPC-DI__View-Unionable__prospect_both_0_70_ac1_av,342,15,0.875,0.4666666666666667,0.6086956521739131,38
distance_topological,4,ChEMBL__View-Unionable__assays_both_0_30_ac5_ev,210,6,1.0,0.16666666666666666,0.2857142857142857,38
distance_topological,4,TPC-DI__View-Unionable__prospect_both_0_70_ac2_av,342,15,0.5,0.2,0.2857142857142857,38
distance_topological,4,TPC-DI__Joinable__prospect_vertical_70_ac2_ev,342,15,0.9090909090909091,0.6666666666666666,0.7692307692307693,38
distance_topological,4,ChEMBL__View-Unionable__assays_both_0_30_ec_ev,210,6,1.0,0.6666666666666666,0.8,38
distance_topological,4,OpenData__Unionable__miller2_horizontal_0_ac1_av,2601,51,1.0,0.29411764705882354,0.45454545454545453,38
distance_topological,4,TPC-DI__View-Unionable__prospect_both_0_70_ac3_av,342,15,1.0,0.13333333333333333,0.23529411764705882,38
distance_topological,4,TPC-DI__View-Unionable__prospect_both_0_70_ac4_av,342,15,1.0,0.13333333333333333,0.23529411764705882,38
distance_topological,4,ChEMBL__Joinable__assays_vertical_30_ac1_ev,210,6,1.0,0.5,0.6666666666666666,38
distance_topological,4,TPC-DI__Joinable__prospect_vertical_70_ec_ev,342,15,1.0,0.8,0.8888888888888888,38
distance_topological,4,TPC-DI__View-Unionable__prospect_both_0_70_ac4_ev,342,15,0.8,0.26666666666666666,0.4,38
distance_topological,4,ChEMBL__Joinable__assays_vertical_30_ac2_ev,210,6,1.0,0.16666666666666666,0.2857142857142857,38
distance_topological,4,ChEMBL__View-Unionable__assays_both_0_50_ac2_ev,289,11,1.0,0.36363636363636365,0.5333333333333333,38
distance_topological,4,ChEMBL__Joinable__assays_vertical_30_ac3_ev,210,6,1.0,0.8333333333333334,0.9090909090909091,38
distance_topological,4,TPC-DI__Semantically-Joinable__prospect_both_50_1_ac3_av,132,1,0.0,0.0,0.0,38
distance_topological,4,ChEMBL__Joinable__assays_vertical_30_ac5_ev,210,6,1.0,0.3333333333333333,0.5,38
distance_topological,4,OpenData__Unionable__miller2_horizontal_0_ac5_ev,2601,51,1.0,0.23529411764705882,0.38095238095238093,38
distance_topological,4,TPC-DI__Semantically-Joinable__prospect_both_50_1_ec_av,132,1,1.0,1.0,1.0,38
distance_topological,4,ChEMBL__Joinable__assays_vertical_50_ac2_ev,289,11,1.0,0.2727272727272727,0.42857142857142855,38
distance_topological,4,ChEMBL__View-Unionable__assays_both_0_50_ac5_ev,289,11,1.0,0.2727272727272727,0.42857142857142855,38
distance_topological,4,Wikidata__Musicians__Musicians_unionable,400,19,0.8888888888888888,0.8421052631578947,0.8648648648648649,38
distance_topological,4,ChEMBL__Joinable__assays_vertical_50_ac5_ev,289,11,1.0,0.09090909090909091,0.16666666666666666,38
distance_topological,4,TPC-DI__Semantically-Joinable__prospect_both_50_30_ac4_av,196,6,1.0,0.16666666666666666,0.2857142857142857,38
distance_topological,4,OpenData__Unionable__miller2_horizontal_100_ac2_av,2601,51,0.9411764705882353,0.3137254901960784,0.47058823529411764,38
distance_topological,4,TPC-DI__Semantically-Joinable__prospect_both_50_30_ac5_av,196,6,1.0,0.3333333333333333,0.5,38
distance_topological,4,ChEMBL__View-Unionable__assays_both_0_70_ac2_ev,380,16,1.0,0.1875,0.3157894736842105,38
distance_topological,4,TPC-DI__Semantically-Joinable__prospect_both_50_50_ac1_av,272,11,1.0,0.36363636363636365,0.5333333333333333,38
distance_topological,4,ChEMBL__Joinable__assays_vertical_70_ac3_ev,380,16,1.0,0.375,0.5454545454545454,38
distance_topological,4,ChEMBL__View-Unionable__assays_both_0_70_ac3_av,380,16,1.0,0.1875,0.3157894736842105,38
distance_topological,4,TPC-DI__Semantically-Joinable__prospect_both_50_50_ac2_av,272,11,0.6666666666666666,0.18181818181818182,0.2857142857142857,38
distance_topological,4,ChEMBL__Joinable__assays_vertical_70_ac4_ev,380,16,1.0,0.5625,0.72,38
distance_topological,4,ChEMBL__View-Unionable__assays_both_0_70_ac3_ev,380,16,1.0,0.25,0.4,38
distance_topological,4,ChEMBL__View-Unionable__assays_both_0_70_ac4_ev,380,16,1.0,0.375,0.5454545454545454,38
distance_topological,4,OpenData__Unionable__miller2_horizontal_100_ac5_av,2601,51,1.0,0.23529411764705882,0.38095238095238093,38
distance_topological,4,TPC-DI__Semantically-Joinable__prospect_both_50_50_ac5_av,272,11,0.6666666666666666,0.18181818181818182,0.2857142857142857,38
distance_topological,4,ChEMBL__Semantically-Joinable__assays_both_50_1_ac1_av,144,1,0.0,0.0,0.0,38
distance_topological,4,OpenData__Unionable__miller2_horizontal_100_ac5_ev,2601,51,1.0,0.23529411764705882,0.38095238095238093,38
distance_topological,4,ChEMBL__Semantically-Joinable__assays_both_50_1_ac3_av,144,1,0.0,0.0,0.0,38
distance_topological,4,ChEMBL__View-Unionable__assays_both_0_70_ec_av,380,16,1.0,0.375,0.5454545454545454,38
distance_topological,4,OpenData__Unionable__miller2_horizontal_100_ec_ev,2601,51,1.0,0.6078431372549019,0.7560975609756098,38
distance_topological,4,ChEMBL__Semantically-Joinable__assays_both_50_1_ac4_av,144,1,0.0,0.0,0.0,38
distance_topological,4,OpenData__Unionable__miller2_horizontal_50_ac1_av,2601,51,1.0,0.29411764705882354,0.45454545454545453,38
distance_topological,4,ChEMBL__Semantically-Joinable__assays_both_50_1_ac5_av,144,1,0.0,0.0,0.0,38
distance_topological,4,TPC-DI__Semantically-Joinable__prospect_both_50_70_ac4_av,342,15,1.0,0.13333333333333333,0.23529411764705882,38
distance_topological,4,ChEMBL__Semantically-Joinable__assays_both_50_1_ec_av,144,1,0.0,0.0,0.0,38
distance_topological,4,OpenData__Unionable__miller2_horizontal_50_ac2_av,2601,51,0.9545454545454546,0.4117647058823529,0.5753424657534246,38
distance_topological,4,TPC-DI__Semantically-Joinable__prospect_both_50_70_ac5_av,342,15,1.0,0.06666666666666667,0.125,38
distance_topological,4,OpenData__Unionable__miller2_horizontal_50_ac2_ev,2601,51,0.95,0.37254901960784315,0.5352112676056338,38
distance_topological,4,TPC-DI__Semantically-Joinable__prospect_both_50_70_ec_av,342,15,0.8333333333333334,0.6666666666666666,0.7407407407407407,38
distance_topological,4,TPC-DI__Semantically-Joinable__prospect_vertical_1_ac1_av,132,1,1.0,1.0,1.0,38
distance_topological,4,ChEMBL__Semantically-Joinable__assays_both_50_30_ac3_av,210,6,1.0,0.16666666666666666,0.2857142857142857,38
distance_topological,4,Magellan__itunes_amazon,81,9,1.0,0.6666666666666666,0.8,38
distance_topological,4,Magellan__walmart_amazon,36,6,1.0,0.5,0.6666666666666666,38
distance_topological,4,OpenData__Unionable__miller2_horizontal_50_ac4_ev,2601,51,0.9583333333333334,0.45098039215686275,0.6133333333333333,38
distance_topological,4,OpenData__Joinable__miller2_both_50_1_ac2_ev,676,1,0.0,0.0,0.0,38
distance_topological,4,OpenData__Unionable__miller2_horizontal_50_ac5_ev,2601,51,1.0,0.23529411764705882,0.38095238095238093,38
distance_topological,4,TPC-DI__Semantically-Joinable__prospect_vertical_1_ec_av,132,1,1.0,1.0,1.0,38
distance_topological,4,OpenData__Joinable__miller2_both_50_1_ac4_ev,676,1,0.0,0.0,0.0,38
distance_topological,4,TPC-DI__Semantically-Joinable__prospect_vertical_30_ac2_av,196,6,1.0,0.5,0.6666666666666666,38
distance_topological,4,OpenData__View -Unionable__miller2_both_0_1_ac1_av,676,1,0.0,0.0,0.0,38
distance_topological,4,ChEMBL__Semantically-Joinable__assays_both_50_50_ac5_av,289,11,0.0,0.0,0.0,38
distance_topological,4,OpenData__View -Unionable__miller2_both_0_1_ac1_ev,676,1,0.0,0.0,0.0,38
distance_topological,4,ChEMBL__Semantically-Joinable__assays_both_50_50_ec_av,289,11,1.0,0.45454545454545453,0.625,38
distance_topological,4,ChEMBL__Semantically-Joinable__assays_both_50_70_ac1_av,380,16,0.8,0.25,0.38095238095238093,38
distance_topological,4,TPC-DI__Semantically-Joinable__prospect_vertical_30_ec_av,196,6,1.0,0.8333333333333334,0.9090909090909091,38
distance_topological,4,OpenData__Joinable__miller2_both_50_30_ac3_ev,1089,15,0.0,0.0,0.0,38
distance_topological,4,OpenData__Joinable__miller2_both_50_30_ac5_ev,1089,15,1.0,0.4666666666666667,0.6363636363636364,38
distance_topological,4,OpenData__View -Unionable__miller2_both_0_1_ac4_ev,676,1,0.0,0.0,0.0,38
distance_topological,4,OpenData__View -Unionable__miller2_both_0_1_ac5_av,676,1,0.0,0.0,0.0,38
distance_topological,4,ChEMBL__Semantically-Joinable__assays_vertical_1_ac2_av,144,1,0.0,0.0,0.0,38
distance_topological,4,OpenData__View -Unionable__miller2_both_0_30_ac1_av,1089,15,1.0,0.06666666666666667,0.125,38
distance_topological,4,ChEMBL__Semantically-Joinable__assays_vertical_1_ac5_av,144,1,0.0,0.0,0.0,38
distance_topological,4,OpenData__View -Unionable__miller2_both_0_30_ac2_av,1089,15,0.0,0.0,0.0,38
distance_topological,4,OpenData__Joinable__miller2_both_50_70_ac3_ev,1849,35,1.0,0.17142857142857143,0.2926829268292683,38
distance_topological,4,TPC-DI__Unionable__prospect_horizontal_0_ac1_av,484,22,1.0,0.5454545454545454,0.7058823529411765,38
distance_topological,4,TPC-DI__Unionable__prospect_horizontal_0_ac1_ev,484,22,1.0,0.5454545454545454,0.7058823529411765,38
distance_topological,4,OpenData__Joinable__miller2_both_50_70_ac5_ev,1849,35,1.0,0.22857142857142856,0.37209302325581395,38
distance_topological,4,OpenData__Joinable__miller2_vertical_1_ac1_ev,676,1,0.0,0.0,0.0,38
distance_topological,4,ChEMBL__Semantically-Joinable__assays_vertical_50_ac1_av,289,11,1.0,0.36363636363636365,0.5333333333333333,38
distance_topological,4,ChEMBL__Semantically-Joinable__assays_vertical_50_ac2_av,289,11,1.0,0.2727272727272727,0.42857142857142855,38
distance_topological,4,TPC-DI__Unionable__prospect_horizontal_0_ac4_av,484,22,1.0,0.36363636363636365,0.5333333333333333,38
distance_topological,4,TPC-DI__Unionable__prospect_horizontal_0_ac4_ev,484,22,1.0,0.45454545454545453,0.625,38
distance_topological,4,OpenData__View -Unionable__miller2_both_0_50_ac1_av,1444,25,1.0,0.08,0.14814814814814814,38
distance_topological,4,TPC-DI__Unionable__prospect_horizontal_0_ac5_ev,484,22,1.0,0.3181818181818182,0.4827586206896552,38
distance_topological,4,OpenData__Joinable__miller2_vertical_30_ac1_ev,1089,15,1.0,0.5333333333333333,0.6956521739130435,38
distance_topological,4,OpenData__View -Unionable__miller2_both_0_50_ac2_av,1444,25,0.75,0.12,0.20689655172413793,38
distance_topological,4,OpenData__Joinable__miller2_vertical_30_ac2_ev,1089,15,0.875,0.4666666666666667,0.6086956521739131,38
distance_topological,4,TPC-DI__Unionable__prospect_horizontal_100_ac1_ev,484,22,1.0,0.5454545454545454,0.7058823529411765,38
distance_topological,4,ChEMBL__Semantically-Joinable__assays_vertical_70_ac4_av,380,16,0.6666666666666666,0.25,0.36363636363636365,38
distance_topological,4,OpenData__Joinable__miller2_vertical_30_ac5_ev,1089,15,1.0,0.06666666666666667,0.125,38
distance_topological,4,OpenData__Joinable__miller2_vertical_30_ec_ev,1089,15,1.0,0.5333333333333333,0.6956521739130435,38
distance_topological,4,OpenData__View -Unionable__miller2_both_0_50_ac4_ev,1444,25,1.0,0.48,0.6486486486486487,38
distance_topological,4,TPC-DI__Unionable__prospect_horizontal_100_ac2_ev,484,22,1.0,0.45454545454545453,0.625,38
distance_topological,4,OpenData__Joinable__miller2_vertical_50_ac1_ev,1444,25,1.0,0.52,0.6842105263157895,38
distance_topological,4,OpenData__View -Unionable__miller2_both_0_50_ac5_av,1444,25,0.0,0.0,0.0,38
distance_topological,4,OpenData__View -Unionable__miller2_both_0_50_ac5_ev,1444,25,1.0,0.16,0.27586206896551724,38
distance_topological,4,ChEMBL__Unionable__assays_horizontal_0_ac1_ev,529,23,1.0,0.391304347826087,0.5625,38
distance_topological,4,ChEMBL__Unionable__assays_horizontal_0_ac2_ev,529,23,0.875,0.30434782608695654,0.45161290322580644,38
distance_topological,4,OpenData__Joinable__miller2_vertical_50_ec_ev,1444,25,1.0,0.56,0.717948717948718,38
distance_topological,4,OpenData__View -Unionable__miller2_both_0_70_ac1_ev,1849,35,1.0,0.37142857142857144,0.5416666666666666,38
distance_topological,4,OpenData__View -Unionable__miller2_both_0_70_ac2_ev,1849,35,0.9166666666666666,0.3142857142857143,0.46808510638297873,38
distance_topological,4,OpenData__Joinable__miller2_vertical_70_ac4_ev,1849,35,1.0,0.42857142857142855,0.6,38
distance_topological,4,TPC-DI__Unionable__prospect_horizontal_50_ac1_ev,484,22,1.0,0.5454545454545454,0.7058823529411765,38
distance_topological,4,ChEMBL__Unionable__assays_horizontal_0_ac5_ev,529,23,1.0,0.34782608695652173,0.5161290322580645,38
distance_topological,4,OpenData__View -Unionable__miller2_both_0_70_ac5_av,1849,35,0.6666666666666666,0.05714285714285714,0.10526315789473684,38
distance_topological,4,TPC-DI__Unionable__prospect_horizontal_50_ac3_ev,484,22,1.0,0.22727272727272727,0.37037037037037035,38
distance_topological,4,ChEMBL__Unionable__assays_horizontal_100_ac1_ev,529,23,1.0,0.391304347826087,0.5625,38
distance_topological,4,OpenData__Semantically-Joinable__miller2_both_50_1_ac3_av,676,1,0.0,0.0,0.0,38
distance_topological,4,OpenData__View -Unionable__miller2_both_0_70_ec_av,1849,35,1.0,0.42857142857142855,0.6,38
distance_topological,4,OpenData__Semantically-Joinable__miller2_both_50_1_ac4_av,676,1,0.0,0.0,0.0,38
distance_topological,4,ChEMBL__Unionable__assays_horizontal_100_ac2_ev,529,23,1.0,0.30434782608695654,0.4666666666666667,38
distance_topological,4,TPC-DI__Joinable__prospect_both_50_1_ac1_ev,132,1,1.0,1.0,1.0,38
distance_topological,4,TPC-DI__Joinable__prospect_both_50_1_ac2_ev,132,1,1.0,1.0,1.0,38
distance_topological,4,OpenData__Semantically-Joinable__miller2_both_50_30_ac1_av,1089,15,1.0,0.06666666666666667,0.125,38
distance_topological,4,TPC-DI__Unionable__prospect_horizontal_50_ec_av,484,22,1.0,0.6818181818181818,0.8108108108108109,38
distance_topological,4,OpenData__Semantically-Joinable__miller2_both_50_30_ac2_av,1089,15,1.0,0.06666666666666667,0.125,38
distance_topological,4,TPC-DI__Joinable__prospect_both_50_1_ac4_ev,132,1,1.0,1.0,1.0,38
distance_topological,4,TPC-DI__Unionable__prospect_horizontal_50_ec_ev,484,22,1.0,0.6818181818181818,0.8108108108108109,38
distance_topological,4,TPC-DI__Joinable__prospect_both_50_1_ec_ev,132,1,1.0,1.0,1.0,38
distance_topological,4,OpenData__Semantically-Joinable__miller2_both_50_30_ac5_av,1089,15,1.0,0.06666666666666667,0.125,38
distance_topological,4,TPC-DI__Joinable__prospect_both_50_30_ac2_ev,196,6,1.0,0.3333333333333333,0.5,38
distance_topological,4,TPC-DI__View-Unionable__prospect_both_0_1_ac2_ev,132,1,1.0,1.0,1.0,38
distance_topological,4,ChEMBL__Unionable__assays_horizontal_100_ec_ev,529,23,1.0,0.4782608695652174,0.6470588235294118,38
distance_topological,4,OpenData__Semantically-Joinable__miller2_both_50_50_ac1_av,1444,25,1.0,0.08,0.14814814814814814,38
distance_topological,4,ChEMBL__Unionable__assays_horizontal_50_ac1_av,529,23,1.0,0.391304347826087,0.5625,38
distance_topological,4,TPC-DI__Joinable__prospect_both_50_30_ac4_ev,196,6,1.0,0.5,0.6666666666666666,38
distance_topological,4,ChEMBL__Unionable__assays_horizontal_50_ac1_ev,529,23,1.0,0.391304347826087,0.5625,38
distance_topological,4,OpenData__Semantically-Joinable__miller2_both_50_50_ac3_av,1444,25,1.0,0.04,0.07692307692307693,38
distance_topological,4,TPC-DI__Joinable__prospect_both_50_30_ec_ev,196,6,1.0,0.6666666666666666,0.8,38
distance_topological,4,OpenData__Semantically-Joinable__miller2_both_50_50_ac5_av,1444,25,1.0,0.04,0.07692307692307693,38
distance_topological,4,ChEMBL__Unionable__assays_horizontal_50_ac3_av,529,23,1.0,0.17391304347826086,0.2962962962962963,38
distance_topological,4,ChEMBL__Unionable__assays_horizontal_50_ac3_ev,529,23,1.0,0.17391304347826086,0.2962962962962963,38
distance_topological,4,TPC-DI__View-Unionable__prospect_both_0_30_ac1_av,196,6,0.5,0.3333333333333333,0.4,38
distance_topological,5,ChEMBL__Unionable__assays_horizontal_50_ec_av,529,23,1.0,0.5652173913043478,0.7222222222222222,38
distance_topological,5,TPC-DI__Joinable__prospect_both_50_70_ac2_ev,342,15,1.0,0.5333333333333333,0.6956521739130435,38
distance_topological,5,ChEMBL__Unionable__assays_horizontal_50_ec_ev,529,23,1.0,0.5652173913043478,0.7222222222222222,38
distance_topological,5,TPC-DI__Joinable__prospect_both_50_70_ac3_ev,342,15,1.0,0.26666666666666666,0.42105263157894735,38
distance_topological,5,TPC-DI__Joinable__prospect_both_50_70_ac4_ev,342,15,1.0,0.6666666666666666,0.8,38
distance_topological,5,ChEMBL__Joinable__assays_both_50_1_ec_ev,144,1,0.0,0.0,0.0,38
distance_topological,5,ChEMBL__Joinable__assays_both_50_30_ac1_ev,210,6,1.0,0.5,0.6666666666666666,38
distance_topological,5,OpenData__Semantically-Joinable__miller2_vertical_1_ac5_av,676,1,0.0,0.0,0.0,38
distance_topological,5,TPC-DI__View-Unionable__prospect_both_0_30_ac5_av,196,6,1.0,0.16666666666666666,0.2857142857142857,38
distance_topological,5,ChEMBL__Joinable__assays_both_50_30_ac4_ev,210,6,1.0,0.5,0.6666666666666666,38
distance_topological,5,ChEMBL__View-Unionable__assays_both_0_1_ac3_ev,144,1,0.0,0.0,0.0,38
distance_topological,5,ChEMBL__Joinable__assays_both_50_30_ac5_ev,210,6,1.0,0.3333333333333333,0.5,38
distance_topological,5,ChEMBL__View-Unionable__assays_both_0_1_ac5_av,144,1,0.0,0.0,0.0,38
distance_topological,5,ChEMBL__Joinable__assays_both_50_50_ac2_ev,289,11,1.0,0.18181818181818182,0.3076923076923077,38
distance_topological,5,TPC-DI__Joinable__prospect_vertical_30_ac1_ev,196,6,1.0,1.0,1.0,38
distance_topological,5,OpenData__Semantically-Joinable__miller2_vertical_30_ec_av,1089,15,1.0,0.6,0.75,38
distance_topological,5,ChEMBL__View-Unionable__assays_both_0_1_ec_ev,144,1,0.0,0.0,0.0,38
distance_topological,5,TPC-DI__View-Unionable__prospect_both_0_50_ac3_av,272,11,1.0,0.18181818181818182,0.3076923076923077,38
distance_topological,5,ChEMBL__Joinable__assays_both_50_50_ac5_ev,289,11,1.0,0.2727272727272727,0.42857142857142855,38
distance_topological,5,TPC-DI__Joinable__prospect_vertical_30_ac5_ev,196,6,1.0,0.5,0.6666666666666666,38
distance_topological,5,TPC-DI__View-Unionable__prospect_both_0_50_ac4_av,272,11,1.0,0.18181818181818182,0.3076923076923077,38
distance_topological,5,ChEMBL__Joinable__assays_both_50_70_ac1_ev,380,16,1.0,0.3125,0.47619047619047616,38
distance_topological,5,TPC-DI__View-Unionable__prospect_both_0_50_ac4_ev,272,11,1.0,0.6363636363636364,0.7777777777777778,38
distance_topological,5,ChEMBL__Joinable__assays_both_50_70_ac2_ev,380,16,1.0,0.4375,0.6086956521739131,38
distance_topological,5,TPC-DI__View-Unionable__prospect_both_0_50_ac5_av,272,11,1.0,0.2727272727272727,0.42857142857142855,38
distance_topological,5,ChEMBL__View-Unionable__assays_both_0_30_ac3_av,210,6,0.0,0.0,0.0,38
distance_topological,5,OpenData__Semantically-Joinable__miller2_vertical_50_ec_av,1444,25,1.0,0.6,0.75,38
distance_topological,5,TPC-DI__Joinable__prospect_vertical_50_ac2_ev,272,11,1.0,0.6363636363636364,0.7777777777777778,38
distance_topological,5,TPC-DI__View-Unionable__prospect_both_0_50_ac5_ev,272,11,1.0,0.09090909090909091,0.16666666666666666,38
distance_topological,5,TPC-DI__Joinable__prospect_vertical_50_ac3_ev,272,11,0.875,0.6363636363636364,0.7368421052631579,38
distance_topological,5,ChEMBL__View-Unionable__assays_both_0_30_ac4_av,210,6,1.0,0.16666666666666666,0.2857142857142857,38
distance_topological,5,OpenData__Semantically-Joinable__miller2_vertical_70_ac3_av,1849,35,0.6,0.08571428571428572,0.15,38
distance_topological,5,ChEMBL__View-Unionable__assays_both_0_30_ac5_av,210,6,0.0,0.0,0.0,38
distance_topological,5,TPC-DI__View-Unionable__prospect_both_0_70_ac1_ev,342,15,1.0,0.5333333333333333,0.6956521739130435,38
distance_topological,5,ChEMBL__Joinable__assays_vertical_1_ac3_ev,144,1,0.0,0.0,0.0,38
distance_topological,5,ChEMBL__Joinable__assays_vertical_1_ac4_ev,144,1,0.0,0.0,0.0,38
distance_topological,5,TPC-DI__Joinable__prospect_vertical_70_ac3_ev,342,15,0.9230769230769231,0.8,0.8571428571428571,38
distance_topological,5,ChEMBL__Joinable__assays_vertical_1_ac5_ev,144,1,0.0,0.0,0.0,38
distance_topological,5,OpenData__Unionable__miller2_horizontal_0_ac3_av,2601,51,1.0,0.23529411764705882,0.38095238095238093,38
distance_topological,5,TPC-DI__Semantically-Joinable__prospect_both_50_1_ac1_av,132,1,1.0,1.0,1.0,38
distance_topological,5,OpenData__Unionable__miller2_horizontal_0_ac3_ev,2601,51,1.0,0.23529411764705882,0.38095238095238093,38
distance_topological,5,ChEMBL__Joinable__assays_vertical_30_ac4_ev,210,6,1.0,0.5,0.6666666666666666,38
distance_topological,5,TPC-DI__Semantically-Joinable__prospect_both_50_1_ac4_av,132,1,0.0,0.0,0.0,38
distance_topological,5,TPC-DI__View-Unionable__prospect_both_0_70_ec_ev,342,15,1.0,0.7333333333333333,0.8461538461538461,38
distance_topological,5,TPC-DI__Semantically-Joinable__prospect_both_50_1_ac5_av,132,1,1.0,1.0,1.0,38
distance_topological,5,Wikidata__Musicians__Musicians_joinable,169,6,1.0,0.8333333333333334,0.9090909090909091,38
distance_topological,5,ChEMBL__View-Unionable__assays_both_0_50_ac5_av,289,11,1.0,0.09090909090909091,0.16666666666666666,38
distance_topological,5,TPC-DI__Semantically-Joinable__prospect_both_50_30_ac1_av,196,6,1.0,0.5,0.6666666666666666,38
distance_topological,5,OpenData__Unionable__miller2_horizontal_100_ac1_av,2601,51,1.0,0.45098039215686275,0.6216216216216216,38
distance_topological,5,ChEMBL__Joinable__assays_vertical_70_ac1_ev,380,16,1.0,0.75,0.8571428571428571,38
distance_topological,5,ChEMBL__Joinable__assays_vertical_70_ac2_ev,380,16,1.0,0.5,0.6666666666666666,38
distance_topological,5,TPC-DI__Semantically-Joinable__prospect_both_50_50_ac3_av,272,11,0.6666666666666666,0.18181818181818182,0.2857142857142857,38
distance_topological,5,ChEMBL__Joinable__assays_vertical_70_ac5_ev,380,16,1.0,0.4375,0.6086956521739131,38
distance_topological,5,ChEMBL__View-Unionable__assays_both_0_70_ac4_av,380,16,0.6666666666666666,0.25,0.36363636363636365,38
distance_topological,5,OpenData__Unionable__miller2_horizontal_100_ec_av,2601,51,1.0,0.803921568627451,0.8913043478260869,38
distance_topological,5,ChEMBL__View-Unionable__assays_both_0_70_ec_ev,380,16,1.0,0.5,0.6666666666666666,38
distance_topological,5,OpenData__Unionable__miller2_horizontal_50_ac1_ev,2601,51,1.0,0.45098039215686275,0.6216216216216216,38
distance_topological,5,Magellan__beeradvo_ratebeer,25,5,0.8,0.8,0.8,38
distance_topological,5,OpenData__Unionable__miller2_horizontal_50_ac3_ev,2601,51,1.0,0.23529411764705882,0.38095238095238093,38
distance_topological,5,ChEMBL__Semantically-Joinable__assays_both_50_30_ac4_av,210,6,1.0,0.6666666666666666,0.8,38
distance_topological,5,ChEMBL__Semantically-Joinable__assays_both_50_30_ec_av,210,6,1.0,0.5,0.6666666666666666,38
distance_topological,5,TPC-DI__Semantically-Joinable__prospect_vertical_1_ac5_av,132,1,0.0,0.0,0.0,38
distance_topological,5,ChEMBL__Semantically-Joinable__assays_both_50_50_ac1_av,289,11,1.0,0.36363636363636365,0.5333333333333333,38
distance_topological,5,TPC-DI__Semantically-Joinable__prospect_vertical_30_ac1_av,196,6,1.0,0.5,0.6666666666666666,38
distance_topological,5,OpenData__Joinable__miller2_both_50_1_ac5_ev,676,1,0.0,0.0,0.0,38
distance_topological,5,TPC-DI__Semantically-Joinable__prospect_vertical_30_ac3_av,196,6,1.0,0.5,0.6666666666666666,38
distance_topological,5,OpenData__Joinable__miller2_both_50_30_ac2_ev,1089,15,1.0,0.4,0.5714285714285714,38
distance_topological,5,OpenData__Joinable__miller2_both_50_30_ac4_ev,1089,15,1.0,0.26666666666666666,0.42105263157894735,38
distance_topological,5,ChEMBL__Semantically-Joinable__assays_both_50_70_ac5_av,380,16,1.0,0.1875,0.3157894736842105,38
distance_topological,5,OpenData__Joinable__miller2_both_50_50_ac1_ev,1444,25,1.0,0.56,0.717948717948718,38
distance_topological,5,OpenData__View -Unionable__miller2_both_0_1_ec_av,676,1,1.0,1.0,1.0,38
distance_topological,5,ChEMBL__Semantically-Joinable__assays_vertical_1_ac3_av,144,1,0.0,0.0,0.0,38
distance_topological,5,OpenData__View -Unionable__miller2_both_0_1_ec_ev,676,1,1.0,1.0,1.0,38
distance_topological,5,OpenData__Joinable__miller2_both_50_50_ec_ev,1444,25,1.0,0.8,0.8888888888888888,38
distance_topological,5,TPC-DI__Semantically-Joinable__prospect_vertical_70_ac5_av,342,15,1.0,0.2,0.3333333333333333,38
distance_topological,5,ChEMBL__Semantically-Joinable__assays_vertical_30_ac1_av,210,6,1.0,0.5,0.6666666666666666,38
distance_topological,5,ChEMBL__Semantically-Joinable__assays_vertical_30_ac2_av,210,6,1.0,0.16666666666666666,0.2857142857142857,38
distance_topological,5,OpenData__Joinable__miller2_both_50_70_ac4_ev,1849,35,1.0,0.4,0.5714285714285714,38
distance_topological,5,OpenData__View -Unionable__miller2_both_0_30_ac3_ev,1089,15,1.0,0.4,0.5714285714285714,38
distance_topological,5,ChEMBL__Semantically-Joinable__assays_vertical_30_ac4_av,210,6,1.0,0.16666666666666666,0.2857142857142857,38
distance_topological,5,OpenData__View -Unionable__miller2_both_0_30_ac4_ev,1089,15,1.0,0.6,0.75,38
distance_topological,5,OpenData__View -Unionable__miller2_both_0_30_ac5_ev,1089,15,1.0,0.13333333333333333,0.23529411764705882,38
distance_topological,5,ChEMBL__Semantically-Joinable__assays_vertical_70_ec_av,380,16,1.0,0.5625,0.72,38
distance_topological,5,TPC-DI__Unionable__prospect_horizontal_100_ac3_av,484,22,1.0,0.3181818181818182,0.4827586206896552,38
distance_topological,5,TPC-DI__Unionable__prospect_horizontal_100_ac3_ev,484,22,1.0,0.3181818181818182,0.4827586206896552,38
distance_topological,5,OpenData__Joinable__miller2_vertical_50_ac4_ev,1444,25,0.9090909090909091,0.4,0.5555555555555556,38
distance_topological,5,OpenData__View -Unionable__miller2_both_0_70_ac2_av,1849,35,0.9,0.2571428571428571,0.4,38
distance_topological,5,ChEMBL__Unionable__assays_horizontal_0_ac4_av,529,23,0.9166666666666666,0.4782608695652174,0.6285714285714286,38
distance_topological,5,TPC-DI__Unionable__prospect_horizontal_100_ec_ev,484,22,1.0,0.8181818181818182,0.9,38
distance_topological,5,OpenData__Joinable__miller2_vertical_70_ac3_ev,1849,35,1.0,0.42857142857142855,0.6,38
distance_topological,5,OpenData__Joinable__miller2_vertical_70_ec_ev,1849,35,0.9411764705882353,0.9142857142857143,0.927536231884058,38
distance_topological,5,TPC-DI__Unionable__prospect_horizontal_50_ac3_av,484,22,1.0,0.3181818181818182,0.4827586206896552,38
distance_topological,5,OpenData__Semantically-Joinable__miller2_both_50_1_ac2_av,676,1,0.0,0.0,0.0,38
distance_topological,5,ChEMBL__Unionable__assays_horizontal_100_ac3_av,529,23,1.0,0.17391304347826086,0.2962962962962963,38
distance_topological,5,TPC-DI__Joinable__prospect_both_50_1_ac5_ev,132,1,0.0,0.0,0.0,38
distance_topological,5,TPC-DI__View-Unionable__prospect_both_0_1_ac1_av,132,1,1.0,1.0,1.0,38
distance_topological,5,TPC-DI__View-Unionable__prospect_both_0_1_ac2_av,132,1,1.0,1.0,1.0,38
distance_topological,5,ChEMBL__Unionable__assays_horizontal_100_ec_av,529,23,1.0,0.5652173913043478,0.7222222222222222,38
distance_topological,5,TPC-DI__View-Unionable__prospect_both_0_1_ac4_av,132,1,1.0,1.0,1.0,38
distance_topological,5,ChEMBL__Unionable__assays_horizontal_50_ac2_ev,529,23,1.0,0.34782608695652173,0.5161290322580645,38
distance_topological,5,TPC-DI__View-Unionable__prospect_both_0_1_ec_av,132,1,1.0,1.0,1.0,38
distance_topological,5,ChEMBL__Unionable__assays_horizontal_50_ac4_av,529,23,1.0,0.5217391304347826,0.6857142857142857,38
distance_topological,5,OpenData__Semantically-Joinable__miller2_both_50_70_ac2_av,1849,35,0.8571428571428571,0.17142857142857143,0.2857142857142857,38
distance_topological,5,TPC-DI__Joinable__prospect_both_50_50_ac5_ev,272,11,1.0,0.18181818181818182,0.3076923076923077,38
