config,fold_id,pair_id,n_rows,n_pos,precision,recall,f1,n_features
full60,0,ChEMBL__Unionable__assays_horizontal_50_ac5_av,529,23,1.0,0.391304347826087,0.5625,60
full60,0,OpenData__Semantically-Joinable__miller2_both_50_70_ac4_av,1849,35,1.0,0.2857142857142857,0.4444444444444444,60
full60,0,TPC-DI__Joinable__prospect_both_50_50_ec_ev,272,11,1.0,0.18181818181818182,0.3076923076923077,60
full60,0,TPC-DI__View-Unionable__prospect_both_0_30_ac1_ev,196,6,1.0,0.3333333333333333,0.5,60
full60,0,ChEMBL__Joinable__assays_both_50_1_ac2_ev,144,1,0.0,0.0,0.0,60
full60,0,ChEMBL__Unionable__assays_horizontal_50_ac5_ev,529,23,1.0,0.391304347826087,0.5625,60
full60,0,ChEMBL__Joinable__assays_both_50_1_ac3_ev,144,1,0.0,0.0,0.0,60
full60,0,TPC-DI__View-Unionable__prospect_both_0_30_ac2_ev,196,6,1.0,0.5,0.6666666666666666,60
full60,0,OpenData__Semantically-Joinable__miller2_vertical_1_ac4_av,676,1,0.0,0.0,0.0,60
full60,0,TPC-DI__Joinable__prospect_both_50_70_ec_ev,342,15,1.0,0.26666666666666666,0.42105263157894735,60
full60,0,ChEMBL__View-Unionable__assays_both_0_1_ac2_ev,144,1,0.0,0.0,0.0,60
full60,0,TPC-DI__Joinable__prospect_vertical_1_ac2_ev,132,1,1.0,1.0,1.0,60
full60,0,TPC-DI__View-Unionable__prospect_both_0_30_ec_av,196,6,1.0,0.16666666666666666,0.2857142857142857,60
full60,0,OpenData__Semantically-Joinable__miller2_vertical_30_ac2_av,1089,15,0.9230769230769231,0.8,0.8571428571428571,60
full60,0,ChEMBL__Joinable__assays_both_50_30_ec_ev,210,6,1.0,0.5,0.6666666666666666,60
full60,0,TPC-DI__View-Unionable__prospect_both_0_50_ac1_av,272,11,1.0,0.09090909090909091,0.16666666666666666,60
full60,0,TPC-DI__Joinable__prospect_vertical_1_ec_ev,132,1,0.0,0.0,0.0,60
full60,0,TPC-DI__View-Unionable__prospect_both_0_50_ac1_ev,272,11,1.0,0.2727272727272727,0.42857142857142855,60
full60,0,ChEMBL__View-Unionable__assays_both_0_30_ac1_av,210,6,0.0,0.0,0.0,60
full60,0,OpenData__Semantically-Joinable__miller2_vertical_50_ac3_av,1444,25,1.0,0.2,0.3333333333333333,60
full60,0,ChEMBL__View-Unionable__assays_both_0_30_ac2_av,210,6,1.0,0.16666666666666666,0.2857142857142857,60
full60,0,OpenData__Semantically-Joinable__miller2_vertical_50_ac4_av,1444,25,0.9,0.36,0.5142857142857142,60
full60,0,OpenData__Semantically-Joinable__miller2_vertical_50_ac5_av,1444,25,1.0,0.12,0.21428571428571427,60
full60,0,TPC-DI__Joinable__prospect_vertical_50_ac1_ev,272,11,1.0,0.9090909090909091,0.9523809523809523,60
full60,0,ChEMBL__Joinable__assays_both_50_70_ac3_ev,380,16,1.0,0.375,0.5454545454545454,60
full60,0,ChEMBL__Joinable__assays_both_50_70_ac4_ev,380,16,1.0,0.5,0.6666666666666666,60
full60,0,OpenData__Semantically-Joinable__miller2_vertical_70_ac2_av,1849,35,0.9375,0.42857142857142855,0.5882352941176471,60
full60,0,ChEMBL__Joinable__assays_both_50_70_ec_ev,380,16,1.0,0.4375,0.6086956521739131,60
full60,0,TPC-DI__Joinable__prospect_vertical_50_ac5_ev,272,11,1.0,0.8181818181818182,0.9,60
full60,0,OpenData__Semantically-Joinable__miller2_vertical_70_ac4_av,1849,35,0.8181818181818182,0.2571428571428571,0.391304347826087,60
full60,0,TPC-DI__Joinable__prospect_vertical_50_ec_ev,272,11,0.0,0.0,0.0,60
full60,0,TPC-DI__Joinable__prospect_vertical_70_ac1_ev,342,15,1.0,1.0,1.0,60
full60,0,ChEMBL__View-Unionable__assays_both_0_30_ec_av,210,6,0.0,0.0,0.0,60
full60,0,OpenData__Unionable__miller2_horizontal_0_ac1_ev,2601,51,1.0,0.39215686274509803,0.5633802816901409,60
full60,0,TPC-DI__Joinable__prospect_vertical_70_ac4_ev,342,15,1.0,0.7333333333333333,0.8461538461538461,60
full60,0,TPC-DI__View-Unionable__prospect_both_0_70_ac3_ev,342,15,1.0,0.4,0.5714285714285714,60
full60,0,ChEMBL__Joinable__assays_vertical_1_ec_ev,144,1,0.0,0.0,0.0,60
full60,0,OpenData__Unionable__miller2_horizontal_0_ac2_av,2601,51,1.0,0.803921568627451,0.8913043478260869,60
full60,0,TPC-DI__View-Unionable__prospect_both_0_70_ac4_ev,342,15,1.0,0.5333333333333333,0.6956521739130435,60
full60,0,ChEMBL__Joinable__assays_vertical_30_ac3_ev,210,6,1.0,0.8333333333333334,0.9090909090909091,60
full60,0,ChEMBL__View-Unionable__assays_both_0_50_ac3_av,289,11,0.0,0.0,0.0,60
full60,0,TPC-DI__View-Unionable__prospect_both_0_70_ac5_ev,342,15,1.0,0.26666666666666666,0.42105263157894735,60
full60,0,ChEMBL__View-Unionable__assays_both_0_50_ac3_ev,289,11,1.0,0.45454545454545453,0.625,60
full60,0,ChEMBL__Joinable__assays_vertical_30_ec_ev,210,6,0.0,0.0,0.0,60
full60,0,ChEMBL__View-Unionable__assays_both_0_50_ac4_ev,289,11,1.0,0.18181818181818182,0.3076923076923077,60
full60,0,ChEMBL__Joinable__assays_vertical_50_ac2_ev,289,11,1.0,0.7272727272727273,0.8421052631578947,60
full60,0,Wikidata__Musicians__Musicians_unionable,400,19,0.9333333333333333,0.7368421052631579,0.8235294117647058,60
full60,0,ChEMBL__Joinable__assays_vertical_50_ac4_ev,289,11,1.0,0.7272727272727273,0.8421052631578947,60
full60,0,ChEMBL__View-Unionable__assays_both_0_50_ec_ev,289,11,1.0,0.45454545454545453,0.625,60
full60,0,ChEMBL__View-Unionable__assays_both_0_70_ac1_av,380,16,0.0,0.0,0.0,60
full60,0,OpenData__Unionable__miller2_horizontal_100_ac1_ev,2601,51,1.0,0.39215686274509803,0.5633802816901409,60
full60,0,ChEMBL__Joinable__assays_vertical_50_ec_ev,289,11,0.0,0.0,0.0,60
full60,0,ChEMBL__View-Unionable__assays_both_0_70_ac2_av,380,16,1.0,0.1875,0.3157894736842105,60
full60,0,TPC-DI__Semantically-Joinable__prospect_both_50_50_ac1_av,272,11,1.0,0.09090909090909091,0.16666666666666666,60
full60,0,ChEMBL__Joinable__assays_vertical_70_ac3_ev,380,16,1.0,0.6875,0.8148148148148148,60
full60,0,OpenData__Unionable__miller2_horizontal_100_ac3_ev,2601,51,1.0,0.43137254901960786,0.6027397260273972,60
full60,0,ChEMBL__View-Unionable__assays_both_0_70_ac3_ev,380,16,1.0,0.375,0.5454545454545454,60
full60,0,OpenData__Unionable__miller2_horizontal_100_ac4_ev,2601,51,1.0,0.6274509803921569,0.7710843373493976,60
full60,0,TPC-DI__Semantically-Joinable__prospect_both_50_50_ac4_av,272,11,1.0,0.09090909090909091,0.16666666666666666,60
full60,0,ChEMBL__Joinable__assays_vertical_70_ec_ev,380,16,0.0,0.0,0.0,60
full60,0,ChEMBL__View-Unionable__assays_both_0_70_ac4_ev,380,16,1.0,0.5,0.6666666666666666,60
full60,0,TPC-DI__Semantically-Joinable__prospect_both_50_50_ac5_av,272,11,0.0,0.0,0.0,60
full60,0,ChEMBL__View-Unionable__assays_both_0_70_ac5_av,380,16,1.0,0.0625,0.11764705882352941,60
full60,0,OpenData__Unionable__miller2_horizontal_100_ac5_ev,2601,51,1.0,0.3137254901960784,0.47761194029850745,60
full60,0,ChEMBL__Semantically-Joinable__assays_both_50_1_ac2_av,144,1,0.0,0.0,0.0,60
full60,0,ChEMBL__View-Unionable__assays_both_0_70_ac5_ev,380,16,1.0,0.4375,0.6086956521739131,60
full60,0,TPC-DI__Semantically-Joinable__prospect_both_50_70_ac1_av,342,15,1.0,0.13333333333333333,0.23529411764705882,60
full60,0,ChEMBL__View-Unionable__assays_both_0_70_ec_av,380,16,0.0,0.0,0.0,60
full60,0,ChEMBL__Semantically-Joinable__assays_both_50_1_ac4_av,144,1,0.0,0.0,0.0,60
full60,0,OpenData__Unionable__miller2_horizontal_50_ac1_av,2601,51,1.0,0.39215686274509803,0.5633802816901409,60
full60,0,ChEMBL__Semantically-Joinable__assays_both_50_1_ec_av,144,1,0.0,0.0,0.0,60
full60,0,TPC-DI__Semantically-Joinable__prospect_both_50_70_ac5_av,342,15,1.0,0.06666666666666667,0.125,60
full60,0,ChEMBL__Semantically-Joinable__assays_both_50_30_ac1_av,210,6,0.0,0.0,0.0,60
full60,0,Magellan__dblp_acm,25,5,1.0,1.0,1.0,60
full60,0,ChEMBL__Semantically-Joinable__assays_both_50_30_ac2_av,210,6,1.0,0.16666666666666666,0.2857142857142857,60
full60,0,Magellan__dblp_scholar,25,5,0.0,0.0,0.0,60
full60,0,OpenData__Unionable__miller2_horizontal_50_ac3_av,2601,51,1.0,0.43137254901960786,0.6027397260273972,60
full60,0,TPC-DI__Semantically-Joinable__prospect_vertical_1_ac2_av,132,1,1.0,1.0,1.0,60
full60,0,OpenData__Unionable__miller2_horizontal_50_ac4_av,2601,51,1.0,0.6078431372549019,0.7560975609756098,60
full60,0,TPC-DI__Semantically-Joinable__prospect_vertical_1_ac4_av,132,1,1.0,1.0,1.0,60
full60,0,OpenData__Joinable__miller2_both_50_1_ac1_ev,676,1,0.0,0.0,0.0,60
full60,0,OpenData__Joinable__miller2_both_50_1_ac2_ev,676,1,1.0,1.0,1.0,60
full60,0,OpenData__Unionable__miller2_horizontal_50_ac5_ev,2601,51,1.0,0.3137254901960784,0.47761194029850745,60
full60,0,TPC-DI__Semantically-Joinable__prospect_vertical_1_ec_av,132,1,1.0,1.0,1.0,60
full60,0,ChEMBL__Semantically-Joinable__assays_both_50_50_ac2_av,289,11,1.0,0.09090909090909091,0.16666666666666666,60
full60,0,OpenData__Joinable__miller2_both_50_1_ac3_ev,676,1,1.0,1.0,1.0,60
full60,0,OpenData__Unionable__miller2_horizontal_50_ec_ev,2601,51,1.0,0.4117647058823529,0.5833333333333334,60
full60,0,ChEMBL__Semantically-Joinable__assays_both_50_50_ac5_av,289,11,1.0,0.09090909090909091,0.16666666666666666,60
full60,0,ChEMBL__Semantically-Joinable__assays_both_50_50_ec_av,289,11,1.0,0.09090909090909091,0.16666666666666666,60
full60,0,TPC-DI__Semantically-Joinable__prospect_vertical_30_ac5_av,196,6,1.0,0.3333333333333333,0.5,60
full60,0,OpenData__View -Unionable__miller2_both_0_1_ac2_ev,676,1,1.0,1.0,1.0,60
full60,0,OpenData__View -Unionable__miller2_both_0_1_ac3_av,676,1,0.0,0.0,0.0,60
full60,0,TPC-DI__Semantically-Joinable__prospect_vertical_50_ac1_av,272,11,1.0,0.45454545454545453,0.625,60
full60,0,TPC-DI__Semantically-Joinable__prospect_vertical_50_ac2_av,272,11,1.0,0.36363636363636365,0.5333333333333333,60
full60,0,OpenData__Joinable__miller2_both_50_30_ec_ev,1089,15,1.0,0.4,0.5714285714285714,60
full60,0,TPC-DI__Semantically-Joinable__prospect_vertical_50_ac4_av,272,11,1.0,0.18181818181818182,0.3076923076923077,60
full60,0,TPC-DI__Semantically-Joinable__prospect_vertical_50_ec_av,272,11,1.0,0.36363636363636365,0.5333333333333333,60
full60,0,TPC-DI__Semantically-Joinable__prospect_vertical_70_ac2_av,342,15,0.7142857142857143,0.3333333333333333,0.45454545454545453,60
full60,0,OpenData__Joinable__miller2_both_50_50_ac5_ev,1444,25,1.0,0.2,0.3333333333333333,60
full60,0,ChEMBL__Semantically-Joinable__assays_vertical_1_ac5_av,144,1,1.0,1.0,1.0,60
full60,0,OpenData__Joinable__miller2_both_50_70_ac1_ev,1849,35,1.0,0.4,0.5714285714285714,60
full60,0,OpenData__View -Unionable__miller2_both_0_30_ac3_av,1089,15,1.0,0.13333333333333333,0.23529411764705882,60
full60,0,TPC-DI__Unionable__prospect_horizontal_0_ac1_av,484,22,1.0,0.3181818181818182,0.4827586206896552,60
full60,0,OpenData__Joinable__miller2_both_50_70_ac5_ev,1849,35,1.0,0.37142857142857144,0.5416666666666666,60
full60,0,OpenData__View -Unionable__miller2_both_0_30_ac4_av,1089,15,1.0,0.26666666666666666,0.42105263157894735,60
full60,0,ChEMBL__Semantically-Joinable__assays_vertical_30_ac5_av,210,6,1.0,0.3333333333333333,0.5,60
full60,0,TPC-DI__Unionable__prospect_horizontal_0_ac2_ev,484,22,1.0,0.5909090909090909,0.7428571428571429,60
full60,0,ChEMBL__Semantically-Joinable__assays_vertical_30_ec_av,210,6,0.0,0.0,0.0,60
full60,0,OpenData__View -Unionable__miller2_both_0_30_ac5_av,1089,15,0.0,0.0,0.0,60
full60,0,TPC-DI__Unionable__prospect_horizontal_0_ac3_av,484,22,1.0,0.4090909090909091,0.5806451612903226,60
full60,0,TPC-DI__Unionable__prospect_horizontal_0_ac4_av,484,22,1.0,0.5454545454545454,0.7058823529411765,60
full60,0,OpenData__Joinable__miller2_vertical_1_ac4_ev,676,1,0.0,0.0,0.0,60
full60,0,ChEMBL__Semantically-Joinable__assays_vertical_50_ac4_av,289,11,1.0,0.5454545454545454,0.7058823529411765,60
full60,0,ChEMBL__Semantically-Joinable__assays_vertical_50_ac5_av,289,11,1.0,0.45454545454545453,0.625,60
full60,0,OpenData__View -Unionable__miller2_both_0_50_ac2_av,1444,25,1.0,0.52,0.6842105263157895,60
full60,0,OpenData__Joinable__miller2_vertical_30_ac2_ev,1089,15,1.0,0.9333333333333333,0.9655172413793104,60
full60,0,OpenData__View -Unionable__miller2_both_0_50_ac2_ev,1444,25,1.0,0.96,0.9795918367346939,60
full60,0,TPC-DI__Unionable__prospect_horizontal_0_ec_ev,484,22,1.0,0.2727272727272727,0.42857142857142855,60
full60,0,ChEMBL__Semantically-Joinable__assays_vertical_70_ac2_av,380,16,1.0,0.5625,0.72,60
full60,0,OpenData__Joinable__miller2_vertical_30_ac3_ev,1089,15,1.0,0.6666666666666666,0.8,60
full60,0,OpenData__View -Unionable__miller2_both_0_50_ac3_ev,1444,25,1.0,0.48,0.6486486486486487,60
full60,0,TPC-DI__Unionable__prospect_horizontal_100_ac2_ev,484,22,1.0,0.5454545454545454,0.7058823529411765,60
full60,0,OpenData__Joinable__miller2_vertical_50_ac1_ev,1444,25,1.0,0.76,0.8636363636363636,60
full60,0,OpenData__View -Unionable__miller2_both_0_50_ac5_av,1444,25,1.0,0.04,0.07692307692307693,60
full60,0,ChEMBL__Unionable__assays_horizontal_0_ac1_av,529,23,1.0,0.391304347826087,0.5625,60
full60,0,OpenData__View -Unionable__miller2_both_0_50_ac5_ev,1444,25,1.0,0.24,0.3870967741935484,60
full60,0,OpenData__Joinable__miller2_vertical_50_ac3_ev,1444,25,1.0,0.52,0.6842105263157895,60
full60,0,OpenData__View -Unionable__miller2_both_0_50_ec_av,1444,25,0.0,0.0,0.0,60
full60,0,ChEMBL__Unionable__assays_horizontal_0_ac2_av,529,23,1.0,0.6086956521739131,0.7567567567567568,60
full60,0,ChEMBL__Unionable__assays_horizontal_0_ac2_ev,529,23,1.0,0.7391304347826086,0.85,60
full60,0,TPC-DI__Unionable__prospect_horizontal_100_ac5_av,484,22,1.0,0.2727272727272727,0.42857142857142855,60
full60,0,ChEMBL__Unionable__assays_horizontal_0_ac3_av,529,23,1.0,0.30434782608695654,0.4666666666666667,60
full60,0,OpenData__Joinable__miller2_vertical_50_ec_ev,1444,25,0.0,0.0,0.0,60
full60,0,OpenData__Joinable__miller2_vertical_70_ac2_ev,1849,35,0.96875,0.8857142857142857,0.9253731343283582,60
full60,0,ChEMBL__Unionable__assays_horizontal_0_ac4_ev,529,23,1.0,0.4782608695652174,0.6470588235294118,60
full60,0,OpenData__Joinable__miller2_vertical_70_ac4_ev,1849,35,0.9655172413793104,0.8,0.875,60
full60,0,OpenData__View -Unionable__miller2_both_0_70_ac3_ev,1849,35,1.0,0.4,0.5714285714285714,60
full60,0,TPC-DI__Unionable__prospect_horizontal_50_ac1_ev,484,22,1.0,0.3181818181818182,0.4827586206896552,60
full60,0,OpenData__View -Unionable__miller2_both_0_70_ac4_av,1849,35,0.9,0.2571428571428571,0.4,60
full60,0,ChEMBL__Unionable__assays_horizontal_0_ec_ev,529,23,1.0,0.391304347826087,0.5625,60
full60,0,OpenData__Semantically-Joinable__miller2_both_50_1_ac1_av,676,1,0.0,0.0,0.0,60
full60,0,TPC-DI__Unionable__prospect_horizontal_50_ac3_ev,484,22,1.0,0.4090909090909091,0.5806451612903226,60
full60,0,OpenData__Semantically-Joinable__miller2_both_50_1_ac4_av,676,1,0.0,0.0,0.0,60
full60,0,OpenData__View -Unionable__miller2_both_0_70_ec_ev,1849,35,1.0,0.34285714285714286,0.5106382978723404,60
full60,0,TPC-DI__Unionable__prospect_horizontal_50_ac4_ev,484,22,1.0,0.5,0.6666666666666666,60
full60,0,OpenData__Semantically-Joinable__miller2_both_50_1_ac5_av,676,1,0.0,0.0,0.0,60
full60,0,TPC-DI__Unionable__prospect_horizontal_50_ac5_av,484,22,1.0,0.2727272727272727,0.42857142857142855,60
full60,0,OpenData__Semantically-Joinable__miller2_both_50_1_ec_av,676,1,0.0,0.0,0.0,60
full60,0,TPC-DI__Joinable__prospect_both_50_1_ac2_ev,132,1,0.0,0.0,0.0,60
full60,0,ChEMBL__Unionable__assays_horizontal_100_ac4_av,529,23,1.0,0.5217391304347826,0.6857142857142857,60
full60,0,TPC-DI__Joinable__prospect_both_50_1_ac4_ev,132,1,0.0,0.0,0.0,60
full60,0,TPC-DI__View-Unionable__prospect_both_0_1_ac1_ev,132,1,0.0,0.0,0.0,60
full60,0,OpenData__Semantically-Joinable__miller2_both_50_30_ec_av,1089,15,1.0,0.13333333333333333,0.23529411764705882,60
full60,0,TPC-DI__Joinable__prospect_both_50_30_ac2_ev,196,6,1.0,0.3333333333333333,0.5,60
full60,0,ChEMBL__Unionable__assays_horizontal_100_ec_ev,529,23,1.0,0.391304347826087,0.5625,60
full60,0,OpenData__Semantically-Joinable__miller2_both_50_50_ac1_av,1444,25,1.0,0.16,0.27586206896551724,60
full60,0,TPC-DI__Joinable__prospect_both_50_30_ac3_ev,196,6,1.0,0.3333333333333333,0.5,60
full60,0,TPC-DI__View-Unionable__prospect_both_0_1_ac3_av,132,1,0.0,0.0,0.0,60
full60,0,OpenData__Semantically-Joinable__miller2_both_50_50_ac2_av,1444,25,1.0,0.4,0.5714285714285714,60
full60,0,TPC-DI__Joinable__prospect_both_50_30_ac5_ev,196,6,1.0,0.3333333333333333,0.5,60
full60,0,TPC-DI__Joinable__prospect_both_50_30_ec_ev,196,6,0.0,0.0,0.0,60
full60,0,TPC-DI__View-Unionable__prospect_both_0_1_ac4_ev,132,1,0.0,0.0,0.0,60
full60,0,TPC-DI__View-Unionable__prospect_both_0_1_ac5_av,132,1,0.0,0.0,0.0,60
full60,0,ChEMBL__Unionable__assays_horizontal_50_ac3_av,529,23,1.0,0.30434782608695654,0.4666666666666667,60
full60,0,TPC-DI__View-Unionable__prospect_both_0_1_ec_ev,132,1,0.0,0.0,0.0,60
full60,0,TPC-DI__View-Unionable__prospect_both_0_30_ac1_av,196,6,0.0,0.0,0.0,60
full60,1,ChEMBL__Joinable__assays_both_50_1_ac1_ev,144,1,0.0,0.0,0.0,60
full60,1,OpenData__Semantically-Joinable__miller2_both_50_70_ac4_av,1849,35,1.0,0.3142857142857143,0.4782608695652174,60
full60,1,TPC-DI__View-Unionable__prospect_both_0_30_ac1_ev,196,6,1.0,0.16666666666666666,0.2857142857142857,60
full60,1,ChEMBL__Joinable__assays_both_50_1_ac2_ev,144,1,0.0,0.0,0.0,60
full60,1,ChEMBL__Unionable__assays_horizontal_50_ac5_ev,529,23,1.0,0.34782608695652173,0.5161290322580645,60
full60,1,TPC-DI__View-Unionable__prospect_both_0_30_ac2_av,196,6,1.0,0.3333333333333333,0.5,60
full60,1,ChEMBL__Joinable__assays_both_50_1_ac3_ev,144,1,0.0,0.0,0.0,60
full60,1,OpenData__Semantically-Joinable__miller2_both_50_70_ec_av,1849,35,1.0,0.42857142857142855,0.6,60
full60,1,ChEMBL__Joinable__assays_both_50_1_ac5_ev,144,1,0.0,0.0,0.0,60
full60,1,TPC-DI__View-Unionable__prospect_both_0_30_ac3_ev,196,6,1.0,0.16666666666666666,0.2857142857142857,60
full60,1,OpenData__Semantically-Joinable__miller2_vertical_1_ac3_av,676,1,1.0,1.0,1.0,60
full60,1,ChEMBL__View-Unionable__assays_both_0_1_ac2_ev,144,1,0.0,0.0,0.0,60
full60,1,TPC-DI__Joinable__prospect_vertical_1_ac3_ev,132,1,1.0,1.0,1.0,60
full60,1,TPC-DI__Joinable__prospect_vertical_1_ac4_ev,132,1,1.0,1.0,1.0,60
full60,1,ChEMBL__Joinable__assays_both_50_30_ec_ev,210,6,1.0,0.5,0.6666666666666666,60
full60,1,OpenData__Semantically-Joinable__miller2_vertical_30_ac3_av,1089,15,1.0,0.4,0.5714285714285714,60
full60,1,TPC-DI__View-Unionable__prospect_both_0_50_ac1_av,272,11,1.0,0.09090909090909091,0.16666666666666666,60
full60,1,ChEMBL__Joinable__assays_both_50_50_ac1_ev,289,11,1.0,0.2727272727272727,0.42857142857142855,60
full60,1,OpenData__Semantically-Joinable__miller2_vertical_30_ac4_av,1089,15,1.0,0.4,0.5714285714285714,60
full60,1,TPC-DI__Joinable__prospect_vertical_1_ec_ev,132,1,1.0,1.0,1.0,60
full60,1,TPC-DI__View-Unionable__prospect_both_0_50_ac1_ev,272,11,1.0,0.18181818181818182,0.3076923076923077,60
full60,1,ChEMBL__View-Unionable__assays_both_0_1_ac5_ev,144,1,0.0,0.0,0.0,60
full60,1,OpenData__Semantically-Joinable__miller2_vertical_30_ac5_av,1089,15,1.0,0.06666666666666667,0.125,60
full60,1,TPC-DI__View-Unionable__prospect_both_0_50_ac2_ev,272,11,1.0,0.36363636363636365,0.5333333333333333,60
full60,1,ChEMBL__View-Unionable__assays_both_0_30_ac1_av,210,6,1.0,0.16666666666666666,0.2857142857142857,60
full60,1,ChEMBL__View-Unionable__assays_both_0_30_ac1_ev,210,6,1.0,0.3333333333333333,0.5,60
full60,1,OpenData__Semantically-Joinable__miller2_vertical_50_ac3_av,1444,25,1.0,0.32,0.48484848484848486,60
full60,1,TPC-DI__Joinable__prospect_vertical_30_ec_ev,196,6,1.0,1.0,1.0,60
full60,1,ChEMBL__View-Unionable__assays_both_0_30_ac2_ev,210,6,1.0,0.5,0.6666666666666666,60
full60,1,TPC-DI__Joinable__prospect_vertical_50_ac1_ev,272,11,1.0,0.9090909090909091,0.9523809523809523,60
full60,1,OpenData__Semantically-Joinable__miller2_vertical_70_ac1_av,1849,35,1.0,0.2,0.3333333333333333,60
full60,1,TPC-DI__View-Unionable__prospect_both_0_50_ec_av,272,11,1.0,0.5454545454545454,0.7058823529411765,60
full60,1,ChEMBL__Joinable__assays_both_50_70_ec_ev,380,16,1.0,0.5625,0.72,60
full60,1,TPC-DI__Joinable__prospect_vertical_50_ac5_ev,272,11,1.0,0.9090909090909091,0.9523809523809523,60
full60,1,ChEMBL__Joinable__assays_vertical_1_ac1_ev,144,1,1.0,1.0,1.0,60
full60,1,ChEMBL__Joinable__assays_vertical_1_ac2_ev,144,1,1.0,1.0,1.0,60
full60,1,TPC-DI__View-Unionable__prospect_both_0_70_ac2_av,342,15,1.0,0.3333333333333333,0.5,60
full60,1,ChEMBL__View-Unionable__assays_both_0_30_ec_av,210,6,1.0,0.16666666666666666,0.2857142857142857,60
full60,1,OpenData__Semantically-Joinable__miller2_vertical_70_ec_av,1849,35,0.9545454545454546,0.6,0.7368421052631579,60
full60,1,TPC-DI__View-Unionable__prospect_both_0_70_ac2_ev,342,15,0.9,0.6,0.72,60
full60,1,ChEMBL__View-Unionable__assays_both_0_30_ec_ev,210,6,1.0,0.8333333333333334,0.9090909090909091,60
full60,1,OpenData__Unionable__miller2_horizontal_0_ac1_ev,2601,51,1.0,0.47058823529411764,0.64,60
full60,1,TPC-DI__Joinable__prospect_vertical_70_ac5_ev,342,15,1.0,0.9333333333333333,0.9655172413793104,60
full60,1,OpenData__Unionable__miller2_horizontal_0_ac2_ev,2601,51,1.0,0.8431372549019608,0.9148936170212766,60
full60,1,TPC-DI__Joinable__prospect_vertical_70_ec_ev,342,15,1.0,1.0,1.0,60
full60,1,TPC-DI__View-Unionable__prospect_both_0_70_ac5_av,342,15,1.0,0.06666666666666667,0.125,60
full60,1,ChEMBL__Joinable__assays_vertical_30_ac3_ev,210,6,1.0,1.0,1.0,60
full60,1,TPC-DI__View-Unionable__prospect_both_0_70_ac5_ev,342,15,1.0,0.13333333333333333,0.23529411764705882,60
full60,1,OpenData__Unionable__miller2_horizontal_0_ac4_av,2601,51,1.0,0.45098039215686275,0.6216216216216216,60
full60,1,TPC-DI__Semantically-Joinable__prospect_both_50_1_ac3_av,132,1,0.0,0.0,0.0,60
full60,1,ChEMBL__Joinable__assays_vertical_30_ac5_ev,210,6,1.0,0.6666666666666666,0.8,60
full60,1,OpenData__Unionable__miller2_horizontal_0_ac4_ev,2601,51,1.0,0.5294117647058824,0.6923076923076923,60
full60,1,ChEMBL__Joinable__assays_vertical_30_ec_ev,210,6,1.0,0.8333333333333334,0.9090909090909091,60
full60,1,ChEMBL__Joinable__assays_vertical_50_ac1_ev,289,11,1.0,0.7272727272727273,0.8421052631578947,60
full60,1,Wikidata__Musicians__Musicians_semjoinable,196,8,1.0,0.875,0.9333333333333333,60
full60,1,ChEMBL__View-Unionable__assays_both_0_50_ac5_ev,289,11,1.0,0.36363636363636365,0.5333333333333333,60
full60,1,OpenData__Unionable__miller2_horizontal_0_ec_av,2601,51,0.9387755102040817,0.9019607843137255,0.92,60
full60,1,ChEMBL__View-Unionable__assays_both_0_50_ec_av,289,11,1.0,0.2727272727272727,0.42857142857142855,60
full60,1,TPC-DI__Semantically-Joinable__prospect_both_50_30_ac3_av,196,6,0.0,0.0,0.0,60
full60,1,TPC-DI__Semantically-Joinable__prospect_both_50_30_ac4_av,196,6,1.0,0.5,0.6666666666666666,60
full60,1,OpenData__Unionable__miller2_horizontal_100_ac2_ev,2601,51,1.0,0.8627450980392157,0.9263157894736842,60
full60,1,TPC-DI__Semantically-Joinable__prospect_both_50_30_ec_av,196,6,1.0,0.16666666666666666,0.2857142857142857,60
full60,1,ChEMBL__Joinable__assays_vertical_70_ac3_ev,380,16,1.0,0.6875,0.8148148148148148,60
full60,1,ChEMBL__View-Unionable__assays_both_0_70_ac3_av,380,16,1.0,0.125,0.2222222222222222,60
full60,1,ChEMBL__Joinable__assays_vertical_70_ac4_ev,380,16,1.0,0.8125,0.896551724137931,60
full60,1,OpenData__Unionable__miller2_horizontal_100_ac4_av,2601,51,1.0,0.6666666666666666,0.8,60
full60,1,ChEMBL__View-Unionable__assays_both_0_70_ac4_ev,380,16,1.0,0.375,0.5454545454545454,60
full60,1,OpenData__Unionable__miller2_horizontal_100_ac5_av,2601,51,1.0,0.29411764705882354,0.45454545454545453,60
full60,1,ChEMBL__View-Unionable__assays_both_0_70_ac5_av,380,16,1.0,0.25,0.4,60
full60,1,OpenData__Unionable__miller2_horizontal_100_ac5_ev,2601,51,1.0,0.29411764705882354,0.45454545454545453,60
full60,1,TPC-DI__Semantically-Joinable__prospect_both_50_50_ec_av,272,11,1.0,0.2727272727272727,0.42857142857142855,60
full60,1,ChEMBL__View-Unionable__assays_both_0_70_ac5_ev,380,16,1.0,0.375,0.5454545454545454,60
full60,1,ChEMBL__View-Unionable__assays_both_0_70_ec_av,380,16,1.0,0.375,0.5454545454545454,60
full60,1,OpenData__Unionable__miller2_horizontal_100_ec_ev,2601,51,1.0,0.8823529411764706,0.9375,60
full60,1,ChEMBL__Semantically-Joinable__assays_both_50_1_ac4_av,144,1,0.0,0.0,0.0,60
full60,1,TPC-DI__Semantically-Joinable__prospect_both_50_70_ac4_av,342,15,0.6666666666666666,0.13333333333333333,0.2222222222222222,60
full60,1,ChEMBL__Semantically-Joinable__assays_both_50_30_ac1_av,210,6,1.0,0.16666666666666666,0.2857142857142857,60
full60,1,Magellan__dblp_acm,25,5,1.0,1.0,1.0,60
full60,1,OpenData__Unionable__miller2_horizontal_50_ac2_ev,2601,51,1.0,0.9215686274509803,0.9591836734693877,60
full60,1,Magellan__fodors_zagats,49,7,1.0,0.8571428571428571,0.9230769230769231,60
full60,1,TPC-DI__Semantically-Joinable__prospect_vertical_1_ac3_av,132,1,1.0,1.0,1.0,60
full60,1,ChEMBL__Semantically-Joinable__assays_both_50_50_ac3_av,289,11,1.0,0.09090909090909091,0.16666666666666666,60
full60,1,TPC-DI__Semantically-Joinable__prospect_vertical_30_ac2_av,196,6,0.6666666666666666,0.6666666666666666,0.6666666666666666,60
full60,1,OpenData__Joinable__miller2_both_50_1_ec_ev,676,1,1.0,1.0,1.0,60
full60,1,OpenData__View -Unionable__miller2_both_0_1_ac1_ev,676,1,0.0,0.0,0.0,60
full60,1,TPC-DI__Semantically-Joinable__prospect_vertical_30_ac4_av,196,6,1.0,0.6666666666666666,0.8,60
full60,1,OpenData__Joinable__miller2_both_50_30_ac1_ev,1089,15,1.0,0.4,0.5714285714285714,60
full60,1,TPC-DI__Semantically-Joinable__prospect_vertical_30_ac5_av,196,6,1.0,0.3333333333333333,0.5,60
full60,1,ChEMBL__Semantically-Joinable__assays_both_50_70_ac1_av,380,16,1.0,0.25,0.4,60
full60,1,ChEMBL__Semantically-Joinable__assays_both_50_70_ac2_av,380,16,1.0,0.625,0.7692307692307693,60
full60,1,TPC-DI__Semantically-Joinable__prospect_vertical_50_ac1_av,272,11,1.0,0.36363636363636365,0.5333333333333333,60
full60,1,OpenData__View -Unionable__miller2_both_0_1_ac3_ev,676,1,1.0,1.0,1.0,60
full60,1,ChEMBL__Semantically-Joinable__assays_both_50_70_ac4_av,380,16,1.0,0.1875,0.3157894736842105,60
full60,1,OpenData__View -Unionable__miller2_both_0_1_ac4_av,676,1,1.0,1.0,1.0,60
full60,1,TPC-DI__Semantically-Joinable__prospect_vertical_50_ac3_av,272,11,1.0,0.36363636363636365,0.5333333333333333,60
full60,1,OpenData__Joinable__miller2_both_50_30_ec_ev,1089,15,1.0,0.9333333333333333,0.9655172413793104,60
full60,1,OpenData__View -Unionable__miller2_both_0_1_ac4_ev,676,1,1.0,1.0,1.0,60
full60,1,ChEMBL__Semantically-Joinable__assays_both_50_70_ec_av,380,16,1.0,0.375,0.5454545454545454,60
full60,1,ChEMBL__Semantically-Joinable__assays_vertical_1_ac1_av,144,1,1.0,1.0,1.0,60
full60,1,OpenData__View -Unionable__miller2_both_0_1_ac5_ev,676,1,1.0,1.0,1.0,60
full60,1,OpenData__Joinable__miller2_both_50_50_ac3_ev,1444,25,1.0,0.56,0.717948717948718,60
full60,1,TPC-DI__Semantically-Joinable__prospect_vertical_70_ac1_av,342,15,1.0,0.4,0.5714285714285714,60
full60,1,OpenData__Joinable__miller2_both_50_50_ac5_ev,1444,25,1.0,0.2,0.3333333333333333,60
full60,1,OpenData__View -Unionable__miller2_both_0_30_ac1_ev,1089,15,1.0,0.4,0.5714285714285714,60
full60,1,OpenData__View -Unionable__miller2_both_0_30_ac2_av,1089,15,1.0,0.4666666666666667,0.6363636363636364,60
full60,1,OpenData__Joinable__miller2_both_50_70_ac2_ev,1849,35,0.9393939393939394,0.8857142857142857,0.9117647058823529,60
full60,1,TPC-DI__Semantically-Joinable__prospect_vertical_70_ec_av,342,15,1.0,0.6,0.75,60
full60,1,OpenData__Joinable__miller2_both_50_70_ac3_ev,1849,35,1.0,0.45714285714285713,0.6274509803921569,60
full60,1,OpenData__View -Unionable__miller2_both_0_30_ac3_av,1089,15,1.0,0.06666666666666667,0.125,60
full60,1,TPC-DI__Unionable__prospect_horizontal_0_ac1_av,484,22,1.0,0.3181818181818182,0.4827586206896552,60
full60,1,OpenData__Joinable__miller2_both_50_70_ac5_ev,1849,35,1.0,0.37142857142857144,0.5416666666666666,60
full60,1,TPC-DI__Unionable__prospect_horizontal_0_ac2_av,484,22,1.0,0.36363636363636365,0.5333333333333333,60
full60,1,ChEMBL__Semantically-Joinable__assays_vertical_30_ac5_av,210,6,1.0,0.3333333333333333,0.5,60
full60,1,OpenData__Joinable__miller2_both_50_70_ec_ev,1849,35,1.0,0.9142857142857143,0.9552238805970149,60
full60,1,ChEMBL__Semantically-Joinable__assays_vertical_50_ac1_av,289,11,1.0,0.5454545454545454,0.7058823529411765,60
full60,1,TPC-DI__Unionable__prospect_horizontal_0_ac3_ev,484,22,1.0,0.2727272727272727,0.42857142857142855,60
full60,1,ChEMBL__Semantically-Joinable__assays_vertical_50_ac2_av,289,11,1.0,0.8181818181818182,0.9,60
full60,1,OpenData__View -Unionable__miller2_both_0_30_ec_av,1089,15,1.0,0.5333333333333333,0.6956521739130435,60
full60,1,TPC-DI__Unionable__prospect_horizontal_0_ac4_av,484,22,1.0,0.3181818181818182,0.4827586206896552,60
full60,1,OpenData__View -Unionable__miller2_both_0_30_ec_ev,1089,15,1.0,0.8666666666666667,0.9285714285714286,60
full60,1,TPC-DI__Unionable__prospect_horizontal_0_ac4_ev,484,22,1.0,0.3181818181818182,0.4827586206896552,60
full60,1,OpenData__Joinable__miller2_vertical_1_ac5_ev,676,1,1.0,1.0,1.0,60
full60,1,TPC-DI__Unionable__prospect_horizontal_0_ac5_ev,484,22,1.0,0.22727272727272727,0.37037037037037035,60
full60,1,ChEMBL__Semantically-Joinable__assays_vertical_50_ec_av,289,11,1.0,0.6363636363636364,0.7777777777777778,60
full60,1,OpenData__View -Unionable__miller2_both_0_50_ac2_av,1444,25,1.0,0.6,0.75,60
full60,1,ChEMBL__Semantically-Joinable__assays_vertical_70_ac1_av,380,16,1.0,0.375,0.5454545454545454,60
full60,1,ChEMBL__Semantically-Joinable__assays_vertical_70_ac2_av,380,16,1.0,0.75,0.8571428571428571,60
full60,1,OpenData__Joinable__miller2_vertical_30_ac3_ev,1089,15,1.0,0.6666666666666666,0.8,60
full60,1,OpenData__Joinable__miller2_vertical_30_ac4_ev,1089,15,1.0,0.9333333333333333,0.9655172413793104,60
full60,1,TPC-DI__Unionable__prospect_horizontal_100_ac2_av,484,22,1.0,0.45454545454545453,0.625,60
full60,1,ChEMBL__Semantically-Joinable__assays_vertical_70_ac5_av,380,16,1.0,0.5,0.6666666666666666,60
full60,1,TPC-DI__Unionable__prospect_horizontal_100_ac2_ev,484,22,0.9230769230769231,0.5454545454545454,0.6857142857142857,60
full60,1,OpenData__Joinable__miller2_vertical_50_ac1_ev,1444,25,1.0,0.76,0.8636363636363636,60
full60,1,OpenData__View -Unionable__miller2_both_0_50_ac5_ev,1444,25,1.0,0.24,0.3870967741935484,60
full60,1,TPC-DI__Unionable__prospect_horizontal_100_ac4_ev,484,22,1.0,0.4090909090909091,0.5806451612903226,60
full60,1,ChEMBL__Unionable__assays_horizontal_0_ac3_av,529,23,1.0,0.30434782608695654,0.4666666666666667,60
full60,1,ChEMBL__Unionable__assays_horizontal_0_ac3_ev,529,23,1.0,0.30434782608695654,0.4666666666666667,60
full60,1,OpenData__Joinable__miller2_vertical_70_ac4_ev,1849,35,0.96875,0.8857142857142857,0.9253731343283582,60
full60,1,OpenData__View -Unionable__miller2_both_0_70_ac4_av,1849,35,0.9230769230769231,0.34285714285714286,0.5,60
full60,1,TPC-DI__Unionable__prospect_horizontal_50_ac2_ev,484,22,1.0,0.45454545454545453,0.625,60
full60,1,OpenData__View -Unionable__miller2_both_0_70_ac5_ev,1849,35,1.0,0.34285714285714286,0.5106382978723404,60
full60,1,OpenData__View -Unionable__miller2_both_0_70_ec_av,1849,35,0.9523809523809523,0.5714285714285714,0.7142857142857143,60
full60,1,TPC-DI__Unionable__prospect_horizontal_50_ac4_av,484,22,1.0,0.36363636363636365,0.5333333333333333,60
full60,1,ChEMBL__Unionable__assays_horizontal_100_ac2_av,529,23,1.0,0.6521739130434783,0.7894736842105263,60
full60,1,OpenData__Semantically-Joinable__miller2_both_50_1_ac5_av,676,1,0.0,0.0,0.0,60
full60,1,TPC-DI__Joinable__prospect_both_50_1_ac3_ev,132,1,0.0,0.0,0.0,60
full60,1,ChEMBL__Unionable__assays_horizontal_100_ac4_av,529,23,1.0,0.391304347826087,0.5625,60
full60,1,ChEMBL__Unionable__assays_horizontal_100_ac4_ev,529,23,1.0,0.4782608695652174,0.6470588235294118,60
full60,1,OpenData__Semantically-Joinable__miller2_both_50_30_ac3_av,1089,15,1.0,0.2,0.3333333333333333,60
full60,1,ChEMBL__Unionable__assays_horizontal_100_ac5_av,529,23,1.0,0.34782608695652173,0.5161290322580645,60
full60,1,TPC-DI__Joinable__prospect_both_50_1_ec_ev,132,1,0.0,0.0,0.0,60
full60,1,ChEMBL__Unionable__assays_horizontal_100_ac5_ev,529,23,1.0,0.34782608695652173,0.5161290322580645,60
full60,1,OpenData__Semantically-Joinable__miller2_both_50_30_ac5_av,1089,15,0.0,0.0,0.0,60
full60,1,TPC-DI__Joinable__prospect_both_50_30_ac2_ev,196,6,1.0,0.16666666666666666,0.2857142857142857,60
full60,1,TPC-DI__View-Unionable__prospect_both_0_1_ac2_ev,132,1,0.0,0.0,0.0,60
full60,1,ChEMBL__Unionable__assays_horizontal_100_ec_ev,529,23,1.0,0.5652173913043478,0.7222222222222222,60
full60,1,TPC-DI__View-Unionable__prospect_both_0_1_ac3_av,132,1,0.0,0.0,0.0,60
full60,1,TPC-DI__Joinable__prospect_both_50_30_ac4_ev,196,6,1.0,0.5,0.6666666666666666,60
full60,1,ChEMBL__Unionable__assays_horizontal_50_ac2_av,529,23,1.0,0.6086956521739131,0.7567567567567568,60
full60,1,TPC-DI__Joinable__prospect_both_50_50_ac1_ev,272,11,1.0,0.2727272727272727,0.42857142857142855,60
full60,1,TPC-DI__View-Unionable__prospect_both_0_1_ac5_av,132,1,0.0,0.0,0.0,60
full60,1,OpenData__Semantically-Joinable__miller2_both_50_50_ec_av,1444,25,0.9166666666666666,0.44,0.5945945945945946,60
full60,1,OpenData__Semantically-Joinable__miller2_both_50_70_ac1_av,1849,35,1.0,0.2,0.3333333333333333,60
full60,1,TPC-DI__Joinable__prospect_both_50_50_ac3_ev,272,11,1.0,0.36363636363636365,0.5333333333333333,60
full60,1,ChEMBL__Unionable__assays_horizontal_50_ac4_ev,529,23,1.0,0.391304347826087,0.5625,60
full60,1,OpenData__Semantically-Joinable__miller2_both_50_70_ac3_av,1849,35,1.0,0.08571428571428572,0.15789473684210525,60
full60,2,OpenData__Semantically-Joinable__miller2_both_50_70_ac4_av,1849,35,1.0,0.2,0.3333333333333333,60
full60,2,ChEMBL__Joinable__assays_both_50_1_ac2_ev,144,1,0.0,0.0,0.0,60
full60,2,TPC-DI__Joinable__prospect_both_50_70_ac1_ev,342,15,1.0,0.2,0.3333333333333333,60
full60,2,TPC-DI__View-Unionable__prospect_both_0_30_ac2_av,196,6,1.0,0.3333333333333333,0.5,60
full60,2,ChEMBL__Joinable__assays_both_50_1_ac4_ev,144,1,0.0,0.0,0.0,60
full60,2,ChEMBL__View-Unionable__assays_both_0_1_ac1_av,144,1,0.0,0.0,0.0,60
full60,2,OpenData__Semantically-Joinable__miller2_vertical_1_ac2_av,676,1,1.0,1.0,1.0,60
full60,2,TPC-DI__View-Unionable__prospect_both_0_30_ac3_ev,196,6,1.0,0.16666666666666666,0.2857142857142857,60
full60,2,ChEMBL__Joinable__assays_both_50_30_ac2_ev,210,6,1.0,0.3333333333333333,0.5,60
full60,2,ChEMBL__View-Unionable__assays_both_0_1_ac3_av,144,1,0.0,0.0,0.0,60
full60,2,TPC-DI__Joinable__prospect_vertical_1_ac2_ev,132,1,1.0,1.0,1.0,60
full60,2,OpenData__Semantically-Joinable__miller2_vertical_30_ac1_av,1089,15,1.0,0.2,0.3333333333333333,60
full60,2,TPC-DI__Joinable__prospect_vertical_1_ac3_ev,132,1,1.0,1.0,1.0,60
full60,2,ChEMBL__View-Unionable__assays_both_0_1_ac4_av,144,1,0.0,0.0,0.0,60
full60,2,ChEMBL__View-Unionable__assays_both_0_1_ac4_ev,144,1,0.0,0.0,0.0,60
full60,2,ChEMBL__Joinable__assays_both_50_50_ac3_ev,289,11,1.0,0.36363636363636365,0.5333333333333333,60
full60,2,ChEMBL__View-Unionable__assays_both_0_1_ec_av,144,1,0.0,0.0,0.0,60
full60,2,OpenData__Semantically-Joinable__miller2_vertical_50_ac1_av,1444,25,1.0,0.12,0.21428571428571427,60
full60,2,TPC-DI__Joinable__prospect_vertical_30_ac3_ev,196,6,1.0,0.6666666666666666,0.8,60
full60,2,TPC-DI__Joinable__prospect_vertical_30_ac4_ev,196,6,1.0,1.0,1.0,60
full60,2,TPC-DI__View-Unionable__prospect_both_0_50_ac3_ev,272,11,1.0,0.2727272727272727,0.42857142857142855,60
full60,2,OpenData__Semantically-Joinable__miller2_vertical_50_ac4_av,1444,25,1.0,0.24,0.3870967741935484,60
full60,2,TPC-DI__Joinable__prospect_vertical_30_ec_ev,196,6,1.0,1.0,1.0,60
full60,2,OpenData__Semantically-Joinable__miller2_vertical_50_ac5_av,1444,25,1.0,0.12,0.21428571428571427,60
full60,2,ChEMBL__Joinable__assays_both_50_70_ac4_ev,380,16,1.0,0.4375,0.6086956521739131,60
full60,2,TPC-DI__View-Unionable__prospect_both_0_50_ec_av,272,11,1.0,0.5454545454545454,0.7058823529411765,60
full60,2,ChEMBL__Joinable__assays_both_50_70_ac5_ev,380,16,1.0,0.3125,0.47619047619047616,60
full60,2,OpenData__Semantically-Joinable__miller2_vertical_70_ac2_av,1849,35,0.9375,0.42857142857142855,0.5882352941176471,60
full60,2,TPC-DI__View-Unionable__prospect_both_0_50_ec_ev,272,11,1.0,0.6363636363636364,0.7777777777777778,60
full60,2,ChEMBL__Joinable__assays_both_50_70_ec_ev,380,16,1.0,0.5625,0.72,60
full60,2,OpenData__Semantically-Joinable__miller2_vertical_70_ac4_av,1849,35,0.8571428571428571,0.17142857142857143,0.2857142857142857,60
full60,2,ChEMBL__Joinable__assays_vertical_1_ac2_ev,144,1,1.0,1.0,1.0,60
full60,2,OpenData__Semantically-Joinable__miller2_vertical_70_ac5_av,1849,35,1.0,0.08571428571428572,0.15789473684210525,60
full60,2,ChEMBL__View-Unionable__assays_both_0_30_ec_av,210,6,1.0,0.16666666666666666,0.2857142857142857,60
full60,2,TPC-DI__View-Unionable__prospect_both_0_70_ac2_ev,342,15,1.0,0.4666666666666667,0.6363636363636364,60
full60,2,ChEMBL__View-Unionable__assays_both_0_30_ec_ev,210,6,1.0,0.8333333333333334,0.9090909090909091,60
full60,2,OpenData__Unionable__miller2_horizontal_0_ac1_av,2601,51,1.0,0.23529411764705882,0.38095238095238093,60
full60,2,ChEMBL__View-Unionable__assays_both_0_50_ac1_av,289,11,1.0,0.09090909090909091,0.16666666666666666,60
full60,2,TPC-DI__Joinable__prospect_vertical_70_ac4_ev,342,15,1.0,0.7333333333333333,0.8461538461538461,60
full60,2,TPC-DI__View-Unionable__prospect_both_0_70_ac3_ev,342,15,1.0,0.2,0.3333333333333333,60
full60,2,ChEMBL__Joinable__assays_vertical_1_ec_ev,144,1,1.0,1.0,1.0,60
full60,2,ChEMBL__View-Unionable__assays_both_0_50_ac1_ev,289,11,1.0,0.45454545454545453,0.625,60
full60,2,TPC-DI__View-Unionable__prospect_both_0_70_ac4_av,342,15,1.0,0.13333333333333333,0.23529411764705882,60
full60,2,ChEMBL__View-Unionable__assays_both_0_50_ac2_av,289,11,1.0,0.09090909090909091,0.16666666666666666,60
full60,2,OpenData__Unionable__miller2_horizontal_0_ac2_ev,2601,51,1.0,0.7254901960784313,0.8409090909090909,60
full60,2,TPC-DI__Joinable__prospect_vertical_70_ec_ev,342,15,1.0,0.9333333333333333,0.9655172413793104,60
full60,2,TPC-DI__View-Unionable__prospect_both_0_70_ac4_ev,342,15,1.0,0.13333333333333333,0.23529411764705882,60
full60,2,TPC-DI__Semantically-Joinable__prospect_both_50_1_ac2_av,132,1,0.0,0.0,0.0,60
full60,2,OpenData__Unionable__miller2_horizontal_0_ac4_av,2601,51,1.0,0.37254901960784315,0.5428571428571428,60
full60,2,ChEMBL__Joinable__assays_vertical_30_ec_ev,210,6,1.0,0.8333333333333334,0.9090909090909091,60
full60,2,ChEMBL__View-Unionable__assays_both_0_50_ac4_ev,289,11,1.0,0.18181818181818182,0.3076923076923077,60
full60,2,ChEMBL__Joinable__assays_vertical_50_ac1_ev,289,11,1.0,0.6363636363636364,0.7777777777777778,60
full60,2,Wikidata__Musicians__Musicians_semjoinable,196,8,1.0,0.75,0.8571428571428571,60
full60,2,ChEMBL__View-Unionable__assays_both_0_50_ac5_ev,289,11,1.0,0.36363636363636365,0.5333333333333333,60
full60,2,ChEMBL__Joinable__assays_vertical_50_ac3_ev,289,11,1.0,0.7272727272727273,0.8421052631578947,60
full60,2,OpenData__Unionable__miller2_horizontal_0_ec_ev,2601,51,1.0,0.8627450980392157,0.9263157894736842,60
full60,2,TPC-DI__Semantically-Joinable__prospect_both_50_30_ac2_av,196,6,1.0,0.16666666666666666,0.2857142857142857,60
full60,2,ChEMBL__Joinable__assays_vertical_50_ac4_ev,289,11,1.0,0.6363636363636364,0.7777777777777778,60
full60,2,ChEMBL__View-Unionable__assays_both_0_50_ec_ev,289,11,1.0,0.45454545454545453,0.625,60
full60,2,TPC-DI__Semantically-Joinable__prospect_both_50_30_ac3_av,196,6,1.0,0.16666666666666666,0.2857142857142857,60
full60,2,ChEMBL__View-Unionable__assays_both_0_70_ac1_av,380,16,1.0,0.0625,0.11764705882352941,60
full60,2,OpenData__Unionable__miller2_horizontal_100_ac2_av,2601,51,1.0,0.6666666666666666,0.8,60
full60,2,ChEMBL__Joinable__assays_vertical_70_ac3_ev,380,16,1.0,0.5625,0.72,60
full60,2,OpenData__Unionable__miller2_horizontal_100_ac3_ev,2601,51,1.0,0.27450980392156865,0.4307692307692308,60
full60,2,TPC-DI__Semantically-Joinable__prospect_both_50_50_ac2_av,272,11,0.75,0.2727272727272727,0.4,60
full60,2,OpenData__Unionable__miller2_horizontal_100_ac4_av,2601,51,1.0,0.4117647058823529,0.5833333333333334,60
full60,2,OpenData__Unionable__miller2_horizontal_100_ac4_ev,2601,51,1.0,0.49019607843137253,0.6578947368421053,60
full60,2,ChEMBL__Semantically-Joinable__assays_both_50_1_ac1_av,144,1,0.0,0.0,0.0,60
full60,2,TPC-DI__Semantically-Joinable__prospect_both_50_50_ec_av,272,11,1.0,0.2727272727272727,0.42857142857142855,60
full60,2,TPC-DI__Semantically-Joinable__prospect_both_50_70_ac2_av,342,15,0.75,0.4,0.5217391304347826,60
full60,2,TPC-DI__Semantically-Joinable__prospect_both_50_70_ac3_av,342,15,1.0,0.06666666666666667,0.125,60
full60,2,Magellan__amazon_google_exp,16,4,1.0,0.5,0.6666666666666666,60
full60,2,TPC-DI__Semantically-Joinable__prospect_both_50_70_ac5_av,342,15,1.0,0.06666666666666667,0.125,60
full60,2,Magellan__dblp_acm,25,5,1.0,1.0,1.0,60
full60,2,TPC-DI__Semantically-Joinable__prospect_vertical_1_ac1_av,132,1,1.0,1.0,1.0,60
full60,2,OpenData__Unionable__miller2_horizontal_50_ac4_av,2601,51,1.0,0.5098039215686274,0.6753246753246753,60
full60,2,TPC-DI__Semantically-Joinable__prospect_vertical_1_ac3_av,132,1,0.0,0.0,0.0,60
full60,2,ChEMBL__Semantically-Joinable__assays_both_50_30_ac5_av,210,6,1.0,0.3333333333333333,0.5,60
full60,2,OpenData__Unionable__miller2_horizontal_50_ac5_av,2601,51,1.0,0.23529411764705882,0.38095238095238093,60
full60,2,OpenData__Joinable__miller2_both_50_1_ac2_ev,676,1,1.0,1.0,1.0,60
full60,2,ChEMBL__Semantically-Joinable__assays_both_50_50_ac2_av,289,11,0.0,0.0,0.0,60
full60,2,OpenData__Unionable__miller2_horizontal_50_ec_av,2601,51,1.0,0.8627450980392157,0.9263157894736842,60
full60,2,ChEMBL__Semantically-Joinable__assays_both_50_50_ac4_av,289,11,1.0,0.36363636363636365,0.5333333333333333,60
full60,2,OpenData__View -Unionable__miller2_both_0_1_ac1_ev,676,1,0.0,0.0,0.0,60
full60,2,ChEMBL__Semantically-Joinable__assays_both_50_50_ec_av,289,11,1.0,0.36363636363636365,0.5333333333333333,60
full60,2,OpenData__Joinable__miller2_both_50_30_ac1_ev,1089,15,1.0,0.26666666666666666,0.42105263157894735,60
full60,2,OpenData__View -Unionable__miller2_both_0_1_ac2_ev,676,1,1.0,1.0,1.0,60
full60,2,OpenData__View -Unionable__miller2_both_0_1_ac3_av,676,1,1.0,1.0,1.0,60
full60,2,TPC-DI__Semantically-Joinable__prospect_vertical_50_ac2_av,272,11,1.0,0.5454545454545454,0.7058823529411765,60
full60,2,ChEMBL__Semantically-Joinable__assays_both_50_70_ac4_av,380,16,1.0,0.1875,0.3157894736842105,60
full60,2,OpenData__View -Unionable__miller2_both_0_1_ac4_av,676,1,0.0,0.0,0.0,60
full60,2,TPC-DI__Semantically-Joinable__prospect_vertical_50_ac3_av,272,11,1.0,0.18181818181818182,0.3076923076923077,60
full60,2,OpenData__Joinable__miller2_both_50_30_ec_ev,1089,15,1.0,0.9333333333333333,0.9655172413793104,60
full60,2,TPC-DI__Semantically-Joinable__prospect_vertical_50_ac4_av,272,11,1.0,0.18181818181818182,0.3076923076923077,60
full60,2,OpenData__View -Unionable__miller2_both_0_1_ac5_av,676,1,0.0,0.0,0.0,60
full60,2,ChEMBL__Semantically-Joinable__assays_vertical_1_ac2_av,144,1,1.0,1.0,1.0,60
full60,2,OpenData__Joinable__miller2_both_50_50_ac4_ev,1444,25,1.0,0.44,0.6111111111111112,60
full60,2,TPC-DI__Semantically-Joinable__prospect_vertical_70_ac3_av,342,15,1.0,0.3333333333333333,0.5,60
full60,2,ChEMBL__Semantically-Joinable__assays_vertical_1_ac5_av,144,1,1.0,1.0,1.0,60
full60,2,OpenData__View -Unionable__miller2_both_0_30_ac1_ev,1089,15,1.0,0.26666666666666666,0.42105263157894735,60
full60,2,OpenData__Joinable__miller2_both_50_70_ac2_ev,1849,35,0.9259259259259259,0.7142857142857143,0.8064516129032258,60
full60,2,OpenData__View -Unionable__miller2_both_0_30_ac2_ev,1089,15,1.0,0.6,0.75,60
full60,2,ChEMBL__Semantically-Joinable__assays_vertical_30_ac3_av,210,6,1.0,0.16666666666666666,0.2857142857142857,60
full60,2,TPC-DI__Unionable__prospect_horizontal_0_ac1_ev,484,22,1.0,0.22727272727272727,0.37037037037037035,60
full60,2,OpenData__Joinable__miller2_both_50_70_ac5_ev,1849,35,1.0,0.2857142857142857,0.4444444444444444,60
full60,2,OpenData__View -Unionable__miller2_both_0_30_ac4_av,1089,15,1.0,0.2,0.3333333333333333,60
full60,2,TPC-DI__Unionable__prospect_horizontal_0_ac2_av,484,22,1.0,0.5454545454545454,0.7058823529411765,60
full60,2,ChEMBL__Semantically-Joinable__assays_vertical_30_ec_av,210,6,1.0,0.3333333333333333,0.5,60
full60,2,TPC-DI__Unionable__prospect_horizontal_0_ac3_av,484,22,1.0,0.18181818181818182,0.3076923076923077,60
full60,2,OpenData__Joinable__miller2_vertical_1_ac2_ev,676,1,1.0,1.0,1.0,60
full60,2,TPC-DI__Unionable__prospect_horizontal_0_ac4_av,484,22,1.0,0.13636363636363635,0.24,60
full60,2,TPC-DI__Unionable__prospect_horizontal_0_ac4_ev,484,22,1.0,0.13636363636363635,0.24,60
full60,2,OpenData__Joinable__miller2_vertical_1_ac5_ev,676,1,0.0,0.0,0.0,60
full60,2,TPC-DI__Unionable__prospect_horizontal_0_ac5_av,484,22,1.0,0.045454545454545456,0.08695652173913043,60
full60,2,OpenData__Joinable__miller2_vertical_1_ec_ev,676,1,1.0,1.0,1.0,60
full60,2,OpenData__View -Unionable__miller2_both_0_50_ac1_ev,1444,25,1.0,0.28,0.4375,60
full60,2,OpenData__View -Unionable__miller2_both_0_50_ac2_av,1444,25,1.0,0.4,0.5714285714285714,60
full60,2,ChEMBL__Semantically-Joinable__assays_vertical_70_ac1_av,380,16,1.0,0.25,0.4,60
full60,2,ChEMBL__Semantically-Joinable__assays_vertical_70_ac2_av,380,16,1.0,0.3125,0.47619047619047616,60
full60,2,OpenData__Joinable__miller2_vertical_30_ac3_ev,1089,15,1.0,0.6666666666666666,0.8,60
full60,2,OpenData__View -Unionable__miller2_both_0_50_ac3_av,1444,25,1.0,0.04,0.07692307692307693,60
full60,2,TPC-DI__Unionable__prospect_horizontal_100_ac1_av,484,22,1.0,0.22727272727272727,0.37037037037037035,60
full60,2,ChEMBL__Semantically-Joinable__assays_vertical_70_ac3_av,380,16,1.0,0.125,0.2222222222222222,60
full60,2,OpenData__View -Unionable__miller2_both_0_50_ac3_ev,1444,25,1.0,0.36,0.5294117647058824,60
full60,2,ChEMBL__Semantically-Joinable__assays_vertical_70_ac4_av,380,16,1.0,0.3125,0.47619047619047616,60
full60,2,OpenData__Joinable__miller2_vertical_30_ac5_ev,1089,15,1.0,0.26666666666666666,0.42105263157894735,60
full60,2,ChEMBL__Semantically-Joinable__assays_vertical_70_ac5_av,380,16,1.0,0.4375,0.6086956521739131,60
full60,2,OpenData__Joinable__miller2_vertical_50_ac2_ev,1444,25,1.0,0.76,0.8636363636363636,60
full60,2,ChEMBL__Unionable__assays_horizontal_0_ac1_ev,529,23,1.0,0.43478260869565216,0.6060606060606061,60
full60,2,TPC-DI__Unionable__prospect_horizontal_100_ac4_av,484,22,1.0,0.13636363636363635,0.24,60
full60,2,OpenData__View -Unionable__miller2_both_0_50_ec_ev,1444,25,1.0,0.84,0.9130434782608695,60
full60,2,ChEMBL__Unionable__assays_horizontal_0_ac2_ev,529,23,1.0,0.5217391304347826,0.6857142857142857,60
full60,2,OpenData__Joinable__miller2_vertical_70_ac1_ev,1849,35,1.0,0.6,0.75,60
full60,2,OpenData__Joinable__miller2_vertical_70_ac2_ev,1849,35,1.0,0.8,0.8888888888888888,60
full60,2,OpenData__View -Unionable__miller2_both_0_70_ac2_ev,1849,35,1.0,0.6857142857142857,0.8135593220338984,60
full60,2,ChEMBL__Unionable__assays_horizontal_0_ac4_ev,529,23,1.0,0.4782608695652174,0.6470588235294118,60
full60,2,TPC-DI__Unionable__prospect_horizontal_50_ac1_av,484,22,1.0,0.22727272727272727,0.37037037037037035,60
full60,2,ChEMBL__Unionable__assays_horizontal_0_ac5_av,529,23,1.0,0.34782608695652173,0.5161290322580645,60
full60,2,OpenData__Joinable__miller2_vertical_70_ac4_ev,1849,35,0.9565217391304348,0.6285714285714286,0.7586206896551724,60
full60,2,ChEMBL__Unionable__assays_horizontal_0_ac5_ev,529,23,1.0,0.34782608695652173,0.5161290322580645,60
full60,2,ChEMBL__Unionable__assays_horizontal_0_ec_av,529,23,1.0,0.6086956521739131,0.7567567567567568,60
full60,2,OpenData__View -Unionable__miller2_both_0_70_ac5_ev,1849,35,1.0,0.2571428571428571,0.4090909090909091,60
full60,2,ChEMBL__Unionable__assays_horizontal_100_ac1_ev,529,23,1.0,0.43478260869565216,0.6060606060606061,60
full60,2,TPC-DI__Unionable__prospect_horizontal_50_ac4_av,484,22,1.0,0.13636363636363635,0.24,60
full60,2,ChEMBL__Unionable__assays_horizontal_100_ac2_av,529,23,1.0,0.4782608695652174,0.6470588235294118,60
full60,2,TPC-DI__Unionable__prospect_horizontal_50_ac4_ev,484,22,1.0,0.13636363636363635,0.24,60
full60,2,ChEMBL__Unionable__assays_horizontal_100_ac2_ev,529,23,1.0,0.4782608695652174,0.6470588235294118,60
full60,2,OpenData__Semantically-Joinable__miller2_both_50_1_ec_av,676,1,0.0,0.0,0.0,60
full60,2,ChEMBL__Unionable__assays_horizontal_100_ac4_av,529,23,1.0,0.4782608695652174,0.6470588235294118,60
full60,2,OpenData__Semantically-Joinable__miller2_both_50_30_ac2_av,1089,15,1.0,0.26666666666666666,0.42105263157894735,60
full60,2,TPC-DI__Joinable__prospect_both_50_1_ec_ev,132,1,0.0,0.0,0.0,60
full60,2,OpenData__Semantically-Joinable__miller2_both_50_30_ac5_av,1089,15,0.0,0.0,0.0,60
full60,2,OpenData__Semantically-Joinable__miller2_both_50_30_ec_av,1089,15,1.0,0.4666666666666667,0.6363636363636364,60
full60,2,TPC-DI__View-Unionable__prospect_both_0_1_ac2_ev,132,1,0.0,0.0,0.0,60
full60,2,TPC-DI__Joinable__prospect_both_50_30_ac3_ev,196,6,1.0,0.16666666666666666,0.2857142857142857,60
full60,2,TPC-DI__View-Unionable__prospect_both_0_1_ac3_ev,132,1,0.0,0.0,0.0,60
full60,2,ChEMBL__Unionable__assays_horizontal_50_ac2_av,529,23,1.0,0.4782608695652174,0.6470588235294118,60
full60,2,OpenData__Semantically-Joinable__miller2_both_50_50_ac4_av,1444,25,1.0,0.24,0.3870967741935484,60
full60,2,TPC-DI__Joinable__prospect_both_50_30_ec_ev,196,6,1.0,0.16666666666666666,0.2857142857142857,60
full60,2,TPC-DI__View-Unionable__prospect_both_0_1_ac4_ev,132,1,0.0,0.0,0.0,60
full60,2,TPC-DI__Joinable__prospect_both_50_50_ac1_ev,272,11,1.0,0.18181818181818182,0.3076923076923077,60
full60,2,TPC-DI__Joinable__prospect_both_50_50_ac2_ev,272,11,1.0,0.6363636363636364,0.7777777777777778,60
full60,2,TPC-DI__View-Unionable__prospect_both_0_1_ac5_ev,132,1,0.0,0.0,0.0,60
full60,2,OpenData__Semantically-Joinable__miller2_both_50_70_ac1_av,1849,35,1.0,0.08571428571428572,0.15789473684210525,60
full60,2,TPC-DI__Joinable__prospect_both_50_50_ac4_ev,272,11,1.0,0.18181818181818182,0.3076923076923077,60
full60,2,TPC-DI__View-Unionable__prospect_both_0_30_ac1_av,196,6,0.0,0.0,0.0,60
full60,3,ChEMBL__Unionable__assays_horizontal_50_ac5_ev,529,23,1.0,0.43478260869565216,0.6060606060606061,60
full60,3,OpenData__Semantically-Joinable__miller2_both_50_70_ac5_av,1849,35,1.0,0.11428571428571428,0.20512820512820512,60
full60,3,OpenData__Semantically-Joinable__miller2_both_50_70_ec_av,1849,35,1.0,0.3142857142857143,0.4782608695652174,60
full60,3,TPC-DI__View-Unionable__prospect_both_0_30_ac3_av,196,6,1.0,0.16666666666666666,0.2857142857142857,60
full60,3,ChEMBL__Joinable__assays_both_50_1_ac5_ev,144,1,0.0,0.0,0.0,60
full60,3,TPC-DI__Joinable__prospect_both_50_70_ac5_ev,342,15,1.0,0.4666666666666667,0.6363636363636364,60
full60,3,TPC-DI__View-Unionable__prospect_both_0_30_ac4_ev,196,6,1.0,0.8333333333333334,0.9090909090909091,60
full60,3,TPC-DI__Joinable__prospect_vertical_1_ac1_ev,132,1,1.0,1.0,1.0,60
full60,3,ChEMBL__Joinable__assays_both_50_30_ac3_ev,210,6,1.0,0.3333333333333333,0.5,60
full60,3,TPC-DI__View-Unionable__prospect_both_0_30_ac5_ev,196,6,1.0,0.5,0.6666666666666666,60
full60,3,TPC-DI__Joinable__prospect_vertical_1_ac3_ev,132,1,1.0,1.0,1.0,60
full60,3,OpenData__Semantically-Joinable__miller2_vertical_30_ac2_av,1089,15,0.8888888888888888,0.5333333333333333,0.6666666666666666,60
full60,3,TPC-DI__View-Unionable__prospect_both_0_30_ec_ev,196,6,1.0,0.16666666666666666,0.2857142857142857,60
full60,3,ChEMBL__View-Unionable__assays_both_0_1_ac4_ev,144,1,0.0,0.0,0.0,60
full60,3,ChEMBL__Joinable__assays_both_50_50_ac1_ev,289,11,1.0,0.45454545454545453,0.625,60
full60,3,OpenData__Semantically-Joinable__miller2_vertical_30_ac4_av,1089,15,0.875,0.4666666666666667,0.6086956521739131,60
full60,3,TPC-DI__View-Unionable__prospect_both_0_50_ac2_av,272,11,0.75,0.2727272727272727,0.4,60
full60,3,ChEMBL__Joinable__assays_both_50_50_ac3_ev,289,11,1.0,0.36363636363636365,0.5333333333333333,60
full60,3,TPC-DI__View-Unionable__prospect_both_0_50_ac2_ev,272,11,1.0,0.5454545454545454,0.7058823529411765,60
full60,3,ChEMBL__Joinable__assays_both_50_50_ac4_ev,289,11,1.0,0.45454545454545453,0.625,60
full60,3,OpenData__Semantically-Joinable__miller2_vertical_50_ac1_av,1444,25,1.0,0.36,0.5294117647058824,60
full60,3,TPC-DI__Joinable__prospect_vertical_30_ac3_ev,196,6,1.0,0.6666666666666666,0.8,60
full60,3,ChEMBL__View-Unionable__assays_both_0_30_ac1_av,210,6,1.0,0.16666666666666666,0.2857142857142857,60
full60,3,OpenData__Semantically-Joinable__miller2_vertical_50_ac2_av,1444,25,0.9166666666666666,0.44,0.5945945945945946,60
full60,3,TPC-DI__Joinable__prospect_vertical_30_ac4_ev,196,6,1.0,1.0,1.0,60
full60,3,TPC-DI__View-Unionable__prospect_both_0_50_ac3_ev,272,11,1.0,0.45454545454545453,0.625,60
full60,3,ChEMBL__Joinable__assays_both_50_50_ec_ev,289,11,1.0,0.45454545454545453,0.625,60
full60,3,ChEMBL__View-Unionable__assays_both_0_30_ac2_av,210,6,1.0,0.3333333333333333,0.5,60
full60,3,OpenData__Semantically-Joinable__miller2_vertical_50_ac5_av,1444,25,1.0,0.12,0.21428571428571427,60
full60,3,ChEMBL__View-Unionable__assays_both_0_30_ac3_ev,210,6,1.0,0.3333333333333333,0.5,60
full60,3,ChEMBL__Joinable__assays_both_50_70_ac5_ev,380,16,1.0,0.375,0.5454545454545454,60
full60,3,OpenData__Semantically-Joinable__miller2_vertical_70_ac2_av,1849,35,0.9411764705882353,0.45714285714285713,0.6153846153846154,60
full60,3,TPC-DI__Joinable__prospect_vertical_50_ac4_ev,272,11,1.0,0.7272727272727273,0.8421052631578947,60
full60,3,ChEMBL__Joinable__assays_both_50_70_ec_ev,380,16,1.0,0.5625,0.72,60
full60,3,ChEMBL__View-Unionable__assays_both_0_30_ac4_ev,210,6,1.0,0.3333333333333333,0.5,60
full60,3,TPC-DI__Joinable__prospect_vertical_50_ac5_ev,272,11,1.0,0.8181818181818182,0.9,60
full60,3,ChEMBL__Joinable__assays_vertical_1_ac1_ev,144,1,1.0,1.0,1.0,60
full60,3,ChEMBL__View-Unionable__assays_both_0_30_ac5_ev,210,6,1.0,0.3333333333333333,0.5,60
full60,3,TPC-DI__View-Unionable__prospect_both_0_70_ac2_av,342,15,1.0,0.26666666666666666,0.42105263157894735,60
full60,3,TPC-DI__View-Unionable__prospect_both_0_70_ac3_av,342,15,1.0,0.13333333333333333,0.23529411764705882,60
full60,3,TPC-DI__Joinable__prospect_vertical_70_ac4_ev,342,15,1.0,0.8,0.8888888888888888,60
full60,3,TPC-DI__View-Unionable__prospect_both_0_70_ac3_ev,342,15,1.0,0.4666666666666667,0.6363636363636364,60
full60,3,OpenData__Unionable__miller2_horizontal_0_ac2_av,2601,51,0.975609756097561,0.7843137254901961,0.8695652173913043,60
full60,3,ChEMBL__Joinable__assays_vertical_30_ac1_ev,210,6,1.0,0.8333333333333334,0.9090909090909091,60
full60,3,OpenData__Unionable__miller2_horizontal_0_ac2_ev,2601,51,1.0,0.8431372549019608,0.9148936170212766,60
full60,3,TPC-DI__Joinable__prospect_vertical_70_ec_ev,342,15,1.0,1.0,1.0,60
full60,3,TPC-DI__View-Unionable__prospect_both_0_70_ac4_ev,342,15,1.0,0.4666666666666667,0.6363636363636364,60
full60,3,ChEMBL__Joinable__assays_vertical_30_ac2_ev,210,6,1.0,1.0,1.0,60
full60,3,ChEMBL__View-Unionable__assays_both_0_50_ac3_ev,289,11,1.0,0.45454545454545453,0.625,60
full60,3,TPC-DI__View-Unionable__prospect_both_0_70_ec_av,342,15,0.875,0.4666666666666667,0.6086956521739131,60
full60,3,ChEMBL__Joinable__assays_vertical_30_ac5_ev,210,6,1.0,0.6666666666666666,0.8,60
full60,3,ChEMBL__View-Unionable__assays_both_0_50_ac4_av,289,11,1.0,0.5454545454545454,0.7058823529411765,60
full60,3,ChEMBL__View-Unionable__assays_both_0_50_ac4_ev,289,11,1.0,0.18181818181818182,0.3076923076923077,60
full60,3,OpenData__Unionable__miller2_horizontal_0_ac5_av,2601,51,1.0,0.4117647058823529,0.5833333333333334,60
full60,3,OpenData__Unionable__miller2_horizontal_0_ec_av,2601,51,0.9545454545454546,0.8235294117647058,0.8842105263157894,60
full60,3,ChEMBL__Joinable__assays_vertical_50_ac3_ev,289,11,1.0,0.9090909090909091,0.9523809523809523,60
full60,3,TPC-DI__Semantically-Joinable__prospect_both_50_30_ac2_av,196,6,1.0,0.5,0.6666666666666666,60
full60,3,Wikidata__Musicians__Musicians_viewunion,169,5,0.6666666666666666,0.8,0.7272727272727273,60
full60,3,TPC-DI__Semantically-Joinable__prospect_both_50_30_ac3_av,196,6,1.0,0.16666666666666666,0.2857142857142857,60
full60,3,OpenData__Unionable__miller2_horizontal_100_ac1_ev,2601,51,1.0,0.6666666666666666,0.8,60
full60,3,TPC-DI__Semantically-Joinable__prospect_both_50_30_ac4_av,196,6,1.0,0.16666666666666666,0.2857142857142857,60
full60,3,ChEMBL__View-Unionable__assays_both_0_70_ac1_ev,380,16,1.0,0.5625,0.72,60
full60,3,OpenData__Unionable__miller2_horizontal_100_ac2_av,2601,51,1.0,0.8627450980392157,0.9263157894736842,60
full60,3,ChEMBL__View-Unionable__assays_both_0_70_ac2_av,380,16,1.0,0.25,0.4,60
full60,3,OpenData__Unionable__miller2_horizontal_100_ac3_av,2601,51,1.0,0.43137254901960786,0.6027397260273972,60
full60,3,TPC-DI__Semantically-Joinable__prospect_both_50_50_ac1_av,272,11,1.0,0.36363636363636365,0.5333333333333333,60
full60,3,ChEMBL__Joinable__assays_vertical_70_ac3_ev,380,16,1.0,0.75,0.8571428571428571,60
full60,3,ChEMBL__Joinable__assays_vertical_70_ec_ev,380,16,1.0,0.75,0.8571428571428571,60
full60,3,ChEMBL__View-Unionable__assays_both_0_70_ac4_ev,380,16,1.0,0.4375,0.6086956521739131,60
full60,3,ChEMBL__View-Unionable__assays_both_0_70_ac5_av,380,16,1.0,0.1875,0.3157894736842105,60
full60,3,OpenData__Unionable__miller2_horizontal_100_ac5_ev,2601,51,1.0,0.4117647058823529,0.5833333333333334,60
full60,3,TPC-DI__Semantically-Joinable__prospect_both_50_70_ac1_av,342,15,1.0,0.13333333333333333,0.23529411764705882,60
full60,3,ChEMBL__View-Unionable__assays_both_0_70_ec_av,380,16,1.0,0.25,0.4,60
full60,3,OpenData__Unionable__miller2_horizontal_100_ec_ev,2601,51,1.0,0.7843137254901961,0.8791208791208791,60
full60,3,TPC-DI__Semantically-Joinable__prospect_both_50_70_ac2_av,342,15,0.7777777777777778,0.4666666666666667,0.5833333333333334,60
full60,3,ChEMBL__Semantically-Joinable__assays_both_50_1_ac4_av,144,1,0.0,0.0,0.0,60
full60,3,OpenData__Unionable__miller2_horizontal_50_ac1_av,2601,51,1.0,0.6666666666666666,0.8,60
full60,3,TPC-DI__Semantically-Joinable__prospect_both_50_70_ac4_av,342,15,1.0,0.26666666666666666,0.42105263157894735,60
full60,3,ChEMBL__Semantically-Joinable__assays_both_50_1_ec_av,144,1,0.0,0.0,0.0,60
full60,3,TPC-DI__Semantically-Joinable__prospect_both_50_70_ac5_av,342,15,1.0,0.2,0.3333333333333333,60
full60,3,Magellan__fodors_zagats,49,7,1.0,0.8571428571428571,0.9230769230769231,60
full60,3,Magellan__itunes_amazon,81,9,1.0,0.5555555555555556,0.7142857142857143,60
full60,3,TPC-DI__Semantically-Joinable__prospect_vertical_1_ac3_av,132,1,1.0,1.0,1.0,60
full60,3,OpenData__Joinable__miller2_both_50_1_ac1_ev,676,1,1.0,1.0,1.0,60
full60,3,TPC-DI__Semantically-Joinable__prospect_vertical_1_ec_av,132,1,1.0,1.0,1.0,60
full60,3,OpenData__Joinable__miller2_both_50_1_ac3_ev,676,1,0.0,0.0,0.0,60
full60,3,OpenData__Unionable__miller2_horizontal_50_ec_av,2601,51,1.0,0.7843137254901961,0.8791208791208791,60
full60,3,ChEMBL__Semantically-Joinable__assays_both_50_50_ac3_av,289,11,1.0,0.09090909090909091,0.16666666666666666,60
full60,3,ChEMBL__Semantically-Joinable__assays_both_50_50_ac4_av,289,11,1.0,0.36363636363636365,0.5333333333333333,60
full60,3,OpenData__View -Unionable__miller2_both_0_1_ac1_ev,676,1,1.0,1.0,1.0,60
full60,3,ChEMBL__Semantically-Joinable__assays_both_50_50_ec_av,289,11,1.0,0.2727272727272727,0.42857142857142855,60
full60,3,OpenData__View -Unionable__miller2_both_0_1_ac2_av,676,1,0.0,0.0,0.0,60
full60,3,TPC-DI__Semantically-Joinable__prospect_vertical_30_ac5_av,196,6,1.0,0.3333333333333333,0.5,60
full60,3,ChEMBL__Semantically-Joinable__assays_both_50_70_ac1_av,380,16,1.0,0.25,0.4,60
full60,3,OpenData__View -Unionable__miller2_both_0_1_ac2_ev,676,1,0.0,0.0,0.0,60
full60,3,ChEMBL__Semantically-Joinable__assays_both_50_70_ac2_av,380,16,1.0,0.4375,0.6086956521739131,60
full60,3,ChEMBL__Semantically-Joinable__assays_both_50_70_ac3_av,380,16,0.0,0.0,0.0,60
full60,3,ChEMBL__Semantically-Joinable__assays_both_50_70_ec_av,380,16,1.0,0.3125,0.47619047619047616,60
full60,3,OpenData__View -Unionable__miller2_both_0_1_ac5_av,676,1,0.0,0.0,0.0,60
full60,3,TPC-DI__Semantically-Joinable__prospect_vertical_50_ac5_av,272,11,1.0,0.36363636363636365,0.5333333333333333,60
full60,3,ChEMBL__Semantically-Joinable__assays_vertical_1_ac1_av,144,1,1.0,1.0,1.0,60
full60,3,OpenData__Joinable__miller2_both_50_50_ac2_ev,1444,25,1.0,0.92,0.9583333333333334,60
full60,3,ChEMBL__Semantically-Joinable__assays_vertical_1_ac4_av,144,1,1.0,1.0,1.0,60
full60,3,ChEMBL__Semantically-Joinable__assays_vertical_1_ac5_av,144,1,1.0,1.0,1.0,60
full60,3,TPC-DI__Semantically-Joinable__prospect_vertical_70_ac4_av,342,15,0.8571428571428571,0.4,0.5454545454545454,60
full60,3,ChEMBL__Semantically-Joinable__assays_vertical_1_ec_av,144,1,1.0,1.0,1.0,60
full60,3,OpenData__Joinable__miller2_both_50_70_ac1_ev,1849,35,1.0,0.6857142857142857,0.8135593220338984,60
full60,3,TPC-DI__Semantically-Joinable__prospect_vertical_70_ec_av,342,15,1.0,0.4666666666666667,0.6363636363636364,60
full60,3,OpenData__Joinable__miller2_both_50_70_ac3_ev,1849,35,1.0,0.45714285714285713,0.6274509803921569,60
full60,3,OpenData__View -Unionable__miller2_both_0_30_ac4_av,1089,15,1.0,0.26666666666666666,0.42105263157894735,60
full60,3,OpenData__Joinable__miller2_both_50_70_ec_ev,1849,35,1.0,0.8571428571428571,0.9230769230769231,60
full60,3,TPC-DI__Unionable__prospect_horizontal_0_ac2_ev,484,22,1.0,0.45454545454545453,0.625,60
full60,3,OpenData__Joinable__miller2_vertical_1_ac2_ev,676,1,0.0,0.0,0.0,60
full60,3,OpenData__Joinable__miller2_vertical_1_ac3_ev,676,1,0.0,0.0,0.0,60
full60,3,TPC-DI__Unionable__prospect_horizontal_0_ac4_av,484,22,1.0,0.5,0.6666666666666666,60
full60,3,ChEMBL__Semantically-Joinable__assays_vertical_50_ac3_av,289,11,1.0,0.36363636363636365,0.5333333333333333,60
full60,3,OpenData__Joinable__miller2_vertical_1_ec_ev,676,1,0.0,0.0,0.0,60
full60,3,TPC-DI__Unionable__prospect_horizontal_0_ac5_ev,484,22,1.0,0.45454545454545453,0.625,60
full60,3,OpenData__View -Unionable__miller2_both_0_50_ac2_av,1444,25,1.0,0.52,0.6842105263157895,60
full60,3,TPC-DI__Unionable__prospect_horizontal_0_ec_av,484,22,1.0,0.45454545454545453,0.625,60
full60,3,OpenData__Joinable__miller2_vertical_30_ac2_ev,1089,15,0.9285714285714286,0.8666666666666667,0.896551724137931,60
full60,3,TPC-DI__Unionable__prospect_horizontal_0_ec_ev,484,22,1.0,0.45454545454545453,0.625,60
full60,3,OpenData__Joinable__miller2_vertical_30_ac3_ev,1089,15,1.0,0.6,0.75,60
full60,3,OpenData__View -Unionable__miller2_both_0_50_ac3_av,1444,25,1.0,0.08,0.14814814814814814,60
full60,3,OpenData__View -Unionable__miller2_both_0_50_ac4_av,1444,25,1.0,0.32,0.48484848484848486,60
full60,3,TPC-DI__Unionable__prospect_horizontal_100_ac2_av,484,22,1.0,0.45454545454545453,0.625,60
full60,3,OpenData__Joinable__miller2_vertical_30_ec_ev,1089,15,1.0,0.9333333333333333,0.9655172413793104,60
full60,3,OpenData__View -Unionable__miller2_both_0_50_ac5_av,1444,25,1.0,0.12,0.21428571428571427,60
full60,3,OpenData__View -Unionable__miller2_both_0_50_ac5_ev,1444,25,1.0,0.4,0.5714285714285714,60
full60,3,ChEMBL__Unionable__assays_horizontal_0_ac2_ev,529,23,1.0,0.6086956521739131,0.7567567567567568,60
full60,3,OpenData__Joinable__miller2_vertical_50_ac5_ev,1444,25,1.0,0.52,0.6842105263157895,60
full60,3,OpenData__View -Unionable__miller2_both_0_70_ac1_av,1849,35,1.0,0.4,0.5714285714285714,60
full60,3,OpenData__Joinable__miller2_vertical_50_ec_ev,1444,25,1.0,0.96,0.9795918367346939,60
full60,3,TPC-DI__Unionable__prospect_horizontal_100_ac5_ev,484,22,1.0,0.45454545454545453,0.625,60
full60,3,TPC-DI__Unionable__prospect_horizontal_100_ec_av,484,22,1.0,0.45454545454545453,0.625,60
full60,3,ChEMBL__Unionable__assays_horizontal_0_ac4_ev,529,23,1.0,0.391304347826087,0.5625,60
full60,3,OpenData__View -Unionable__miller2_both_0_70_ac3_av,1849,35,1.0,0.08571428571428572,0.15789473684210525,60
full60,3,OpenData__Joinable__miller2_vertical_70_ac5_ev,1849,35,1.0,0.5714285714285714,0.7272727272727273,60
full60,3,OpenData__View -Unionable__miller2_both_0_70_ac4_av,1849,35,0.9333333333333333,0.4,0.56,60
full60,3,TPC-DI__Unionable__prospect_horizontal_50_ac2_av,484,22,1.0,0.5454545454545454,0.7058823529411765,60
full60,3,ChEMBL__Unionable__assays_horizontal_0_ec_av,529,23,1.0,0.5652173913043478,0.7222222222222222,60
full60,3,OpenData__View -Unionable__miller2_both_0_70_ac4_ev,1849,35,1.0,0.8,0.8888888888888888,60
full60,3,TPC-DI__Unionable__prospect_horizontal_50_ac2_ev,484,22,1.0,0.5909090909090909,0.7428571428571429,60
full60,3,OpenData__Semantically-Joinable__miller2_both_50_1_ac1_av,676,1,0.0,0.0,0.0,60
full60,3,ChEMBL__Unionable__assays_horizontal_100_ac1_av,529,23,1.0,0.4782608695652174,0.6470588235294118,60
full60,3,ChEMBL__Unionable__assays_horizontal_100_ac2_av,529,23,1.0,0.5652173913043478,0.7222222222222222,60
full60,3,OpenData__View -Unionable__miller2_both_0_70_ec_ev,1849,35,1.0,0.7428571428571429,0.8524590163934426,60
full60,3,ChEMBL__Unionable__assays_horizontal_100_ac2_ev,529,23,1.0,0.5652173913043478,0.7222222222222222,60
full60,3,OpenData__Semantically-Joinable__miller2_both_50_1_ac5_av,676,1,0.0,0.0,0.0,60
full60,3,TPC-DI__Unionable__prospect_horizontal_50_ac5_ev,484,22,1.0,0.45454545454545453,0.625,60
full60,3,ChEMBL__Unionable__assays_horizontal_100_ac3_ev,529,23,1.0,0.30434782608695654,0.4666666666666667,60
full60,3,TPC-DI__Joinable__prospect_both_50_1_ac3_ev,132,1,0.0,0.0,0.0,60
full60,3,ChEMBL__Unionable__assays_horizontal_100_ac4_ev,529,23,1.0,0.4782608695652174,0.6470588235294118,60
full60,3,OpenData__Semantically-Joinable__miller2_both_50_30_ac4_av,1089,15,1.0,0.6,0.75,60
full60,3,TPC-DI__Joinable__prospect_both_50_30_ac1_ev,196,6,1.0,0.5,0.6666666666666666,60
full60,3,OpenData__Semantically-Joinable__miller2_both_50_50_ac1_av,1444,25,1.0,0.32,0.48484848484848486,60
full60,3,TPC-DI__Joinable__prospect_both_50_30_ac4_ev,196,6,1.0,0.6666666666666666,0.8,60
full60,3,TPC-DI__View-Unionable__prospect_both_0_1_ac3_ev,132,1,0.0,0.0,0.0,60
full60,3,ChEMBL__Unionable__assays_horizontal_50_ac1_ev,529,23,1.0,0.4782608695652174,0.6470588235294118,60
full60,3,OpenData__Semantically-Joinable__miller2_both_50_50_ac3_av,1444,25,1.0,0.12,0.21428571428571427,60
full60,3,TPC-DI__Joinable__prospect_both_50_30_ac5_ev,196,6,1.0,0.3333333333333333,0.5,60
full60,3,OpenData__Semantically-Joinable__miller2_both_50_50_ac4_av,1444,25,0.9230769230769231,0.48,0.631578947368421,60
full60,3,TPC-DI__Joinable__prospect_both_50_30_ec_ev,196,6,1.0,0.16666666666666666,0.2857142857142857,60
full60,3,TPC-DI__View-Unionable__prospect_both_0_1_ac5_av,132,1,0.0,0.0,0.0,60
full60,3,ChEMBL__Unionable__assays_horizontal_50_ac3_ev,529,23,1.0,0.30434782608695654,0.4666666666666667,60
full60,3,OpenData__Semantically-Joinable__miller2_both_50_70_ac3_av,1849,35,1.0,0.11428571428571428,0.20512820512820512,60
full60,4,ChEMBL__Joinable__assays_both_50_1_ac2_ev,144,1,0.0,0.0,0.0,60
full60,4,ChEMBL__Unionable__assays_horizontal_50_ac5_ev,529,23,1.0,0.43478260869565216,0.6060606060606061,60
full60,4,TPC-DI__View-Unionable__prospect_both_0_30_ac2_av,196,6,1.0,0.16666666666666666,0.2857142857142857,60
full60,4,ChEMBL__Joinable__assays_both_50_1_ac3_ev,144,1,0.0,0.0,0.0,60
full60,4,OpenData__Semantically-Joinable__miller2_vertical_1_ac1_av,676,1,0.0,0.0,0.0,60
full60,4,ChEMBL__View-Unionable__assays_both_0_1_ac1_ev,144,1,0.0,0.0,0.0,60
full60,4,TPC-DI__View-Unionable__prospect_both_0_30_ac4_av,196,6,1.0,0.3333333333333333,0.5,60
full60,4,ChEMBL__View-Unionable__assays_both_0_1_ac2_av,144,1,0.0,0.0,0.0,60
full60,4,OpenData__Semantically-Joinable__miller2_vertical_1_ac4_av,676,1,0.0,0.0,0.0,60
full60,4,TPC-DI__Joinable__prospect_both_50_70_ec_ev,342,15,1.0,0.26666666666666666,0.42105263157894735,60
full60,4,ChEMBL__Joinable__assays_both_50_30_ac3_ev,210,6,1.0,0.3333333333333333,0.5,60
full60,4,OpenData__Semantically-Joinable__miller2_vertical_1_ec_av,676,1,0.0,0.0,0.0,60
full60,4,TPC-DI__View-Unionable__prospect_both_0_30_ac5_ev,196,6,1.0,0.5,0.6666666666666666,60
full60,4,TPC-DI__Joinable__prospect_vertical_1_ac3_ev,132,1,1.0,1.0,1.0,60
full60,4,TPC-DI__View-Unionable__prospect_both_0_30_ec_av,196,6,1.0,0.16666666666666666,0.2857142857142857,60
full60,4,TPC-DI__Joinable__prospect_vertical_1_ac5_ev,132,1,1.0,1.0,1.0,60
full60,4,TPC-DI__View-Unionable__prospect_both_0_50_ac1_av,272,11,1.0,0.2727272727272727,0.42857142857142855,60
full60,4,ChEMBL__Joinable__assays_both_50_50_ac1_ev,289,11,1.0,0.36363636363636365,0.5333333333333333,60
full60,4,TPC-DI__Joinable__prospect_vertical_1_ec_ev,132,1,1.0,1.0,1.0,60
full60,4,ChEMBL__View-Unionable__assays_both_0_1_ec_av,144,1,0.0,0.0,0.0,60
full60,4,TPC-DI__Joinable__prospect_vertical_30_ac2_ev,196,6,1.0,1.0,1.0,60
full60,4,TPC-DI__View-Unionable__prospect_both_0_50_ac2_ev,272,11,1.0,0.45454545454545453,0.625,60
full60,4,ChEMBL__Joinable__assays_both_50_50_ac4_ev,289,11,1.0,0.5454545454545454,0.7058823529411765,60
full60,4,OpenData__Semantically-Joinable__miller2_vertical_50_ac2_av,1444,25,0.9411764705882353,0.64,0.7619047619047619,60
full60,4,TPC-DI__View-Unionable__prospect_both_0_50_ac3_ev,272,11,1.0,0.5454545454545454,0.7058823529411765,60
full60,4,ChEMBL__View-Unionable__assays_both_0_30_ac1_ev,210,6,1.0,0.5,0.6666666666666666,60
full60,4,ChEMBL__View-Unionable__assays_both_0_30_ac2_av,210,6,1.0,0.16666666666666666,0.2857142857142857,60
full60,4,OpenData__Semantically-Joinable__miller2_vertical_50_ac4_av,1444,25,0.9333333333333333,0.56,0.7,60
full60,4,ChEMBL__View-Unionable__assays_both_0_30_ac2_ev,210,6,1.0,0.3333333333333333,0.5,60
full60,4,OpenData__Semantically-Joinable__miller2_vertical_70_ac1_av,1849,35,1.0,0.4,0.5714285714285714,60
full60,4,ChEMBL__Joinable__assays_both_50_70_ac5_ev,380,16,1.0,0.375,0.5454545454545454,60
full60,4,OpenData__Semantically-Joinable__miller2_vertical_70_ac2_av,1849,35,0.9473684210526315,0.5142857142857142,0.6666666666666666,60
full60,4,ChEMBL__Joinable__assays_both_50_70_ec_ev,380,16,1.0,0.375,0.5454545454545454,60
full60,4,TPC-DI__View-Unionable__prospect_both_0_70_ac1_av,342,15,1.0,0.4666666666666667,0.6363636363636364,60
full60,4,ChEMBL__View-Unionable__assays_both_0_30_ac5_ev,210,6,1.0,0.3333333333333333,0.5,60
full60,4,TPC-DI__View-Unionable__prospect_both_0_70_ac2_av,342,15,0.8,0.26666666666666666,0.4,60
full60,4,TPC-DI__Joinable__prospect_vertical_70_ac2_ev,342,15,1.0,0.9333333333333333,0.9655172413793104,60
full60,4,ChEMBL__View-Unionable__assays_both_0_30_ec_ev,210,6,1.0,0.5,0.6666666666666666,60
full60,4,OpenData__Unionable__miller2_horizontal_0_ac1_av,2601,51,1.0,0.7254901960784313,0.8409090909090909,60
full60,4,TPC-DI__View-Unionable__prospect_both_0_70_ac3_av,342,15,1.0,0.3333333333333333,0.5,60
full60,4,TPC-DI__View-Unionable__prospect_both_0_70_ac4_av,342,15,1.0,0.13333333333333333,0.23529411764705882,60
full60,4,ChEMBL__Joinable__assays_vertical_30_ac1_ev,210,6,1.0,0.8333333333333334,0.9090909090909091,60
full60,4,TPC-DI__Joinable__prospect_vertical_70_ec_ev,342,15,1.0,0.6666666666666666,0.8,60
full60,4,TPC-DI__View-Unionable__prospect_both_0_70_ac4_ev,342,15,1.0,0.4666666666666667,0.6363636363636364,60
full60,4,ChEMBL__Joinable__assays_vertical_30_ac2_ev,210,6,1.0,0.8333333333333334,0.9090909090909091,60
full60,4,ChEMBL__View-Unionable__assays_both_0_50_ac2_ev,289,11,1.0,0.5454545454545454,0.7058823529411765,60
full60,4,ChEMBL__Joinable__assays_vertical_30_ac3_ev,210,6,1.0,1.0,1.0,60
full60,4,TPC-DI__Semantically-Joinable__prospect_both_50_1_ac3_av,132,1,0.0,0.0,0.0,60
full60,4,ChEMBL__Joinable__assays_vertical_30_ac5_ev,210,6,1.0,0.6666666666666666,0.8,60
full60,4,OpenData__Unionable__miller2_horizontal_0_ac5_ev,2601,51,1.0,0.5098039215686274,0.6753246753246753,60
full60,4,TPC-DI__Semantically-Joinable__prospect_both_50_1_ec_av,132,1,0.0,0.0,0.0,60
full60,4,ChEMBL__Joinable__assays_vertical_50_ac2_ev,289,11,1.0,0.7272727272727273,0.8421052631578947,60
full60,4,ChEMBL__View-Unionable__assays_both_0_50_ac5_ev,289,11,1.0,0.36363636363636365,0.5333333333333333,60
full60,4,Wikidata__Musicians__Musicians_unionable,400,19,0.85,0.8947368421052632,0.8717948717948718,60
full60,4,ChEMBL__Joinable__assays_vertical_50_ac5_ev,289,11,1.0,0.5454545454545454,0.7058823529411765,60
full60,4,TPC-DI__Semantically-Joinable__prospect_both_50_30_ac4_av,196,6,1.0,0.5,0.6666666666666666,60
full60,4,OpenData__Unionable__miller2_horizontal_100_ac2_av,2601,51,0.9767441860465116,0.8235294117647058,0.8936170212765957,60
full60,4,TPC-DI__Semantically-Joinable__prospect_both_50_30_ac5_av,196,6,1.0,0.16666666666666666,0.2857142857142857,60
full60,4,ChEMBL__View-Unionable__assays_both_0_70_ac2_ev,380,16,1.0,0.4375,0.6086956521739131,60
full60,4,TPC-DI__Semantically-Joinable__prospect_both_50_50_ac1_av,272,11,1.0,0.2727272727272727,0.42857142857142855,60
full60,4,ChEMBL__Joinable__assays_vertical_70_ac3_ev,380,16,1.0,0.8125,0.896551724137931,60
full60,4,ChEMBL__View-Unionable__assays_both_0_70_ac3_av,380,16,1.0,0.25,0.4,60
full60,4,TPC-DI__Semantically-Joinable__prospect_both_50_50_ac2_av,272,11,0.75,0.2727272727272727,0.4,60
full60,4,ChEMBL__Joinable__assays_vertical_70_ac4_ev,380,16,1.0,0.8125,0.896551724137931,60
full60,4,ChEMBL__View-Unionable__assays_both_0_70_ac3_ev,380,16,1.0,0.5,0.6666666666666666,60
full60,4,ChEMBL__View-Unionable__assays_both_0_70_ac4_ev,380,16,1.0,0.5,0.6666666666666666,60
full60,4,OpenData__Unionable__miller2_horizontal_100_ac5_av,2601,51,1.0,0.5098039215686274,0.6753246753246753,60
full60,4,TPC-DI__Semantically-Joinable__prospect_both_50_50_ac5_av,272,11,0.0,0.0,0.0,60
full60,4,ChEMBL__Semantically-Joinable__assays_both_50_1_ac1_av,144,1,0.0,0.0,0.0,60
full60,4,OpenData__Unionable__miller2_horizontal_100_ac5_ev,2601,51,1.0,0.5098039215686274,0.6753246753246753,60
full60,4,ChEMBL__Semantically-Joinable__assays_both_50_1_ac3_av,144,1,0.0,0.0,0.0,60
full60,4,ChEMBL__View-Unionable__assays_both_0_70_ec_av,380,16,1.0,0.0625,0.11764705882352941,60
full60,4,OpenData__Unionable__miller2_horizontal_100_ec_ev,2601,51,1.0,0.43137254901960786,0.6027397260273972,60
full60,4,ChEMBL__Semantically-Joinable__assays_both_50_1_ac4_av,144,1,0.0,0.0,0.0,60
full60,4,OpenData__Unionable__miller2_horizontal_50_ac1_av,2601,51,1.0,0.7450980392156863,0.8539325842696629,60
full60,4,ChEMBL__Semantically-Joinable__assays_both_50_1_ac5_av,144,1,0.0,0.0,0.0,60
full60,4,TPC-DI__Semantically-Joinable__prospect_both_50_70_ac4_av,342,15,0.5,0.06666666666666667,0.11764705882352941,60
full60,4,ChEMBL__Semantically-Joinable__assays_both_50_1_ec_av,144,1,0.0,0.0,0.0,60
full60,4,OpenData__Unionable__miller2_horizontal_50_ac2_av,2601,51,1.0,0.8235294117647058,0.9032258064516129,60
full60,4,TPC-DI__Semantically-Joinable__prospect_both_50_70_ac5_av,342,15,1.0,0.06666666666666667,0.125,60
full60,4,OpenData__Unionable__miller2_horizontal_50_ac2_ev,2601,51,0.9787234042553191,0.9019607843137255,0.9387755102040817,60
full60,4,TPC-DI__Semantically-Joinable__prospect_both_50_70_ec_av,342,15,1.0,0.13333333333333333,0.23529411764705882,60
full60,4,TPC-DI__Semantically-Joinable__prospect_vertical_1_ac1_av,132,1,1.0,1.0,1.0,60
full60,4,ChEMBL__Semantically-Joinable__assays_both_50_30_ac3_av,210,6,1.0,0.16666666666666666,0.2857142857142857,60
full60,4,Magellan__itunes_amazon,81,9,1.0,0.6666666666666666,0.8,60
full60,4,Magellan__walmart_amazon,36,6,1.0,0.3333333333333333,0.5,60
full60,4,OpenData__Unionable__miller2_horizontal_50_ac4_ev,2601,51,0.9761904761904762,0.803921568627451,0.8817204301075269,60
full60,4,OpenData__Joinable__miller2_both_50_1_ac2_ev,676,1,1.0,1.0,1.0,60
full60,4,OpenData__Unionable__miller2_horizontal_50_ac5_ev,2601,51,1.0,0.5098039215686274,0.6753246753246753,60
full60,4,TPC-DI__Semantically-Joinable__prospect_vertical_1_ec_av,132,1,1.0,1.0,1.0,60
full60,4,OpenData__Joinable__miller2_both_50_1_ac4_ev,676,1,0.0,0.0,0.0,60
full60,4,TPC-DI__Semantically-Joinable__prospect_vertical_30_ac2_av,196,6,0.8,0.6666666666666666,0.7272727272727273,60
full60,4,OpenData__View -Unionable__miller2_both_0_1_ac1_av,676,1,0.0,0.0,0.0,60
full60,4,ChEMBL__Semantically-Joinable__assays_both_50_50_ac5_av,289,11,1.0,0.2727272727272727,0.42857142857142855,60
full60,4,OpenData__View -Unionable__miller2_both_0_1_ac1_ev,676,1,0.0,0.0,0.0,60
full60,4,ChEMBL__Semantically-Joinable__assays_both_50_50_ec_av,289,11,1.0,0.18181818181818182,0.3076923076923077,60
full60,4,ChEMBL__Semantically-Joinable__assays_both_50_70_ac1_av,380,16,1.0,0.25,0.4,60
full60,4,TPC-DI__Semantically-Joinable__prospect_vertical_30_ec_av,196,6,0.625,0.8333333333333334,0.7142857142857143,60
full60,4,OpenData__Joinable__miller2_both_50_30_ac3_ev,1089,15,1.0,0.5333333333333333,0.6956521739130435,60
full60,4,OpenData__Joinable__miller2_both_50_30_ac5_ev,1089,15,1.0,0.5333333333333333,0.6956521739130435,60
full60,4,OpenData__View -Unionable__miller2_both_0_1_ac4_ev,676,1,0.0,0.0,0.0,60
full60,4,OpenData__View -Unionable__miller2_both_0_1_ac5_av,676,1,0.0,0.0,0.0,60
full60,4,ChEMBL__Semantically-Joinable__assays_vertical_1_ac2_av,144,1,1.0,1.0,1.0,60
full60,4,OpenData__View -Unionable__miller2_both_0_30_ac1_av,1089,15,0.6666666666666666,0.13333333333333333,0.2222222222222222,60
full60,4,ChEMBL__Semantically-Joinable__assays_vertical_1_ac5_av,144,1,1.0,1.0,1.0,60
full60,4,OpenData__View -Unionable__miller2_both_0_30_ac2_av,1089,15,1.0,0.5333333333333333,0.6956521739130435,60
full60,4,OpenData__Joinable__miller2_both_50_70_ac3_ev,1849,35,1.0,0.7142857142857143,0.8333333333333334,60
full60,4,TPC-DI__Unionable__prospect_horizontal_0_ac1_av,484,22,1.0,0.5,0.6666666666666666,60
full60,4,TPC-DI__Unionable__prospect_horizontal_0_ac1_ev,484,22,1.0,0.5,0.6666666666666666,60
full60,4,OpenData__Joinable__miller2_both_50_70_ac5_ev,1849,35,1.0,0.5428571428571428,0.7037037037037037,60
full60,4,OpenData__Joinable__miller2_vertical_1_ac1_ev,676,1,0.0,0.0,0.0,60
full60,4,ChEMBL__Semantically-Joinable__assays_vertical_50_ac1_av,289,11,1.0,0.45454545454545453,0.625,60
full60,4,ChEMBL__Semantically-Joinable__assays_vertical_50_ac2_av,289,11,1.0,0.6363636363636364,0.7777777777777778,60
full60,4,TPC-DI__Unionable__prospect_horizontal_0_ac4_av,484,22,1.0,0.5,0.6666666666666666,60
full60,4,TPC-DI__Unionable__prospect_horizontal_0_ac4_ev,484,22,1.0,0.45454545454545453,0.625,60
full60,4,OpenData__View -Unionable__miller2_both_0_50_ac1_av,1444,25,1.0,0.36,0.5294117647058824,60
full60,4,TPC-DI__Unionable__prospect_horizontal_0_ac5_ev,484,22,1.0,0.45454545454545453,0.625,60
full60,4,OpenData__Joinable__miller2_vertical_30_ac1_ev,1089,15,1.0,0.8,0.8888888888888888,60
full60,4,OpenData__View -Unionable__miller2_both_0_50_ac2_av,1444,25,1.0,0.56,0.717948717948718,60
full60,4,OpenData__Joinable__miller2_vertical_30_ac2_ev,1089,15,0.9333333333333333,0.9333333333333333,0.9333333333333333,60
full60,4,TPC-DI__Unionable__prospect_horizontal_100_ac1_ev,484,22,1.0,0.5,0.6666666666666666,60
full60,4,ChEMBL__Semantically-Joinable__assays_vertical_70_ac4_av,380,16,1.0,0.5625,0.72,60
full60,4,OpenData__Joinable__miller2_vertical_30_ac5_ev,1089,15,1.0,0.4,0.5714285714285714,60
full60,4,OpenData__Joinable__miller2_vertical_30_ec_ev,1089,15,1.0,0.4666666666666667,0.6363636363636364,60
full60,4,OpenData__View -Unionable__miller2_both_0_50_ac4_ev,1444,25,0.9545454545454546,0.84,0.8936170212765957,60
full60,4,TPC-DI__Unionable__prospect_horizontal_100_ac2_ev,484,22,1.0,0.5909090909090909,0.7428571428571429,60
full60,4,OpenData__Joinable__miller2_vertical_50_ac1_ev,1444,25,1.0,0.88,0.9361702127659575,60
full60,4,OpenData__View -Unionable__miller2_both_0_50_ac5_av,1444,25,1.0,0.16,0.27586206896551724,60
full60,4,OpenData__View -Unionable__miller2_both_0_50_ac5_ev,1444,25,1.0,0.44,0.6111111111111112,60
full60,4,ChEMBL__Unionable__assays_horizontal_0_ac1_ev,529,23,1.0,0.5217391304347826,0.6857142857142857,60
full60,4,ChEMBL__Unionable__assays_horizontal_0_ac2_ev,529,23,1.0,0.5652173913043478,0.7222222222222222,60
full60,4,OpenData__Joinable__miller2_vertical_50_ec_ev,1444,25,0.9230769230769231,0.48,0.631578947368421,60
full60,4,OpenData__View -Unionable__miller2_both_0_70_ac1_ev,1849,35,1.0,0.8285714285714286,0.90625,60
full60,4,OpenData__View -Unionable__miller2_both_0_70_ac2_ev,1849,35,1.0,0.8571428571428571,0.9230769230769231,60
full60,4,OpenData__Joinable__miller2_vertical_70_ac4_ev,1849,35,0.8611111111111112,0.8857142857142857,0.8732394366197183,60
full60,4,TPC-DI__Unionable__prospect_horizontal_50_ac1_ev,484,22,1.0,0.5,0.6666666666666666,60
full60,4,ChEMBL__Unionable__assays_horizontal_0_ac5_ev,529,23,1.0,0.43478260869565216,0.6060606060606061,60
full60,4,OpenData__View -Unionable__miller2_both_0_70_ac5_av,1849,35,1.0,0.2571428571428571,0.4090909090909091,60
full60,4,TPC-DI__Unionable__prospect_horizontal_50_ac3_ev,484,22,1.0,0.45454545454545453,0.625,60
full60,4,ChEMBL__Unionable__assays_horizontal_100_ac1_ev,529,23,1.0,0.5217391304347826,0.6857142857142857,60
full60,4,OpenData__Semantically-Joinable__miller2_both_50_1_ac3_av,676,1,0.0,0.0,0.0,60
full60,4,OpenData__View -Unionable__miller2_both_0_70_ec_av,1849,35,1.0,0.22857142857142856,0.37209302325581395,60
full60,4,OpenData__Semantically-Joinable__miller2_both_50_1_ac4_av,676,1,0.0,0.0,0.0,60
full60,4,ChEMBL__Unionable__assays_horizontal_100_ac2_ev,529,23,1.0,0.5652173913043478,0.7222222222222222,60
full60,4,TPC-DI__Joinable__prospect_both_50_1_ac1_ev,132,1,0.0,0.0,0.0,60
full60,4,TPC-DI__Joinable__prospect_both_50_1_ac2_ev,132,1,0.0,0.0,0.0,60
full60,4,OpenData__Semantically-Joinable__miller2_both_50_30_ac1_av,1089,15,1.0,0.3333333333333333,0.5,60
full60,4,TPC-DI__Unionable__prospect_horizontal_50_ec_av,484,22,1.0,0.3181818181818182,0.4827586206896552,60
full60,4,OpenData__Semantically-Joinable__miller2_both_50_30_ac2_av,1089,15,1.0,0.4666666666666667,0.6363636363636364,60
full60,4,TPC-DI__Joinable__prospect_both_50_1_ac4_ev,132,1,0.0,0.0,0.0,60
full60,4,TPC-DI__Unionable__prospect_horizontal_50_ec_ev,484,22,1.0,0.3181818181818182,0.4827586206896552,60
full60,4,TPC-DI__Joinable__prospect_both_50_1_ec_ev,132,1,0.0,0.0,0.0,60
full60,4,OpenData__Semantically-Joinable__miller2_both_50_30_ac5_av,1089,15,1.0,0.26666666666666666,0.42105263157894735,60
full60,4,TPC-DI__Joinable__prospect_both_50_30_ac2_ev,196,6,1.0,0.3333333333333333,0.5,60
full60,4,TPC-DI__View-Unionable__prospect_both_0_1_ac2_ev,132,1,0.0,0.0,0.0,60
full60,4,ChEMBL__Unionable__assays_horizontal_100_ec_ev,529,23,1.0,0.391304347826087,0.5625,60
full60,4,OpenData__Semantically-Joinable__miller2_both_50_50_ac1_av,1444,25,1.0,0.48,0.6486486486486487,60
full60,4,ChEMBL__Unionable__assays_horizontal_50_ac1_av,529,23,1.0,0.5217391304347826,0.6857142857142857,60
full60,4,TPC-DI__Joinable__prospect_both_50_30_ac4_ev,196,6,1.0,0.5,0.6666666666666666,60
full60,4,ChEMBL__Unionable__assays_horizontal_50_ac1_ev,529,23,1.0,0.5217391304347826,0.6857142857142857,60
full60,4,OpenData__Semantically-Joinable__miller2_both_50_50_ac3_av,1444,25,1.0,0.28,0.4375,60
full60,4,TPC-DI__Joinable__prospect_both_50_30_ec_ev,196,6,0.0,0.0,0.0,60
full60,4,OpenData__Semantically-Joinable__miller2_both_50_50_ac5_av,1444,25,1.0,0.2,0.3333333333333333,60
full60,4,ChEMBL__Unionable__assays_horizontal_50_ac3_av,529,23,1.0,0.391304347826087,0.5625,60
full60,4,ChEMBL__Unionable__assays_horizontal_50_ac3_ev,529,23,1.0,0.391304347826087,0.5625,60
full60,4,TPC-DI__View-Unionable__prospect_both_0_30_ac1_av,196,6,0.0,0.0,0.0,60
full60,5,ChEMBL__Unionable__assays_horizontal_50_ec_av,529,23,1.0,0.43478260869565216,0.6060606060606061,60
full60,5,TPC-DI__Joinable__prospect_both_50_70_ac2_ev,342,15,1.0,0.8,0.8888888888888888,60
full60,5,ChEMBL__Unionable__assays_horizontal_50_ec_ev,529,23,1.0,0.43478260869565216,0.6060606060606061,60
full60,5,TPC-DI__Joinable__prospect_both_50_70_ac3_ev,342,15,1.0,0.5333333333333333,0.6956521739130435,60
full60,5,TPC-DI__Joinable__prospect_both_50_70_ac4_ev,342,15,1.0,0.6,0.75,60
full60,5,ChEMBL__Joinable__assays_both_50_1_ec_ev,144,1,0.0,0.0,0.0,60
full60,5,ChEMBL__Joinable__assays_both_50_30_ac1_ev,210,6,1.0,0.6666666666666666,0.8,60
full60,5,OpenData__Semantically-Joinable__miller2_vertical_1_ac5_av,676,1,1.0,1.0,1.0,60
full60,5,TPC-DI__View-Unionable__prospect_both_0_30_ac5_av,196,6,0.0,0.0,0.0,60
full60,5,ChEMBL__Joinable__assays_both_50_30_ac4_ev,210,6,1.0,0.6666666666666666,0.8,60
full60,5,ChEMBL__View-Unionable__assays_both_0_1_ac3_ev,144,1,0.0,0.0,0.0,60
full60,5,ChEMBL__Joinable__assays_both_50_30_ac5_ev,210,6,1.0,0.5,0.6666666666666666,60
full60,5,ChEMBL__View-Unionable__assays_both_0_1_ac5_av,144,1,0.0,0.0,0.0,60
full60,5,ChEMBL__Joinable__assays_both_50_50_ac2_ev,289,11,1.0,0.7272727272727273,0.8421052631578947,60
full60,5,TPC-DI__Joinable__prospect_vertical_30_ac1_ev,196,6,1.0,1.0,1.0,60
full60,5,OpenData__Semantically-Joinable__miller2_vertical_30_ec_av,1089,15,1.0,0.4666666666666667,0.6363636363636364,60
full60,5,ChEMBL__View-Unionable__assays_both_0_1_ec_ev,144,1,0.0,0.0,0.0,60
full60,5,TPC-DI__View-Unionable__prospect_both_0_50_ac3_av,272,11,1.0,0.5454545454545454,0.7058823529411765,60
full60,5,ChEMBL__Joinable__assays_both_50_50_ac5_ev,289,11,1.0,0.5454545454545454,0.7058823529411765,60
full60,5,TPC-DI__Joinable__prospect_vertical_30_ac5_ev,196,6,1.0,0.8333333333333334,0.9090909090909091,60
full60,5,TPC-DI__View-Unionable__prospect_both_0_50_ac4_av,272,11,1.0,0.2727272727272727,0.42857142857142855,60
full60,5,ChEMBL__Joinable__assays_both_50_70_ac1_ev,380,16,1.0,0.4375,0.6086956521739131,60
full60,5,TPC-DI__View-Unionable__prospect_both_0_50_ac4_ev,272,11,1.0,0.7272727272727273,0.8421052631578947,60
full60,5,ChEMBL__Joinable__assays_both_50_70_ac2_ev,380,16,1.0,0.5,0.6666666666666666,60
full60,5,TPC-DI__View-Unionable__prospect_both_0_50_ac5_av,272,11,1.0,0.18181818181818182,0.3076923076923077,60
full60,5,ChEMBL__View-Unionable__assays_both_0_30_ac3_av,210,6,1.0,0.16666666666666666,0.2857142857142857,60
full60,5,OpenData__Semantically-Joinable__miller2_vertical_50_ec_av,1444,25,1.0,0.44,0.6111111111111112,60
full60,5,TPC-DI__Joinable__prospect_vertical_50_ac2_ev,272,11,1.0,1.0,1.0,60
full60,5,TPC-DI__View-Unionable__prospect_both_0_50_ac5_ev,272,11,1.0,0.36363636363636365,0.5333333333333333,60
full60,5,TPC-DI__Joinable__prospect_vertical_50_ac3_ev,272,11,1.0,1.0,1.0,60
full60,5,ChEMBL__View-Unionable__assays_both_0_30_ac4_av,210,6,0.0,0.0,0.0,60
full60,5,OpenData__Semantically-Joinable__miller2_vertical_70_ac3_av,1849,35,1.0,0.42857142857142855,0.6,60
full60,5,ChEMBL__View-Unionable__assays_both_0_30_ac5_av,210,6,1.0,0.16666666666666666,0.2857142857142857,60
full60,5,TPC-DI__View-Unionable__prospect_both_0_70_ac1_ev,342,15,1.0,0.4666666666666667,0.6363636363636364,60
full60,5,ChEMBL__Joinable__assays_vertical_1_ac3_ev,144,1,1.0,1.0,1.0,60
full60,5,ChEMBL__Joinable__assays_vertical_1_ac4_ev,144,1,1.0,1.0,1.0,60
full60,5,TPC-DI__Joinable__prospect_vertical_70_ac3_ev,342,15,1.0,1.0,1.0,60
full60,5,ChEMBL__Joinable__assays_vertical_1_ac5_ev,144,1,1.0,1.0,1.0,60
full60,5,OpenData__Unionable__miller2_horizontal_0_ac3_av,2601,51,1.0,0.5294117647058824,0.6923076923076923,60
full60,5,TPC-DI__Semantically-Joinable__prospect_both_50_1_ac1_av,132,1,0.0,0.0,0.0,60
full60,5,OpenData__Unionable__miller2_horizontal_0_ac3_ev,2601,51,1.0,0.5882352941176471,0.7407407407407407,60
full60,5,ChEMBL__Joinable__assays_vertical_30_ac4_ev,210,6,1.0,0.8333333333333334,0.9090909090909091,60
full60,5,TPC-DI__Semantically-Joinable__prospect_both_50_1_ac4_av,132,1,0.0,0.0,0.0,60
full60,5,TPC-DI__View-Unionable__prospect_both_0_70_ec_ev,342,15,1.0,0.3333333333333333,0.5,60
full60,5,TPC-DI__Semantically-Joinable__prospect_both_50_1_ac5_av,132,1,0.0,0.0,0.0,60
full60,5,Wikidata__Musicians__Musicians_joinable,169,6,1.0,0.8333333333333334,0.9090909090909091,60
full60,5,ChEMBL__View-Unionable__assays_both_0_50_ac5_av,289,11,1.0,0.18181818181818182,0.3076923076923077,60
full60,5,TPC-DI__Semantically-Joinable__prospect_both_50_30_ac1_av,196,6,1.0,0.16666666666666666,0.2857142857142857,60
full60,5,OpenData__Unionable__miller2_horizontal_100_ac1_av,2601,51,1.0,0.7450980392156863,0.8539325842696629,60
full60,5,ChEMBL__Joinable__assays_vertical_70_ac1_ev,380,16,1.0,0.8125,0.896551724137931,60
full60,5,ChEMBL__Joinable__assays_vertical_70_ac2_ev,380,16,1.0,0.9375,0.967741935483871,60
full60,5,TPC-DI__Semantically-Joinable__prospect_both_50_50_ac3_av,272,11,1.0,0.36363636363636365,0.5333333333333333,60
full60,5,ChEMBL__Joinable__assays_vertical_70_ac5_ev,380,16,1.0,0.6875,0.8148148148148148,60
full60,5,ChEMBL__View-Unionable__assays_both_0_70_ac4_av,380,16,1.0,0.4375,0.6086956521739131,60
full60,5,OpenData__Unionable__miller2_horizontal_100_ec_av,2601,51,1.0,0.6862745098039216,0.813953488372093,60
full60,5,ChEMBL__View-Unionable__assays_both_0_70_ec_ev,380,16,1.0,0.4375,0.6086956521739131,60
full60,5,OpenData__Unionable__miller2_horizontal_50_ac1_ev,2601,51,1.0,0.7450980392156863,0.8539325842696629,60
full60,5,Magellan__beeradvo_ratebeer,25,5,1.0,0.4,0.5714285714285714,60
full60,5,OpenData__Unionable__miller2_horizontal_50_ac3_ev,2601,51,1.0,0.5882352941176471,0.7407407407407407,60
full60,5,ChEMBL__Semantically-Joinable__assays_both_50_30_ac4_av,210,6,1.0,0.6666666666666666,0.8,60
full60,5,ChEMBL__Semantically-Joinable__assays_both_50_30_ec_av,210,6,1.0,0.3333333333333333,0.5,60
full60,5,TPC-DI__Semantically-Joinable__prospect_vertical_1_ac5_av,132,1,0.0,0.0,0.0,60
full60,5,ChEMBL__Semantically-Joinable__assays_both_50_50_ac1_av,289,11,1.0,0.2727272727272727,0.42857142857142855,60
full60,5,TPC-DI__Semantically-Joinable__prospect_vertical_30_ac1_av,196,6,1.0,0.3333333333333333,0.5,60
full60,5,OpenData__Joinable__miller2_both_50_1_ac5_ev,676,1,1.0,1.0,1.0,60
full60,5,TPC-DI__Semantically-Joinable__prospect_vertical_30_ac3_av,196,6,1.0,0.6666666666666666,0.8,60
full60,5,OpenData__Joinable__miller2_both_50_30_ac2_ev,1089,15,1.0,0.9333333333333333,0.9655172413793104,60
full60,5,OpenData__Joinable__miller2_both_50_30_ac4_ev,1089,15,1.0,0.8,0.8888888888888888,60
full60,5,ChEMBL__Semantically-Joinable__assays_both_50_70_ac5_av,380,16,1.0,0.3125,0.47619047619047616,60
full60,5,OpenData__Joinable__miller2_both_50_50_ac1_ev,1444,25,1.0,0.72,0.8372093023255814,60
full60,5,OpenData__View -Unionable__miller2_both_0_1_ec_av,676,1,0.0,0.0,0.0,60
full60,5,ChEMBL__Semantically-Joinable__assays_vertical_1_ac3_av,144,1,1.0,1.0,1.0,60
full60,5,OpenData__View -Unionable__miller2_both_0_1_ec_ev,676,1,0.0,0.0,0.0,60
full60,5,OpenData__Joinable__miller2_both_50_50_ec_ev,1444,25,1.0,0.68,0.8095238095238095,60
full60,5,TPC-DI__Semantically-Joinable__prospect_vertical_70_ac5_av,342,15,1.0,0.3333333333333333,0.5,60
full60,5,ChEMBL__Semantically-Joinable__assays_vertical_30_ac1_av,210,6,1.0,0.5,0.6666666666666666,60
full60,5,ChEMBL__Semantically-Joinable__assays_vertical_30_ac2_av,210,6,1.0,0.6666666666666666,0.8,60
full60,5,OpenData__Joinable__miller2_both_50_70_ac4_ev,1849,35,1.0,0.8857142857142857,0.9393939393939394,60
full60,5,OpenData__View -Unionable__miller2_both_0_30_ac3_ev,1089,15,1.0,0.7333333333333333,0.8461538461538461,60
full60,5,ChEMBL__Semantically-Joinable__assays_vertical_30_ac4_av,210,6,1.0,0.3333333333333333,0.5,60
full60,5,OpenData__View -Unionable__miller2_both_0_30_ac4_ev,1089,15,1.0,0.9333333333333333,0.9655172413793104,60
full60,5,OpenData__View -Unionable__miller2_both_0_30_ac5_ev,1089,15,1.0,0.4666666666666667,0.6363636363636364,60
full60,5,ChEMBL__Semantically-Joinable__assays_vertical_70_ec_av,380,16,1.0,0.25,0.4,60
full60,5,TPC-DI__Unionable__prospect_horizontal_100_ac3_av,484,22,1.0,0.5454545454545454,0.7058823529411765,60
full60,5,TPC-DI__Unionable__prospect_horizontal_100_ac3_ev,484,22,1.0,0.5454545454545454,0.7058823529411765,60
full60,5,OpenData__Joinable__miller2_vertical_50_ac4_ev,1444,25,0.88,0.88,0.88,60
full60,5,OpenData__View -Unionable__miller2_both_0_70_ac2_av,1849,35,1.0,0.6285714285714286,0.7719298245614035,60
full60,5,ChEMBL__Unionable__assays_horizontal_0_ac4_av,529,23,1.0,0.5217391304347826,0.6857142857142857,60
full60,5,TPC-DI__Unionable__prospect_horizontal_100_ec_ev,484,22,1.0,0.45454545454545453,0.625,60
full60,5,OpenData__Joinable__miller2_vertical_70_ac3_ev,1849,35,1.0,0.7142857142857143,0.8333333333333334,60
full60,5,OpenData__Joinable__miller2_vertical_70_ec_ev,1849,35,1.0,0.7428571428571429,0.8524590163934426,60
full60,5,TPC-DI__Unionable__prospect_horizontal_50_ac3_av,484,22,1.0,0.5454545454545454,0.7058823529411765,60
full60,5,OpenData__Semantically-Joinable__miller2_both_50_1_ac2_av,676,1,1.0,1.0,1.0,60
full60,5,ChEMBL__Unionable__assays_horizontal_100_ac3_av,529,23,1.0,0.391304347826087,0.5625,60
full60,5,TPC-DI__Joinable__prospect_both_50_1_ac5_ev,132,1,0.0,0.0,0.0,60
full60,5,TPC-DI__View-Unionable__prospect_both_0_1_ac1_av,132,1,0.0,0.0,0.0,60
full60,5,TPC-DI__View-Unionable__prospect_both_0_1_ac2_av,132,1,0.0,0.0,0.0,60
full60,5,ChEMBL__Unionable__assays_horizontal_100_ec_av,529,23,1.0,0.43478260869565216,0.6060606060606061,60
full60,5,TPC-DI__View-Unionable__prospect_both_0_1_ac4_av,132,1,0.0,0.0,0.0,60
full60,5,ChEMBL__Unionable__assays_horizontal_50_ac2_ev,529,23,1.0,0.6956521739130435,0.8205128205128205,60
full60,5,TPC-DI__View-Unionable__prospect_both_0_1_ec_av,132,1,0.0,0.0,0.0,60
full60,5,ChEMBL__Unionable__assays_horizontal_50_ac4_av,529,23,1.0,0.6521739130434783,0.7894736842105263,60
full60,5,OpenData__Semantically-Joinable__miller2_both_50_70_ac2_av,1849,35,1.0,0.5714285714285714,0.7272727272727273,60
full60,5,TPC-DI__Joinable__prospect_both_50_50_ac5_ev,272,11,1.0,0.45454545454545453,0.625,60
syn_only,0,ChEMBL__Unionable__assays_horizontal_50_ac5_av,529,23,1.0,0.391304347826087,0.5625,22
syn_only,0,OpenData__Semantically-Joinable__miller2_both_50_70_ac4_av,1849,35,1.0,0.2571428571428571,0.4090909090909091,22
syn_only,0,TPC-DI__Joinable__prospect_both_50_50_ec_ev,272,11,1.0,0.09090909090909091,0.16666666666666666,22
syn_only,0,TPC-DI__View-Unionable__prospect_both_0_30_ac1_ev,196,6,1.0,0.3333333333333333,0.5,22
syn_only,0,ChEMBL__Joinable__assays_both_50_1_ac2_ev,144,1,0.0,0.0,0.0,22
syn_only,0,ChEMBL__Unionable__assays_horizontal_50_ac5_ev,529,23,1.0,0.391304347826087,0.5625,22
syn_only,0,ChEMBL__Joinable__assays_both_50_1_ac3_ev,144,1,0.0,0.0,0.0,22
syn_only,0,TPC-DI__View-Unionable__prospect_both_0_30_ac2_ev,196,6,1.0,0.6666666666666666,0.8,22
syn_only,0,OpenData__Semantically-Joinable__miller2_vertical_1_ac4_av,676,1,0.0,0.0,0.0,22
syn_only,0,TPC-DI__Joinable__prospect_both_50_70_ec_ev,342,15,1.0,0.3333333333333333,0.5,22
syn_only,0,ChEMBL__View-Unionable__assays_both_0_1_ac2_ev,144,1,0.0,0.0,0.0,22
syn_only,0,TPC-DI__Joinable__prospect_vertical_1_ac2_ev,132,1,1.0,1.0,1.0,22
syn_only,0,TPC-DI__View-Unionable__prospect_both_0_30_ec_av,196,6,1.0,0.3333333333333333,0.5,22
syn_only,0,OpenData__Semantically-Joinable__miller2_vertical_30_ac2_av,1089,15,0.9285714285714286,0.8666666666666667,0.896551724137931,22
syn_only,0,ChEMBL__Joinable__assays_both_50_30_ec_ev,210,6,1.0,0.3333333333333333,0.5,22
syn_only,0,TPC-DI__View-Unionable__prospect_both_0_50_ac1_av,272,11,1.0,0.09090909090909091,0.16666666666666666,22
syn_only,0,TPC-DI__Joinable__prospect_vertical_1_ec_ev,132,1,1.0,1.0,1.0,22
syn_only,0,TPC-DI__View-Unionable__prospect_both_0_50_ac1_ev,272,11,1.0,0.36363636363636365,0.5333333333333333,22
syn_only,0,ChEMBL__View-Unionable__assays_both_0_30_ac1_av,210,6,1.0,0.16666666666666666,0.2857142857142857,22
syn_only,0,OpenData__Semantically-Joinable__miller2_vertical_50_ac3_av,1444,25,1.0,0.44,0.6111111111111112,22
syn_only,0,ChEMBL__View-Unionable__assays_both_0_30_ac2_av,210,6,1.0,0.5,0.6666666666666666,22
syn_only,0,OpenData__Semantically-Joinable__miller2_vertical_50_ac4_av,1444,25,0.8888888888888888,0.32,0.47058823529411764,22
syn_only,0,OpenData__Semantically-Joinable__miller2_vertical_50_ac5_av,1444,25,1.0,0.12,0.21428571428571427,22
syn_only,0,TPC-DI__Joinable__prospect_vertical_50_ac1_ev,272,11,1.0,0.9090909090909091,0.9523809523809523,22
syn_only,0,ChEMBL__Joinable__assays_both_50_70_ac3_ev,380,16,1.0,0.375,0.5454545454545454,22
syn_only,0,ChEMBL__Joinable__assays_both_50_70_ac4_ev,380,16,1.0,0.6875,0.8148148148148148,22
syn_only,0,OpenData__Semantically-Joinable__miller2_vertical_70_ac2_av,1849,35,0.9545454545454546,0.6,0.7368421052631579,22
syn_only,0,ChEMBL__Joinable__assays_both_50_70_ec_ev,380,16,1.0,0.375,0.5454545454545454,22
syn_only,0,TPC-DI__Joinable__prospect_vertical_50_ac5_ev,272,11,1.0,0.9090909090909091,0.9523809523809523,22
syn_only,0,OpenData__Semantically-Joinable__miller2_vertical_70_ac4_av,1849,35,0.9,0.2571428571428571,0.4,22
syn_only,0,TPC-DI__Joinable__prospect_vertical_50_ec_ev,272,11,1.0,0.7272727272727273,0.8421052631578947,22
syn_only,0,TPC-DI__Joinable__prospect_vertical_70_ac1_ev,342,15,1.0,1.0,1.0,22
syn_only,0,ChEMBL__View-Unionable__assays_both_0_30_ec_av,210,6,0.0,0.0,0.0,22
syn_only,0,OpenData__Unionable__miller2_horizontal_0_ac1_ev,2601,51,1.0,0.45098039215686275,0.6216216216216216,22
syn_only,0,TPC-DI__Joinable__prospect_vertical_70_ac4_ev,342,15,1.0,0.8666666666666667,0.9285714285714286,22
syn_only,0,TPC-DI__View-Unionable__prospect_both_0_70_ac3_ev,342,15,1.0,0.4666666666666667,0.6363636363636364,22
syn_only,0,ChEMBL__Joinable__assays_vertical_1_ec_ev,144,1,1.0,1.0,1.0,22
syn_only,0,OpenData__Unionable__miller2_horizontal_0_ac2_av,2601,51,0.9787234042553191,0.9019607843137255,0.9387755102040817,22
syn_only,0,TPC-DI__View-Unionable__prospect_both_0_70_ac4_ev,342,15,1.0,0.3333333333333333,0.5,22
syn_only,0,ChEMBL__Joinable__assays_vertical_30_ac3_ev,210,6,1.0,1.0,1.0,22
syn_only,0,ChEMBL__View-Unionable__assays_both_0_50_ac3_av,289,11,0.0,0.0,0.0,22
syn_only,0,TPC-DI__View-Unionable__prospect_both_0_70_ac5_ev,342,15,1.0,0.5333333333333333,0.6956521739130435,22
syn_only,0,ChEMBL__View-Unionable__assays_both_0_50_ac3_ev,289,11,1.0,0.45454545454545453,0.625,22
syn_only,0,ChEMBL__Joinable__assays_vertical_30_ec_ev,210,6,0.8,0.6666666666666666,0.7272727272727273,22
syn_only,0,ChEMBL__View-Unionable__assays_both_0_50_ac4_ev,289,11,1.0,0.36363636363636365,0.5333333333333333,22
syn_only,0,ChEMBL__Joinable__assays_vertical_50_ac2_ev,289,11,1.0,0.9090909090909091,0.9523809523809523,22
syn_only,0,Wikidata__Musicians__Musicians_unionable,400,19,0.9473684210526315,0.9473684210526315,0.9473684210526315,22
syn_only,0,ChEMBL__Joinable__assays_vertical_50_ac4_ev,289,11,1.0,0.8181818181818182,0.9,22
syn_only,0,ChEMBL__View-Unionable__assays_both_0_50_ec_ev,289,11,1.0,0.36363636363636365,0.5333333333333333,22
syn_only,0,ChEMBL__View-Unionable__assays_both_0_70_ac1_av,380,16,1.0,0.1875,0.3157894736842105,22
syn_only,0,OpenData__Unionable__miller2_horizontal_100_ac1_ev,2601,51,1.0,0.45098039215686275,0.6216216216216216,22
syn_only,0,ChEMBL__Joinable__assays_vertical_50_ec_ev,289,11,0.8571428571428571,0.5454545454545454,0.6666666666666666,22
syn_only,0,ChEMBL__View-Unionable__assays_both_0_70_ac2_av,380,16,1.0,0.375,0.5454545454545454,22
syn_only,0,TPC-DI__Semantically-Joinable__prospect_both_50_50_ac1_av,272,11,0.0,0.0,0.0,22
syn_only,0,ChEMBL__Joinable__assays_vertical_70_ac3_ev,380,16,1.0,0.6875,0.8148148148148148,22
syn_only,0,OpenData__Unionable__miller2_horizontal_100_ac3_ev,2601,51,1.0,0.6274509803921569,0.7710843373493976,22
syn_only,0,ChEMBL__View-Unionable__assays_both_0_70_ac3_ev,380,16,1.0,0.375,0.5454545454545454,22
syn_only,0,OpenData__Unionable__miller2_horizontal_100_ac4_ev,2601,51,1.0,0.6666666666666666,0.8,22
syn_only,0,TPC-DI__Semantically-Joinable__prospect_both_50_50_ac4_av,272,11,1.0,0.2727272727272727,0.42857142857142855,22
syn_only,0,ChEMBL__Joinable__assays_vertical_70_ec_ev,380,16,0.9090909090909091,0.625,0.7407407407407407,22
syn_only,0,ChEMBL__View-Unionable__assays_both_0_70_ac4_ev,380,16,1.0,0.625,0.7692307692307693,22
syn_only,0,TPC-DI__Semantically-Joinable__prospect_both_50_50_ac5_av,272,11,1.0,0.2727272727272727,0.42857142857142855,22
syn_only,0,ChEMBL__View-Unionable__assays_both_0_70_ac5_av,380,16,1.0,0.125,0.2222222222222222,22
syn_only,0,OpenData__Unionable__miller2_horizontal_100_ac5_ev,2601,51,1.0,0.39215686274509803,0.5633802816901409,22
syn_only,0,ChEMBL__Semantically-Joinable__assays_both_50_1_ac2_av,144,1,0.0,0.0,0.0,22
syn_only,0,ChEMBL__View-Unionable__assays_both_0_70_ac5_ev,380,16,1.0,0.4375,0.6086956521739131,22
syn_only,0,TPC-DI__Semantically-Joinable__prospect_both_50_70_ac1_av,342,15,0.6,0.2,0.3,22
syn_only,0,ChEMBL__View-Unionable__assays_both_0_70_ec_av,380,16,0.0,0.0,0.0,22
syn_only,0,ChEMBL__Semantically-Joinable__assays_both_50_1_ac4_av,144,1,0.0,0.0,0.0,22
syn_only,0,OpenData__Unionable__miller2_horizontal_50_ac1_av,2601,51,1.0,0.45098039215686275,0.6216216216216216,22
syn_only,0,ChEMBL__Semantically-Joinable__assays_both_50_1_ec_av,144,1,0.0,0.0,0.0,22
syn_only,0,TPC-DI__Semantically-Joinable__prospect_both_50_70_ac5_av,342,15,1.0,0.26666666666666666,0.42105263157894735,22
syn_only,0,ChEMBL__Semantically-Joinable__assays_both_50_30_ac1_av,210,6,0.0,0.0,0.0,22
syn_only,0,Magellan__dblp_acm,25,5,1.0,1.0,1.0,22
syn_only,0,ChEMBL__Semantically-Joinable__assays_both_50_30_ac2_av,210,6,1.0,0.16666666666666666,0.2857142857142857,22
syn_only,0,Magellan__dblp_scholar,25,5,1.0,0.6,0.75,22
syn_only,0,OpenData__Unionable__miller2_horizontal_50_ac3_av,2601,51,1.0,0.6274509803921569,0.7710843373493976,22
syn_only,0,TPC-DI__Semantically-Joinable__prospect_vertical_1_ac2_av,132,1,1.0,1.0,1.0,22
syn_only,0,OpenData__Unionable__miller2_horizontal_50_ac4_av,2601,51,1.0,0.6666666666666666,0.8,22
syn_only,0,TPC-DI__Semantically-Joinable__prospect_vertical_1_ac4_av,132,1,1.0,1.0,1.0,22
syn_only,0,OpenData__Joinable__miller2_both_50_1_ac1_ev,676,1,0.0,0.0,0.0,22
syn_only,0,OpenData__Joinable__miller2_both_50_1_ac2_ev,676,1,1.0,1.0,1.0,22
syn_only,0,OpenData__Unionable__miller2_horizontal_50_ac5_ev,2601,51,1.0,0.39215686274509803,0.5633802816901409,22
syn_only,0,TPC-DI__Semantically-Joinable__prospect_vertical_1_ec_av,132,1,1.0,1.0,1.0,22
syn_only,0,ChEMBL__Semantically-Joinable__assays_both_50_50_ac2_av,289,11,1.0,0.2727272727272727,0.42857142857142855,22
syn_only,0,OpenData__Joinable__miller2_both_50_1_ac3_ev,676,1,1.0,1.0,1.0,22
syn_only,0,OpenData__Unionable__miller2_horizontal_50_ec_ev,2601,51,1.0,0.49019607843137253,0.6578947368421053,22
syn_only,0,ChEMBL__Semantically-Joinable__assays_both_50_50_ac5_av,289,11,1.0,0.18181818181818182,0.3076923076923077,22
syn_only,0,ChEMBL__Semantically-Joinable__assays_both_50_50_ec_av,289,11,0.0,0.0,0.0,22
syn_only,0,TPC-DI__Semantically-Joinable__prospect_vertical_30_ac5_av,196,6,1.0,0.5,0.6666666666666666,22
syn_only,0,OpenData__View -Unionable__miller2_both_0_1_ac2_ev,676,1,1.0,1.0,1.0,22
syn_only,0,OpenData__View -Unionable__miller2_both_0_1_ac3_av,676,1,1.0,1.0,1.0,22
syn_only,0,TPC-DI__Semantically-Joinable__prospect_vertical_50_ac1_av,272,11,1.0,0.5454545454545454,0.7058823529411765,22
syn_only,0,TPC-DI__Semantically-Joinable__prospect_vertical_50_ac2_av,272,11,1.0,0.45454545454545453,0.625,22
syn_only,0,OpenData__Joinable__miller2_both_50_30_ec_ev,1089,15,1.0,0.4666666666666667,0.6363636363636364,22
syn_only,0,TPC-DI__Semantically-Joinable__prospect_vertical_50_ac4_av,272,11,0.8,0.36363636363636365,0.5,22
syn_only,0,TPC-DI__Semantically-Joinable__prospect_vertical_50_ec_av,272,11,1.0,0.7272727272727273,0.8421052631578947,22
syn_only,0,TPC-DI__Semantically-Joinable__prospect_vertical_70_ac2_av,342,15,0.7142857142857143,0.3333333333333333,0.45454545454545453,22
syn_only,0,OpenData__Joinable__miller2_both_50_50_ac5_ev,1444,25,1.0,0.24,0.3870967741935484,22
syn_only,0,ChEMBL__Semantically-Joinable__assays_vertical_1_ac5_av,144,1,1.0,1.0,1.0,22
syn_only,0,OpenData__Joinable__miller2_both_50_70_ac1_ev,1849,35,1.0,0.42857142857142855,0.6,22
syn_only,0,OpenData__View -Unionable__miller2_both_0_30_ac3_av,1089,15,1.0,0.4,0.5714285714285714,22
syn_only,0,TPC-DI__Unionable__prospect_horizontal_0_ac1_av,484,22,1.0,0.3181818181818182,0.4827586206896552,22
syn_only,0,OpenData__Joinable__miller2_both_50_70_ac5_ev,1849,35,1.0,0.45714285714285713,0.6274509803921569,22
syn_only,0,OpenData__View -Unionable__miller2_both_0_30_ac4_av,1089,15,1.0,0.26666666666666666,0.42105263157894735,22
syn_only,0,ChEMBL__Semantically-Joinable__assays_vertical_30_ac5_av,210,6,1.0,0.5,0.6666666666666666,22
syn_only,0,TPC-DI__Unionable__prospect_horizontal_0_ac2_ev,484,22,1.0,0.7727272727272727,0.8717948717948718,22
syn_only,0,ChEMBL__Semantically-Joinable__assays_vertical_30_ec_av,210,6,1.0,0.16666666666666666,0.2857142857142857,22
syn_only,0,OpenData__View -Unionable__miller2_both_0_30_ac5_av,1089,15,0.0,0.0,0.0,22
syn_only,0,TPC-DI__Unionable__prospect_horizontal_0_ac3_av,484,22,1.0,0.5454545454545454,0.7058823529411765,22
syn_only,0,TPC-DI__Unionable__prospect_horizontal_0_ac4_av,484,22,1.0,0.5454545454545454,0.7058823529411765,22
syn_only,0,OpenData__Joinable__miller2_vertical_1_ac4_ev,676,1,0.0,0.0,0.0,22
syn_only,0,ChEMBL__Semantically-Joinable__assays_vertical_50_ac4_av,289,11,1.0,0.45454545454545453,0.625,22
syn_only,0,ChEMBL__Semantically-Joinable__assays_vertical_50_ac5_av,289,11,1.0,0.5454545454545454,0.7058823529411765,22
syn_only,0,OpenData__View -Unionable__miller2_both_0_50_ac2_av,1444,25,1.0,0.48,0.6486486486486487,22
syn_only,0,OpenData__Joinable__miller2_vertical_30_ac2_ev,1089,15,1.0,0.9333333333333333,0.9655172413793104,22
syn_only,0,OpenData__View -Unionable__miller2_both_0_50_ac2_ev,1444,25,1.0,0.96,0.9795918367346939,22
syn_only,0,TPC-DI__Unionable__prospect_horizontal_0_ec_ev,484,22,1.0,0.2727272727272727,0.42857142857142855,22
syn_only,0,ChEMBL__Semantically-Joinable__assays_vertical_70_ac2_av,380,16,1.0,0.625,0.7692307692307693,22
syn_only,0,OpenData__Joinable__miller2_vertical_30_ac3_ev,1089,15,1.0,0.8,0.8888888888888888,22
syn_only,0,OpenData__View -Unionable__miller2_both_0_50_ac3_ev,1444,25,1.0,0.64,0.7804878048780488,22
syn_only,0,TPC-DI__Unionable__prospect_horizontal_100_ac2_ev,484,22,1.0,0.7727272727272727,0.8717948717948718,22
syn_only,0,OpenData__Joinable__miller2_vertical_50_ac1_ev,1444,25,1.0,0.76,0.8636363636363636,22
syn_only,0,OpenData__View -Unionable__miller2_both_0_50_ac5_av,1444,25,1.0,0.08,0.14814814814814814,22
syn_only,0,ChEMBL__Unionable__assays_horizontal_0_ac1_av,529,23,1.0,0.43478260869565216,0.6060606060606061,22
syn_only,0,OpenData__View -Unionable__miller2_both_0_50_ac5_ev,1444,25,1.0,0.36,0.5294117647058824,22
syn_only,0,OpenData__Joinable__miller2_vertical_50_ac3_ev,1444,25,1.0,0.64,0.7804878048780488,22
syn_only,0,OpenData__View -Unionable__miller2_both_0_50_ec_av,1444,25,1.0,0.04,0.07692307692307693,22
syn_only,0,ChEMBL__Unionable__assays_horizontal_0_ac2_av,529,23,1.0,0.6521739130434783,0.7894736842105263,22
syn_only,0,ChEMBL__Unionable__assays_horizontal_0_ac2_ev,529,23,1.0,0.782608695652174,0.8780487804878049,22
syn_only,0,TPC-DI__Unionable__prospect_horizontal_100_ac5_av,484,22,1.0,0.45454545454545453,0.625,22
syn_only,0,ChEMBL__Unionable__assays_horizontal_0_ac3_av,529,23,1.0,0.30434782608695654,0.4666666666666667,22
syn_only,0,OpenData__Joinable__miller2_vertical_50_ec_ev,1444,25,1.0,0.72,0.8372093023255814,22
syn_only,0,OpenData__Joinable__miller2_vertical_70_ac2_ev,1849,35,1.0,0.9714285714285714,0.9855072463768116,22
syn_only,0,ChEMBL__Unionable__assays_horizontal_0_ac4_ev,529,23,1.0,0.5652173913043478,0.7222222222222222,22
syn_only,0,OpenData__Joinable__miller2_vertical_70_ac4_ev,1849,35,0.9629629629629629,0.7428571428571429,0.8387096774193549,22
syn_only,0,OpenData__View -Unionable__miller2_both_0_70_ac3_ev,1849,35,1.0,0.5714285714285714,0.7272727272727273,22
syn_only,0,TPC-DI__Unionable__prospect_horizontal_50_ac1_ev,484,22,1.0,0.3181818181818182,0.4827586206896552,22
syn_only,0,OpenData__View -Unionable__miller2_both_0_70_ac4_av,1849,35,1.0,0.2857142857142857,0.4444444444444444,22
syn_only,0,ChEMBL__Unionable__assays_horizontal_0_ec_ev,529,23,1.0,0.30434782608695654,0.4666666666666667,22
syn_only,0,OpenData__Semantically-Joinable__miller2_both_50_1_ac1_av,676,1,0.0,0.0,0.0,22
syn_only,0,TPC-DI__Unionable__prospect_horizontal_50_ac3_ev,484,22,1.0,0.5454545454545454,0.7058823529411765,22
syn_only,0,OpenData__Semantically-Joinable__miller2_both_50_1_ac4_av,676,1,0.0,0.0,0.0,22
syn_only,0,OpenData__View -Unionable__miller2_both_0_70_ec_ev,1849,35,1.0,0.42857142857142855,0.6,22
syn_only,0,TPC-DI__Unionable__prospect_horizontal_50_ac4_ev,484,22,1.0,0.5909090909090909,0.7428571428571429,22
syn_only,0,OpenData__Semantically-Joinable__miller2_both_50_1_ac5_av,676,1,0.0,0.0,0.0,22
syn_only,0,TPC-DI__Unionable__prospect_horizontal_50_ac5_av,484,22,1.0,0.45454545454545453,0.625,22
syn_only,0,OpenData__Semantically-Joinable__miller2_both_50_1_ec_av,676,1,0.0,0.0,0.0,22
syn_only,0,TPC-DI__Joinable__prospect_both_50_1_ac2_ev,132,1,0.0,0.0,0.0,22
syn_only,0,ChEMBL__Unionable__assays_horizontal_100_ac4_av,529,23,1.0,0.5652173913043478,0.7222222222222222,22
syn_only,0,TPC-DI__Joinable__prospect_both_50_1_ac4_ev,132,1,0.0,0.0,0.0,22
syn_only,0,TPC-DI__View-Unionable__prospect_both_0_1_ac1_ev,132,1,0.0,0.0,0.0,22
syn_only,0,OpenData__Semantically-Joinable__miller2_both_50_30_ec_av,1089,15,1.0,0.2,0.3333333333333333,22
syn_only,0,TPC-DI__Joinable__prospect_both_50_30_ac2_ev,196,6,1.0,0.5,0.6666666666666666,22
syn_only,0,ChEMBL__Unionable__assays_horizontal_100_ec_ev,529,23,1.0,0.30434782608695654,0.4666666666666667,22
syn_only,0,OpenData__Semantically-Joinable__miller2_both_50_50_ac1_av,1444,25,1.0,0.24,0.3870967741935484,22
syn_only,0,TPC-DI__Joinable__prospect_both_50_30_ac3_ev,196,6,1.0,0.3333333333333333,0.5,22
syn_only,0,TPC-DI__View-Unionable__prospect_both_0_1_ac3_av,132,1,0.0,0.0,0.0,22
syn_only,0,OpenData__Semantically-Joinable__miller2_both_50_50_ac2_av,1444,25,0.9333333333333333,0.56,0.7,22
syn_only,0,TPC-DI__Joinable__prospect_both_50_30_ac5_ev,196,6,1.0,0.5,0.6666666666666666,22
syn_only,0,TPC-DI__Joinable__prospect_both_50_30_ec_ev,196,6,1.0,0.16666666666666666,0.2857142857142857,22
syn_only,0,TPC-DI__View-Unionable__prospect_both_0_1_ac4_ev,132,1,0.0,0.0,0.0,22
syn_only,0,TPC-DI__View-Unionable__prospect_both_0_1_ac5_av,132,1,0.0,0.0,0.0,22
syn_only,0,ChEMBL__Unionable__assays_horizontal_50_ac3_av,529,23,1.0,0.30434782608695654,0.4666666666666667,22
syn_only,0,TPC-DI__View-Unionable__prospect_both_0_1_ec_ev,132,1,0.0,0.0,0.0,22
syn_only,0,TPC-DI__View-Unionable__prospect_both_0_30_ac1_av,196,6,1.0,0.16666666666666666,0.2857142857142857,22
syn_only,1,ChEMBL__Joinable__assays_both_50_1_ac1_ev,144,1,0.0,0.0,0.0,22
syn_only,1,OpenData__Semantically-Joinable__miller2_both_50_70_ac4_av,1849,35,1.0,0.4,0.5714285714285714,22
syn_only,1,TPC-DI__View-Unionable__prospect_both_0_30_ac1_ev,196,6,1.0,0.3333333333333333,0.5,22
syn_only,1,ChEMBL__Joinable__assays_both_50_1_ac2_ev,144,1,0.0,0.0,0.0,22
syn_only,1,ChEMBL__Unionable__assays_horizontal_50_ac5_ev,529,23,1.0,0.34782608695652173,0.5161290322580645,22
syn_only,1,TPC-DI__View-Unionable__prospect_both_0_30_ac2_av,196,6,1.0,0.5,0.6666666666666666,22
syn_only,1,ChEMBL__Joinable__assays_both_50_1_ac3_ev,144,1,0.0,0.0,0.0,22
syn_only,1,OpenData__Semantically-Joinable__miller2_both_50_70_ec_av,1849,35,0.8947368421052632,0.4857142857142857,0.6296296296296297,22
syn_only,1,ChEMBL__Joinable__assays_both_50_1_ac5_ev,144,1,0.0,0.0,0.0,22
syn_only,1,TPC-DI__View-Unionable__prospect_both_0_30_ac3_ev,196,6,0.0,0.0,0.0,22
syn_only,1,OpenData__Semantically-Joinable__miller2_vertical_1_ac3_av,676,1,1.0,1.0,1.0,22
syn_only,1,ChEMBL__View-Unionable__assays_both_0_1_ac2_ev,144,1,0.0,0.0,0.0,22
syn_only,1,TPC-DI__Joinable__prospect_vertical_1_ac3_ev,132,1,1.0,1.0,1.0,22
syn_only,1,TPC-DI__Joinable__prospect_vertical_1_ac4_ev,132,1,1.0,1.0,1.0,22
syn_only,1,ChEMBL__Joinable__assays_both_50_30_ec_ev,210,6,1.0,0.6666666666666666,0.8,22
syn_only,1,OpenData__Semantically-Joinable__miller2_vertical_30_ac3_av,1089,15,1.0,0.6,0.75,22
syn_only,1,TPC-DI__View-Unionable__prospect_both_0_50_ac1_av,272,11,1.0,0.18181818181818182,0.3076923076923077,22
syn_only,1,ChEMBL__Joinable__assays_both_50_50_ac1_ev,289,11,1.0,0.36363636363636365,0.5333333333333333,22
syn_only,1,OpenData__Semantically-Joinable__miller2_vertical_30_ac4_av,1089,15,1.0,0.3333333333333333,0.5,22
syn_only,1,TPC-DI__Joinable__prospect_vertical_1_ec_ev,132,1,1.0,1.0,1.0,22
syn_only,1,TPC-DI__View-Unionable__prospect_both_0_50_ac1_ev,272,11,1.0,0.36363636363636365,0.5333333333333333,22
syn_only,1,ChEMBL__View-Unionable__assays_both_0_1_ac5_ev,144,1,0.0,0.0,0.0,22
syn_only,1,OpenData__Semantically-Joinable__miller2_vertical_30_ac5_av,1089,15,1.0,0.06666666666666667,0.125,22
syn_only,1,TPC-DI__View-Unionable__prospect_both_0_50_ac2_ev,272,11,1.0,0.45454545454545453,0.625,22
syn_only,1,ChEMBL__View-Unionable__assays_both_0_30_ac1_av,210,6,1.0,0.3333333333333333,0.5,22
syn_only,1,ChEMBL__View-Unionable__assays_both_0_30_ac1_ev,210,6,1.0,0.3333333333333333,0.5,22
syn_only,1,OpenData__Semantically-Joinable__miller2_vertical_50_ac3_av,1444,25,1.0,0.4,0.5714285714285714,22
syn_only,1,TPC-DI__Joinable__prospect_vertical_30_ec_ev,196,6,1.0,1.0,1.0,22
syn_only,1,ChEMBL__View-Unionable__assays_both_0_30_ac2_ev,210,6,1.0,0.5,0.6666666666666666,22
syn_only,1,TPC-DI__Joinable__prospect_vertical_50_ac1_ev,272,11,1.0,0.9090909090909091,0.9523809523809523,22
syn_only,1,OpenData__Semantically-Joinable__miller2_vertical_70_ac1_av,1849,35,1.0,0.3142857142857143,0.4782608695652174,22
syn_only,1,TPC-DI__View-Unionable__prospect_both_0_50_ec_av,272,11,0.7142857142857143,0.45454545454545453,0.5555555555555556,22
syn_only,1,ChEMBL__Joinable__assays_both_50_70_ec_ev,380,16,1.0,0.8125,0.896551724137931,22
syn_only,1,TPC-DI__Joinable__prospect_vertical_50_ac5_ev,272,11,1.0,1.0,1.0,22
syn_only,1,ChEMBL__Joinable__assays_vertical_1_ac1_ev,144,1,1.0,1.0,1.0,22
syn_only,1,ChEMBL__Joinable__assays_vertical_1_ac2_ev,144,1,1.0,1.0,1.0,22
syn_only,1,TPC-DI__View-Unionable__prospect_both_0_70_ac2_av,342,15,1.0,0.4666666666666667,0.6363636363636364,22
syn_only,1,ChEMBL__View-Unionable__assays_both_0_30_ec_av,210,6,1.0,0.3333333333333333,0.5,22
syn_only,1,OpenData__Semantically-Joinable__miller2_vertical_70_ec_av,1849,35,1.0,0.6857142857142857,0.8135593220338984,22
syn_only,1,TPC-DI__View-Unionable__prospect_both_0_70_ac2_ev,342,15,1.0,0.6,0.75,22
syn_only,1,ChEMBL__View-Unionable__assays_both_0_30_ec_ev,210,6,1.0,0.8333333333333334,0.9090909090909091,22
syn_only,1,OpenData__Unionable__miller2_horizontal_0_ac1_ev,2601,51,1.0,0.45098039215686275,0.6216216216216216,22
syn_only,1,TPC-DI__Joinable__prospect_vertical_70_ac5_ev,342,15,1.0,1.0,1.0,22
syn_only,1,OpenData__Unionable__miller2_horizontal_0_ac2_ev,2601,51,1.0,0.9019607843137255,0.9484536082474226,22
syn_only,1,TPC-DI__Joinable__prospect_vertical_70_ec_ev,342,15,1.0,1.0,1.0,22
syn_only,1,TPC-DI__View-Unionable__prospect_both_0_70_ac5_av,342,15,1.0,0.13333333333333333,0.23529411764705882,22
syn_only,1,ChEMBL__Joinable__assays_vertical_30_ac3_ev,210,6,1.0,1.0,1.0,22
syn_only,1,TPC-DI__View-Unionable__prospect_both_0_70_ac5_ev,342,15,1.0,0.3333333333333333,0.5,22
syn_only,1,OpenData__Unionable__miller2_horizontal_0_ac4_av,2601,51,1.0,0.5490196078431373,0.7088607594936709,22
syn_only,1,TPC-DI__Semantically-Joinable__prospect_both_50_1_ac3_av,132,1,0.0,0.0,0.0,22
syn_only,1,ChEMBL__Joinable__assays_vertical_30_ac5_ev,210,6,1.0,0.6666666666666666,0.8,22
syn_only,1,OpenData__Unionable__miller2_horizontal_0_ac4_ev,2601,51,1.0,0.5882352941176471,0.7407407407407407,22
syn_only,1,ChEMBL__Joinable__assays_vertical_30_ec_ev,210,6,1.0,1.0,1.0,22
syn_only,1,ChEMBL__Joinable__assays_vertical_50_ac1_ev,289,11,1.0,0.8181818181818182,0.9,22
syn_only,1,Wikidata__Musicians__Musicians_semjoinable,196,8,1.0,0.875,0.9333333333333333,22
syn_only,1,ChEMBL__View-Unionable__assays_both_0_50_ac5_ev,289,11,1.0,0.2727272727272727,0.42857142857142855,22
syn_only,1,OpenData__Unionable__miller2_horizontal_0_ec_av,2601,51,0.9387755102040817,0.9019607843137255,0.92,22
syn_only,1,ChEMBL__View-Unionable__assays_both_0_50_ec_av,289,11,1.0,0.36363636363636365,0.5333333333333333,22
syn_only,1,TPC-DI__Semantically-Joinable__prospect_both_50_30_ac3_av,196,6,0.0,0.0,0.0,22
syn_only,1,TPC-DI__Semantically-Joinable__prospect_both_50_30_ac4_av,196,6,1.0,0.3333333333333333,0.5,22
syn_only,1,OpenData__Unionable__miller2_horizontal_100_ac2_ev,2601,51,1.0,0.9019607843137255,0.9484536082474226,22
syn_only,1,TPC-DI__Semantically-Joinable__prospect_both_50_30_ec_av,196,6,0.5,0.16666666666666666,0.25,22
syn_only,1,ChEMBL__Joinable__assays_vertical_70_ac3_ev,380,16,1.0,0.75,0.8571428571428571,22
syn_only,1,ChEMBL__View-Unionable__assays_both_0_70_ac3_av,380,16,1.0,0.125,0.2222222222222222,22
syn_only,1,ChEMBL__Joinable__assays_vertical_70_ac4_ev,380,16,1.0,0.8125,0.896551724137931,22
syn_only,1,OpenData__Unionable__miller2_horizontal_100_ac4_av,2601,51,1.0,0.6470588235294118,0.7857142857142857,22
syn_only,1,ChEMBL__View-Unionable__assays_both_0_70_ac4_ev,380,16,1.0,0.375,0.5454545454545454,22
syn_only,1,OpenData__Unionable__miller2_horizontal_100_ac5_av,2601,51,1.0,0.37254901960784315,0.5428571428571428,22
syn_only,1,ChEMBL__View-Unionable__assays_both_0_70_ac5_av,380,16,1.0,0.25,0.4,22
syn_only,1,OpenData__Unionable__miller2_horizontal_100_ac5_ev,2601,51,1.0,0.37254901960784315,0.5428571428571428,22
syn_only,1,TPC-DI__Semantically-Joinable__prospect_both_50_50_ec_av,272,11,1.0,0.2727272727272727,0.42857142857142855,22
syn_only,1,ChEMBL__View-Unionable__assays_both_0_70_ac5_ev,380,16,1.0,0.375,0.5454545454545454,22
syn_only,1,ChEMBL__View-Unionable__assays_both_0_70_ec_av,380,16,1.0,0.5,0.6666666666666666,22
syn_only,1,OpenData__Unionable__miller2_horizontal_100_ec_ev,2601,51,1.0,0.9019607843137255,0.9484536082474226,22
syn_only,1,ChEMBL__Semantically-Joinable__assays_both_50_1_ac4_av,144,1,0.0,0.0,0.0,22
syn_only,1,TPC-DI__Semantically-Joinable__prospect_both_50_70_ac4_av,342,15,1.0,0.13333333333333333,0.23529411764705882,22
syn_only,1,ChEMBL__Semantically-Joinable__assays_both_50_30_ac1_av,210,6,1.0,0.16666666666666666,0.2857142857142857,22
syn_only,1,Magellan__dblp_acm,25,5,1.0,1.0,1.0,22
syn_only,1,OpenData__Unionable__miller2_horizontal_50_ac2_ev,2601,51,1.0,0.9411764705882353,0.9696969696969697,22
syn_only,1,Magellan__fodors_zagats,49,7,1.0,0.7142857142857143,0.8333333333333334,22
syn_only,1,TPC-DI__Semantically-Joinable__prospect_vertical_1_ac3_av,132,1,1.0,1.0,1.0,22
syn_only,1,ChEMBL__Semantically-Joinable__assays_both_50_50_ac3_av,289,11,1.0,0.09090909090909091,0.16666666666666666,22
syn_only,1,TPC-DI__Semantically-Joinable__prospect_vertical_30_ac2_av,196,6,0.6666666666666666,0.6666666666666666,0.6666666666666666,22
syn_only,1,OpenData__Joinable__miller2_both_50_1_ec_ev,676,1,1.0,1.0,1.0,22
syn_only,1,OpenData__View -Unionable__miller2_both_0_1_ac1_ev,676,1,0.0,0.0,0.0,22
syn_only,1,TPC-DI__Semantically-Joinable__prospect_vertical_30_ac4_av,196,6,1.0,0.6666666666666666,0.8,22
syn_only,1,OpenData__Joinable__miller2_both_50_30_ac1_ev,1089,15,1.0,0.4,0.5714285714285714,22
syn_only,1,TPC-DI__Semantically-Joinable__prospect_vertical_30_ac5_av,196,6,1.0,0.5,0.6666666666666666,22
syn_only,1,ChEMBL__Semantically-Joinable__assays_both_50_70_ac1_av,380,16,1.0,0.25,0.4,22
syn_only,1,ChEMBL__Semantically-Joinable__assays_both_50_70_ac2_av,380,16,1.0,0.625,0.7692307692307693,22
syn_only,1,TPC-DI__Semantically-Joinable__prospect_vertical_50_ac1_av,272,11,1.0,0.45454545454545453,0.625,22
syn_only,1,OpenData__View -Unionable__miller2_both_0_1_ac3_ev,676,1,1.0,1.0,1.0,22
syn_only,1,ChEMBL__Semantically-Joinable__assays_both_50_70_ac4_av,380,16,1.0,0.25,0.4,22
syn_only,1,OpenData__View -Unionable__miller2_both_0_1_ac4_av,676,1,1.0,1.0,1.0,22
syn_only,1,TPC-DI__Semantically-Joinable__prospect_vertical_50_ac3_av,272,11,1.0,0.45454545454545453,0.625,22
syn_only,1,OpenData__Joinable__miller2_both_50_30_ec_ev,1089,15,1.0,0.9333333333333333,0.9655172413793104,22
syn_only,1,OpenData__View -Unionable__miller2_both_0_1_ac4_ev,676,1,1.0,1.0,1.0,22
syn_only,1,ChEMBL__Semantically-Joinable__assays_both_50_70_ec_av,380,16,1.0,0.4375,0.6086956521739131,22
syn_only,1,ChEMBL__Semantically-Joinable__assays_vertical_1_ac1_av,144,1,1.0,1.0,1.0,22
syn_only,1,OpenData__View -Unionable__miller2_both_0_1_ac5_ev,676,1,1.0,1.0,1.0,22
syn_only,1,OpenData__Joinable__miller2_both_50_50_ac3_ev,1444,25,1.0,0.68,0.8095238095238095,22
syn_only,1,TPC-DI__Semantically-Joinable__prospect_vertical_70_ac1_av,342,15,0.6666666666666666,0.26666666666666666,0.38095238095238093,22
syn_only,1,OpenData__Joinable__miller2_both_50_50_ac5_ev,1444,25,1.0,0.24,0.3870967741935484,22
syn_only,1,OpenData__View -Unionable__miller2_both_0_30_ac1_ev,1089,15,1.0,0.4666666666666667,0.6363636363636364,22
syn_only,1,OpenData__View -Unionable__miller2_both_0_30_ac2_av,1089,15,1.0,0.6666666666666666,0.8,22
syn_only,1,OpenData__Joinable__miller2_both_50_70_ac2_ev,1849,35,0.9393939393939394,0.8857142857142857,0.9117647058823529,22
syn_only,1,TPC-DI__Semantically-Joinable__prospect_vertical_70_ec_av,342,15,0.9090909090909091,0.6666666666666666,0.7692307692307693,22
syn_only,1,OpenData__Joinable__miller2_both_50_70_ac3_ev,1849,35,1.0,0.5714285714285714,0.7272727272727273,22
syn_only,1,OpenData__View -Unionable__miller2_both_0_30_ac3_av,1089,15,1.0,0.4,0.5714285714285714,22
syn_only,1,TPC-DI__Unionable__prospect_horizontal_0_ac1_av,484,22,1.0,0.3181818181818182,0.4827586206896552,22
syn_only,1,OpenData__Joinable__miller2_both_50_70_ac5_ev,1849,35,1.0,0.4857142857142857,0.6538461538461539,22
syn_only,1,TPC-DI__Unionable__prospect_horizontal_0_ac2_av,484,22,1.0,0.5,0.6666666666666666,22
syn_only,1,ChEMBL__Semantically-Joinable__assays_vertical_30_ac5_av,210,6,1.0,0.3333333333333333,0.5,22
syn_only,1,OpenData__Joinable__miller2_both_50_70_ec_ev,1849,35,1.0,0.8857142857142857,0.9393939393939394,22
syn_only,1,ChEMBL__Semantically-Joinable__assays_vertical_50_ac1_av,289,11,1.0,0.8181818181818182,0.9,22
syn_only,1,TPC-DI__Unionable__prospect_horizontal_0_ac3_ev,484,22,1.0,0.22727272727272727,0.37037037037037035,22
syn_only,1,ChEMBL__Semantically-Joinable__assays_vertical_50_ac2_av,289,11,1.0,0.7272727272727273,0.8421052631578947,22
syn_only,1,OpenData__View -Unionable__miller2_both_0_30_ec_av,1089,15,1.0,0.6666666666666666,0.8,22
syn_only,1,TPC-DI__Unionable__prospect_horizontal_0_ac4_av,484,22,1.0,0.36363636363636365,0.5333333333333333,22
syn_only,1,OpenData__View -Unionable__miller2_both_0_30_ec_ev,1089,15,1.0,0.9333333333333333,0.9655172413793104,22
syn_only,1,TPC-DI__Unionable__prospect_horizontal_0_ac4_ev,484,22,1.0,0.4090909090909091,0.5806451612903226,22
syn_only,1,OpenData__Joinable__miller2_vertical_1_ac5_ev,676,1,1.0,1.0,1.0,22
syn_only,1,TPC-DI__Unionable__prospect_horizontal_0_ac5_ev,484,22,1.0,0.3181818181818182,0.4827586206896552,22
syn_only,1,ChEMBL__Semantically-Joinable__assays_vertical_50_ec_av,289,11,1.0,0.7272727272727273,0.8421052631578947,22
syn_only,1,OpenData__View -Unionable__miller2_both_0_50_ac2_av,1444,25,1.0,0.64,0.7804878048780488,22
syn_only,1,ChEMBL__Semantically-Joinable__assays_vertical_70_ac1_av,380,16,1.0,0.5,0.6666666666666666,22
syn_only,1,ChEMBL__Semantically-Joinable__assays_vertical_70_ac2_av,380,16,1.0,0.625,0.7692307692307693,22
syn_only,1,OpenData__Joinable__miller2_vertical_30_ac3_ev,1089,15,1.0,0.8,0.8888888888888888,22
syn_only,1,OpenData__Joinable__miller2_vertical_30_ac4_ev,1089,15,1.0,0.9333333333333333,0.9655172413793104,22
syn_only,1,TPC-DI__Unionable__prospect_horizontal_100_ac2_av,484,22,1.0,0.5454545454545454,0.7058823529411765,22
syn_only,1,ChEMBL__Semantically-Joinable__assays_vertical_70_ac5_av,380,16,1.0,0.5,0.6666666666666666,22
syn_only,1,TPC-DI__Unionable__prospect_horizontal_100_ac2_ev,484,22,1.0,0.6818181818181818,0.8108108108108109,22
syn_only,1,OpenData__Joinable__miller2_vertical_50_ac1_ev,1444,25,1.0,0.76,0.8636363636363636,22
syn_only,1,OpenData__View -Unionable__miller2_both_0_50_ac5_ev,1444,25,1.0,0.4,0.5714285714285714,22
syn_only,1,TPC-DI__Unionable__prospect_horizontal_100_ac4_ev,484,22,1.0,0.45454545454545453,0.625,22
syn_only,1,ChEMBL__Unionable__assays_horizontal_0_ac3_av,529,23,1.0,0.2608695652173913,0.41379310344827586,22
syn_only,1,ChEMBL__Unionable__assays_horizontal_0_ac3_ev,529,23,1.0,0.2608695652173913,0.41379310344827586,22
syn_only,1,OpenData__Joinable__miller2_vertical_70_ac4_ev,1849,35,1.0,0.8285714285714286,0.90625,22
syn_only,1,OpenData__View -Unionable__miller2_both_0_70_ac4_av,1849,35,1.0,0.37142857142857144,0.5416666666666666,22
syn_only,1,TPC-DI__Unionable__prospect_horizontal_50_ac2_ev,484,22,1.0,0.5454545454545454,0.7058823529411765,22
syn_only,1,OpenData__View -Unionable__miller2_both_0_70_ac5_ev,1849,35,1.0,0.34285714285714286,0.5106382978723404,22
syn_only,1,OpenData__View -Unionable__miller2_both_0_70_ec_av,1849,35,1.0,0.6285714285714286,0.7719298245614035,22
syn_only,1,TPC-DI__Unionable__prospect_horizontal_50_ac4_av,484,22,1.0,0.36363636363636365,0.5333333333333333,22
syn_only,1,ChEMBL__Unionable__assays_horizontal_100_ac2_av,529,23,1.0,0.5652173913043478,0.7222222222222222,22
syn_only,1,OpenData__Semantically-Joinable__miller2_both_50_1_ac5_av,676,1,1.0,1.0,1.0,22
syn_only,1,TPC-DI__Joinable__prospect_both_50_1_ac3_ev,132,1,0.0,0.0,0.0,22
syn_only,1,ChEMBL__Unionable__assays_horizontal_100_ac4_av,529,23,1.0,0.43478260869565216,0.6060606060606061,22
syn_only,1,ChEMBL__Unionable__assays_horizontal_100_ac4_ev,529,23,1.0,0.5217391304347826,0.6857142857142857,22
syn_only,1,OpenData__Semantically-Joinable__miller2_both_50_30_ac3_av,1089,15,1.0,0.3333333333333333,0.5,22
syn_only,1,ChEMBL__Unionable__assays_horizontal_100_ac5_av,529,23,1.0,0.34782608695652173,0.5161290322580645,22
syn_only,1,TPC-DI__Joinable__prospect_both_50_1_ec_ev,132,1,0.0,0.0,0.0,22
syn_only,1,ChEMBL__Unionable__assays_horizontal_100_ac5_ev,529,23,1.0,0.34782608695652173,0.5161290322580645,22
syn_only,1,OpenData__Semantically-Joinable__miller2_both_50_30_ac5_av,1089,15,1.0,0.13333333333333333,0.23529411764705882,22
syn_only,1,TPC-DI__Joinable__prospect_both_50_30_ac2_ev,196,6,1.0,0.5,0.6666666666666666,22
syn_only,1,TPC-DI__View-Unionable__prospect_both_0_1_ac2_ev,132,1,0.0,0.0,0.0,22
syn_only,1,ChEMBL__Unionable__assays_horizontal_100_ec_ev,529,23,1.0,0.7391304347826086,0.85,22
syn_only,1,TPC-DI__View-Unionable__prospect_both_0_1_ac3_av,132,1,0.0,0.0,0.0,22
syn_only,1,TPC-DI__Joinable__prospect_both_50_30_ac4_ev,196,6,1.0,0.5,0.6666666666666666,22
syn_only,1,ChEMBL__Unionable__assays_horizontal_50_ac2_av,529,23,1.0,0.6086956521739131,0.7567567567567568,22
syn_only,1,TPC-DI__Joinable__prospect_both_50_50_ac1_ev,272,11,1.0,0.18181818181818182,0.3076923076923077,22
syn_only,1,TPC-DI__View-Unionable__prospect_both_0_1_ac5_av,132,1,0.0,0.0,0.0,22
syn_only,1,OpenData__Semantically-Joinable__miller2_both_50_50_ec_av,1444,25,1.0,0.72,0.8372093023255814,22
syn_only,1,OpenData__Semantically-Joinable__miller2_both_50_70_ac1_av,1849,35,1.0,0.2571428571428571,0.4090909090909091,22
syn_only,1,TPC-DI__Joinable__prospect_both_50_50_ac3_ev,272,11,1.0,0.36363636363636365,0.5333333333333333,22
syn_only,1,ChEMBL__Unionable__assays_horizontal_50_ac4_ev,529,23,1.0,0.4782608695652174,0.6470588235294118,22
syn_only,1,OpenData__Semantically-Joinable__miller2_both_50_70_ac3_av,1849,35,1.0,0.2,0.3333333333333333,22
syn_only,2,OpenData__Semantically-Joinable__miller2_both_50_70_ac4_av,1849,35,0.9166666666666666,0.3142857142857143,0.46808510638297873,22
syn_only,2,ChEMBL__Joinable__assays_both_50_1_ac2_ev,144,1,0.0,0.0,0.0,22
syn_only,2,TPC-DI__Joinable__prospect_both_50_70_ac1_ev,342,15,1.0,0.2,0.3333333333333333,22
syn_only,2,TPC-DI__View-Unionable__prospect_both_0_30_ac2_av,196,6,1.0,0.5,0.6666666666666666,22
syn_only,2,ChEMBL__Joinable__assays_both_50_1_ac4_ev,144,1,0.0,0.0,0.0,22
syn_only,2,ChEMBL__View-Unionable__assays_both_0_1_ac1_av,144,1,0.0,0.0,0.0,22
syn_only,2,OpenData__Semantically-Joinable__miller2_vertical_1_ac2_av,676,1,1.0,1.0,1.0,22
syn_only,2,TPC-DI__View-Unionable__prospect_both_0_30_ac3_ev,196,6,1.0,0.3333333333333333,0.5,22
syn_only,2,ChEMBL__Joinable__assays_both_50_30_ac2_ev,210,6,1.0,0.5,0.6666666666666666,22
syn_only,2,ChEMBL__View-Unionable__assays_both_0_1_ac3_av,144,1,0.0,0.0,0.0,22
syn_only,2,TPC-DI__Joinable__prospect_vertical_1_ac2_ev,132,1,1.0,1.0,1.0,22
syn_only,2,OpenData__Semantically-Joinable__miller2_vertical_30_ac1_av,1089,15,1.0,0.4,0.5714285714285714,22
syn_only,2,TPC-DI__Joinable__prospect_vertical_1_ac3_ev,132,1,1.0,1.0,1.0,22
syn_only,2,ChEMBL__View-Unionable__assays_both_0_1_ac4_av,144,1,0.0,0.0,0.0,22
syn_only,2,ChEMBL__View-Unionable__assays_both_0_1_ac4_ev,144,1,0.0,0.0,0.0,22
syn_only,2,ChEMBL__Joinable__assays_both_50_50_ac3_ev,289,11,1.0,0.36363636363636365,0.5333333333333333,22
syn_only,2,ChEMBL__View-Unionable__assays_both_0_1_ec_av,144,1,0.0,0.0,0.0,22
syn_only,2,OpenData__Semantically-Joinable__miller2_vertical_50_ac1_av,1444,25,1.0,0.36,0.5294117647058824,22
syn_only,2,TPC-DI__Joinable__prospect_vertical_30_ac3_ev,196,6,1.0,0.8333333333333334,0.9090909090909091,22
syn_only,2,TPC-DI__Joinable__prospect_vertical_30_ac4_ev,196,6,1.0,1.0,1.0,22
syn_only,2,TPC-DI__View-Unionable__prospect_both_0_50_ac3_ev,272,11,1.0,0.45454545454545453,0.625,22
syn_only,2,OpenData__Semantically-Joinable__miller2_vertical_50_ac4_av,1444,25,0.9,0.36,0.5142857142857142,22
syn_only,2,TPC-DI__Joinable__prospect_vertical_30_ec_ev,196,6,1.0,1.0,1.0,22
syn_only,2,OpenData__Semantically-Joinable__miller2_vertical_50_ac5_av,1444,25,1.0,0.16,0.27586206896551724,22
syn_only,2,ChEMBL__Joinable__assays_both_50_70_ac4_ev,380,16,1.0,0.625,0.7692307692307693,22
syn_only,2,TPC-DI__View-Unionable__prospect_both_0_50_ec_av,272,11,0.875,0.6363636363636364,0.7368421052631579,22
syn_only,2,ChEMBL__Joinable__assays_both_50_70_ac5_ev,380,16,1.0,0.375,0.5454545454545454,22
syn_only,2,OpenData__Semantically-Joinable__miller2_vertical_70_ac2_av,1849,35,0.9545454545454546,0.6,0.7368421052631579,22
syn_only,2,TPC-DI__View-Unionable__prospect_both_0_50_ec_ev,272,11,1.0,0.6363636363636364,0.7777777777777778,22
syn_only,2,ChEMBL__Joinable__assays_both_50_70_ec_ev,380,16,1.0,0.6875,0.8148148148148148,22
syn_only,2,OpenData__Semantically-Joinable__miller2_vertical_70_ac4_av,1849,35,1.0,0.3142857142857143,0.4782608695652174,22
syn_only,2,ChEMBL__Joinable__assays_vertical_1_ac2_ev,144,1,1.0,1.0,1.0,22
syn_only,2,OpenData__Semantically-Joinable__miller2_vertical_70_ac5_av,1849,35,1.0,0.17142857142857143,0.2926829268292683,22
syn_only,2,ChEMBL__View-Unionable__assays_both_0_30_ec_av,210,6,1.0,0.3333333333333333,0.5,22
syn_only,2,TPC-DI__View-Unionable__prospect_both_0_70_ac2_ev,342,15,1.0,0.6666666666666666,0.8,22
syn_only,2,ChEMBL__View-Unionable__assays_both_0_30_ec_ev,210,6,1.0,0.5,0.6666666666666666,22
syn_only,2,OpenData__Unionable__miller2_horizontal_0_ac1_av,2601,51,1.0,0.5294117647058824,0.6923076923076923,22
syn_only,2,ChEMBL__View-Unionable__assays_both_0_50_ac1_av,289,11,1.0,0.18181818181818182,0.3076923076923077,22
syn_only,2,TPC-DI__Joinable__prospect_vertical_70_ac4_ev,342,15,1.0,0.8666666666666667,0.9285714285714286,22
syn_only,2,TPC-DI__View-Unionable__prospect_both_0_70_ac3_ev,342,15,1.0,0.4,0.5714285714285714,22
syn_only,2,ChEMBL__Joinable__assays_vertical_1_ec_ev,144,1,1.0,1.0,1.0,22
syn_only,2,ChEMBL__View-Unionable__assays_both_0_50_ac1_ev,289,11,1.0,0.6363636363636364,0.7777777777777778,22
syn_only,2,TPC-DI__View-Unionable__prospect_both_0_70_ac4_av,342,15,1.0,0.2,0.3333333333333333,22
syn_only,2,ChEMBL__View-Unionable__assays_both_0_50_ac2_av,289,11,1.0,0.2727272727272727,0.42857142857142855,22
syn_only,2,OpenData__Unionable__miller2_horizontal_0_ac2_ev,2601,51,1.0,0.8431372549019608,0.9148936170212766,22
syn_only,2,TPC-DI__Joinable__prospect_vertical_70_ec_ev,342,15,1.0,1.0,1.0,22
syn_only,2,TPC-DI__View-Unionable__prospect_both_0_70_ac4_ev,342,15,1.0,0.26666666666666666,0.42105263157894735,22
syn_only,2,TPC-DI__Semantically-Joinable__prospect_both_50_1_ac2_av,132,1,0.0,0.0,0.0,22
syn_only,2,OpenData__Unionable__miller2_horizontal_0_ac4_av,2601,51,1.0,0.5294117647058824,0.6923076923076923,22
syn_only,2,ChEMBL__Joinable__assays_vertical_30_ec_ev,210,6,1.0,1.0,1.0,22
syn_only,2,ChEMBL__View-Unionable__assays_both_0_50_ac4_ev,289,11,1.0,0.36363636363636365,0.5333333333333333,22
syn_only,2,ChEMBL__Joinable__assays_vertical_50_ac1_ev,289,11,1.0,0.8181818181818182,0.9,22
syn_only,2,Wikidata__Musicians__Musicians_semjoinable,196,8,1.0,0.75,0.8571428571428571,22
syn_only,2,ChEMBL__View-Unionable__assays_both_0_50_ac5_ev,289,11,1.0,0.2727272727272727,0.42857142857142855,22
syn_only,2,ChEMBL__Joinable__assays_vertical_50_ac3_ev,289,11,1.0,0.8181818181818182,0.9,22
syn_only,2,OpenData__Unionable__miller2_horizontal_0_ec_ev,2601,51,1.0,0.8823529411764706,0.9375,22
syn_only,2,TPC-DI__Semantically-Joinable__prospect_both_50_30_ac2_av,196,6,1.0,0.5,0.6666666666666666,22
syn_only,2,ChEMBL__Joinable__assays_vertical_50_ac4_ev,289,11,1.0,0.7272727272727273,0.8421052631578947,22
syn_only,2,ChEMBL__View-Unionable__assays_both_0_50_ec_ev,289,11,1.0,0.5454545454545454,0.7058823529411765,22
syn_only,2,TPC-DI__Semantically-Joinable__prospect_both_50_30_ac3_av,196,6,1.0,0.3333333333333333,0.5,22
syn_only,2,ChEMBL__View-Unionable__assays_both_0_70_ac1_av,380,16,1.0,0.1875,0.3157894736842105,22
syn_only,2,OpenData__Unionable__miller2_horizontal_100_ac2_av,2601,51,1.0,0.8627450980392157,0.9263157894736842,22
syn_only,2,ChEMBL__Joinable__assays_vertical_70_ac3_ev,380,16,1.0,0.6875,0.8148148148148148,22
syn_only,2,OpenData__Unionable__miller2_horizontal_100_ac3_ev,2601,51,1.0,0.5098039215686274,0.6753246753246753,22
syn_only,2,TPC-DI__Semantically-Joinable__prospect_both_50_50_ac2_av,272,11,1.0,0.36363636363636365,0.5333333333333333,22
syn_only,2,OpenData__Unionable__miller2_horizontal_100_ac4_av,2601,51,1.0,0.6862745098039216,0.813953488372093,22
syn_only,2,OpenData__Unionable__miller2_horizontal_100_ac4_ev,2601,51,0.9459459459459459,0.6862745098039216,0.7954545454545454,22
syn_only,2,ChEMBL__Semantically-Joinable__assays_both_50_1_ac1_av,144,1,0.0,0.0,0.0,22
syn_only,2,TPC-DI__Semantically-Joinable__prospect_both_50_50_ec_av,272,11,1.0,0.36363636363636365,0.5333333333333333,22
syn_only,2,TPC-DI__Semantically-Joinable__prospect_both_50_70_ac2_av,342,15,0.8181818181818182,0.6,0.6923076923076923,22
syn_only,2,TPC-DI__Semantically-Joinable__prospect_both_50_70_ac3_av,342,15,1.0,0.4,0.5714285714285714,22
syn_only,2,Magellan__amazon_google_exp,16,4,1.0,0.75,0.8571428571428571,22
syn_only,2,TPC-DI__Semantically-Joinable__prospect_both_50_70_ac5_av,342,15,1.0,0.2,0.3333333333333333,22
syn_only,2,Magellan__dblp_acm,25,5,1.0,1.0,1.0,22
syn_only,2,TPC-DI__Semantically-Joinable__prospect_vertical_1_ac1_av,132,1,1.0,1.0,1.0,22
syn_only,2,OpenData__Unionable__miller2_horizontal_50_ac4_av,2601,51,1.0,0.6666666666666666,0.8,22
syn_only,2,TPC-DI__Semantically-Joinable__prospect_vertical_1_ac3_av,132,1,1.0,1.0,1.0,22
syn_only,2,ChEMBL__Semantically-Joinable__assays_both_50_30_ac5_av,210,6,1.0,0.16666666666666666,0.2857142857142857,22
syn_only,2,OpenData__Unionable__miller2_horizontal_50_ac5_av,2601,51,1.0,0.39215686274509803,0.5633802816901409,22
syn_only,2,OpenData__Joinable__miller2_both_50_1_ac2_ev,676,1,1.0,1.0,1.0,22
syn_only,2,ChEMBL__Semantically-Joinable__assays_both_50_50_ac2_av,289,11,1.0,0.18181818181818182,0.3076923076923077,22
syn_only,2,OpenData__Unionable__miller2_horizontal_50_ec_av,2601,51,1.0,0.8823529411764706,0.9375,22
syn_only,2,ChEMBL__Semantically-Joinable__assays_both_50_50_ac4_av,289,11,1.0,0.36363636363636365,0.5333333333333333,22
syn_only,2,OpenData__View -Unionable__miller2_both_0_1_ac1_ev,676,1,0.0,0.0,0.0,22
syn_only,2,ChEMBL__Semantically-Joinable__assays_both_50_50_ec_av,289,11,1.0,0.45454545454545453,0.625,22
syn_only,2,OpenData__Joinable__miller2_both_50_30_ac1_ev,1089,15,1.0,0.4666666666666667,0.6363636363636364,22
syn_only,2,OpenData__View -Unionable__miller2_both_0_1_ac2_ev,676,1,1.0,1.0,1.0,22
syn_only,2,OpenData__View -Unionable__miller2_both_0_1_ac3_av,676,1,1.0,1.0,1.0,22
syn_only,2,TPC-DI__Semantically-Joinable__prospect_vertical_50_ac2_av,272,11,1.0,0.5454545454545454,0.7058823529411765,22
syn_only,2,ChEMBL__Semantically-Joinable__assays_both_50_70_ac4_av,380,16,1.0,0.3125,0.47619047619047616,22
syn_only,2,OpenData__View -Unionable__miller2_both_0_1_ac4_av,676,1,1.0,1.0,1.0,22
syn_only,2,TPC-DI__Semantically-Joinable__prospect_vertical_50_ac3_av,272,11,1.0,0.6363636363636364,0.7777777777777778,22
syn_only,2,OpenData__Joinable__miller2_both_50_30_ec_ev,1089,15,1.0,0.9333333333333333,0.9655172413793104,22
syn_only,2,TPC-DI__Semantically-Joinable__prospect_vertical_50_ac4_av,272,11,1.0,0.2727272727272727,0.42857142857142855,22
syn_only,2,OpenData__View -Unionable__miller2_both_0_1_ac5_av,676,1,1.0,1.0,1.0,22
syn_only,2,ChEMBL__Semantically-Joinable__assays_vertical_1_ac2_av,144,1,1.0,1.0,1.0,22
syn_only,2,OpenData__Joinable__miller2_both_50_50_ac4_ev,1444,25,1.0,0.68,0.8095238095238095,22
syn_only,2,TPC-DI__Semantically-Joinable__prospect_vertical_70_ac3_av,342,15,1.0,0.5333333333333333,0.6956521739130435,22
syn_only,2,ChEMBL__Semantically-Joinable__assays_vertical_1_ac5_av,144,1,1.0,1.0,1.0,22
syn_only,2,OpenData__View -Unionable__miller2_both_0_30_ac1_ev,1089,15,1.0,0.4666666666666667,0.6363636363636364,22
syn_only,2,OpenData__Joinable__miller2_both_50_70_ac2_ev,1849,35,0.9354838709677419,0.8285714285714286,0.8787878787878788,22
syn_only,2,OpenData__View -Unionable__miller2_both_0_30_ac2_ev,1089,15,1.0,0.6666666666666666,0.8,22
syn_only,2,ChEMBL__Semantically-Joinable__assays_vertical_30_ac3_av,210,6,1.0,0.16666666666666666,0.2857142857142857,22
syn_only,2,TPC-DI__Unionable__prospect_horizontal_0_ac1_ev,484,22,1.0,0.3181818181818182,0.4827586206896552,22
syn_only,2,OpenData__Joinable__miller2_both_50_70_ac5_ev,1849,35,1.0,0.45714285714285713,0.6274509803921569,22
syn_only,2,OpenData__View -Unionable__miller2_both_0_30_ac4_av,1089,15,1.0,0.26666666666666666,0.42105263157894735,22
syn_only,2,TPC-DI__Unionable__prospect_horizontal_0_ac2_av,484,22,1.0,0.7272727272727273,0.8421052631578947,22
syn_only,2,ChEMBL__Semantically-Joinable__assays_vertical_30_ec_av,210,6,1.0,0.5,0.6666666666666666,22
syn_only,2,TPC-DI__Unionable__prospect_horizontal_0_ac3_av,484,22,1.0,0.5454545454545454,0.7058823529411765,22
syn_only,2,OpenData__Joinable__miller2_vertical_1_ac2_ev,676,1,1.0,1.0,1.0,22
syn_only,2,TPC-DI__Unionable__prospect_horizontal_0_ac4_av,484,22,1.0,0.3181818181818182,0.4827586206896552,22
syn_only,2,TPC-DI__Unionable__prospect_horizontal_0_ac4_ev,484,22,1.0,0.2727272727272727,0.42857142857142855,22
syn_only,2,OpenData__Joinable__miller2_vertical_1_ac5_ev,676,1,1.0,1.0,1.0,22
syn_only,2,TPC-DI__Unionable__prospect_horizontal_0_ac5_av,484,22,1.0,0.22727272727272727,0.37037037037037035,22
syn_only,2,OpenData__Joinable__miller2_vertical_1_ec_ev,676,1,1.0,1.0,1.0,22
syn_only,2,OpenData__View -Unionable__miller2_both_0_50_ac1_ev,1444,25,1.0,0.48,0.6486486486486487,22
syn_only,2,OpenData__View -Unionable__miller2_both_0_50_ac2_av,1444,25,1.0,0.64,0.7804878048780488,22
syn_only,2,ChEMBL__Semantically-Joinable__assays_vertical_70_ac1_av,380,16,1.0,0.5,0.6666666666666666,22
syn_only,2,ChEMBL__Semantically-Joinable__assays_vertical_70_ac2_av,380,16,1.0,0.5,0.6666666666666666,22
syn_only,2,OpenData__Joinable__miller2_vertical_30_ac3_ev,1089,15,1.0,0.8666666666666667,0.9285714285714286,22
syn_only,2,OpenData__View -Unionable__miller2_both_0_50_ac3_av,1444,25,1.0,0.24,0.3870967741935484,22
syn_only,2,TPC-DI__Unionable__prospect_horizontal_100_ac1_av,484,22,1.0,0.3181818181818182,0.4827586206896552,22
syn_only,2,ChEMBL__Semantically-Joinable__assays_vertical_70_ac3_av,380,16,1.0,0.25,0.4,22
syn_only,2,OpenData__View -Unionable__miller2_both_0_50_ac3_ev,1444,25,1.0,0.56,0.717948717948718,22
syn_only,2,ChEMBL__Semantically-Joinable__assays_vertical_70_ac4_av,380,16,1.0,0.5,0.6666666666666666,22
syn_only,2,OpenData__Joinable__miller2_vertical_30_ac5_ev,1089,15,1.0,0.4666666666666667,0.6363636363636364,22
syn_only,2,ChEMBL__Semantically-Joinable__assays_vertical_70_ac5_av,380,16,1.0,0.5,0.6666666666666666,22
syn_only,2,OpenData__Joinable__miller2_vertical_50_ac2_ev,1444,25,1.0,0.96,0.9795918367346939,22
syn_only,2,ChEMBL__Unionable__assays_horizontal_0_ac1_ev,529,23,1.0,0.5217391304347826,0.6857142857142857,22
syn_only,2,TPC-DI__Unionable__prospect_horizontal_100_ac4_av,484,22,1.0,0.2727272727272727,0.42857142857142855,22
syn_only,2,OpenData__View -Unionable__miller2_both_0_50_ec_ev,1444,25,1.0,0.84,0.9130434782608695,22
syn_only,2,ChEMBL__Unionable__assays_horizontal_0_ac2_ev,529,23,1.0,0.5652173913043478,0.7222222222222222,22
syn_only,2,OpenData__Joinable__miller2_vertical_70_ac1_ev,1849,35,1.0,0.7714285714285715,0.8709677419354839,22
syn_only,2,OpenData__Joinable__miller2_vertical_70_ac2_ev,1849,35,1.0,0.9428571428571428,0.9705882352941176,22
syn_only,2,OpenData__View -Unionable__miller2_both_0_70_ac2_ev,1849,35,1.0,0.8571428571428571,0.9230769230769231,22
syn_only,2,ChEMBL__Unionable__assays_horizontal_0_ac4_ev,529,23,1.0,0.5652173913043478,0.7222222222222222,22
syn_only,2,TPC-DI__Unionable__prospect_horizontal_50_ac1_av,484,22,1.0,0.3181818181818182,0.4827586206896552,22
syn_only,2,ChEMBL__Unionable__assays_horizontal_0_ac5_av,529,23,1.0,0.43478260869565216,0.6060606060606061,22
syn_only,2,OpenData__Joinable__miller2_vertical_70_ac4_ev,1849,35,1.0,0.7428571428571429,0.8524590163934426,22
syn_only,2,ChEMBL__Unionable__assays_horizontal_0_ac5_ev,529,23,1.0,0.43478260869565216,0.6060606060606061,22
syn_only,2,ChEMBL__Unionable__assays_horizontal_0_ec_av,529,23,1.0,0.6521739130434783,0.7894736842105263,22
syn_only,2,OpenData__View -Unionable__miller2_both_0_70_ac5_ev,1849,35,1.0,0.42857142857142855,0.6,22
syn_only,2,ChEMBL__Unionable__assays_horizontal_100_ac1_ev,529,23,1.0,0.5217391304347826,0.6857142857142857,22
syn_only,2,TPC-DI__Unionable__prospect_horizontal_50_ac4_av,484,22,1.0,0.2727272727272727,0.42857142857142855,22
syn_only,2,ChEMBL__Unionable__assays_horizontal_100_ac2_av,529,23,1.0,0.5217391304347826,0.6857142857142857,22
syn_only,2,TPC-DI__Unionable__prospect_horizontal_50_ac4_ev,484,22,1.0,0.2727272727272727,0.42857142857142855,22
syn_only,2,ChEMBL__Unionable__assays_horizontal_100_ac2_ev,529,23,1.0,0.5217391304347826,0.6857142857142857,22
syn_only,2,OpenData__Semantically-Joinable__miller2_both_50_1_ec_av,676,1,1.0,1.0,1.0,22
syn_only,2,ChEMBL__Unionable__assays_horizontal_100_ac4_av,529,23,1.0,0.5652173913043478,0.7222222222222222,22
syn_only,2,OpenData__Semantically-Joinable__miller2_both_50_30_ac2_av,1089,15,1.0,0.7333333333333333,0.8461538461538461,22
syn_only,2,TPC-DI__Joinable__prospect_both_50_1_ec_ev,132,1,0.0,0.0,0.0,22
syn_only,2,OpenData__Semantically-Joinable__miller2_both_50_30_ac5_av,1089,15,1.0,0.13333333333333333,0.23529411764705882,22
syn_only,2,OpenData__Semantically-Joinable__miller2_both_50_30_ec_av,1089,15,1.0,0.5333333333333333,0.6956521739130435,22
syn_only,2,TPC-DI__View-Unionable__prospect_both_0_1_ac2_ev,132,1,0.0,0.0,0.0,22
syn_only,2,TPC-DI__Joinable__prospect_both_50_30_ac3_ev,196,6,1.0,0.5,0.6666666666666666,22
syn_only,2,TPC-DI__View-Unionable__prospect_both_0_1_ac3_ev,132,1,0.0,0.0,0.0,22
syn_only,2,ChEMBL__Unionable__assays_horizontal_50_ac2_av,529,23,1.0,0.6086956521739131,0.7567567567567568,22
syn_only,2,OpenData__Semantically-Joinable__miller2_both_50_50_ac4_av,1444,25,0.7692307692307693,0.4,0.5263157894736842,22
syn_only,2,TPC-DI__Joinable__prospect_both_50_30_ec_ev,196,6,1.0,0.3333333333333333,0.5,22
syn_only,2,TPC-DI__View-Unionable__prospect_both_0_1_ac4_ev,132,1,0.0,0.0,0.0,22
syn_only,2,TPC-DI__Joinable__prospect_both_50_50_ac1_ev,272,11,1.0,0.36363636363636365,0.5333333333333333,22
syn_only,2,TPC-DI__Joinable__prospect_both_50_50_ac2_ev,272,11,1.0,0.7272727272727273,0.8421052631578947,22
syn_only,2,TPC-DI__View-Unionable__prospect_both_0_1_ac5_ev,132,1,0.0,0.0,0.0,22
syn_only,2,OpenData__Semantically-Joinable__miller2_both_50_70_ac1_av,1849,35,1.0,0.2,0.3333333333333333,22
syn_only,2,TPC-DI__Joinable__prospect_both_50_50_ac4_ev,272,11,1.0,0.2727272727272727,0.42857142857142855,22
syn_only,2,TPC-DI__View-Unionable__prospect_both_0_30_ac1_av,196,6,1.0,0.16666666666666666,0.2857142857142857,22
syn_only,3,ChEMBL__Unionable__assays_horizontal_50_ac5_ev,529,23,1.0,0.43478260869565216,0.6060606060606061,22
syn_only,3,OpenData__Semantically-Joinable__miller2_both_50_70_ac5_av,1849,35,1.0,0.2,0.3333333333333333,22
syn_only,3,OpenData__Semantically-Joinable__miller2_both_50_70_ec_av,1849,35,1.0,0.34285714285714286,0.5106382978723404,22
syn_only,3,TPC-DI__View-Unionable__prospect_both_0_30_ac3_av,196,6,1.0,0.16666666666666666,0.2857142857142857,22
syn_only,3,ChEMBL__Joinable__assays_both_50_1_ac5_ev,144,1,0.0,0.0,0.0,22
syn_only,3,TPC-DI__Joinable__prospect_both_50_70_ac5_ev,342,15,1.0,0.4,0.5714285714285714,22
syn_only,3,TPC-DI__View-Unionable__prospect_both_0_30_ac4_ev,196,6,1.0,0.8333333333333334,0.9090909090909091,22
syn_only,3,TPC-DI__Joinable__prospect_vertical_1_ac1_ev,132,1,1.0,1.0,1.0,22
syn_only,3,ChEMBL__Joinable__assays_both_50_30_ac3_ev,210,6,1.0,0.16666666666666666,0.2857142857142857,22
syn_only,3,TPC-DI__View-Unionable__prospect_both_0_30_ac5_ev,196,6,1.0,0.3333333333333333,0.5,22
syn_only,3,TPC-DI__Joinable__prospect_vertical_1_ac3_ev,132,1,1.0,1.0,1.0,22
syn_only,3,OpenData__Semantically-Joinable__miller2_vertical_30_ac2_av,1089,15,0.9285714285714286,0.8666666666666667,0.896551724137931,22
syn_only,3,TPC-DI__View-Unionable__prospect_both_0_30_ec_ev,196,6,1.0,0.3333333333333333,0.5,22
syn_only,3,ChEMBL__View-Unionable__assays_both_0_1_ac4_ev,144,1,0.0,0.0,0.0,22
syn_only,3,ChEMBL__Joinable__assays_both_50_50_ac1_ev,289,11,1.0,0.36363636363636365,0.5333333333333333,22
syn_only,3,OpenData__Semantically-Joinable__miller2_vertical_30_ac4_av,1089,15,1.0,0.4666666666666667,0.6363636363636364,22
syn_only,3,TPC-DI__View-Unionable__prospect_both_0_50_ac2_av,272,11,1.0,0.6363636363636364,0.7777777777777778,22
syn_only,3,ChEMBL__Joinable__assays_both_50_50_ac3_ev,289,11,1.0,0.36363636363636365,0.5333333333333333,22
syn_only,3,TPC-DI__View-Unionable__prospect_both_0_50_ac2_ev,272,11,1.0,0.5454545454545454,0.7058823529411765,22
syn_only,3,ChEMBL__Joinable__assays_both_50_50_ac4_ev,289,11,1.0,0.5454545454545454,0.7058823529411765,22
syn_only,3,OpenData__Semantically-Joinable__miller2_vertical_50_ac1_av,1444,25,1.0,0.48,0.6486486486486487,22
syn_only,3,TPC-DI__Joinable__prospect_vertical_30_ac3_ev,196,6,1.0,0.8333333333333334,0.9090909090909091,22
syn_only,3,ChEMBL__View-Unionable__assays_both_0_30_ac1_av,210,6,1.0,0.16666666666666666,0.2857142857142857,22
syn_only,3,OpenData__Semantically-Joinable__miller2_vertical_50_ac2_av,1444,25,0.9375,0.6,0.7317073170731707,22
syn_only,3,TPC-DI__Joinable__prospect_vertical_30_ac4_ev,196,6,1.0,1.0,1.0,22
syn_only,3,TPC-DI__View-Unionable__prospect_both_0_50_ac3_ev,272,11,1.0,0.36363636363636365,0.5333333333333333,22
syn_only,3,ChEMBL__Joinable__assays_both_50_50_ec_ev,289,11,1.0,0.5454545454545454,0.7058823529411765,22
syn_only,3,ChEMBL__View-Unionable__assays_both_0_30_ac2_av,210,6,1.0,0.16666666666666666,0.2857142857142857,22
syn_only,3,OpenData__Semantically-Joinable__miller2_vertical_50_ac5_av,1444,25,1.0,0.16,0.27586206896551724,22
syn_only,3,ChEMBL__View-Unionable__assays_both_0_30_ac3_ev,210,6,1.0,0.5,0.6666666666666666,22
syn_only,3,ChEMBL__Joinable__assays_both_50_70_ac5_ev,380,16,1.0,0.375,0.5454545454545454,22
syn_only,3,OpenData__Semantically-Joinable__miller2_vertical_70_ac2_av,1849,35,0.95,0.5428571428571428,0.6909090909090909,22
syn_only,3,TPC-DI__Joinable__prospect_vertical_50_ac4_ev,272,11,1.0,0.8181818181818182,0.9,22
syn_only,3,ChEMBL__Joinable__assays_both_50_70_ec_ev,380,16,1.0,0.625,0.7692307692307693,22
syn_only,3,ChEMBL__View-Unionable__assays_both_0_30_ac4_ev,210,6,1.0,0.5,0.6666666666666666,22
syn_only,3,TPC-DI__Joinable__prospect_vertical_50_ac5_ev,272,11,1.0,0.9090909090909091,0.9523809523809523,22
syn_only,3,ChEMBL__Joinable__assays_vertical_1_ac1_ev,144,1,1.0,1.0,1.0,22
syn_only,3,ChEMBL__View-Unionable__assays_both_0_30_ac5_ev,210,6,1.0,0.3333333333333333,0.5,22
syn_only,3,TPC-DI__View-Unionable__prospect_both_0_70_ac2_av,342,15,1.0,0.4666666666666667,0.6363636363636364,22
syn_only,3,TPC-DI__View-Unionable__prospect_both_0_70_ac3_av,342,15,1.0,0.26666666666666666,0.42105263157894735,22
syn_only,3,TPC-DI__Joinable__prospect_vertical_70_ac4_ev,342,15,1.0,0.8,0.8888888888888888,22
syn_only,3,TPC-DI__View-Unionable__prospect_both_0_70_ac3_ev,342,15,1.0,0.3333333333333333,0.5,22
syn_only,3,OpenData__Unionable__miller2_horizontal_0_ac2_av,2601,51,0.9183673469387755,0.8823529411764706,0.9,22
syn_only,3,ChEMBL__Joinable__assays_vertical_30_ac1_ev,210,6,1.0,0.8333333333333334,0.9090909090909091,22
syn_only,3,OpenData__Unionable__miller2_horizontal_0_ac2_ev,2601,51,1.0,0.9215686274509803,0.9591836734693877,22
syn_only,3,TPC-DI__Joinable__prospect_vertical_70_ec_ev,342,15,1.0,1.0,1.0,22
syn_only,3,TPC-DI__View-Unionable__prospect_both_0_70_ac4_ev,342,15,1.0,0.5333333333333333,0.6956521739130435,22
syn_only,3,ChEMBL__Joinable__assays_vertical_30_ac2_ev,210,6,1.0,1.0,1.0,22
syn_only,3,ChEMBL__View-Unionable__assays_both_0_50_ac3_ev,289,11,1.0,0.36363636363636365,0.5333333333333333,22
syn_only,3,TPC-DI__View-Unionable__prospect_both_0_70_ec_av,342,15,0.7272727272727273,0.5333333333333333,0.6153846153846154,22
syn_only,3,ChEMBL__Joinable__assays_vertical_30_ac5_ev,210,6,1.0,0.6666666666666666,0.8,22
syn_only,3,ChEMBL__View-Unionable__assays_both_0_50_ac4_av,289,11,1.0,0.45454545454545453,0.625,22
syn_only,3,ChEMBL__View-Unionable__assays_both_0_50_ac4_ev,289,11,1.0,0.2727272727272727,0.42857142857142855,22
syn_only,3,OpenData__Unionable__miller2_horizontal_0_ac5_av,2601,51,1.0,0.5098039215686274,0.6753246753246753,22
syn_only,3,OpenData__Unionable__miller2_horizontal_0_ec_av,2601,51,0.9024390243902439,0.7254901960784313,0.8043478260869565,22
syn_only,3,ChEMBL__Joinable__assays_vertical_50_ac3_ev,289,11,1.0,0.8181818181818182,0.9,22
syn_only,3,TPC-DI__Semantically-Joinable__prospect_both_50_30_ac2_av,196,6,1.0,0.3333333333333333,0.5,22
syn_only,3,Wikidata__Musicians__Musicians_viewunion,169,5,0.7142857142857143,1.0,0.8333333333333334,22
syn_only,3,TPC-DI__Semantically-Joinable__prospect_both_50_30_ac3_av,196,6,1.0,0.16666666666666666,0.2857142857142857,22
syn_only,3,OpenData__Unionable__miller2_horizontal_100_ac1_ev,2601,51,1.0,0.7254901960784313,0.8409090909090909,22
syn_only,3,TPC-DI__Semantically-Joinable__prospect_both_50_30_ac4_av,196,6,1.0,0.3333333333333333,0.5,22
syn_only,3,ChEMBL__View-Unionable__assays_both_0_70_ac1_ev,380,16,1.0,0.5625,0.72,22
syn_only,3,OpenData__Unionable__miller2_horizontal_100_ac2_av,2601,51,0.9787234042553191,0.9019607843137255,0.9387755102040817,22
syn_only,3,ChEMBL__View-Unionable__assays_both_0_70_ac2_av,380,16,1.0,0.375,0.5454545454545454,22
syn_only,3,OpenData__Unionable__miller2_horizontal_100_ac3_av,2601,51,1.0,0.6274509803921569,0.7710843373493976,22
syn_only,3,TPC-DI__Semantically-Joinable__prospect_both_50_50_ac1_av,272,11,1.0,0.36363636363636365,0.5333333333333333,22
syn_only,3,ChEMBL__Joinable__assays_vertical_70_ac3_ev,380,16,1.0,0.6875,0.8148148148148148,22
syn_only,3,ChEMBL__Joinable__assays_vertical_70_ec_ev,380,16,1.0,1.0,1.0,22
syn_only,3,ChEMBL__View-Unionable__assays_both_0_70_ac4_ev,380,16,1.0,0.375,0.5454545454545454,22
syn_only,3,ChEMBL__View-Unionable__assays_both_0_70_ac5_av,380,16,1.0,0.1875,0.3157894736842105,22
syn_only,3,OpenData__Unionable__miller2_horizontal_100_ac5_ev,2601,51,1.0,0.5294117647058824,0.6923076923076923,22
syn_only,3,TPC-DI__Semantically-Joinable__prospect_both_50_70_ac1_av,342,15,0.5,0.13333333333333333,0.21052631578947367,22
syn_only,3,ChEMBL__View-Unionable__assays_both_0_70_ec_av,380,16,1.0,0.125,0.2222222222222222,22
syn_only,3,OpenData__Unionable__miller2_horizontal_100_ec_ev,2601,51,1.0,0.8627450980392157,0.9263157894736842,22
syn_only,3,TPC-DI__Semantically-Joinable__prospect_both_50_70_ac2_av,342,15,0.8181818181818182,0.6,0.6923076923076923,22
syn_only,3,ChEMBL__Semantically-Joinable__assays_both_50_1_ac4_av,144,1,0.0,0.0,0.0,22
syn_only,3,OpenData__Unionable__miller2_horizontal_50_ac1_av,2601,51,1.0,0.7254901960784313,0.8409090909090909,22
syn_only,3,TPC-DI__Semantically-Joinable__prospect_both_50_70_ac4_av,342,15,0.8333333333333334,0.3333333333333333,0.47619047619047616,22
syn_only,3,ChEMBL__Semantically-Joinable__assays_both_50_1_ec_av,144,1,0.0,0.0,0.0,22
syn_only,3,TPC-DI__Semantically-Joinable__prospect_both_50_70_ac5_av,342,15,1.0,0.26666666666666666,0.42105263157894735,22
syn_only,3,Magellan__fodors_zagats,49,7,1.0,0.8571428571428571,0.9230769230769231,22
syn_only,3,Magellan__itunes_amazon,81,9,1.0,0.7777777777777778,0.875,22
syn_only,3,TPC-DI__Semantically-Joinable__prospect_vertical_1_ac3_av,132,1,1.0,1.0,1.0,22
syn_only,3,OpenData__Joinable__miller2_both_50_1_ac1_ev,676,1,1.0,1.0,1.0,22
syn_only,3,TPC-DI__Semantically-Joinable__prospect_vertical_1_ec_av,132,1,1.0,1.0,1.0,22
syn_only,3,OpenData__Joinable__miller2_both_50_1_ac3_ev,676,1,1.0,1.0,1.0,22
syn_only,3,OpenData__Unionable__miller2_horizontal_50_ec_av,2601,51,1.0,0.8627450980392157,0.9263157894736842,22
syn_only,3,ChEMBL__Semantically-Joinable__assays_both_50_50_ac3_av,289,11,0.0,0.0,0.0,22
syn_only,3,ChEMBL__Semantically-Joinable__assays_both_50_50_ac4_av,289,11,1.0,0.2727272727272727,0.42857142857142855,22
syn_only,3,OpenData__View -Unionable__miller2_both_0_1_ac1_ev,676,1,1.0,1.0,1.0,22
syn_only,3,ChEMBL__Semantically-Joinable__assays_both_50_50_ec_av,289,11,1.0,0.36363636363636365,0.5333333333333333,22
syn_only,3,OpenData__View -Unionable__miller2_both_0_1_ac2_av,676,1,1.0,1.0,1.0,22
syn_only,3,TPC-DI__Semantically-Joinable__prospect_vertical_30_ac5_av,196,6,1.0,0.5,0.6666666666666666,22
syn_only,3,ChEMBL__Semantically-Joinable__assays_both_50_70_ac1_av,380,16,1.0,0.3125,0.47619047619047616,22
syn_only,3,OpenData__View -Unionable__miller2_both_0_1_ac2_ev,676,1,1.0,1.0,1.0,22
syn_only,3,ChEMBL__Semantically-Joinable__assays_both_50_70_ac2_av,380,16,1.0,0.375,0.5454545454545454,22
syn_only,3,ChEMBL__Semantically-Joinable__assays_both_50_70_ac3_av,380,16,0.0,0.0,0.0,22
syn_only,3,ChEMBL__Semantically-Joinable__assays_both_50_70_ec_av,380,16,1.0,0.125,0.2222222222222222,22
syn_only,3,OpenData__View -Unionable__miller2_both_0_1_ac5_av,676,1,1.0,1.0,1.0,22
syn_only,3,TPC-DI__Semantically-Joinable__prospect_vertical_50_ac5_av,272,11,1.0,0.2727272727272727,0.42857142857142855,22
syn_only,3,ChEMBL__Semantically-Joinable__assays_vertical_1_ac1_av,144,1,1.0,1.0,1.0,22
syn_only,3,OpenData__Joinable__miller2_both_50_50_ac2_ev,1444,25,1.0,1.0,1.0,22
syn_only,3,ChEMBL__Semantically-Joinable__assays_vertical_1_ac4_av,144,1,1.0,1.0,1.0,22
syn_only,3,ChEMBL__Semantically-Joinable__assays_vertical_1_ac5_av,144,1,1.0,1.0,1.0,22
syn_only,3,TPC-DI__Semantically-Joinable__prospect_vertical_70_ac4_av,342,15,0.875,0.4666666666666667,0.6086956521739131,22
syn_only,3,ChEMBL__Semantically-Joinable__assays_vertical_1_ec_av,144,1,1.0,1.0,1.0,22
syn_only,3,OpenData__Joinable__miller2_both_50_70_ac1_ev,1849,35,1.0,0.7142857142857143,0.8333333333333334,22
syn_only,3,TPC-DI__Semantically-Joinable__prospect_vertical_70_ec_av,342,15,1.0,0.6,0.75,22
syn_only,3,OpenData__Joinable__miller2_both_50_70_ac3_ev,1849,35,1.0,0.6857142857142857,0.8135593220338984,22
syn_only,3,OpenData__View -Unionable__miller2_both_0_30_ac4_av,1089,15,1.0,0.26666666666666666,0.42105263157894735,22
syn_only,3,OpenData__Joinable__miller2_both_50_70_ec_ev,1849,35,1.0,0.8857142857142857,0.9393939393939394,22
syn_only,3,TPC-DI__Unionable__prospect_horizontal_0_ac2_ev,484,22,1.0,0.5454545454545454,0.7058823529411765,22
syn_only,3,OpenData__Joinable__miller2_vertical_1_ac2_ev,676,1,1.0,1.0,1.0,22
syn_only,3,OpenData__Joinable__miller2_vertical_1_ac3_ev,676,1,1.0,1.0,1.0,22
syn_only,3,TPC-DI__Unionable__prospect_horizontal_0_ac4_av,484,22,1.0,0.5454545454545454,0.7058823529411765,22
syn_only,3,ChEMBL__Semantically-Joinable__assays_vertical_50_ac3_av,289,11,1.0,0.36363636363636365,0.5333333333333333,22
syn_only,3,OpenData__Joinable__miller2_vertical_1_ec_ev,676,1,1.0,1.0,1.0,22
syn_only,3,TPC-DI__Unionable__prospect_horizontal_0_ac5_ev,484,22,1.0,0.45454545454545453,0.625,22
syn_only,3,OpenData__View -Unionable__miller2_both_0_50_ac2_av,1444,25,1.0,0.68,0.8095238095238095,22
syn_only,3,TPC-DI__Unionable__prospect_horizontal_0_ec_av,484,22,1.0,0.6363636363636364,0.7777777777777778,22
syn_only,3,OpenData__Joinable__miller2_vertical_30_ac2_ev,1089,15,0.9333333333333333,0.9333333333333333,0.9333333333333333,22
syn_only,3,TPC-DI__Unionable__prospect_horizontal_0_ec_ev,484,22,1.0,0.6363636363636364,0.7777777777777778,22
syn_only,3,OpenData__Joinable__miller2_vertical_30_ac3_ev,1089,15,1.0,0.8,0.8888888888888888,22
syn_only,3,OpenData__View -Unionable__miller2_both_0_50_ac3_av,1444,25,1.0,0.32,0.48484848484848486,22
syn_only,3,OpenData__View -Unionable__miller2_both_0_50_ac4_av,1444,25,0.9,0.36,0.5142857142857142,22
syn_only,3,TPC-DI__Unionable__prospect_horizontal_100_ac2_av,484,22,1.0,0.5909090909090909,0.7428571428571429,22
syn_only,3,OpenData__Joinable__miller2_vertical_30_ec_ev,1089,15,1.0,1.0,1.0,22
syn_only,3,OpenData__View -Unionable__miller2_both_0_50_ac5_av,1444,25,1.0,0.16,0.27586206896551724,22
syn_only,3,OpenData__View -Unionable__miller2_both_0_50_ac5_ev,1444,25,1.0,0.52,0.6842105263157895,22
syn_only,3,ChEMBL__Unionable__assays_horizontal_0_ac2_ev,529,23,1.0,0.6086956521739131,0.7567567567567568,22
syn_only,3,OpenData__Joinable__miller2_vertical_50_ac5_ev,1444,25,1.0,0.64,0.7804878048780488,22
syn_only,3,OpenData__View -Unionable__miller2_both_0_70_ac1_av,1849,35,1.0,0.4,0.5714285714285714,22
syn_only,3,OpenData__Joinable__miller2_vertical_50_ec_ev,1444,25,1.0,1.0,1.0,22
syn_only,3,TPC-DI__Unionable__prospect_horizontal_100_ac5_ev,484,22,1.0,0.45454545454545453,0.625,22
syn_only,3,TPC-DI__Unionable__prospect_horizontal_100_ec_av,484,22,1.0,0.6363636363636364,0.7777777777777778,22
syn_only,3,ChEMBL__Unionable__assays_horizontal_0_ac4_ev,529,23,1.0,0.5217391304347826,0.6857142857142857,22
syn_only,3,OpenData__View -Unionable__miller2_both_0_70_ac3_av,1849,35,1.0,0.2857142857142857,0.4444444444444444,22
syn_only,3,OpenData__Joinable__miller2_vertical_70_ac5_ev,1849,35,1.0,0.6857142857142857,0.8135593220338984,22
syn_only,3,OpenData__View -Unionable__miller2_both_0_70_ac4_av,1849,35,0.9333333333333333,0.4,0.56,22
syn_only,3,TPC-DI__Unionable__prospect_horizontal_50_ac2_av,484,22,1.0,0.6818181818181818,0.8108108108108109,22
syn_only,3,ChEMBL__Unionable__assays_horizontal_0_ec_av,529,23,1.0,0.5652173913043478,0.7222222222222222,22
syn_only,3,OpenData__View -Unionable__miller2_both_0_70_ac4_ev,1849,35,1.0,0.8285714285714286,0.90625,22
syn_only,3,TPC-DI__Unionable__prospect_horizontal_50_ac2_ev,484,22,1.0,0.6363636363636364,0.7777777777777778,22
syn_only,3,OpenData__Semantically-Joinable__miller2_both_50_1_ac1_av,676,1,1.0,1.0,1.0,22
syn_only,3,ChEMBL__Unionable__assays_horizontal_100_ac1_av,529,23,1.0,0.43478260869565216,0.6060606060606061,22
syn_only,3,ChEMBL__Unionable__assays_horizontal_100_ac2_av,529,23,1.0,0.5652173913043478,0.7222222222222222,22
syn_only,3,OpenData__View -Unionable__miller2_both_0_70_ec_ev,1849,35,1.0,0.8285714285714286,0.90625,22
syn_only,3,ChEMBL__Unionable__assays_horizontal_100_ac2_ev,529,23,1.0,0.4782608695652174,0.6470588235294118,22
syn_only,3,OpenData__Semantically-Joinable__miller2_both_50_1_ac5_av,676,1,1.0,1.0,1.0,22
syn_only,3,TPC-DI__Unionable__prospect_horizontal_50_ac5_ev,484,22,1.0,0.45454545454545453,0.625,22
syn_only,3,ChEMBL__Unionable__assays_horizontal_100_ac3_ev,529,23,1.0,0.34782608695652173,0.5161290322580645,22
syn_only,3,TPC-DI__Joinable__prospect_both_50_1_ac3_ev,132,1,0.0,0.0,0.0,22
syn_only,3,ChEMBL__Unionable__assays_horizontal_100_ac4_ev,529,23,1.0,0.5652173913043478,0.7222222222222222,22
syn_only,3,OpenData__Semantically-Joinable__miller2_both_50_30_ac4_av,1089,15,0.8888888888888888,0.5333333333333333,0.6666666666666666,22
syn_only,3,TPC-DI__Joinable__prospect_both_50_30_ac1_ev,196,6,1.0,0.16666666666666666,0.2857142857142857,22
syn_only,3,OpenData__Semantically-Joinable__miller2_both_50_50_ac1_av,1444,25,1.0,0.4,0.5714285714285714,22
syn_only,3,TPC-DI__Joinable__prospect_both_50_30_ac4_ev,196,6,1.0,0.6666666666666666,0.8,22
syn_only,3,TPC-DI__View-Unionable__prospect_both_0_1_ac3_ev,132,1,0.0,0.0,0.0,22
syn_only,3,ChEMBL__Unionable__assays_horizontal_50_ac1_ev,529,23,1.0,0.43478260869565216,0.6060606060606061,22
syn_only,3,OpenData__Semantically-Joinable__miller2_both_50_50_ac3_av,1444,25,1.0,0.32,0.48484848484848486,22
syn_only,3,TPC-DI__Joinable__prospect_both_50_30_ac5_ev,196,6,1.0,0.3333333333333333,0.5,22
syn_only,3,OpenData__Semantically-Joinable__miller2_both_50_50_ac4_av,1444,25,0.9285714285714286,0.52,0.6666666666666666,22
syn_only,3,TPC-DI__Joinable__prospect_both_50_30_ec_ev,196,6,1.0,0.3333333333333333,0.5,22
syn_only,3,TPC-DI__View-Unionable__prospect_both_0_1_ac5_av,132,1,0.0,0.0,0.0,22
syn_only,3,ChEMBL__Unionable__assays_horizontal_50_ac3_ev,529,23,1.0,0.34782608695652173,0.5161290322580645,22
syn_only,3,OpenData__Semantically-Joinable__miller2_both_50_70_ac3_av,1849,35,1.0,0.22857142857142856,0.37209302325581395,22
syn_only,4,ChEMBL__Joinable__assays_both_50_1_ac2_ev,144,1,0.0,0.0,0.0,22
syn_only,4,ChEMBL__Unionable__assays_horizontal_50_ac5_ev,529,23,1.0,0.391304347826087,0.5625,22
syn_only,4,TPC-DI__View-Unionable__prospect_both_0_30_ac2_av,196,6,1.0,0.16666666666666666,0.2857142857142857,22
syn_only,4,ChEMBL__Joinable__assays_both_50_1_ac3_ev,144,1,0.0,0.0,0.0,22
syn_only,4,OpenData__Semantically-Joinable__miller2_vertical_1_ac1_av,676,1,1.0,1.0,1.0,22
syn_only,4,ChEMBL__View-Unionable__assays_both_0_1_ac1_ev,144,1,0.0,0.0,0.0,22
syn_only,4,TPC-DI__View-Unionable__prospect_both_0_30_ac4_av,196,6,1.0,0.5,0.6666666666666666,22
syn_only,4,ChEMBL__View-Unionable__assays_both_0_1_ac2_av,144,1,0.0,0.0,0.0,22
syn_only,4,OpenData__Semantically-Joinable__miller2_vertical_1_ac4_av,676,1,0.0,0.0,0.0,22
syn_only,4,TPC-DI__Joinable__prospect_both_50_70_ec_ev,342,15,1.0,0.26666666666666666,0.42105263157894735,22
syn_only,4,ChEMBL__Joinable__assays_both_50_30_ac3_ev,210,6,1.0,0.3333333333333333,0.5,22
syn_only,4,OpenData__Semantically-Joinable__miller2_vertical_1_ec_av,676,1,0.0,0.0,0.0,22
syn_only,4,TPC-DI__View-Unionable__prospect_both_0_30_ac5_ev,196,6,1.0,0.5,0.6666666666666666,22
syn_only,4,TPC-DI__Joinable__prospect_vertical_1_ac3_ev,132,1,1.0,1.0,1.0,22
syn_only,4,TPC-DI__View-Unionable__prospect_both_0_30_ec_av,196,6,1.0,0.16666666666666666,0.2857142857142857,22
syn_only,4,TPC-DI__Joinable__prospect_vertical_1_ac5_ev,132,1,1.0,1.0,1.0,22
syn_only,4,TPC-DI__View-Unionable__prospect_both_0_50_ac1_av,272,11,1.0,0.09090909090909091,0.16666666666666666,22
syn_only,4,ChEMBL__Joinable__assays_both_50_50_ac1_ev,289,11,1.0,0.2727272727272727,0.42857142857142855,22
syn_only,4,TPC-DI__Joinable__prospect_vertical_1_ec_ev,132,1,1.0,1.0,1.0,22
syn_only,4,ChEMBL__View-Unionable__assays_both_0_1_ec_av,144,1,0.0,0.0,0.0,22
syn_only,4,TPC-DI__Joinable__prospect_vertical_30_ac2_ev,196,6,1.0,1.0,1.0,22
syn_only,4,TPC-DI__View-Unionable__prospect_both_0_50_ac2_ev,272,11,1.0,0.5454545454545454,0.7058823529411765,22
syn_only,4,ChEMBL__Joinable__assays_both_50_50_ac4_ev,289,11,1.0,0.5454545454545454,0.7058823529411765,22
syn_only,4,OpenData__Semantically-Joinable__miller2_vertical_50_ac2_av,1444,25,0.9333333333333333,0.56,0.7,22
syn_only,4,TPC-DI__View-Unionable__prospect_both_0_50_ac3_ev,272,11,1.0,0.45454545454545453,0.625,22
syn_only,4,ChEMBL__View-Unionable__assays_both_0_30_ac1_ev,210,6,1.0,0.5,0.6666666666666666,22
syn_only,4,ChEMBL__View-Unionable__assays_both_0_30_ac2_av,210,6,1.0,0.3333333333333333,0.5,22
syn_only,4,OpenData__Semantically-Joinable__miller2_vertical_50_ac4_av,1444,25,0.9230769230769231,0.48,0.631578947368421,22
syn_only,4,ChEMBL__View-Unionable__assays_both_0_30_ac2_ev,210,6,1.0,0.5,0.6666666666666666,22
syn_only,4,OpenData__Semantically-Joinable__miller2_vertical_70_ac1_av,1849,35,1.0,0.5142857142857142,0.6792452830188679,22
syn_only,4,ChEMBL__Joinable__assays_both_50_70_ac5_ev,380,16,1.0,0.3125,0.47619047619047616,22
syn_only,4,OpenData__Semantically-Joinable__miller2_vertical_70_ac2_av,1849,35,0.95,0.5428571428571428,0.6909090909090909,22
syn_only,4,ChEMBL__Joinable__assays_both_50_70_ec_ev,380,16,1.0,0.375,0.5454545454545454,22
syn_only,4,TPC-DI__View-Unionable__prospect_both_0_70_ac1_av,342,15,1.0,0.2,0.3333333333333333,22
syn_only,4,ChEMBL__View-Unionable__assays_both_0_30_ac5_ev,210,6,1.0,0.3333333333333333,0.5,22
syn_only,4,TPC-DI__View-Unionable__prospect_both_0_70_ac2_av,342,15,1.0,0.4666666666666667,0.6363636363636364,22
syn_only,4,TPC-DI__Joinable__prospect_vertical_70_ac2_ev,342,15,1.0,1.0,1.0,22
syn_only,4,ChEMBL__View-Unionable__assays_both_0_30_ec_ev,210,6,1.0,0.3333333333333333,0.5,22
syn_only,4,OpenData__Unionable__miller2_horizontal_0_ac1_av,2601,51,1.0,0.6666666666666666,0.8,22
syn_only,4,TPC-DI__View-Unionable__prospect_both_0_70_ac3_av,342,15,1.0,0.26666666666666666,0.42105263157894735,22
syn_only,4,TPC-DI__View-Unionable__prospect_both_0_70_ac4_av,342,15,1.0,0.13333333333333333,0.23529411764705882,22
syn_only,4,ChEMBL__Joinable__assays_vertical_30_ac1_ev,210,6,1.0,0.8333333333333334,0.9090909090909091,22
syn_only,4,TPC-DI__Joinable__prospect_vertical_70_ec_ev,342,15,1.0,0.8666666666666667,0.9285714285714286,22
syn_only,4,TPC-DI__View-Unionable__prospect_both_0_70_ac4_ev,342,15,1.0,0.4666666666666667,0.6363636363636364,22
syn_only,4,ChEMBL__Joinable__assays_vertical_30_ac2_ev,210,6,1.0,1.0,1.0,22
syn_only,4,ChEMBL__View-Unionable__assays_both_0_50_ac2_ev,289,11,1.0,0.6363636363636364,0.7777777777777778,22
syn_only,4,ChEMBL__Joinable__assays_vertical_30_ac3_ev,210,6,1.0,1.0,1.0,22
syn_only,4,TPC-DI__Semantically-Joinable__prospect_both_50_1_ac3_av,132,1,0.0,0.0,0.0,22
syn_only,4,ChEMBL__Joinable__assays_vertical_30_ac5_ev,210,6,1.0,0.6666666666666666,0.8,22
syn_only,4,OpenData__Unionable__miller2_horizontal_0_ac5_ev,2601,51,1.0,0.5686274509803921,0.725,22
syn_only,4,TPC-DI__Semantically-Joinable__prospect_both_50_1_ec_av,132,1,0.0,0.0,0.0,22
syn_only,4,ChEMBL__Joinable__assays_vertical_50_ac2_ev,289,11,1.0,0.8181818181818182,0.9,22
syn_only,4,ChEMBL__View-Unionable__assays_both_0_50_ac5_ev,289,11,1.0,0.2727272727272727,0.42857142857142855,22
syn_only,4,Wikidata__Musicians__Musicians_unionable,400,19,0.9444444444444444,0.8947368421052632,0.918918918918919,22
syn_only,4,ChEMBL__Joinable__assays_vertical_50_ac5_ev,289,11,1.0,0.5454545454545454,0.7058823529411765,22
syn_only,4,TPC-DI__Semantically-Joinable__prospect_both_50_30_ac4_av,196,6,1.0,0.3333333333333333,0.5,22
syn_only,4,OpenData__Unionable__miller2_horizontal_100_ac2_av,2601,51,1.0,0.8823529411764706,0.9375,22
syn_only,4,TPC-DI__Semantically-Joinable__prospect_both_50_30_ac5_av,196,6,1.0,0.16666666666666666,0.2857142857142857,22
syn_only,4,ChEMBL__View-Unionable__assays_both_0_70_ac2_ev,380,16,1.0,0.4375,0.6086956521739131,22
syn_only,4,TPC-DI__Semantically-Joinable__prospect_both_50_50_ac1_av,272,11,1.0,0.18181818181818182,0.3076923076923077,22
syn_only,4,ChEMBL__Joinable__assays_vertical_70_ac3_ev,380,16,1.0,0.75,0.8571428571428571,22
syn_only,4,ChEMBL__View-Unionable__assays_both_0_70_ac3_av,380,16,1.0,0.1875,0.3157894736842105,22
syn_only,4,TPC-DI__Semantically-Joinable__prospect_both_50_50_ac2_av,272,11,1.0,0.18181818181818182,0.3076923076923077,22
syn_only,4,ChEMBL__Joinable__assays_vertical_70_ac4_ev,380,16,1.0,0.8125,0.896551724137931,22
syn_only,4,ChEMBL__View-Unionable__assays_both_0_70_ac3_ev,380,16,1.0,0.5,0.6666666666666666,22
syn_only,4,ChEMBL__View-Unionable__assays_both_0_70_ac4_ev,380,16,1.0,0.4375,0.6086956521739131,22
syn_only,4,OpenData__Unionable__miller2_horizontal_100_ac5_av,2601,51,1.0,0.5686274509803921,0.725,22
syn_only,4,TPC-DI__Semantically-Joinable__prospect_both_50_50_ac5_av,272,11,1.0,0.09090909090909091,0.16666666666666666,22
syn_only,4,ChEMBL__Semantically-Joinable__assays_both_50_1_ac1_av,144,1,0.0,0.0,0.0,22
syn_only,4,OpenData__Unionable__miller2_horizontal_100_ac5_ev,2601,51,1.0,0.5686274509803921,0.725,22
syn_only,4,ChEMBL__Semantically-Joinable__assays_both_50_1_ac3_av,144,1,0.0,0.0,0.0,22
syn_only,4,ChEMBL__View-Unionable__assays_both_0_70_ec_av,380,16,0.0,0.0,0.0,22
syn_only,4,OpenData__Unionable__miller2_horizontal_100_ec_ev,2601,51,1.0,0.4117647058823529,0.5833333333333334,22
syn_only,4,ChEMBL__Semantically-Joinable__assays_both_50_1_ac4_av,144,1,0.0,0.0,0.0,22
syn_only,4,OpenData__Unionable__miller2_horizontal_50_ac1_av,2601,51,1.0,0.6862745098039216,0.813953488372093,22
syn_only,4,ChEMBL__Semantically-Joinable__assays_both_50_1_ac5_av,144,1,0.0,0.0,0.0,22
syn_only,4,TPC-DI__Semantically-Joinable__prospect_both_50_70_ac4_av,342,15,1.0,0.13333333333333333,0.23529411764705882,22
syn_only,4,ChEMBL__Semantically-Joinable__assays_both_50_1_ec_av,144,1,0.0,0.0,0.0,22
syn_only,4,OpenData__Unionable__miller2_horizontal_50_ac2_av,2601,51,1.0,0.8823529411764706,0.9375,22
syn_only,4,TPC-DI__Semantically-Joinable__prospect_both_50_70_ac5_av,342,15,1.0,0.13333333333333333,0.23529411764705882,22
syn_only,4,OpenData__Unionable__miller2_horizontal_50_ac2_ev,2601,51,1.0,0.9019607843137255,0.9484536082474226,22
syn_only,4,TPC-DI__Semantically-Joinable__prospect_both_50_70_ec_av,342,15,1.0,0.13333333333333333,0.23529411764705882,22
syn_only,4,TPC-DI__Semantically-Joinable__prospect_vertical_1_ac1_av,132,1,1.0,1.0,1.0,22
syn_only,4,ChEMBL__Semantically-Joinable__assays_both_50_30_ac3_av,210,6,1.0,0.16666666666666666,0.2857142857142857,22
syn_only,4,Magellan__itunes_amazon,81,9,1.0,0.5555555555555556,0.7142857142857143,22
syn_only,4,Magellan__walmart_amazon,36,6,1.0,0.5,0.6666666666666666,22
syn_only,4,OpenData__Unionable__miller2_horizontal_50_ac4_ev,2601,51,1.0,0.8431372549019608,0.9148936170212766,22
syn_only,4,OpenData__Joinable__miller2_both_50_1_ac2_ev,676,1,1.0,1.0,1.0,22
syn_only,4,OpenData__Unionable__miller2_horizontal_50_ac5_ev,2601,51,1.0,0.5686274509803921,0.725,22
syn_only,4,TPC-DI__Semantically-Joinable__prospect_vertical_1_ec_av,132,1,1.0,1.0,1.0,22
syn_only,4,OpenData__Joinable__miller2_both_50_1_ac4_ev,676,1,1.0,1.0,1.0,22
syn_only,4,TPC-DI__Semantically-Joinable__prospect_vertical_30_ac2_av,196,6,0.8,0.6666666666666666,0.7272727272727273,22
syn_only,4,OpenData__View -Unionable__miller2_both_0_1_ac1_av,676,1,1.0,1.0,1.0,22
syn_only,4,ChEMBL__Semantically-Joinable__assays_both_50_50_ac5_av,289,11,1.0,0.2727272727272727,0.42857142857142855,22
syn_only,4,OpenData__View -Unionable__miller2_both_0_1_ac1_ev,676,1,0.0,0.0,0.0,22
syn_only,4,ChEMBL__Semantically-Joinable__assays_both_50_50_ec_av,289,11,1.0,0.09090909090909091,0.16666666666666666,22
syn_only,4,ChEMBL__Semantically-Joinable__assays_both_50_70_ac1_av,380,16,1.0,0.1875,0.3157894736842105,22
syn_only,4,TPC-DI__Semantically-Joinable__prospect_vertical_30_ec_av,196,6,0.6666666666666666,0.6666666666666666,0.6666666666666666,22
syn_only,4,OpenData__Joinable__miller2_both_50_30_ac3_ev,1089,15,1.0,0.8666666666666667,0.9285714285714286,22
syn_only,4,OpenData__Joinable__miller2_both_50_30_ac5_ev,1089,15,1.0,0.5333333333333333,0.6956521739130435,22
syn_only,4,OpenData__View -Unionable__miller2_both_0_1_ac4_ev,676,1,0.0,0.0,0.0,22
syn_only,4,OpenData__View -Unionable__miller2_both_0_1_ac5_av,676,1,0.0,0.0,0.0,22
syn_only,4,ChEMBL__Semantically-Joinable__assays_vertical_1_ac2_av,144,1,1.0,1.0,1.0,22
syn_only,4,OpenData__View -Unionable__miller2_both_0_30_ac1_av,1089,15,1.0,0.4,0.5714285714285714,22
syn_only,4,ChEMBL__Semantically-Joinable__assays_vertical_1_ac5_av,144,1,1.0,1.0,1.0,22
syn_only,4,OpenData__View -Unionable__miller2_both_0_30_ac2_av,1089,15,1.0,0.6,0.75,22
syn_only,4,OpenData__Joinable__miller2_both_50_70_ac3_ev,1849,35,1.0,0.8857142857142857,0.9393939393939394,22
syn_only,4,TPC-DI__Unionable__prospect_horizontal_0_ac1_av,484,22,1.0,0.4090909090909091,0.5806451612903226,22
syn_only,4,TPC-DI__Unionable__prospect_horizontal_0_ac1_ev,484,22,1.0,0.4090909090909091,0.5806451612903226,22
syn_only,4,OpenData__Joinable__miller2_both_50_70_ac5_ev,1849,35,1.0,0.6,0.75,22
syn_only,4,OpenData__Joinable__miller2_vertical_1_ac1_ev,676,1,0.0,0.0,0.0,22
syn_only,4,ChEMBL__Semantically-Joinable__assays_vertical_50_ac1_av,289,11,1.0,0.5454545454545454,0.7058823529411765,22
syn_only,4,ChEMBL__Semantically-Joinable__assays_vertical_50_ac2_av,289,11,1.0,0.6363636363636364,0.7777777777777778,22
syn_only,4,TPC-DI__Unionable__prospect_horizontal_0_ac4_av,484,22,1.0,0.5,0.6666666666666666,22
syn_only,4,TPC-DI__Unionable__prospect_horizontal_0_ac4_ev,484,22,1.0,0.5,0.6666666666666666,22
syn_only,4,OpenData__View -Unionable__miller2_both_0_50_ac1_av,1444,25,1.0,0.44,0.6111111111111112,22
syn_only,4,TPC-DI__Unionable__prospect_horizontal_0_ac5_ev,484,22,1.0,0.5,0.6666666666666666,22
syn_only,4,OpenData__Joinable__miller2_vertical_30_ac1_ev,1089,15,1.0,0.9333333333333333,0.9655172413793104,22
syn_only,4,OpenData__View -Unionable__miller2_both_0_50_ac2_av,1444,25,1.0,0.56,0.717948717948718,22
syn_only,4,OpenData__Joinable__miller2_vertical_30_ac2_ev,1089,15,0.9333333333333333,0.9333333333333333,0.9333333333333333,22
syn_only,4,TPC-DI__Unionable__prospect_horizontal_100_ac1_ev,484,22,1.0,0.4090909090909091,0.5806451612903226,22
syn_only,4,ChEMBL__Semantically-Joinable__assays_vertical_70_ac4_av,380,16,1.0,0.5625,0.72,22
syn_only,4,OpenData__Joinable__miller2_vertical_30_ac5_ev,1089,15,1.0,0.5333333333333333,0.6956521739130435,22
syn_only,4,OpenData__Joinable__miller2_vertical_30_ec_ev,1089,15,1.0,0.6666666666666666,0.8,22
syn_only,4,OpenData__View -Unionable__miller2_both_0_50_ac4_ev,1444,25,1.0,0.88,0.9361702127659575,22
syn_only,4,TPC-DI__Unionable__prospect_horizontal_100_ac2_ev,484,22,1.0,0.6363636363636364,0.7777777777777778,22
syn_only,4,OpenData__Joinable__miller2_vertical_50_ac1_ev,1444,25,1.0,0.92,0.9583333333333334,22
syn_only,4,OpenData__View -Unionable__miller2_both_0_50_ac5_av,1444,25,1.0,0.24,0.3870967741935484,22
syn_only,4,OpenData__View -Unionable__miller2_both_0_50_ac5_ev,1444,25,1.0,0.56,0.717948717948718,22
syn_only,4,ChEMBL__Unionable__assays_horizontal_0_ac1_ev,529,23,1.0,0.43478260869565216,0.6060606060606061,22
syn_only,4,ChEMBL__Unionable__assays_horizontal_0_ac2_ev,529,23,1.0,0.5652173913043478,0.7222222222222222,22
syn_only,4,OpenData__Joinable__miller2_vertical_50_ec_ev,1444,25,1.0,0.64,0.7804878048780488,22
syn_only,4,OpenData__View -Unionable__miller2_both_0_70_ac1_ev,1849,35,1.0,0.7428571428571429,0.8524590163934426,22
syn_only,4,OpenData__View -Unionable__miller2_both_0_70_ac2_ev,1849,35,0.96875,0.8857142857142857,0.9253731343283582,22
syn_only,4,OpenData__Joinable__miller2_vertical_70_ac4_ev,1849,35,0.9666666666666667,0.8285714285714286,0.8923076923076924,22
syn_only,4,TPC-DI__Unionable__prospect_horizontal_50_ac1_ev,484,22,1.0,0.4090909090909091,0.5806451612903226,22
syn_only,4,ChEMBL__Unionable__assays_horizontal_0_ac5_ev,529,23,1.0,0.391304347826087,0.5625,22
syn_only,4,OpenData__View -Unionable__miller2_both_0_70_ac5_av,1849,35,1.0,0.2857142857142857,0.4444444444444444,22
syn_only,4,TPC-DI__Unionable__prospect_horizontal_50_ac3_ev,484,22,1.0,0.5,0.6666666666666666,22
syn_only,4,ChEMBL__Unionable__assays_horizontal_100_ac1_ev,529,23,1.0,0.43478260869565216,0.6060606060606061,22
syn_only,4,OpenData__Semantically-Joinable__miller2_both_50_1_ac3_av,676,1,0.0,0.0,0.0,22
syn_only,4,OpenData__View -Unionable__miller2_both_0_70_ec_av,1849,35,1.0,0.11428571428571428,0.20512820512820512,22
syn_only,4,OpenData__Semantically-Joinable__miller2_both_50_1_ac4_av,676,1,1.0,1.0,1.0,22
syn_only,4,ChEMBL__Unionable__assays_horizontal_100_ac2_ev,529,23,1.0,0.5217391304347826,0.6857142857142857,22
syn_only,4,TPC-DI__Joinable__prospect_both_50_1_ac1_ev,132,1,0.0,0.0,0.0,22
syn_only,4,TPC-DI__Joinable__prospect_both_50_1_ac2_ev,132,1,0.0,0.0,0.0,22
syn_only,4,OpenData__Semantically-Joinable__miller2_both_50_30_ac1_av,1089,15,1.0,0.3333333333333333,0.5,22
syn_only,4,TPC-DI__Unionable__prospect_horizontal_50_ec_av,484,22,1.0,0.22727272727272727,0.37037037037037035,22
syn_only,4,OpenData__Semantically-Joinable__miller2_both_50_30_ac2_av,1089,15,1.0,0.6666666666666666,0.8,22
syn_only,4,TPC-DI__Joinable__prospect_both_50_1_ac4_ev,132,1,0.0,0.0,0.0,22
syn_only,4,TPC-DI__Unionable__prospect_horizontal_50_ec_ev,484,22,1.0,0.22727272727272727,0.37037037037037035,22
syn_only,4,TPC-DI__Joinable__prospect_both_50_1_ec_ev,132,1,0.0,0.0,0.0,22
syn_only,4,OpenData__Semantically-Joinable__miller2_both_50_30_ac5_av,1089,15,1.0,0.13333333333333333,0.23529411764705882,22
syn_only,4,TPC-DI__Joinable__prospect_both_50_30_ac2_ev,196,6,1.0,0.5,0.6666666666666666,22
syn_only,4,TPC-DI__View-Unionable__prospect_both_0_1_ac2_ev,132,1,0.0,0.0,0.0,22
syn_only,4,ChEMBL__Unionable__assays_horizontal_100_ec_ev,529,23,1.0,0.30434782608695654,0.4666666666666667,22
syn_only,4,OpenData__Semantically-Joinable__miller2_both_50_50_ac1_av,1444,25,1.0,0.48,0.6486486486486487,22
syn_only,4,ChEMBL__Unionable__assays_horizontal_50_ac1_av,529,23,1.0,0.43478260869565216,0.6060606060606061,22
syn_only,4,TPC-DI__Joinable__prospect_both_50_30_ac4_ev,196,6,1.0,0.5,0.6666666666666666,22
syn_only,4,ChEMBL__Unionable__assays_horizontal_50_ac1_ev,529,23,1.0,0.43478260869565216,0.6060606060606061,22
syn_only,4,OpenData__Semantically-Joinable__miller2_both_50_50_ac3_av,1444,25,1.0,0.48,0.6486486486486487,22
syn_only,4,TPC-DI__Joinable__prospect_both_50_30_ec_ev,196,6,0.0,0.0,0.0,22
syn_only,4,OpenData__Semantically-Joinable__miller2_both_50_50_ac5_av,1444,25,1.0,0.2,0.3333333333333333,22
syn_only,4,ChEMBL__Unionable__assays_horizontal_50_ac3_av,529,23,1.0,0.43478260869565216,0.6060606060606061,22
syn_only,4,ChEMBL__Unionable__assays_horizontal_50_ac3_ev,529,23,1.0,0.43478260869565216,0.6060606060606061,22
syn_only,4,TPC-DI__View-Unionable__prospect_both_0_30_ac1_av,196,6,0.0,0.0,0.0,22
syn_only,5,ChEMBL__Unionable__assays_horizontal_50_ec_av,529,23,1.0,0.34782608695652173,0.5161290322580645,22
syn_only,5,TPC-DI__Joinable__prospect_both_50_70_ac2_ev,342,15,1.0,0.8666666666666667,0.9285714285714286,22
syn_only,5,ChEMBL__Unionable__assays_horizontal_50_ec_ev,529,23,1.0,0.34782608695652173,0.5161290322580645,22
syn_only,5,TPC-DI__Joinable__prospect_both_50_70_ac3_ev,342,15,1.0,0.8,0.8888888888888888,22
syn_only,5,TPC-DI__Joinable__prospect_both_50_70_ac4_ev,342,15,1.0,0.8,0.8888888888888888,22
syn_only,5,ChEMBL__Joinable__assays_both_50_1_ec_ev,144,1,0.0,0.0,0.0,22
syn_only,5,ChEMBL__Joinable__assays_both_50_30_ac1_ev,210,6,1.0,0.5,0.6666666666666666,22
syn_only,5,OpenData__Semantically-Joinable__miller2_vertical_1_ac5_av,676,1,1.0,1.0,1.0,22
syn_only,5,TPC-DI__View-Unionable__prospect_both_0_30_ac5_av,196,6,1.0,0.16666666666666666,0.2857142857142857,22
syn_only,5,ChEMBL__Joinable__assays_both_50_30_ac4_ev,210,6,1.0,0.6666666666666666,0.8,22
syn_only,5,ChEMBL__View-Unionable__assays_both_0_1_ac3_ev,144,1,0.0,0.0,0.0,22
syn_only,5,ChEMBL__Joinable__assays_both_50_30_ac5_ev,210,6,1.0,0.3333333333333333,0.5,22
syn_only,5,ChEMBL__View-Unionable__assays_both_0_1_ac5_av,144,1,0.0,0.0,0.0,22
syn_only,5,ChEMBL__Joinable__assays_both_50_50_ac2_ev,289,11,1.0,0.6363636363636364,0.7777777777777778,22
syn_only,5,TPC-DI__Joinable__prospect_vertical_30_ac1_ev,196,6,1.0,0.8333333333333334,0.9090909090909091,22
syn_only,5,OpenData__Semantically-Joinable__miller2_vertical_30_ec_av,1089,15,1.0,0.5333333333333333,0.6956521739130435,22
syn_only,5,ChEMBL__View-Unionable__assays_both_0_1_ec_ev,144,1,0.0,0.0,0.0,22
syn_only,5,TPC-DI__View-Unionable__prospect_both_0_50_ac3_av,272,11,0.875,0.6363636363636364,0.7368421052631579,22
syn_only,5,ChEMBL__Joinable__assays_both_50_50_ac5_ev,289,11,1.0,0.45454545454545453,0.625,22
syn_only,5,TPC-DI__Joinable__prospect_vertical_30_ac5_ev,196,6,1.0,0.8333333333333334,0.9090909090909091,22
syn_only,5,TPC-DI__View-Unionable__prospect_both_0_50_ac4_av,272,11,1.0,0.45454545454545453,0.625,22
syn_only,5,ChEMBL__Joinable__assays_both_50_70_ac1_ev,380,16,1.0,0.375,0.5454545454545454,22
syn_only,5,TPC-DI__View-Unionable__prospect_both_0_50_ac4_ev,272,11,1.0,0.9090909090909091,0.9523809523809523,22
syn_only,5,ChEMBL__Joinable__assays_both_50_70_ac2_ev,380,16,1.0,0.625,0.7692307692307693,22
syn_only,5,TPC-DI__View-Unionable__prospect_both_0_50_ac5_av,272,11,1.0,0.36363636363636365,0.5333333333333333,22
syn_only,5,ChEMBL__View-Unionable__assays_both_0_30_ac3_av,210,6,1.0,0.16666666666666666,0.2857142857142857,22
syn_only,5,OpenData__Semantically-Joinable__miller2_vertical_50_ec_av,1444,25,1.0,0.48,0.6486486486486487,22
syn_only,5,TPC-DI__Joinable__prospect_vertical_50_ac2_ev,272,11,1.0,1.0,1.0,22
syn_only,5,TPC-DI__View-Unionable__prospect_both_0_50_ac5_ev,272,11,1.0,0.5454545454545454,0.7058823529411765,22
syn_only,5,TPC-DI__Joinable__prospect_vertical_50_ac3_ev,272,11,1.0,1.0,1.0,22
syn_only,5,ChEMBL__View-Unionable__assays_both_0_30_ac4_av,210,6,0.0,0.0,0.0,22
syn_only,5,OpenData__Semantically-Joinable__miller2_vertical_70_ac3_av,1849,35,1.0,0.5142857142857142,0.6792452830188679,22
syn_only,5,ChEMBL__View-Unionable__assays_both_0_30_ac5_av,210,6,1.0,0.16666666666666666,0.2857142857142857,22
syn_only,5,TPC-DI__View-Unionable__prospect_both_0_70_ac1_ev,342,15,1.0,0.4,0.5714285714285714,22
syn_only,5,ChEMBL__Joinable__assays_vertical_1_ac3_ev,144,1,1.0,1.0,1.0,22
syn_only,5,ChEMBL__Joinable__assays_vertical_1_ac4_ev,144,1,1.0,1.0,1.0,22
syn_only,5,TPC-DI__Joinable__prospect_vertical_70_ac3_ev,342,15,1.0,1.0,1.0,22
syn_only,5,ChEMBL__Joinable__assays_vertical_1_ac5_ev,144,1,1.0,1.0,1.0,22
syn_only,5,OpenData__Unionable__miller2_horizontal_0_ac3_av,2601,51,1.0,0.6274509803921569,0.7710843373493976,22
syn_only,5,TPC-DI__Semantically-Joinable__prospect_both_50_1_ac1_av,132,1,0.0,0.0,0.0,22
syn_only,5,OpenData__Unionable__miller2_horizontal_0_ac3_ev,2601,51,1.0,0.7254901960784313,0.8409090909090909,22
syn_only,5,ChEMBL__Joinable__assays_vertical_30_ac4_ev,210,6,1.0,1.0,1.0,22
syn_only,5,TPC-DI__Semantically-Joinable__prospect_both_50_1_ac4_av,132,1,0.0,0.0,0.0,22
syn_only,5,TPC-DI__View-Unionable__prospect_both_0_70_ec_ev,342,15,1.0,0.3333333333333333,0.5,22
syn_only,5,TPC-DI__Semantically-Joinable__prospect_both_50_1_ac5_av,132,1,0.0,0.0,0.0,22
syn_only,5,Wikidata__Musicians__Musicians_joinable,169,6,1.0,0.8333333333333334,0.9090909090909091,22
syn_only,5,ChEMBL__View-Unionable__assays_both_0_50_ac5_av,289,11,1.0,0.18181818181818182,0.3076923076923077,22
syn_only,5,TPC-DI__Semantically-Joinable__prospect_both_50_30_ac1_av,196,6,0.0,0.0,0.0,22
syn_only,5,OpenData__Unionable__miller2_horizontal_100_ac1_av,2601,51,1.0,0.7058823529411765,0.8275862068965517,22
syn_only,5,ChEMBL__Joinable__assays_vertical_70_ac1_ev,380,16,1.0,0.8125,0.896551724137931,22
syn_only,5,ChEMBL__Joinable__assays_vertical_70_ac2_ev,380,16,1.0,0.9375,0.967741935483871,22
syn_only,5,TPC-DI__Semantically-Joinable__prospect_both_50_50_ac3_av,272,11,0.8333333333333334,0.45454545454545453,0.5882352941176471,22
syn_only,5,ChEMBL__Joinable__assays_vertical_70_ac5_ev,380,16,1.0,0.625,0.7692307692307693,22
syn_only,5,ChEMBL__View-Unionable__assays_both_0_70_ac4_av,380,16,1.0,0.375,0.5454545454545454,22
syn_only,5,OpenData__Unionable__miller2_horizontal_100_ec_av,2601,51,1.0,0.6470588235294118,0.7857142857142857,22
syn_only,5,ChEMBL__View-Unionable__assays_both_0_70_ec_ev,380,16,1.0,0.375,0.5454545454545454,22
syn_only,5,OpenData__Unionable__miller2_horizontal_50_ac1_ev,2601,51,1.0,0.7058823529411765,0.8275862068965517,22
syn_only,5,Magellan__beeradvo_ratebeer,25,5,1.0,0.6,0.75,22
syn_only,5,OpenData__Unionable__miller2_horizontal_50_ac3_ev,2601,51,1.0,0.7254901960784313,0.8409090909090909,22
syn_only,5,ChEMBL__Semantically-Joinable__assays_both_50_30_ac4_av,210,6,1.0,0.6666666666666666,0.8,22
syn_only,5,ChEMBL__Semantically-Joinable__assays_both_50_30_ec_av,210,6,0.0,0.0,0.0,22
syn_only,5,TPC-DI__Semantically-Joinable__prospect_vertical_1_ac5_av,132,1,0.0,0.0,0.0,22
syn_only,5,ChEMBL__Semantically-Joinable__assays_both_50_50_ac1_av,289,11,1.0,0.09090909090909091,0.16666666666666666,22
syn_only,5,TPC-DI__Semantically-Joinable__prospect_vertical_30_ac1_av,196,6,1.0,0.3333333333333333,0.5,22
syn_only,5,OpenData__Joinable__miller2_both_50_1_ac5_ev,676,1,1.0,1.0,1.0,22
syn_only,5,TPC-DI__Semantically-Joinable__prospect_vertical_30_ac3_av,196,6,1.0,0.6666666666666666,0.8,22
syn_only,5,OpenData__Joinable__miller2_both_50_30_ac2_ev,1089,15,1.0,1.0,1.0,22
syn_only,5,OpenData__Joinable__miller2_both_50_30_ac4_ev,1089,15,1.0,0.7333333333333333,0.8461538461538461,22
syn_only,5,ChEMBL__Semantically-Joinable__assays_both_50_70_ac5_av,380,16,1.0,0.25,0.4,22
syn_only,5,OpenData__Joinable__miller2_both_50_50_ac1_ev,1444,25,1.0,0.76,0.8636363636363636,22
syn_only,5,OpenData__View -Unionable__miller2_both_0_1_ec_av,676,1,0.0,0.0,0.0,22
syn_only,5,ChEMBL__Semantically-Joinable__assays_vertical_1_ac3_av,144,1,1.0,1.0,1.0,22
syn_only,5,OpenData__View -Unionable__miller2_both_0_1_ec_ev,676,1,1.0,1.0,1.0,22
syn_only,5,OpenData__Joinable__miller2_both_50_50_ec_ev,1444,25,1.0,0.72,0.8372093023255814,22
syn_only,5,TPC-DI__Semantically-Joinable__prospect_vertical_70_ac5_av,342,15,1.0,0.4,0.5714285714285714,22
syn_only,5,ChEMBL__Semantically-Joinable__assays_vertical_30_ac1_av,210,6,1.0,0.5,0.6666666666666666,22
syn_only,5,ChEMBL__Semantically-Joinable__assays_vertical_30_ac2_av,210,6,1.0,0.5,0.6666666666666666,22
syn_only,5,OpenData__Joinable__miller2_both_50_70_ac4_ev,1849,35,1.0,0.8571428571428571,0.9230769230769231,22
syn_only,5,OpenData__View -Unionable__miller2_both_0_30_ac3_ev,1089,15,1.0,0.8,0.8888888888888888,22
syn_only,5,ChEMBL__Semantically-Joinable__assays_vertical_30_ac4_av,210,6,1.0,0.3333333333333333,0.5,22
syn_only,5,OpenData__View -Unionable__miller2_both_0_30_ac4_ev,1089,15,1.0,1.0,1.0,22
syn_only,5,OpenData__View -Unionable__miller2_both_0_30_ac5_ev,1089,15,1.0,0.6,0.75,22
syn_only,5,ChEMBL__Semantically-Joinable__assays_vertical_70_ec_av,380,16,1.0,0.25,0.4,22
syn_only,5,TPC-DI__Unionable__prospect_horizontal_100_ac3_av,484,22,1.0,0.7727272727272727,0.8717948717948718,22
syn_only,5,TPC-DI__Unionable__prospect_horizontal_100_ac3_ev,484,22,1.0,0.7727272727272727,0.8717948717948718,22
syn_only,5,OpenData__Joinable__miller2_vertical_50_ac4_ev,1444,25,1.0,0.92,0.9583333333333334,22
syn_only,5,OpenData__View -Unionable__miller2_both_0_70_ac2_av,1849,35,1.0,0.6571428571428571,0.7931034482758621,22
syn_only,5,ChEMBL__Unionable__assays_horizontal_0_ac4_av,529,23,1.0,0.5217391304347826,0.6857142857142857,22
syn_only,5,TPC-DI__Unionable__prospect_horizontal_100_ec_ev,484,22,1.0,0.45454545454545453,0.625,22
syn_only,5,OpenData__Joinable__miller2_vertical_70_ac3_ev,1849,35,1.0,0.7142857142857143,0.8333333333333334,22
syn_only,5,OpenData__Joinable__miller2_vertical_70_ec_ev,1849,35,1.0,1.0,1.0,22
syn_only,5,TPC-DI__Unionable__prospect_horizontal_50_ac3_av,484,22,1.0,0.7727272727272727,0.8717948717948718,22
syn_only,5,OpenData__Semantically-Joinable__miller2_both_50_1_ac2_av,676,1,1.0,1.0,1.0,22
syn_only,5,ChEMBL__Unionable__assays_horizontal_100_ac3_av,529,23,1.0,0.43478260869565216,0.6060606060606061,22
syn_only,5,TPC-DI__Joinable__prospect_both_50_1_ac5_ev,132,1,0.0,0.0,0.0,22
syn_only,5,TPC-DI__View-Unionable__prospect_both_0_1_ac1_av,132,1,0.0,0.0,0.0,22
syn_only,5,TPC-DI__View-Unionable__prospect_both_0_1_ac2_av,132,1,0.0,0.0,0.0,22
syn_only,5,ChEMBL__Unionable__assays_horizontal_100_ec_av,529,23,1.0,0.34782608695652173,0.5161290322580645,22
syn_only,5,TPC-DI__View-Unionable__prospect_both_0_1_ac4_av,132,1,0.0,0.0,0.0,22
syn_only,5,ChEMBL__Unionable__assays_horizontal_50_ac2_ev,529,23,1.0,0.6521739130434783,0.7894736842105263,22
syn_only,5,TPC-DI__View-Unionable__prospect_both_0_1_ec_av,132,1,0.0,0.0,0.0,22
syn_only,5,ChEMBL__Unionable__assays_horizontal_50_ac4_av,529,23,1.0,0.6521739130434783,0.7894736842105263,22
syn_only,5,OpenData__Semantically-Joinable__miller2_both_50_70_ac2_av,1849,35,1.0,0.5714285714285714,0.7272727272727273,22
syn_only,5,TPC-DI__Joinable__prospect_both_50_50_ac5_ev,272,11,1.0,0.6363636363636364,0.7777777777777778,22
distance_only,0,ChEMBL__Unionable__assays_horizontal_50_ac5_av,529,23,1.0,0.21739130434782608,0.35714285714285715,7
distance_only,0,OpenData__Semantically-Joinable__miller2_both_50_70_ac4_av,1849,35,0.0,0.0,0.0,7
distance_only,0,TPC-DI__Joinable__prospect_both_50_50_ec_ev,272,11,1.0,0.7272727272727273,0.8421052631578947,7
distance_only,0,TPC-DI__View-Unionable__prospect_both_0_30_ac1_ev,196,6,1.0,0.16666666666666666,0.2857142857142857,7
distance_only,0,ChEMBL__Joinable__assays_both_50_1_ac2_ev,144,1,0.0,0.0,0.0,7
distance_only,0,ChEMBL__Unionable__assays_horizontal_50_ac5_ev,529,23,1.0,0.21739130434782608,0.35714285714285715,7
distance_only,0,ChEMBL__Joinable__assays_both_50_1_ac3_ev,144,1,0.0,0.0,0.0,7
distance_only,0,TPC-DI__View-Unionable__prospect_both_0_30_ac2_ev,196,6,0.0,0.0,0.0,7
distance_only,0,OpenData__Semantically-Joinable__miller2_vertical_1_ac4_av,676,1,0.0,0.0,0.0,7
distance_only,0,TPC-DI__Joinable__prospect_both_50_70_ec_ev,342,15,1.0,0.8,0.8888888888888888,7
distance_only,0,ChEMBL__View-Unionable__assays_both_0_1_ac2_ev,144,1,0.0,0.0,0.0,7
distance_only,0,TPC-DI__Joinable__prospect_vertical_1_ac2_ev,132,1,1.0,1.0,1.0,7
distance_only,0,TPC-DI__View-Unionable__prospect_both_0_30_ec_av,196,6,1.0,0.8333333333333334,0.9090909090909091,7
distance_only,0,OpenData__Semantically-Joinable__miller2_vertical_30_ac2_av,1089,15,1.0,0.06666666666666667,0.125,7
distance_only,0,ChEMBL__Joinable__assays_both_50_30_ec_ev,210,6,1.0,1.0,1.0,7
distance_only,0,TPC-DI__View-Unionable__prospect_both_0_50_ac1_av,272,11,1.0,0.18181818181818182,0.3076923076923077,7
distance_only,0,TPC-DI__Joinable__prospect_vertical_1_ec_ev,132,1,1.0,1.0,1.0,7
distance_only,0,TPC-DI__View-Unionable__prospect_both_0_50_ac1_ev,272,11,1.0,0.36363636363636365,0.5333333333333333,7
distance_only,0,ChEMBL__View-Unionable__assays_both_0_30_ac1_av,210,6,1.0,0.3333333333333333,0.5,7
distance_only,0,OpenData__Semantically-Joinable__miller2_vertical_50_ac3_av,1444,25,0.0,0.0,0.0,7
distance_only,0,ChEMBL__View-Unionable__assays_both_0_30_ac2_av,210,6,1.0,0.16666666666666666,0.2857142857142857,7
distance_only,0,OpenData__Semantically-Joinable__miller2_vertical_50_ac4_av,1444,25,0.0,0.0,0.0,7
distance_only,0,OpenData__Semantically-Joinable__miller2_vertical_50_ac5_av,1444,25,0.0,0.0,0.0,7
distance_only,0,TPC-DI__Joinable__prospect_vertical_50_ac1_ev,272,11,1.0,0.5454545454545454,0.7058823529411765,7
distance_only,0,ChEMBL__Joinable__assays_both_50_70_ac3_ev,380,16,1.0,0.1875,0.3157894736842105,7
distance_only,0,ChEMBL__Joinable__assays_both_50_70_ac4_ev,380,16,1.0,0.25,0.4,7
distance_only,0,OpenData__Semantically-Joinable__miller2_vertical_70_ac2_av,1849,35,1.0,0.11428571428571428,0.20512820512820512,7
distance_only,0,ChEMBL__Joinable__assays_both_50_70_ec_ev,380,16,1.0,0.9375,0.967741935483871,7
distance_only,0,TPC-DI__Joinable__prospect_vertical_50_ac5_ev,272,11,1.0,0.36363636363636365,0.5333333333333333,7
distance_only,0,OpenData__Semantically-Joinable__miller2_vertical_70_ac4_av,1849,35,0.0,0.0,0.0,7
distance_only,0,TPC-DI__Joinable__prospect_vertical_50_ec_ev,272,11,1.0,1.0,1.0,7
distance_only,0,TPC-DI__Joinable__prospect_vertical_70_ac1_ev,342,15,1.0,0.6,0.75,7
distance_only,0,ChEMBL__View-Unionable__assays_both_0_30_ec_av,210,6,1.0,0.6666666666666666,0.8,7
distance_only,0,OpenData__Unionable__miller2_horizontal_0_ac1_ev,2601,51,1.0,0.1568627450980392,0.2711864406779661,7
distance_only,0,TPC-DI__Joinable__prospect_vertical_70_ac4_ev,342,15,1.0,0.3333333333333333,0.5,7
distance_only,0,TPC-DI__View-Unionable__prospect_both_0_70_ac3_ev,342,15,1.0,0.13333333333333333,0.23529411764705882,7
distance_only,0,ChEMBL__Joinable__assays_vertical_1_ec_ev,144,1,1.0,1.0,1.0,7
distance_only,0,OpenData__Unionable__miller2_horizontal_0_ac2_av,2601,51,1.0,0.13725490196078433,0.2413793103448276,7
distance_only,0,TPC-DI__View-Unionable__prospect_both_0_70_ac4_ev,342,15,0.0,0.0,0.0,7
distance_only,0,ChEMBL__Joinable__assays_vertical_30_ac3_ev,210,6,1.0,0.3333333333333333,0.5,7
distance_only,0,ChEMBL__View-Unionable__assays_both_0_50_ac3_av,289,11,1.0,0.18181818181818182,0.3076923076923077,7
distance_only,0,TPC-DI__View-Unionable__prospect_both_0_70_ac5_ev,342,15,0.0,0.0,0.0,7
distance_only,0,ChEMBL__View-Unionable__assays_both_0_50_ac3_ev,289,11,1.0,0.2727272727272727,0.42857142857142855,7
distance_only,0,ChEMBL__Joinable__assays_vertical_30_ec_ev,210,6,1.0,1.0,1.0,7
distance_only,0,ChEMBL__View-Unionable__assays_both_0_50_ac4_ev,289,11,1.0,0.09090909090909091,0.16666666666666666,7
distance_only,0,ChEMBL__Joinable__assays_vertical_50_ac2_ev,289,11,1.0,0.09090909090909091,0.16666666666666666,7
distance_only,0,Wikidata__Musicians__Musicians_unionable,400,19,0.9411764705882353,0.8421052631578947,0.8888888888888888,7
distance_only,0,ChEMBL__Joinable__assays_vertical_50_ac4_ev,289,11,1.0,0.2727272727272727,0.42857142857142855,7
distance_only,0,ChEMBL__View-Unionable__assays_both_0_50_ec_ev,289,11,1.0,0.8181818181818182,0.9,7
distance_only,0,ChEMBL__View-Unionable__assays_both_0_70_ac1_av,380,16,1.0,0.5,0.6666666666666666,7
distance_only,0,OpenData__Unionable__miller2_horizontal_100_ac1_ev,2601,51,1.0,0.1568627450980392,0.2711864406779661,7
distance_only,0,ChEMBL__Joinable__assays_vertical_50_ec_ev,289,11,1.0,1.0,1.0,7
distance_only,0,ChEMBL__View-Unionable__assays_both_0_70_ac2_av,380,16,1.0,0.0625,0.11764705882352941,7
distance_only,0,TPC-DI__Semantically-Joinable__prospect_both_50_50_ac1_av,272,11,1.0,0.36363636363636365,0.5333333333333333,7
distance_only,0,ChEMBL__Joinable__assays_vertical_70_ac3_ev,380,16,1.0,0.1875,0.3157894736842105,7
distance_only,0,OpenData__Unionable__miller2_horizontal_100_ac3_ev,2601,51,1.0,0.0784313725490196,0.14545454545454545,7
distance_only,0,ChEMBL__View-Unionable__assays_both_0_70_ac3_ev,380,16,1.0,0.1875,0.3157894736842105,7
distance_only,0,OpenData__Unionable__miller2_horizontal_100_ac4_ev,2601,51,1.0,0.0784313725490196,0.14545454545454545,7
distance_only,0,TPC-DI__Semantically-Joinable__prospect_both_50_50_ac4_av,272,11,0.0,0.0,0.0,7
distance_only,0,ChEMBL__Joinable__assays_vertical_70_ec_ev,380,16,1.0,1.0,1.0,7
distance_only,0,ChEMBL__View-Unionable__assays_both_0_70_ac4_ev,380,16,1.0,0.25,0.4,7
distance_only,0,TPC-DI__Semantically-Joinable__prospect_both_50_50_ac5_av,272,11,0.0,0.0,0.0,7
distance_only,0,ChEMBL__View-Unionable__assays_both_0_70_ac5_av,380,16,0.0,0.0,0.0,7
distance_only,0,OpenData__Unionable__miller2_horizontal_100_ac5_ev,2601,51,0.0,0.0,0.0,7
distance_only,0,ChEMBL__Semantically-Joinable__assays_both_50_1_ac2_av,144,1,0.0,0.0,0.0,7
distance_only,0,ChEMBL__View-Unionable__assays_both_0_70_ac5_ev,380,16,1.0,0.3125,0.47619047619047616,7
distance_only,0,TPC-DI__Semantically-Joinable__prospect_both_50_70_ac1_av,342,15,1.0,0.06666666666666667,0.125,7
distance_only,0,ChEMBL__View-Unionable__assays_both_0_70_ec_av,380,16,0.8461538461538461,0.6875,0.7586206896551724,7
distance_only,0,ChEMBL__Semantically-Joinable__assays_both_50_1_ac4_av,144,1,1.0,1.0,1.0,7
distance_only,0,OpenData__Unionable__miller2_horizontal_50_ac1_av,2601,51,1.0,0.1568627450980392,0.2711864406779661,7
distance_only,0,ChEMBL__Semantically-Joinable__assays_both_50_1_ec_av,144,1,1.0,1.0,1.0,7
distance_only,0,TPC-DI__Semantically-Joinable__prospect_both_50_70_ac5_av,342,15,0.0,0.0,0.0,7
distance_only,0,ChEMBL__Semantically-Joinable__assays_both_50_30_ac1_av,210,6,1.0,0.5,0.6666666666666666,7
distance_only,0,Magellan__dblp_acm,25,5,1.0,0.6,0.75,7
distance_only,0,ChEMBL__Semantically-Joinable__assays_both_50_30_ac2_av,210,6,1.0,0.16666666666666666,0.2857142857142857,7
distance_only,0,Magellan__dblp_scholar,25,5,1.0,0.4,0.5714285714285714,7
distance_only,0,OpenData__Unionable__miller2_horizontal_50_ac3_av,2601,51,1.0,0.0784313725490196,0.14545454545454545,7
distance_only,0,TPC-DI__Semantically-Joinable__prospect_vertical_1_ac2_av,132,1,1.0,1.0,1.0,7
distance_only,0,OpenData__Unionable__miller2_horizontal_50_ac4_av,2601,51,1.0,0.0196078431372549,0.038461538461538464,7
distance_only,0,TPC-DI__Semantically-Joinable__prospect_vertical_1_ac4_av,132,1,0.0,0.0,0.0,7
distance_only,0,OpenData__Joinable__miller2_both_50_1_ac1_ev,676,1,0.0,0.0,0.0,7
distance_only,0,OpenData__Joinable__miller2_both_50_1_ac2_ev,676,1,0.0,0.0,0.0,7
distance_only,0,OpenData__Unionable__miller2_horizontal_50_ac5_ev,2601,51,0.0,0.0,0.0,7
distance_only,0,TPC-DI__Semantically-Joinable__prospect_vertical_1_ec_av,132,1,1.0,1.0,1.0,7
distance_only,0,ChEMBL__Semantically-Joinable__assays_both_50_50_ac2_av,289,11,1.0,0.09090909090909091,0.16666666666666666,7
distance_only,0,OpenData__Joinable__miller2_both_50_1_ac3_ev,676,1,0.0,0.0,0.0,7
distance_only,0,OpenData__Unionable__miller2_horizontal_50_ec_ev,2601,51,1.0,0.8627450980392157,0.9263157894736842,7
distance_only,0,ChEMBL__Semantically-Joinable__assays_both_50_50_ac5_av,289,11,0.0,0.0,0.0,7
distance_only,0,ChEMBL__Semantically-Joinable__assays_both_50_50_ec_av,289,11,0.8888888888888888,0.7272727272727273,0.8,7
distance_only,0,TPC-DI__Semantically-Joinable__prospect_vertical_30_ac5_av,196,6,0.0,0.0,0.0,7
distance_only,0,OpenData__View -Unionable__miller2_both_0_1_ac2_ev,676,1,0.0,0.0,0.0,7
distance_only,0,OpenData__View -Unionable__miller2_both_0_1_ac3_av,676,1,0.0,0.0,0.0,7
distance_only,0,TPC-DI__Semantically-Joinable__prospect_vertical_50_ac1_av,272,11,1.0,0.2727272727272727,0.42857142857142855,7
distance_only,0,TPC-DI__Semantically-Joinable__prospect_vertical_50_ac2_av,272,11,1.0,0.09090909090909091,0.16666666666666666,7
distance_only,0,OpenData__Joinable__miller2_both_50_30_ec_ev,1089,15,1.0,0.8,0.8888888888888888,7
distance_only,0,TPC-DI__Semantically-Joinable__prospect_vertical_50_ac4_av,272,11,0.0,0.0,0.0,7
distance_only,0,TPC-DI__Semantically-Joinable__prospect_vertical_50_ec_av,272,11,1.0,0.7272727272727273,0.8421052631578947,7
distance_only,0,TPC-DI__Semantically-Joinable__prospect_vertical_70_ac2_av,342,15,0.0,0.0,0.0,7
distance_only,0,OpenData__Joinable__miller2_both_50_50_ac5_ev,1444,25,0.0,0.0,0.0,7
distance_only,0,ChEMBL__Semantically-Joinable__assays_vertical_1_ac5_av,144,1,1.0,1.0,1.0,7
distance_only,0,OpenData__Joinable__miller2_both_50_70_ac1_ev,1849,35,1.0,0.17142857142857143,0.2926829268292683,7
distance_only,0,OpenData__View -Unionable__miller2_both_0_30_ac3_av,1089,15,0.0,0.0,0.0,7
distance_only,0,TPC-DI__Unionable__prospect_horizontal_0_ac1_av,484,22,1.0,0.2727272727272727,0.42857142857142855,7
distance_only,0,OpenData__Joinable__miller2_both_50_70_ac5_ev,1849,35,0.0,0.0,0.0,7
distance_only,0,OpenData__View -Unionable__miller2_both_0_30_ac4_av,1089,15,0.0,0.0,0.0,7
distance_only,0,ChEMBL__Semantically-Joinable__assays_vertical_30_ac5_av,210,6,1.0,0.16666666666666666,0.2857142857142857,7
distance_only,0,TPC-DI__Unionable__prospect_horizontal_0_ac2_ev,484,22,1.0,0.09090909090909091,0.16666666666666666,7
distance_only,0,ChEMBL__Semantically-Joinable__assays_vertical_30_ec_av,210,6,0.8333333333333334,0.8333333333333334,0.8333333333333334,7
distance_only,0,OpenData__View -Unionable__miller2_both_0_30_ac5_av,1089,15,0.0,0.0,0.0,7
distance_only,0,TPC-DI__Unionable__prospect_horizontal_0_ac3_av,484,22,1.0,0.13636363636363635,0.24,7
distance_only,0,TPC-DI__Unionable__prospect_horizontal_0_ac4_av,484,22,0.0,0.0,0.0,7
distance_only,0,OpenData__Joinable__miller2_vertical_1_ac4_ev,676,1,0.0,0.0,0.0,7
distance_only,0,ChEMBL__Semantically-Joinable__assays_vertical_50_ac4_av,289,11,1.0,0.2727272727272727,0.42857142857142855,7
distance_only,0,ChEMBL__Semantically-Joinable__assays_vertical_50_ac5_av,289,11,1.0,0.2727272727272727,0.42857142857142855,7
distance_only,0,OpenData__View -Unionable__miller2_both_0_50_ac2_av,1444,25,0.0,0.0,0.0,7
distance_only,0,OpenData__Joinable__miller2_vertical_30_ac2_ev,1089,15,0.8571428571428571,0.4,0.5454545454545454,7
distance_only,0,OpenData__View -Unionable__miller2_both_0_50_ac2_ev,1444,25,1.0,0.12,0.21428571428571427,7
distance_only,0,TPC-DI__Unionable__prospect_horizontal_0_ec_ev,484,22,1.0,0.7272727272727273,0.8421052631578947,7
distance_only,0,ChEMBL__Semantically-Joinable__assays_vertical_70_ac2_av,380,16,0.0,0.0,0.0,7
distance_only,0,OpenData__Joinable__miller2_vertical_30_ac3_ev,1089,15,1.0,0.13333333333333333,0.23529411764705882,7
distance_only,0,OpenData__View -Unionable__miller2_both_0_50_ac3_ev,1444,25,1.0,0.08,0.14814814814814814,7
distance_only,0,TPC-DI__Unionable__prospect_horizontal_100_ac2_ev,484,22,1.0,0.09090909090909091,0.16666666666666666,7
distance_only,0,OpenData__Joinable__miller2_vertical_50_ac1_ev,1444,25,1.0,0.24,0.3870967741935484,7
distance_only,0,OpenData__View -Unionable__miller2_both_0_50_ac5_av,1444,25,0.0,0.0,0.0,7
distance_only,0,ChEMBL__Unionable__assays_horizontal_0_ac1_av,529,23,0.8571428571428571,0.5217391304347826,0.6486486486486487,7
distance_only,0,OpenData__View -Unionable__miller2_both_0_50_ac5_ev,1444,25,0.0,0.0,0.0,7
distance_only,0,OpenData__Joinable__miller2_vertical_50_ac3_ev,1444,25,1.0,0.2,0.3333333333333333,7
distance_only,0,OpenData__View -Unionable__miller2_both_0_50_ec_av,1444,25,1.0,0.68,0.8095238095238095,7
distance_only,0,ChEMBL__Unionable__assays_horizontal_0_ac2_av,529,23,1.0,0.21739130434782608,0.35714285714285715,7
distance_only,0,ChEMBL__Unionable__assays_horizontal_0_ac2_ev,529,23,1.0,0.21739130434782608,0.35714285714285715,7
distance_only,0,TPC-DI__Unionable__prospect_horizontal_100_ac5_av,484,22,1.0,0.045454545454545456,0.08695652173913043,7
distance_only,0,ChEMBL__Unionable__assays_horizontal_0_ac3_av,529,23,1.0,0.08695652173913043,0.16,7
distance_only,0,OpenData__Joinable__miller2_vertical_50_ec_ev,1444,25,1.0,1.0,1.0,7
distance_only,0,OpenData__Joinable__miller2_vertical_70_ac2_ev,1849,35,1.0,0.4,0.5714285714285714,7
distance_only,0,ChEMBL__Unionable__assays_horizontal_0_ac4_ev,529,23,1.0,0.30434782608695654,0.4666666666666667,7
distance_only,0,OpenData__Joinable__miller2_vertical_70_ac4_ev,1849,35,1.0,0.14285714285714285,0.25,7
distance_only,0,OpenData__View -Unionable__miller2_both_0_70_ac3_ev,1849,35,1.0,0.08571428571428572,0.15789473684210525,7
distance_only,0,TPC-DI__Unionable__prospect_horizontal_50_ac1_ev,484,22,1.0,0.2727272727272727,0.42857142857142855,7
distance_only,0,OpenData__View -Unionable__miller2_both_0_70_ac4_av,1849,35,0.0,0.0,0.0,7
distance_only,0,ChEMBL__Unionable__assays_horizontal_0_ec_ev,529,23,1.0,0.8695652173913043,0.9302325581395349,7
distance_only,0,OpenData__Semantically-Joinable__miller2_both_50_1_ac1_av,676,1,0.0,0.0,0.0,7
distance_only,0,TPC-DI__Unionable__prospect_horizontal_50_ac3_ev,484,22,1.0,0.13636363636363635,0.24,7
distance_only,0,OpenData__Semantically-Joinable__miller2_both_50_1_ac4_av,676,1,0.0,0.0,0.0,7
distance_only,0,OpenData__View -Unionable__miller2_both_0_70_ec_ev,1849,35,1.0,0.9142857142857143,0.9552238805970149,7
distance_only,0,TPC-DI__Unionable__prospect_horizontal_50_ac4_ev,484,22,1.0,0.045454545454545456,0.08695652173913043,7
distance_only,0,OpenData__Semantically-Joinable__miller2_both_50_1_ac5_av,676,1,0.0,0.0,0.0,7
distance_only,0,TPC-DI__Unionable__prospect_horizontal_50_ac5_av,484,22,1.0,0.045454545454545456,0.08695652173913043,7
distance_only,0,OpenData__Semantically-Joinable__miller2_both_50_1_ec_av,676,1,0.0,0.0,0.0,7
distance_only,0,TPC-DI__Joinable__prospect_both_50_1_ac2_ev,132,1,0.0,0.0,0.0,7
distance_only,0,ChEMBL__Unionable__assays_horizontal_100_ac4_av,529,23,1.0,0.13043478260869565,0.23076923076923078,7
distance_only,0,TPC-DI__Joinable__prospect_both_50_1_ac4_ev,132,1,0.0,0.0,0.0,7
distance_only,0,TPC-DI__View-Unionable__prospect_both_0_1_ac1_ev,132,1,0.0,0.0,0.0,7
distance_only,0,OpenData__Semantically-Joinable__miller2_both_50_30_ec_av,1089,15,1.0,0.6,0.75,7
distance_only,0,TPC-DI__Joinable__prospect_both_50_30_ac2_ev,196,6,1.0,0.16666666666666666,0.2857142857142857,7
distance_only,0,ChEMBL__Unionable__assays_horizontal_100_ec_ev,529,23,1.0,0.8695652173913043,0.9302325581395349,7
distance_only,0,OpenData__Semantically-Joinable__miller2_both_50_50_ac1_av,1444,25,0.0,0.0,0.0,7
distance_only,0,TPC-DI__Joinable__prospect_both_50_30_ac3_ev,196,6,0.0,0.0,0.0,7
distance_only,0,TPC-DI__View-Unionable__prospect_both_0_1_ac3_av,132,1,0.0,0.0,0.0,7
distance_only,0,OpenData__Semantically-Joinable__miller2_both_50_50_ac2_av,1444,25,1.0,0.04,0.07692307692307693,7
distance_only,0,TPC-DI__Joinable__prospect_both_50_30_ac5_ev,196,6,1.0,0.16666666666666666,0.2857142857142857,7
distance_only,0,TPC-DI__Joinable__prospect_both_50_30_ec_ev,196,6,1.0,0.8333333333333334,0.9090909090909091,7
distance_only,0,TPC-DI__View-Unionable__prospect_both_0_1_ac4_ev,132,1,0.0,0.0,0.0,7
distance_only,0,TPC-DI__View-Unionable__prospect_both_0_1_ac5_av,132,1,0.0,0.0,0.0,7
distance_only,0,ChEMBL__Unionable__assays_horizontal_50_ac3_av,529,23,1.0,0.13043478260869565,0.23076923076923078,7
distance_only,0,TPC-DI__View-Unionable__prospect_both_0_1_ec_ev,132,1,1.0,1.0,1.0,7
distance_only,0,TPC-DI__View-Unionable__prospect_both_0_30_ac1_av,196,6,1.0,0.5,0.6666666666666666,7
distance_only,1,ChEMBL__Joinable__assays_both_50_1_ac1_ev,144,1,1.0,1.0,1.0,7
distance_only,1,OpenData__Semantically-Joinable__miller2_both_50_70_ac4_av,1849,35,1.0,0.02857142857142857,0.05555555555555555,7
distance_only,1,TPC-DI__View-Unionable__prospect_both_0_30_ac1_ev,196,6,1.0,0.3333333333333333,0.5,7
distance_only,1,ChEMBL__Joinable__assays_both_50_1_ac2_ev,144,1,0.0,0.0,0.0,7
distance_only,1,ChEMBL__Unionable__assays_horizontal_50_ac5_ev,529,23,1.0,0.34782608695652173,0.5161290322580645,7
distance_only,1,TPC-DI__View-Unionable__prospect_both_0_30_ac2_av,196,6,0.0,0.0,0.0,7
distance_only,1,ChEMBL__Joinable__assays_both_50_1_ac3_ev,144,1,0.0,0.0,0.0,7
distance_only,1,OpenData__Semantically-Joinable__miller2_both_50_70_ec_av,1849,35,0.9583333333333334,0.6571428571428571,0.7796610169491526,7
distance_only,1,ChEMBL__Joinable__assays_both_50_1_ac5_ev,144,1,1.0,1.0,1.0,7
distance_only,1,TPC-DI__View-Unionable__prospect_both_0_30_ac3_ev,196,6,0.0,0.0,0.0,7
distance_only,1,OpenData__Semantically-Joinable__miller2_vertical_1_ac3_av,676,1,0.0,0.0,0.0,7
distance_only,1,ChEMBL__View-Unionable__assays_both_0_1_ac2_ev,144,1,0.0,0.0,0.0,7
distance_only,1,TPC-DI__Joinable__prospect_vertical_1_ac3_ev,132,1,1.0,1.0,1.0,7
distance_only,1,TPC-DI__Joinable__prospect_vertical_1_ac4_ev,132,1,1.0,1.0,1.0,7
distance_only,1,ChEMBL__Joinable__assays_both_50_30_ec_ev,210,6,1.0,1.0,1.0,7
distance_only,1,OpenData__Semantically-Joinable__miller2_vertical_30_ac3_av,1089,15,1.0,0.06666666666666667,0.125,7
distance_only,1,TPC-DI__View-Unionable__prospect_both_0_50_ac1_av,272,11,1.0,0.2727272727272727,0.42857142857142855,7
distance_only,1,ChEMBL__Joinable__assays_both_50_50_ac1_ev,289,11,1.0,0.6363636363636364,0.7777777777777778,7
distance_only,1,OpenData__Semantically-Joinable__miller2_vertical_30_ac4_av,1089,15,0.0,0.0,0.0,7
distance_only,1,TPC-DI__Joinable__prospect_vertical_1_ec_ev,132,1,1.0,1.0,1.0,7
distance_only,1,TPC-DI__View-Unionable__prospect_both_0_50_ac1_ev,272,11,1.0,0.36363636363636365,0.5333333333333333,7
distance_only,1,ChEMBL__View-Unionable__assays_both_0_1_ac5_ev,144,1,1.0,1.0,1.0,7
distance_only,1,OpenData__Semantically-Joinable__miller2_vertical_30_ac5_av,1089,15,0.0,0.0,0.0,7
distance_only,1,TPC-DI__View-Unionable__prospect_both_0_50_ac2_ev,272,11,0.0,0.0,0.0,7
distance_only,1,ChEMBL__View-Unionable__assays_both_0_30_ac1_av,210,6,1.0,0.3333333333333333,0.5,7
distance_only,1,ChEMBL__View-Unionable__assays_both_0_30_ac1_ev,210,6,1.0,0.3333333333333333,0.5,7
distance_only,1,OpenData__Semantically-Joinable__miller2_vertical_50_ac3_av,1444,25,1.0,0.04,0.07692307692307693,7
distance_only,1,TPC-DI__Joinable__prospect_vertical_30_ec_ev,196,6,1.0,1.0,1.0,7
distance_only,1,ChEMBL__View-Unionable__assays_both_0_30_ac2_ev,210,6,0.0,0.0,0.0,7
distance_only,1,TPC-DI__Joinable__prospect_vertical_50_ac1_ev,272,11,1.0,0.7272727272727273,0.8421052631578947,7
distance_only,1,OpenData__Semantically-Joinable__miller2_vertical_70_ac1_av,1849,35,1.0,0.05714285714285714,0.10810810810810811,7
distance_only,1,TPC-DI__View-Unionable__prospect_both_0_50_ec_av,272,11,1.0,0.7272727272727273,0.8421052631578947,7
distance_only,1,ChEMBL__Joinable__assays_both_50_70_ec_ev,380,16,1.0,0.9375,0.967741935483871,7
distance_only,1,TPC-DI__Joinable__prospect_vertical_50_ac5_ev,272,11,1.0,0.18181818181818182,0.3076923076923077,7
distance_only,1,ChEMBL__Joinable__assays_vertical_1_ac1_ev,144,1,1.0,1.0,1.0,7
distance_only,1,ChEMBL__Joinable__assays_vertical_1_ac2_ev,144,1,0.0,0.0,0.0,7
distance_only,1,TPC-DI__View-Unionable__prospect_both_0_70_ac2_av,342,15,0.5,0.06666666666666667,0.11764705882352941,7
distance_only,1,ChEMBL__View-Unionable__assays_both_0_30_ec_av,210,6,1.0,0.5,0.6666666666666666,7
distance_only,1,OpenData__Semantically-Joinable__miller2_vertical_70_ec_av,1849,35,0.9629629629629629,0.7428571428571429,0.8387096774193549,7
distance_only,1,TPC-DI__View-Unionable__prospect_both_0_70_ac2_ev,342,15,1.0,0.13333333333333333,0.23529411764705882,7
distance_only,1,ChEMBL__View-Unionable__assays_both_0_30_ec_ev,210,6,1.0,0.8333333333333334,0.9090909090909091,7
distance_only,1,OpenData__Unionable__miller2_horizontal_0_ac1_ev,2601,51,1.0,0.21568627450980393,0.3548387096774194,7
distance_only,1,TPC-DI__Joinable__prospect_vertical_70_ac5_ev,342,15,1.0,0.4,0.5714285714285714,7
distance_only,1,OpenData__Unionable__miller2_horizontal_0_ac2_ev,2601,51,1.0,0.1568627450980392,0.2711864406779661,7
distance_only,1,TPC-DI__Joinable__prospect_vertical_70_ec_ev,342,15,1.0,1.0,1.0,7
distance_only,1,TPC-DI__View-Unionable__prospect_both_0_70_ac5_av,342,15,0.0,0.0,0.0,7
distance_only,1,ChEMBL__Joinable__assays_vertical_30_ac3_ev,210,6,1.0,0.3333333333333333,0.5,7
distance_only,1,TPC-DI__View-Unionable__prospect_both_0_70_ac5_ev,342,15,0.0,0.0,0.0,7
distance_only,1,OpenData__Unionable__miller2_horizontal_0_ac4_av,2601,51,1.0,0.058823529411764705,0.1111111111111111,7
distance_only,1,TPC-DI__Semantically-Joinable__prospect_both_50_1_ac3_av,132,1,1.0,1.0,1.0,7
distance_only,1,ChEMBL__Joinable__assays_vertical_30_ac5_ev,210,6,1.0,0.5,0.6666666666666666,7
distance_only,1,OpenData__Unionable__miller2_horizontal_0_ac4_ev,2601,51,1.0,0.0392156862745098,0.07547169811320754,7
distance_only,1,ChEMBL__Joinable__assays_vertical_30_ec_ev,210,6,1.0,1.0,1.0,7
distance_only,1,ChEMBL__Joinable__assays_vertical_50_ac1_ev,289,11,1.0,0.6363636363636364,0.7777777777777778,7
distance_only,1,Wikidata__Musicians__Musicians_semjoinable,196,8,1.0,0.75,0.8571428571428571,7
distance_only,1,ChEMBL__View-Unionable__assays_both_0_50_ac5_ev,289,11,1.0,0.36363636363636365,0.5333333333333333,7
distance_only,1,OpenData__Unionable__miller2_horizontal_0_ec_av,2601,51,0.8979591836734694,0.8627450980392157,0.88,7
distance_only,1,ChEMBL__View-Unionable__assays_both_0_50_ec_av,289,11,0.75,0.8181818181818182,0.782608695652174,7
distance_only,1,TPC-DI__Semantically-Joinable__prospect_both_50_30_ac3_av,196,6,0.0,0.0,0.0,7
distance_only,1,TPC-DI__Semantically-Joinable__prospect_both_50_30_ac4_av,196,6,1.0,0.16666666666666666,0.2857142857142857,7
distance_only,1,OpenData__Unionable__miller2_horizontal_100_ac2_ev,2601,51,1.0,0.19607843137254902,0.32786885245901637,7
distance_only,1,TPC-DI__Semantically-Joinable__prospect_both_50_30_ec_av,196,6,1.0,0.5,0.6666666666666666,7
distance_only,1,ChEMBL__Joinable__assays_vertical_70_ac3_ev,380,16,1.0,0.25,0.4,7
distance_only,1,ChEMBL__View-Unionable__assays_both_0_70_ac3_av,380,16,1.0,0.125,0.2222222222222222,7
distance_only,1,ChEMBL__Joinable__assays_vertical_70_ac4_ev,380,16,1.0,0.625,0.7692307692307693,7
distance_only,1,OpenData__Unionable__miller2_horizontal_100_ac4_av,2601,51,1.0,0.0392156862745098,0.07547169811320754,7
distance_only,1,ChEMBL__View-Unionable__assays_both_0_70_ac4_ev,380,16,1.0,0.25,0.4,7
distance_only,1,OpenData__Unionable__miller2_horizontal_100_ac5_av,2601,51,1.0,0.0392156862745098,0.07547169811320754,7
distance_only,1,ChEMBL__View-Unionable__assays_both_0_70_ac5_av,380,16,0.75,0.1875,0.3,7
distance_only,1,OpenData__Unionable__miller2_horizontal_100_ac5_ev,2601,51,1.0,0.0392156862745098,0.07547169811320754,7
distance_only,1,TPC-DI__Semantically-Joinable__prospect_both_50_50_ec_av,272,11,0.875,0.6363636363636364,0.7368421052631579,7
distance_only,1,ChEMBL__View-Unionable__assays_both_0_70_ac5_ev,380,16,1.0,0.4375,0.6086956521739131,7
distance_only,1,ChEMBL__View-Unionable__assays_both_0_70_ec_av,380,16,0.8333333333333334,0.625,0.7142857142857143,7
distance_only,1,OpenData__Unionable__miller2_horizontal_100_ec_ev,2601,51,1.0,0.8627450980392157,0.9263157894736842,7
distance_only,1,ChEMBL__Semantically-Joinable__assays_both_50_1_ac4_av,144,1,1.0,1.0,1.0,7
distance_only,1,TPC-DI__Semantically-Joinable__prospect_both_50_70_ac4_av,342,15,0.0,0.0,0.0,7
distance_only,1,ChEMBL__Semantically-Joinable__assays_both_50_30_ac1_av,210,6,1.0,0.5,0.6666666666666666,7
distance_only,1,Magellan__dblp_acm,25,5,1.0,0.6,0.75,7
distance_only,1,OpenData__Unionable__miller2_horizontal_50_ac2_ev,2601,51,0.9,0.17647058823529413,0.29508196721311475,7
distance_only,1,Magellan__fodors_zagats,49,7,1.0,1.0,1.0,7
distance_only,1,TPC-DI__Semantically-Joinable__prospect_vertical_1_ac3_av,132,1,1.0,1.0,1.0,7
distance_only,1,ChEMBL__Semantically-Joinable__assays_both_50_50_ac3_av,289,11,1.0,0.09090909090909091,0.16666666666666666,7
distance_only,1,TPC-DI__Semantically-Joinable__prospect_vertical_30_ac2_av,196,6,1.0,0.3333333333333333,0.5,7
distance_only,1,OpenData__Joinable__miller2_both_50_1_ec_ev,676,1,1.0,1.0,1.0,7
distance_only,1,OpenData__View -Unionable__miller2_both_0_1_ac1_ev,676,1,1.0,1.0,1.0,7
distance_only,1,TPC-DI__Semantically-Joinable__prospect_vertical_30_ac4_av,196,6,0.0,0.0,0.0,7
distance_only,1,OpenData__Joinable__miller2_both_50_30_ac1_ev,1089,15,1.0,0.4,0.5714285714285714,7
distance_only,1,TPC-DI__Semantically-Joinable__prospect_vertical_30_ac5_av,196,6,0.0,0.0,0.0,7
distance_only,1,ChEMBL__Semantically-Joinable__assays_both_50_70_ac1_av,380,16,0.875,0.4375,0.5833333333333334,7
distance_only,1,ChEMBL__Semantically-Joinable__assays_both_50_70_ac2_av,380,16,1.0,0.0625,0.11764705882352941,7
distance_only,1,TPC-DI__Semantically-Joinable__prospect_vertical_50_ac1_av,272,11,1.0,0.2727272727272727,0.42857142857142855,7
distance_only,1,OpenData__View -Unionable__miller2_both_0_1_ac3_ev,676,1,0.0,0.0,0.0,7
distance_only,1,ChEMBL__Semantically-Joinable__assays_both_50_70_ac4_av,380,16,1.0,0.25,0.4,7
distance_only,1,OpenData__View -Unionable__miller2_both_0_1_ac4_av,676,1,0.0,0.0,0.0,7
distance_only,1,TPC-DI__Semantically-Joinable__prospect_vertical_50_ac3_av,272,11,1.0,0.09090909090909091,0.16666666666666666,7
distance_only,1,OpenData__Joinable__miller2_both_50_30_ec_ev,1089,15,1.0,0.8,0.8888888888888888,7
distance_only,1,OpenData__View -Unionable__miller2_both_0_1_ac4_ev,676,1,0.0,0.0,0.0,7
distance_only,1,ChEMBL__Semantically-Joinable__assays_both_50_70_ec_av,380,16,1.0,0.6875,0.8148148148148148,7
distance_only,1,ChEMBL__Semantically-Joinable__assays_vertical_1_ac1_av,144,1,1.0,1.0,1.0,7
distance_only,1,OpenData__View -Unionable__miller2_both_0_1_ac5_ev,676,1,0.0,0.0,0.0,7
distance_only,1,OpenData__Joinable__miller2_both_50_50_ac3_ev,1444,25,1.0,0.16,0.27586206896551724,7
distance_only,1,TPC-DI__Semantically-Joinable__prospect_vertical_70_ac1_av,342,15,1.0,0.4,0.5714285714285714,7
distance_only,1,OpenData__Joinable__miller2_both_50_50_ac5_ev,1444,25,0.0,0.0,0.0,7
distance_only,1,OpenData__View -Unionable__miller2_both_0_30_ac1_ev,1089,15,1.0,0.13333333333333333,0.23529411764705882,7
distance_only,1,OpenData__View -Unionable__miller2_both_0_30_ac2_av,1089,15,1.0,0.13333333333333333,0.23529411764705882,7
distance_only,1,OpenData__Joinable__miller2_both_50_70_ac2_ev,1849,35,1.0,0.2571428571428571,0.4090909090909091,7
distance_only,1,TPC-DI__Semantically-Joinable__prospect_vertical_70_ec_av,342,15,1.0,0.7333333333333333,0.8461538461538461,7
distance_only,1,OpenData__Joinable__miller2_both_50_70_ac3_ev,1849,35,1.0,0.11428571428571428,0.20512820512820512,7
distance_only,1,OpenData__View -Unionable__miller2_both_0_30_ac3_av,1089,15,0.0,0.0,0.0,7
distance_only,1,TPC-DI__Unionable__prospect_horizontal_0_ac1_av,484,22,1.0,0.2727272727272727,0.42857142857142855,7
distance_only,1,OpenData__Joinable__miller2_both_50_70_ac5_ev,1849,35,1.0,0.02857142857142857,0.05555555555555555,7
distance_only,1,TPC-DI__Unionable__prospect_horizontal_0_ac2_av,484,22,1.0,0.18181818181818182,0.3076923076923077,7
distance_only,1,ChEMBL__Semantically-Joinable__assays_vertical_30_ac5_av,210,6,1.0,0.3333333333333333,0.5,7
distance_only,1,OpenData__Joinable__miller2_both_50_70_ec_ev,1849,35,1.0,0.8571428571428571,0.9230769230769231,7
distance_only,1,ChEMBL__Semantically-Joinable__assays_vertical_50_ac1_av,289,11,0.8571428571428571,0.5454545454545454,0.6666666666666666,7
distance_only,1,TPC-DI__Unionable__prospect_horizontal_0_ac3_ev,484,22,1.0,0.18181818181818182,0.3076923076923077,7
distance_only,1,ChEMBL__Semantically-Joinable__assays_vertical_50_ac2_av,289,11,1.0,0.2727272727272727,0.42857142857142855,7
distance_only,1,OpenData__View -Unionable__miller2_both_0_30_ec_av,1089,15,1.0,0.6,0.75,7
distance_only,1,TPC-DI__Unionable__prospect_horizontal_0_ac4_av,484,22,1.0,0.09090909090909091,0.16666666666666666,7
distance_only,1,OpenData__View -Unionable__miller2_both_0_30_ec_ev,1089,15,1.0,0.8666666666666667,0.9285714285714286,7
distance_only,1,TPC-DI__Unionable__prospect_horizontal_0_ac4_ev,484,22,1.0,0.09090909090909091,0.16666666666666666,7
distance_only,1,OpenData__Joinable__miller2_vertical_1_ac5_ev,676,1,0.0,0.0,0.0,7
distance_only,1,TPC-DI__Unionable__prospect_horizontal_0_ac5_ev,484,22,0.0,0.0,0.0,7
distance_only,1,ChEMBL__Semantically-Joinable__assays_vertical_50_ec_av,289,11,1.0,0.8181818181818182,0.9,7
distance_only,1,OpenData__View -Unionable__miller2_both_0_50_ac2_av,1444,25,1.0,0.04,0.07692307692307693,7
distance_only,1,ChEMBL__Semantically-Joinable__assays_vertical_70_ac1_av,380,16,0.8,0.75,0.7741935483870968,7
distance_only,1,ChEMBL__Semantically-Joinable__assays_vertical_70_ac2_av,380,16,1.0,0.125,0.2222222222222222,7
distance_only,1,OpenData__Joinable__miller2_vertical_30_ac3_ev,1089,15,1.0,0.2,0.3333333333333333,7
distance_only,1,OpenData__Joinable__miller2_vertical_30_ac4_ev,1089,15,1.0,0.3333333333333333,0.5,7
distance_only,1,TPC-DI__Unionable__prospect_horizontal_100_ac2_av,484,22,1.0,0.13636363636363635,0.24,7
distance_only,1,ChEMBL__Semantically-Joinable__assays_vertical_70_ac5_av,380,16,0.6,0.1875,0.2857142857142857,7
distance_only,1,TPC-DI__Unionable__prospect_horizontal_100_ac2_ev,484,22,0.75,0.13636363636363635,0.23076923076923078,7
distance_only,1,OpenData__Joinable__miller2_vertical_50_ac1_ev,1444,25,1.0,0.32,0.48484848484848486,7
distance_only,1,OpenData__View -Unionable__miller2_both_0_50_ac5_ev,1444,25,0.0,0.0,0.0,7
distance_only,1,TPC-DI__Unionable__prospect_horizontal_100_ac4_ev,484,22,1.0,0.13636363636363635,0.24,7
distance_only,1,ChEMBL__Unionable__assays_horizontal_0_ac3_av,529,23,0.8,0.17391304347826086,0.2857142857142857,7
distance_only,1,ChEMBL__Unionable__assays_horizontal_0_ac3_ev,529,23,1.0,0.13043478260869565,0.23076923076923078,7
distance_only,1,OpenData__Joinable__miller2_vertical_70_ac4_ev,1849,35,1.0,0.22857142857142856,0.37209302325581395,7
distance_only,1,OpenData__View -Unionable__miller2_both_0_70_ac4_av,1849,35,0.5,0.02857142857142857,0.05405405405405406,7
distance_only,1,TPC-DI__Unionable__prospect_horizontal_50_ac2_ev,484,22,0.75,0.13636363636363635,0.23076923076923078,7
distance_only,1,OpenData__View -Unionable__miller2_both_0_70_ac5_ev,1849,35,1.0,0.05714285714285714,0.10810810810810811,7
distance_only,1,OpenData__View -Unionable__miller2_both_0_70_ec_av,1849,35,0.9629629629629629,0.7428571428571429,0.8387096774193549,7
distance_only,1,TPC-DI__Unionable__prospect_horizontal_50_ac4_av,484,22,1.0,0.09090909090909091,0.16666666666666666,7
distance_only,1,ChEMBL__Unionable__assays_horizontal_100_ac2_av,529,23,1.0,0.17391304347826086,0.2962962962962963,7
distance_only,1,OpenData__Semantically-Joinable__miller2_both_50_1_ac5_av,676,1,0.0,0.0,0.0,7
distance_only,1,TPC-DI__Joinable__prospect_both_50_1_ac3_ev,132,1,0.0,0.0,0.0,7
distance_only,1,ChEMBL__Unionable__assays_horizontal_100_ac4_av,529,23,1.0,0.2608695652173913,0.41379310344827586,7
distance_only,1,ChEMBL__Unionable__assays_horizontal_100_ac4_ev,529,23,1.0,0.30434782608695654,0.4666666666666667,7
distance_only,1,OpenData__Semantically-Joinable__miller2_both_50_30_ac3_av,1089,15,1.0,0.06666666666666667,0.125,7
distance_only,1,ChEMBL__Unionable__assays_horizontal_100_ac5_av,529,23,1.0,0.34782608695652173,0.5161290322580645,7
distance_only,1,TPC-DI__Joinable__prospect_both_50_1_ec_ev,132,1,1.0,1.0,1.0,7
distance_only,1,ChEMBL__Unionable__assays_horizontal_100_ac5_ev,529,23,1.0,0.34782608695652173,0.5161290322580645,7
distance_only,1,OpenData__Semantically-Joinable__miller2_both_50_30_ac5_av,1089,15,0.0,0.0,0.0,7
distance_only,1,TPC-DI__Joinable__prospect_both_50_30_ac2_ev,196,6,1.0,0.16666666666666666,0.2857142857142857,7
distance_only,1,TPC-DI__View-Unionable__prospect_both_0_1_ac2_ev,132,1,0.0,0.0,0.0,7
distance_only,1,ChEMBL__Unionable__assays_horizontal_100_ec_ev,529,23,1.0,0.8695652173913043,0.9302325581395349,7
distance_only,1,TPC-DI__View-Unionable__prospect_both_0_1_ac3_av,132,1,0.0,0.0,0.0,7
distance_only,1,TPC-DI__Joinable__prospect_both_50_30_ac4_ev,196,6,0.0,0.0,0.0,7
distance_only,1,ChEMBL__Unionable__assays_horizontal_50_ac2_av,529,23,1.0,0.21739130434782608,0.35714285714285715,7
distance_only,1,TPC-DI__Joinable__prospect_both_50_50_ac1_ev,272,11,1.0,0.2727272727272727,0.42857142857142855,7
distance_only,1,TPC-DI__View-Unionable__prospect_both_0_1_ac5_av,132,1,0.0,0.0,0.0,7
distance_only,1,OpenData__Semantically-Joinable__miller2_both_50_50_ec_av,1444,25,1.0,0.76,0.8636363636363636,7
distance_only,1,OpenData__Semantically-Joinable__miller2_both_50_70_ac1_av,1849,35,1.0,0.2,0.3333333333333333,7
distance_only,1,TPC-DI__Joinable__prospect_both_50_50_ac3_ev,272,11,1.0,0.2727272727272727,0.42857142857142855,7
distance_only,1,ChEMBL__Unionable__assays_horizontal_50_ac4_ev,529,23,1.0,0.34782608695652173,0.5161290322580645,7
distance_only,1,OpenData__Semantically-Joinable__miller2_both_50_70_ac3_av,1849,35,0.0,0.0,0.0,7
distance_only,2,OpenData__Semantically-Joinable__miller2_both_50_70_ac4_av,1849,35,0.0,0.0,0.0,7
distance_only,2,ChEMBL__Joinable__assays_both_50_1_ac2_ev,144,1,0.0,0.0,0.0,7
distance_only,2,TPC-DI__Joinable__prospect_both_50_70_ac1_ev,342,15,1.0,0.2,0.3333333333333333,7
distance_only,2,TPC-DI__View-Unionable__prospect_both_0_30_ac2_av,196,6,0.0,0.0,0.0,7
distance_only,2,ChEMBL__Joinable__assays_both_50_1_ac4_ev,144,1,0.0,0.0,0.0,7
distance_only,2,ChEMBL__View-Unionable__assays_both_0_1_ac1_av,144,1,1.0,1.0,1.0,7
distance_only,2,OpenData__Semantically-Joinable__miller2_vertical_1_ac2_av,676,1,0.0,0.0,0.0,7
distance_only,2,TPC-DI__View-Unionable__prospect_both_0_30_ac3_ev,196,6,0.0,0.0,0.0,7
distance_only,2,ChEMBL__Joinable__assays_both_50_30_ac2_ev,210,6,0.0,0.0,0.0,7
distance_only,2,ChEMBL__View-Unionable__assays_both_0_1_ac3_av,144,1,0.0,0.0,0.0,7
distance_only,2,TPC-DI__Joinable__prospect_vertical_1_ac2_ev,132,1,1.0,1.0,1.0,7
distance_only,2,OpenData__Semantically-Joinable__miller2_vertical_30_ac1_av,1089,15,1.0,0.06666666666666667,0.125,7
distance_only,2,TPC-DI__Joinable__prospect_vertical_1_ac3_ev,132,1,1.0,1.0,1.0,7
distance_only,2,ChEMBL__View-Unionable__assays_both_0_1_ac4_av,144,1,0.0,0.0,0.0,7
distance_only,2,ChEMBL__View-Unionable__assays_both_0_1_ac4_ev,144,1,1.0,1.0,1.0,7
distance_only,2,ChEMBL__Joinable__assays_both_50_50_ac3_ev,289,11,1.0,0.18181818181818182,0.3076923076923077,7
distance_only,2,ChEMBL__View-Unionable__assays_both_0_1_ec_av,144,1,1.0,1.0,1.0,7
distance_only,2,OpenData__Semantically-Joinable__miller2_vertical_50_ac1_av,1444,25,1.0,0.16,0.27586206896551724,7
distance_only,2,TPC-DI__Joinable__prospect_vertical_30_ac3_ev,196,6,1.0,0.5,0.6666666666666666,7
distance_only,2,TPC-DI__Joinable__prospect_vertical_30_ac4_ev,196,6,1.0,0.6666666666666666,0.8,7
distance_only,2,TPC-DI__View-Unionable__prospect_both_0_50_ac3_ev,272,11,1.0,0.18181818181818182,0.3076923076923077,7
distance_only,2,OpenData__Semantically-Joinable__miller2_vertical_50_ac4_av,1444,25,0.0,0.0,0.0,7
distance_only,2,TPC-DI__Joinable__prospect_vertical_30_ec_ev,196,6,1.0,1.0,1.0,7
distance_only,2,OpenData__Semantically-Joinable__miller2_vertical_50_ac5_av,1444,25,0.0,0.0,0.0,7
distance_only,2,ChEMBL__Joinable__assays_both_50_70_ac4_ev,380,16,1.0,0.1875,0.3157894736842105,7
distance_only,2,TPC-DI__View-Unionable__prospect_both_0_50_ec_av,272,11,1.0,0.7272727272727273,0.8421052631578947,7
distance_only,2,ChEMBL__Joinable__assays_both_50_70_ac5_ev,380,16,1.0,0.3125,0.47619047619047616,7
distance_only,2,OpenData__Semantically-Joinable__miller2_vertical_70_ac2_av,1849,35,0.8,0.11428571428571428,0.2,7
distance_only,2,TPC-DI__View-Unionable__prospect_both_0_50_ec_ev,272,11,1.0,0.7272727272727273,0.8421052631578947,7
distance_only,2,ChEMBL__Joinable__assays_both_50_70_ec_ev,380,16,1.0,0.9375,0.967741935483871,7
distance_only,2,OpenData__Semantically-Joinable__miller2_vertical_70_ac4_av,1849,35,0.0,0.0,0.0,7
distance_only,2,ChEMBL__Joinable__assays_vertical_1_ac2_ev,144,1,0.0,0.0,0.0,7
distance_only,2,OpenData__Semantically-Joinable__miller2_vertical_70_ac5_av,1849,35,0.0,0.0,0.0,7
distance_only,2,ChEMBL__View-Unionable__assays_both_0_30_ec_av,210,6,1.0,0.5,0.6666666666666666,7
distance_only,2,TPC-DI__View-Unionable__prospect_both_0_70_ac2_ev,342,15,1.0,0.13333333333333333,0.23529411764705882,7
distance_only,2,ChEMBL__View-Unionable__assays_both_0_30_ec_ev,210,6,1.0,0.8333333333333334,0.9090909090909091,7
distance_only,2,OpenData__Unionable__miller2_horizontal_0_ac1_av,2601,51,1.0,0.17647058823529413,0.3,7
distance_only,2,ChEMBL__View-Unionable__assays_both_0_50_ac1_av,289,11,0.8333333333333334,0.45454545454545453,0.5882352941176471,7
distance_only,2,TPC-DI__Joinable__prospect_vertical_70_ac4_ev,342,15,1.0,0.3333333333333333,0.5,7
distance_only,2,TPC-DI__View-Unionable__prospect_both_0_70_ac3_ev,342,15,1.0,0.13333333333333333,0.23529411764705882,7
distance_only,2,ChEMBL__Joinable__assays_vertical_1_ec_ev,144,1,1.0,1.0,1.0,7
distance_only,2,ChEMBL__View-Unionable__assays_both_0_50_ac1_ev,289,11,1.0,0.5454545454545454,0.7058823529411765,7
distance_only,2,TPC-DI__View-Unionable__prospect_both_0_70_ac4_av,342,15,0.0,0.0,0.0,7
distance_only,2,ChEMBL__View-Unionable__assays_both_0_50_ac2_av,289,11,1.0,0.18181818181818182,0.3076923076923077,7
distance_only,2,OpenData__Unionable__miller2_horizontal_0_ac2_ev,2601,51,1.0,0.11764705882352941,0.21052631578947367,7
distance_only,2,TPC-DI__Joinable__prospect_vertical_70_ec_ev,342,15,1.0,1.0,1.0,7
distance_only,2,TPC-DI__View-Unionable__prospect_both_0_70_ac4_ev,342,15,1.0,0.06666666666666667,0.125,7
distance_only,2,TPC-DI__Semantically-Joinable__prospect_both_50_1_ac2_av,132,1,0.0,0.0,0.0,7
distance_only,2,OpenData__Unionable__miller2_horizontal_0_ac4_av,2601,51,1.0,0.0196078431372549,0.038461538461538464,7
distance_only,2,ChEMBL__Joinable__assays_vertical_30_ec_ev,210,6,1.0,1.0,1.0,7
distance_only,2,ChEMBL__View-Unionable__assays_both_0_50_ac4_ev,289,11,1.0,0.2727272727272727,0.42857142857142855,7
distance_only,2,ChEMBL__Joinable__assays_vertical_50_ac1_ev,289,11,1.0,0.6363636363636364,0.7777777777777778,7
distance_only,2,Wikidata__Musicians__Musicians_semjoinable,196,8,1.0,0.75,0.8571428571428571,7
distance_only,2,ChEMBL__View-Unionable__assays_both_0_50_ac5_ev,289,11,1.0,0.36363636363636365,0.5333333333333333,7
distance_only,2,ChEMBL__Joinable__assays_vertical_50_ac3_ev,289,11,0.6666666666666666,0.18181818181818182,0.2857142857142857,7
distance_only,2,OpenData__Unionable__miller2_horizontal_0_ec_ev,2601,51,1.0,0.8823529411764706,0.9375,7
distance_only,2,TPC-DI__Semantically-Joinable__prospect_both_50_30_ac2_av,196,6,0.0,0.0,0.0,7
distance_only,2,ChEMBL__Joinable__assays_vertical_50_ac4_ev,289,11,1.0,0.2727272727272727,0.42857142857142855,7
distance_only,2,ChEMBL__View-Unionable__assays_both_0_50_ec_ev,289,11,1.0,0.8181818181818182,0.9,7
distance_only,2,TPC-DI__Semantically-Joinable__prospect_both_50_30_ac3_av,196,6,0.0,0.0,0.0,7
distance_only,2,ChEMBL__View-Unionable__assays_both_0_70_ac1_av,380,16,1.0,0.375,0.5454545454545454,7
distance_only,2,OpenData__Unionable__miller2_horizontal_100_ac2_av,2601,51,1.0,0.17647058823529413,0.3,7
distance_only,2,ChEMBL__Joinable__assays_vertical_70_ac3_ev,380,16,1.0,0.1875,0.3157894736842105,7
distance_only,2,OpenData__Unionable__miller2_horizontal_100_ac3_ev,2601,51,1.0,0.0784313725490196,0.14545454545454545,7
distance_only,2,TPC-DI__Semantically-Joinable__prospect_both_50_50_ac2_av,272,11,0.25,0.09090909090909091,0.13333333333333333,7
distance_only,2,OpenData__Unionable__miller2_horizontal_100_ac4_av,2601,51,1.0,0.0392156862745098,0.07547169811320754,7
distance_only,2,OpenData__Unionable__miller2_horizontal_100_ac4_ev,2601,51,1.0,0.0392156862745098,0.07547169811320754,7
distance_only,2,ChEMBL__Semantically-Joinable__assays_both_50_1_ac1_av,144,1,1.0,1.0,1.0,7
distance_only,2,TPC-DI__Semantically-Joinable__prospect_both_50_50_ec_av,272,11,0.875,0.6363636363636364,0.7368421052631579,7
distance_only,2,TPC-DI__Semantically-Joinable__prospect_both_50_70_ac2_av,342,15,0.6,0.2,0.3,7
distance_only,2,TPC-DI__Semantically-Joinable__prospect_both_50_70_ac3_av,342,15,0.0,0.0,0.0,7
distance_only,2,Magellan__amazon_google_exp,16,4,1.0,0.75,0.8571428571428571,7
distance_only,2,TPC-DI__Semantically-Joinable__prospect_both_50_70_ac5_av,342,15,0.0,0.0,0.0,7
distance_only,2,Magellan__dblp_acm,25,5,1.0,0.6,0.75,7
distance_only,2,TPC-DI__Semantically-Joinable__prospect_vertical_1_ac1_av,132,1,1.0,1.0,1.0,7
distance_only,2,OpenData__Unionable__miller2_horizontal_50_ac4_av,2601,51,1.0,0.0196078431372549,0.038461538461538464,7
distance_only,2,TPC-DI__Semantically-Joinable__prospect_vertical_1_ac3_av,132,1,1.0,1.0,1.0,7
distance_only,2,ChEMBL__Semantically-Joinable__assays_both_50_30_ac5_av,210,6,1.0,0.3333333333333333,0.5,7
distance_only,2,OpenData__Unionable__miller2_horizontal_50_ac5_av,2601,51,1.0,0.0196078431372549,0.038461538461538464,7
distance_only,2,OpenData__Joinable__miller2_both_50_1_ac2_ev,676,1,0.0,0.0,0.0,7
distance_only,2,ChEMBL__Semantically-Joinable__assays_both_50_50_ac2_av,289,11,1.0,0.09090909090909091,0.16666666666666666,7
distance_only,2,OpenData__Unionable__miller2_horizontal_50_ec_av,2601,51,1.0,0.8823529411764706,0.9375,7
distance_only,2,ChEMBL__Semantically-Joinable__assays_both_50_50_ac4_av,289,11,1.0,0.2727272727272727,0.42857142857142855,7
distance_only,2,OpenData__View -Unionable__miller2_both_0_1_ac1_ev,676,1,1.0,1.0,1.0,7
distance_only,2,ChEMBL__Semantically-Joinable__assays_both_50_50_ec_av,289,11,0.9,0.8181818181818182,0.8571428571428571,7
distance_only,2,OpenData__Joinable__miller2_both_50_30_ac1_ev,1089,15,1.0,0.4,0.5714285714285714,7
distance_only,2,OpenData__View -Unionable__miller2_both_0_1_ac2_ev,676,1,0.0,0.0,0.0,7
distance_only,2,OpenData__View -Unionable__miller2_both_0_1_ac3_av,676,1,0.0,0.0,0.0,7
distance_only,2,TPC-DI__Semantically-Joinable__prospect_vertical_50_ac2_av,272,11,0.0,0.0,0.0,7
distance_only,2,ChEMBL__Semantically-Joinable__assays_both_50_70_ac4_av,380,16,1.0,0.25,0.4,7
distance_only,2,OpenData__View -Unionable__miller2_both_0_1_ac4_av,676,1,0.0,0.0,0.0,7
distance_only,2,TPC-DI__Semantically-Joinable__prospect_vertical_50_ac3_av,272,11,0.0,0.0,0.0,7
distance_only,2,OpenData__Joinable__miller2_both_50_30_ec_ev,1089,15,1.0,0.8,0.8888888888888888,7
distance_only,2,TPC-DI__Semantically-Joinable__prospect_vertical_50_ac4_av,272,11,0.0,0.0,0.0,7
distance_only,2,OpenData__View -Unionable__miller2_both_0_1_ac5_av,676,1,0.0,0.0,0.0,7
distance_only,2,ChEMBL__Semantically-Joinable__assays_vertical_1_ac2_av,144,1,0.0,0.0,0.0,7
distance_only,2,OpenData__Joinable__miller2_both_50_50_ac4_ev,1444,25,0.0,0.0,0.0,7
distance_only,2,TPC-DI__Semantically-Joinable__prospect_vertical_70_ac3_av,342,15,0.0,0.0,0.0,7
distance_only,2,ChEMBL__Semantically-Joinable__assays_vertical_1_ac5_av,144,1,1.0,1.0,1.0,7
distance_only,2,OpenData__View -Unionable__miller2_both_0_30_ac1_ev,1089,15,1.0,0.13333333333333333,0.23529411764705882,7
distance_only,2,OpenData__Joinable__miller2_both_50_70_ac2_ev,1849,35,1.0,0.17142857142857143,0.2926829268292683,7
distance_only,2,OpenData__View -Unionable__miller2_both_0_30_ac2_ev,1089,15,1.0,0.13333333333333333,0.23529411764705882,7
distance_only,2,ChEMBL__Semantically-Joinable__assays_vertical_30_ac3_av,210,6,0.0,0.0,0.0,7
distance_only,2,TPC-DI__Unionable__prospect_horizontal_0_ac1_ev,484,22,1.0,0.22727272727272727,0.37037037037037035,7
distance_only,2,OpenData__Joinable__miller2_both_50_70_ac5_ev,1849,35,0.0,0.0,0.0,7
distance_only,2,OpenData__View -Unionable__miller2_both_0_30_ac4_av,1089,15,0.0,0.0,0.0,7
distance_only,2,TPC-DI__Unionable__prospect_horizontal_0_ac2_av,484,22,1.0,0.13636363636363635,0.24,7
distance_only,2,ChEMBL__Semantically-Joinable__assays_vertical_30_ec_av,210,6,1.0,0.8333333333333334,0.9090909090909091,7
distance_only,2,TPC-DI__Unionable__prospect_horizontal_0_ac3_av,484,22,1.0,0.13636363636363635,0.24,7
distance_only,2,OpenData__Joinable__miller2_vertical_1_ac2_ev,676,1,0.0,0.0,0.0,7
distance_only,2,TPC-DI__Unionable__prospect_horizontal_0_ac4_av,484,22,1.0,0.045454545454545456,0.08695652173913043,7
distance_only,2,TPC-DI__Unionable__prospect_horizontal_0_ac4_ev,484,22,1.0,0.045454545454545456,0.08695652173913043,7
distance_only,2,OpenData__Joinable__miller2_vertical_1_ac5_ev,676,1,0.0,0.0,0.0,7
distance_only,2,TPC-DI__Unionable__prospect_horizontal_0_ac5_av,484,22,0.0,0.0,0.0,7
distance_only,2,OpenData__Joinable__miller2_vertical_1_ec_ev,676,1,1.0,1.0,1.0,7
distance_only,2,OpenData__View -Unionable__miller2_both_0_50_ac1_ev,1444,25,1.0,0.2,0.3333333333333333,7
distance_only,2,OpenData__View -Unionable__miller2_both_0_50_ac2_av,1444,25,0.0,0.0,0.0,7
distance_only,2,ChEMBL__Semantically-Joinable__assays_vertical_70_ac1_av,380,16,0.8333333333333334,0.625,0.7142857142857143,7
distance_only,2,ChEMBL__Semantically-Joinable__assays_vertical_70_ac2_av,380,16,1.0,0.0625,0.11764705882352941,7
distance_only,2,OpenData__Joinable__miller2_vertical_30_ac3_ev,1089,15,1.0,0.13333333333333333,0.23529411764705882,7
distance_only,2,OpenData__View -Unionable__miller2_both_0_50_ac3_av,1444,25,0.0,0.0,0.0,7
distance_only,2,TPC-DI__Unionable__prospect_horizontal_100_ac1_av,484,22,1.0,0.22727272727272727,0.37037037037037035,7
distance_only,2,ChEMBL__Semantically-Joinable__assays_vertical_70_ac3_av,380,16,1.0,0.125,0.2222222222222222,7
distance_only,2,OpenData__View -Unionable__miller2_both_0_50_ac3_ev,1444,25,1.0,0.08,0.14814814814814814,7
distance_only,2,ChEMBL__Semantically-Joinable__assays_vertical_70_ac4_av,380,16,0.7777777777777778,0.4375,0.56,7
distance_only,2,OpenData__Joinable__miller2_vertical_30_ac5_ev,1089,15,1.0,0.06666666666666667,0.125,7
distance_only,2,ChEMBL__Semantically-Joinable__assays_vertical_70_ac5_av,380,16,0.5,0.1875,0.2727272727272727,7
distance_only,2,OpenData__Joinable__miller2_vertical_50_ac2_ev,1444,25,1.0,0.2,0.3333333333333333,7
distance_only,2,ChEMBL__Unionable__assays_horizontal_0_ac1_ev,529,23,1.0,0.4782608695652174,0.6470588235294118,7
distance_only,2,TPC-DI__Unionable__prospect_horizontal_100_ac4_av,484,22,1.0,0.045454545454545456,0.08695652173913043,7
distance_only,2,OpenData__View -Unionable__miller2_both_0_50_ec_ev,1444,25,1.0,0.96,0.9795918367346939,7
distance_only,2,ChEMBL__Unionable__assays_horizontal_0_ac2_ev,529,23,1.0,0.21739130434782608,0.35714285714285715,7
distance_only,2,OpenData__Joinable__miller2_vertical_70_ac1_ev,1849,35,1.0,0.4,0.5714285714285714,7
distance_only,2,OpenData__Joinable__miller2_vertical_70_ac2_ev,1849,35,0.9333333333333333,0.4,0.56,7
distance_only,2,OpenData__View -Unionable__miller2_both_0_70_ac2_ev,1849,35,1.0,0.2,0.3333333333333333,7
distance_only,2,ChEMBL__Unionable__assays_horizontal_0_ac4_ev,529,23,1.0,0.30434782608695654,0.4666666666666667,7
distance_only,2,TPC-DI__Unionable__prospect_horizontal_50_ac1_av,484,22,1.0,0.22727272727272727,0.37037037037037035,7
distance_only,2,ChEMBL__Unionable__assays_horizontal_0_ac5_av,529,23,0.875,0.30434782608695654,0.45161290322580644,7
distance_only,2,OpenData__Joinable__miller2_vertical_70_ac4_ev,1849,35,1.0,0.17142857142857143,0.2926829268292683,7
distance_only,2,ChEMBL__Unionable__assays_horizontal_0_ac5_ev,529,23,1.0,0.34782608695652173,0.5161290322580645,7
distance_only,2,ChEMBL__Unionable__assays_horizontal_0_ec_av,529,23,0.9090909090909091,0.8695652173913043,0.8888888888888888,7
distance_only,2,OpenData__View -Unionable__miller2_both_0_70_ac5_ev,1849,35,1.0,0.02857142857142857,0.05555555555555555,7
distance_only,2,ChEMBL__Unionable__assays_horizontal_100_ac1_ev,529,23,1.0,0.4782608695652174,0.6470588235294118,7
distance_only,2,TPC-DI__Unionable__prospect_horizontal_50_ac4_av,484,22,0.0,0.0,0.0,7
distance_only,2,ChEMBL__Unionable__assays_horizontal_100_ac2_av,529,23,1.0,0.17391304347826086,0.2962962962962963,7
distance_only,2,TPC-DI__Unionable__prospect_horizontal_50_ac4_ev,484,22,0.0,0.0,0.0,7
distance_only,2,ChEMBL__Unionable__assays_horizontal_100_ac2_ev,529,23,1.0,0.21739130434782608,0.35714285714285715,7
distance_only,2,OpenData__Semantically-Joinable__miller2_both_50_1_ec_av,676,1,0.0,0.0,0.0,7
distance_only,2,ChEMBL__Unionable__assays_horizontal_100_ac4_av,529,23,1.0,0.17391304347826086,0.2962962962962963,7
distance_only,2,OpenData__Semantically-Joinable__miller2_both_50_30_ac2_av,1089,15,0.0,0.0,0.0,7
distance_only,2,TPC-DI__Joinable__prospect_both_50_1_ec_ev,132,1,1.0,1.0,1.0,7
distance_only,2,OpenData__Semantically-Joinable__miller2_both_50_30_ac5_av,1089,15,0.0,0.0,0.0,7
distance_only,2,OpenData__Semantically-Joinable__miller2_both_50_30_ec_av,1089,15,1.0,0.6,0.75,7
distance_only,2,TPC-DI__View-Unionable__prospect_both_0_1_ac2_ev,132,1,0.0,0.0,0.0,7
distance_only,2,TPC-DI__Joinable__prospect_both_50_30_ac3_ev,196,6,0.0,0.0,0.0,7
distance_only,2,TPC-DI__View-Unionable__prospect_both_0_1_ac3_ev,132,1,0.0,0.0,0.0,7
distance_only,2,ChEMBL__Unionable__assays_horizontal_50_ac2_av,529,23,1.0,0.21739130434782608,0.35714285714285715,7
distance_only,2,OpenData__Semantically-Joinable__miller2_both_50_50_ac4_av,1444,25,0.0,0.0,0.0,7
distance_only,2,TPC-DI__Joinable__prospect_both_50_30_ec_ev,196,6,1.0,0.8333333333333334,0.9090909090909091,7
distance_only,2,TPC-DI__View-Unionable__prospect_both_0_1_ac4_ev,132,1,0.0,0.0,0.0,7
distance_only,2,TPC-DI__Joinable__prospect_both_50_50_ac1_ev,272,11,1.0,0.09090909090909091,0.16666666666666666,7
distance_only,2,TPC-DI__Joinable__prospect_both_50_50_ac2_ev,272,11,0.0,0.0,0.0,7
distance_only,2,TPC-DI__View-Unionable__prospect_both_0_1_ac5_ev,132,1,0.0,0.0,0.0,7
distance_only,2,OpenData__Semantically-Joinable__miller2_both_50_70_ac1_av,1849,35,1.0,0.14285714285714285,0.25,7
distance_only,2,TPC-DI__Joinable__prospect_both_50_50_ac4_ev,272,11,0.0,0.0,0.0,7
distance_only,2,TPC-DI__View-Unionable__prospect_both_0_30_ac1_av,196,6,1.0,0.3333333333333333,0.5,7
distance_only,3,ChEMBL__Unionable__assays_horizontal_50_ac5_ev,529,23,1.0,0.30434782608695654,0.4666666666666667,7
distance_only,3,OpenData__Semantically-Joinable__miller2_both_50_70_ac5_av,1849,35,0.0,0.0,0.0,7
distance_only,3,OpenData__Semantically-Joinable__miller2_both_50_70_ec_av,1849,35,1.0,0.7428571428571429,0.8524590163934426,7
distance_only,3,TPC-DI__View-Unionable__prospect_both_0_30_ac3_av,196,6,0.0,0.0,0.0,7
distance_only,3,ChEMBL__Joinable__assays_both_50_1_ac5_ev,144,1,1.0,1.0,1.0,7
distance_only,3,TPC-DI__Joinable__prospect_both_50_70_ac5_ev,342,15,1.0,0.06666666666666667,0.125,7
distance_only,3,TPC-DI__View-Unionable__prospect_both_0_30_ac4_ev,196,6,1.0,0.16666666666666666,0.2857142857142857,7
distance_only,3,TPC-DI__Joinable__prospect_vertical_1_ac1_ev,132,1,1.0,1.0,1.0,7
distance_only,3,ChEMBL__Joinable__assays_both_50_30_ac3_ev,210,6,1.0,0.16666666666666666,0.2857142857142857,7
distance_only,3,TPC-DI__View-Unionable__prospect_both_0_30_ac5_ev,196,6,0.0,0.0,0.0,7
distance_only,3,TPC-DI__Joinable__prospect_vertical_1_ac3_ev,132,1,1.0,1.0,1.0,7
distance_only,3,OpenData__Semantically-Joinable__miller2_vertical_30_ac2_av,1089,15,1.0,0.06666666666666667,0.125,7
distance_only,3,TPC-DI__View-Unionable__prospect_both_0_30_ec_ev,196,6,1.0,0.5,0.6666666666666666,7
distance_only,3,ChEMBL__View-Unionable__assays_both_0_1_ac4_ev,144,1,1.0,1.0,1.0,7
distance_only,3,ChEMBL__Joinable__assays_both_50_50_ac1_ev,289,11,1.0,0.7272727272727273,0.8421052631578947,7
distance_only,3,OpenData__Semantically-Joinable__miller2_vertical_30_ac4_av,1089,15,0.0,0.0,0.0,7
distance_only,3,TPC-DI__View-Unionable__prospect_both_0_50_ac2_av,272,11,0.5,0.09090909090909091,0.15384615384615385,7
distance_only,3,ChEMBL__Joinable__assays_both_50_50_ac3_ev,289,11,1.0,0.09090909090909091,0.16666666666666666,7
distance_only,3,TPC-DI__View-Unionable__prospect_both_0_50_ac2_ev,272,11,1.0,0.09090909090909091,0.16666666666666666,7
distance_only,3,ChEMBL__Joinable__assays_both_50_50_ac4_ev,289,11,1.0,0.2727272727272727,0.42857142857142855,7
distance_only,3,OpenData__Semantically-Joinable__miller2_vertical_50_ac1_av,1444,25,1.0,0.24,0.3870967741935484,7
distance_only,3,TPC-DI__Joinable__prospect_vertical_30_ac3_ev,196,6,1.0,0.5,0.6666666666666666,7
distance_only,3,ChEMBL__View-Unionable__assays_both_0_30_ac1_av,210,6,1.0,0.3333333333333333,0.5,7
distance_only,3,OpenData__Semantically-Joinable__miller2_vertical_50_ac2_av,1444,25,0.0,0.0,0.0,7
distance_only,3,TPC-DI__Joinable__prospect_vertical_30_ac4_ev,196,6,1.0,0.6666666666666666,0.8,7
distance_only,3,TPC-DI__View-Unionable__prospect_both_0_50_ac3_ev,272,11,1.0,0.18181818181818182,0.3076923076923077,7
distance_only,3,ChEMBL__Joinable__assays_both_50_50_ec_ev,289,11,1.0,0.9090909090909091,0.9523809523809523,7
distance_only,3,ChEMBL__View-Unionable__assays_both_0_30_ac2_av,210,6,1.0,0.16666666666666666,0.2857142857142857,7
distance_only,3,OpenData__Semantically-Joinable__miller2_vertical_50_ac5_av,1444,25,0.0,0.0,0.0,7
distance_only,3,ChEMBL__View-Unionable__assays_both_0_30_ac3_ev,210,6,0.0,0.0,0.0,7
distance_only,3,ChEMBL__Joinable__assays_both_50_70_ac5_ev,380,16,1.0,0.25,0.4,7
distance_only,3,OpenData__Semantically-Joinable__miller2_vertical_70_ac2_av,1849,35,0.8,0.11428571428571428,0.2,7
distance_only,3,TPC-DI__Joinable__prospect_vertical_50_ac4_ev,272,11,1.0,0.18181818181818182,0.3076923076923077,7
distance_only,3,ChEMBL__Joinable__assays_both_50_70_ec_ev,380,16,1.0,0.9375,0.967741935483871,7
distance_only,3,ChEMBL__View-Unionable__assays_both_0_30_ac4_ev,210,6,1.0,0.16666666666666666,0.2857142857142857,7
distance_only,3,TPC-DI__Joinable__prospect_vertical_50_ac5_ev,272,11,1.0,0.18181818181818182,0.3076923076923077,7
distance_only,3,ChEMBL__Joinable__assays_vertical_1_ac1_ev,144,1,1.0,1.0,1.0,7
distance_only,3,ChEMBL__View-Unionable__assays_both_0_30_ac5_ev,210,6,1.0,0.3333333333333333,0.5,7
distance_only,3,TPC-DI__View-Unionable__prospect_both_0_70_ac2_av,342,15,1.0,0.06666666666666667,0.125,7
distance_only,3,TPC-DI__View-Unionable__prospect_both_0_70_ac3_av,342,15,0.0,0.0,0.0,7
distance_only,3,TPC-DI__Joinable__prospect_vertical_70_ac4_ev,342,15,1.0,0.26666666666666666,0.42105263157894735,7
distance_only,3,TPC-DI__View-Unionable__prospect_both_0_70_ac3_ev,342,15,1.0,0.13333333333333333,0.23529411764705882,7
distance_only,3,OpenData__Unionable__miller2_horizontal_0_ac2_av,2601,51,0.8181818181818182,0.17647058823529413,0.2903225806451613,7
distance_only,3,ChEMBL__Joinable__assays_vertical_30_ac1_ev,210,6,1.0,0.6666666666666666,0.8,7
distance_only,3,OpenData__Unionable__miller2_horizontal_0_ac2_ev,2601,51,0.8888888888888888,0.1568627450980392,0.26666666666666666,7
distance_only,3,TPC-DI__Joinable__prospect_vertical_70_ec_ev,342,15,1.0,1.0,1.0,7
distance_only,3,TPC-DI__View-Unionable__prospect_both_0_70_ac4_ev,342,15,1.0,0.06666666666666667,0.125,7
distance_only,3,ChEMBL__Joinable__assays_vertical_30_ac2_ev,210,6,1.0,0.16666666666666666,0.2857142857142857,7
distance_only,3,ChEMBL__View-Unionable__assays_both_0_50_ac3_ev,289,11,1.0,0.18181818181818182,0.3076923076923077,7
distance_only,3,TPC-DI__View-Unionable__prospect_both_0_70_ec_av,342,15,0.8571428571428571,0.8,0.8275862068965517,7
distance_only,3,ChEMBL__Joinable__assays_vertical_30_ac5_ev,210,6,1.0,0.5,0.6666666666666666,7
distance_only,3,ChEMBL__View-Unionable__assays_both_0_50_ac4_av,289,11,1.0,0.45454545454545453,0.625,7
distance_only,3,ChEMBL__View-Unionable__assays_both_0_50_ac4_ev,289,11,1.0,0.2727272727272727,0.42857142857142855,7
distance_only,3,OpenData__Unionable__miller2_horizontal_0_ac5_av,2601,51,1.0,0.0392156862745098,0.07547169811320754,7
distance_only,3,OpenData__Unionable__miller2_horizontal_0_ec_av,2601,51,0.8846153846153846,0.9019607843137255,0.8932038834951457,7
distance_only,3,ChEMBL__Joinable__assays_vertical_50_ac3_ev,289,11,0.75,0.2727272727272727,0.4,7
distance_only,3,TPC-DI__Semantically-Joinable__prospect_both_50_30_ac2_av,196,6,1.0,0.16666666666666666,0.2857142857142857,7
distance_only,3,Wikidata__Musicians__Musicians_viewunion,169,5,0.6,0.6,0.6,7
distance_only,3,TPC-DI__Semantically-Joinable__prospect_both_50_30_ac3_av,196,6,0.0,0.0,0.0,7
distance_only,3,OpenData__Unionable__miller2_horizontal_100_ac1_ev,2601,51,1.0,0.19607843137254902,0.32786885245901637,7
distance_only,3,TPC-DI__Semantically-Joinable__prospect_both_50_30_ac4_av,196,6,1.0,0.16666666666666666,0.2857142857142857,7
distance_only,3,ChEMBL__View-Unionable__assays_both_0_70_ac1_ev,380,16,1.0,0.75,0.8571428571428571,7
distance_only,3,OpenData__Unionable__miller2_horizontal_100_ac2_av,2601,51,1.0,0.21568627450980393,0.3548387096774194,7
distance_only,3,ChEMBL__View-Unionable__assays_both_0_70_ac2_av,380,16,1.0,0.0625,0.11764705882352941,7
distance_only,3,OpenData__Unionable__miller2_horizontal_100_ac3_av,2601,51,1.0,0.09803921568627451,0.17857142857142858,7
distance_only,3,TPC-DI__Semantically-Joinable__prospect_both_50_50_ac1_av,272,11,1.0,0.36363636363636365,0.5333333333333333,7
distance_only,3,ChEMBL__Joinable__assays_vertical_70_ac3_ev,380,16,1.0,0.125,0.2222222222222222,7
distance_only,3,ChEMBL__Joinable__assays_vertical_70_ec_ev,380,16,1.0,1.0,1.0,7
distance_only,3,ChEMBL__View-Unionable__assays_both_0_70_ac4_ev,380,16,1.0,0.3125,0.47619047619047616,7
distance_only,3,ChEMBL__View-Unionable__assays_both_0_70_ac5_av,380,16,0.6666666666666666,0.125,0.21052631578947367,7
distance_only,3,OpenData__Unionable__miller2_horizontal_100_ac5_ev,2601,51,1.0,0.0392156862745098,0.07547169811320754,7
distance_only,3,TPC-DI__Semantically-Joinable__prospect_both_50_70_ac1_av,342,15,1.0,0.2,0.3333333333333333,7
distance_only,3,ChEMBL__View-Unionable__assays_both_0_70_ec_av,380,16,0.8461538461538461,0.6875,0.7586206896551724,7
distance_only,3,OpenData__Unionable__miller2_horizontal_100_ec_ev,2601,51,1.0,0.9019607843137255,0.9484536082474226,7
distance_only,3,TPC-DI__Semantically-Joinable__prospect_both_50_70_ac2_av,342,15,0.4,0.13333333333333333,0.2,7
distance_only,3,ChEMBL__Semantically-Joinable__assays_both_50_1_ac4_av,144,1,1.0,1.0,1.0,7
distance_only,3,OpenData__Unionable__miller2_horizontal_50_ac1_av,2601,51,1.0,0.19607843137254902,0.32786885245901637,7
distance_only,3,TPC-DI__Semantically-Joinable__prospect_both_50_70_ac4_av,342,15,0.0,0.0,0.0,7
distance_only,3,ChEMBL__Semantically-Joinable__assays_both_50_1_ec_av,144,1,1.0,1.0,1.0,7
distance_only,3,TPC-DI__Semantically-Joinable__prospect_both_50_70_ac5_av,342,15,0.0,0.0,0.0,7
distance_only,3,Magellan__fodors_zagats,49,7,1.0,1.0,1.0,7
distance_only,3,Magellan__itunes_amazon,81,9,1.0,0.4444444444444444,0.6153846153846154,7
distance_only,3,TPC-DI__Semantically-Joinable__prospect_vertical_1_ac3_av,132,1,1.0,1.0,1.0,7
distance_only,3,OpenData__Joinable__miller2_both_50_1_ac1_ev,676,1,1.0,1.0,1.0,7
distance_only,3,TPC-DI__Semantically-Joinable__prospect_vertical_1_ec_av,132,1,1.0,1.0,1.0,7
distance_only,3,OpenData__Joinable__miller2_both_50_1_ac3_ev,676,1,0.0,0.0,0.0,7
distance_only,3,OpenData__Unionable__miller2_horizontal_50_ec_av,2601,51,1.0,0.9019607843137255,0.9484536082474226,7
distance_only,3,ChEMBL__Semantically-Joinable__assays_both_50_50_ac3_av,289,11,0.5,0.09090909090909091,0.15384615384615385,7
distance_only,3,ChEMBL__Semantically-Joinable__assays_both_50_50_ac4_av,289,11,1.0,0.36363636363636365,0.5333333333333333,7
distance_only,3,OpenData__View -Unionable__miller2_both_0_1_ac1_ev,676,1,1.0,1.0,1.0,7
distance_only,3,ChEMBL__Semantically-Joinable__assays_both_50_50_ec_av,289,11,0.8181818181818182,0.8181818181818182,0.8181818181818182,7
distance_only,3,OpenData__View -Unionable__miller2_both_0_1_ac2_av,676,1,0.0,0.0,0.0,7
distance_only,3,TPC-DI__Semantically-Joinable__prospect_vertical_30_ac5_av,196,6,0.0,0.0,0.0,7
distance_only,3,ChEMBL__Semantically-Joinable__assays_both_50_70_ac1_av,380,16,0.8888888888888888,0.5,0.64,7
distance_only,3,OpenData__View -Unionable__miller2_both_0_1_ac2_ev,676,1,0.0,0.0,0.0,7
distance_only,3,ChEMBL__Semantically-Joinable__assays_both_50_70_ac2_av,380,16,1.0,0.125,0.2222222222222222,7
distance_only,3,ChEMBL__Semantically-Joinable__assays_both_50_70_ac3_av,380,16,1.0,0.0625,0.11764705882352941,7
distance_only,3,ChEMBL__Semantically-Joinable__assays_both_50_70_ec_av,380,16,0.9166666666666666,0.6875,0.7857142857142857,7
distance_only,3,OpenData__View -Unionable__miller2_both_0_1_ac5_av,676,1,0.0,0.0,0.0,7
distance_only,3,TPC-DI__Semantically-Joinable__prospect_vertical_50_ac5_av,272,11,0.0,0.0,0.0,7
distance_only,3,ChEMBL__Semantically-Joinable__assays_vertical_1_ac1_av,144,1,1.0,1.0,1.0,7
distance_only,3,OpenData__Joinable__miller2_both_50_50_ac2_ev,1444,25,0.8,0.16,0.26666666666666666,7
distance_only,3,ChEMBL__Semantically-Joinable__assays_vertical_1_ac4_av,144,1,1.0,1.0,1.0,7
distance_only,3,ChEMBL__Semantically-Joinable__assays_vertical_1_ac5_av,144,1,1.0,1.0,1.0,7
distance_only,3,TPC-DI__Semantically-Joinable__prospect_vertical_70_ac4_av,342,15,0.0,0.0,0.0,7
distance_only,3,ChEMBL__Semantically-Joinable__assays_vertical_1_ec_av,144,1,1.0,1.0,1.0,7
distance_only,3,OpenData__Joinable__miller2_both_50_70_ac1_ev,1849,35,1.0,0.2,0.3333333333333333,7
distance_only,3,TPC-DI__Semantically-Joinable__prospect_vertical_70_ec_av,342,15,0.9166666666666666,0.7333333333333333,0.8148148148148148,7
distance_only,3,OpenData__Joinable__miller2_both_50_70_ac3_ev,1849,35,1.0,0.11428571428571428,0.20512820512820512,7
distance_only,3,OpenData__View -Unionable__miller2_both_0_30_ac4_av,1089,15,0.0,0.0,0.0,7
distance_only,3,OpenData__Joinable__miller2_both_50_70_ec_ev,1849,35,1.0,0.9142857142857143,0.9552238805970149,7
distance_only,3,TPC-DI__Unionable__prospect_horizontal_0_ac2_ev,484,22,1.0,0.13636363636363635,0.24,7
distance_only,3,OpenData__Joinable__miller2_vertical_1_ac2_ev,676,1,0.0,0.0,0.0,7
distance_only,3,OpenData__Joinable__miller2_vertical_1_ac3_ev,676,1,0.0,0.0,0.0,7
distance_only,3,TPC-DI__Unionable__prospect_horizontal_0_ac4_av,484,22,1.0,0.13636363636363635,0.24,7
distance_only,3,ChEMBL__Semantically-Joinable__assays_vertical_50_ac3_av,289,11,0.6666666666666666,0.18181818181818182,0.2857142857142857,7
distance_only,3,OpenData__Joinable__miller2_vertical_1_ec_ev,676,1,1.0,1.0,1.0,7
distance_only,3,TPC-DI__Unionable__prospect_horizontal_0_ac5_ev,484,22,1.0,0.09090909090909091,0.16666666666666666,7
distance_only,3,OpenData__View -Unionable__miller2_both_0_50_ac2_av,1444,25,0.0,0.0,0.0,7
distance_only,3,TPC-DI__Unionable__prospect_horizontal_0_ec_av,484,22,1.0,0.7727272727272727,0.8717948717948718,7
distance_only,3,OpenData__Joinable__miller2_vertical_30_ac2_ev,1089,15,0.875,0.4666666666666667,0.6086956521739131,7
distance_only,3,TPC-DI__Unionable__prospect_horizontal_0_ec_ev,484,22,1.0,0.7727272727272727,0.8717948717948718,7
distance_only,3,OpenData__Joinable__miller2_vertical_30_ac3_ev,1089,15,1.0,0.13333333333333333,0.23529411764705882,7
distance_only,3,OpenData__View -Unionable__miller2_both_0_50_ac3_av,1444,25,0.0,0.0,0.0,7
distance_only,3,OpenData__View -Unionable__miller2_both_0_50_ac4_av,1444,25,1.0,0.04,0.07692307692307693,7
distance_only,3,TPC-DI__Unionable__prospect_horizontal_100_ac2_av,484,22,1.0,0.22727272727272727,0.37037037037037035,7
distance_only,3,OpenData__Joinable__miller2_vertical_30_ec_ev,1089,15,1.0,1.0,1.0,7
distance_only,3,OpenData__View -Unionable__miller2_both_0_50_ac5_av,1444,25,1.0,0.04,0.07692307692307693,7
distance_only,3,OpenData__View -Unionable__miller2_both_0_50_ac5_ev,1444,25,0.0,0.0,0.0,7
distance_only,3,ChEMBL__Unionable__assays_horizontal_0_ac2_ev,529,23,0.8333333333333334,0.21739130434782608,0.3448275862068966,7
distance_only,3,OpenData__Joinable__miller2_vertical_50_ac5_ev,1444,25,0.8,0.16,0.26666666666666666,7
distance_only,3,OpenData__View -Unionable__miller2_both_0_70_ac1_av,1849,35,1.0,0.14285714285714285,0.25,7
distance_only,3,OpenData__Joinable__miller2_vertical_50_ec_ev,1444,25,1.0,1.0,1.0,7
distance_only,3,TPC-DI__Unionable__prospect_horizontal_100_ac5_ev,484,22,1.0,0.09090909090909091,0.16666666666666666,7
distance_only,3,TPC-DI__Unionable__prospect_horizontal_100_ec_av,484,22,1.0,0.7727272727272727,0.8717948717948718,7
distance_only,3,ChEMBL__Unionable__assays_horizontal_0_ac4_ev,529,23,1.0,0.391304347826087,0.5625,7
distance_only,3,OpenData__View -Unionable__miller2_both_0_70_ac3_av,1849,35,0.0,0.0,0.0,7
distance_only,3,OpenData__Joinable__miller2_vertical_70_ac5_ev,1849,35,1.0,0.14285714285714285,0.25,7
distance_only,3,OpenData__View -Unionable__miller2_both_0_70_ac4_av,1849,35,1.0,0.02857142857142857,0.05555555555555555,7
distance_only,3,TPC-DI__Unionable__prospect_horizontal_50_ac2_av,484,22,0.8,0.18181818181818182,0.2962962962962963,7
distance_only,3,ChEMBL__Unionable__assays_horizontal_0_ec_av,529,23,0.9523809523809523,0.8695652173913043,0.9090909090909091,7
distance_only,3,OpenData__View -Unionable__miller2_both_0_70_ac4_ev,1849,35,1.0,0.08571428571428572,0.15789473684210525,7
distance_only,3,TPC-DI__Unionable__prospect_horizontal_50_ac2_ev,484,22,1.0,0.18181818181818182,0.3076923076923077,7
distance_only,3,OpenData__Semantically-Joinable__miller2_both_50_1_ac1_av,676,1,0.0,0.0,0.0,7
distance_only,3,ChEMBL__Unionable__assays_horizontal_100_ac1_av,529,23,1.0,0.6521739130434783,0.7894736842105263,7
distance_only,3,ChEMBL__Unionable__assays_horizontal_100_ac2_av,529,23,1.0,0.17391304347826086,0.2962962962962963,7
distance_only,3,OpenData__View -Unionable__miller2_both_0_70_ec_ev,1849,35,1.0,0.9428571428571428,0.9705882352941176,7
distance_only,3,ChEMBL__Unionable__assays_horizontal_100_ac2_ev,529,23,1.0,0.21739130434782608,0.35714285714285715,7
distance_only,3,OpenData__Semantically-Joinable__miller2_both_50_1_ac5_av,676,1,0.0,0.0,0.0,7
distance_only,3,TPC-DI__Unionable__prospect_horizontal_50_ac5_ev,484,22,1.0,0.09090909090909091,0.16666666666666666,7
distance_only,3,ChEMBL__Unionable__assays_horizontal_100_ac3_ev,529,23,1.0,0.13043478260869565,0.23076923076923078,7
distance_only,3,TPC-DI__Joinable__prospect_both_50_1_ac3_ev,132,1,0.0,0.0,0.0,7
distance_only,3,ChEMBL__Unionable__assays_horizontal_100_ac4_ev,529,23,1.0,0.34782608695652173,0.5161290322580645,7
distance_only,3,OpenData__Semantically-Joinable__miller2_both_50_30_ac4_av,1089,15,0.0,0.0,0.0,7
distance_only,3,TPC-DI__Joinable__prospect_both_50_30_ac1_ev,196,6,1.0,0.5,0.6666666666666666,7
distance_only,3,OpenData__Semantically-Joinable__miller2_both_50_50_ac1_av,1444,25,1.0,0.08,0.14814814814814814,7
distance_only,3,TPC-DI__Joinable__prospect_both_50_30_ac4_ev,196,6,0.0,0.0,0.0,7
distance_only,3,TPC-DI__View-Unionable__prospect_both_0_1_ac3_ev,132,1,0.0,0.0,0.0,7
distance_only,3,ChEMBL__Unionable__assays_horizontal_50_ac1_ev,529,23,1.0,0.6521739130434783,0.7894736842105263,7
distance_only,3,OpenData__Semantically-Joinable__miller2_both_50_50_ac3_av,1444,25,0.0,0.0,0.0,7
distance_only,3,TPC-DI__Joinable__prospect_both_50_30_ac5_ev,196,6,1.0,0.3333333333333333,0.5,7
distance_only,3,OpenData__Semantically-Joinable__miller2_both_50_50_ac4_av,1444,25,0.0,0.0,0.0,7
distance_only,3,TPC-DI__Joinable__prospect_both_50_30_ec_ev,196,6,1.0,0.8333333333333334,0.9090909090909091,7
distance_only,3,TPC-DI__View-Unionable__prospect_both_0_1_ac5_av,132,1,1.0,1.0,1.0,7
distance_only,3,ChEMBL__Unionable__assays_horizontal_50_ac3_ev,529,23,1.0,0.13043478260869565,0.23076923076923078,7
distance_only,3,OpenData__Semantically-Joinable__miller2_both_50_70_ac3_av,1849,35,0.0,0.0,0.0,7
distance_only,4,ChEMBL__Joinable__assays_both_50_1_ac2_ev,144,1,0.0,0.0,0.0,7
distance_only,4,ChEMBL__Unionable__assays_horizontal_50_ac5_ev,529,23,1.0,0.2608695652173913,0.41379310344827586,7
distance_only,4,TPC-DI__View-Unionable__prospect_both_0_30_ac2_av,196,6,0.0,0.0,0.0,7
distance_only,4,ChEMBL__Joinable__assays_both_50_1_ac3_ev,144,1,0.0,0.0,0.0,7
distance_only,4,OpenData__Semantically-Joinable__miller2_vertical_1_ac1_av,676,1,0.0,0.0,0.0,7
distance_only,4,ChEMBL__View-Unionable__assays_both_0_1_ac1_ev,144,1,1.0,1.0,1.0,7
distance_only,4,TPC-DI__View-Unionable__prospect_both_0_30_ac4_av,196,6,0.0,0.0,0.0,7
distance_only,4,ChEMBL__View-Unionable__assays_both_0_1_ac2_av,144,1,0.0,0.0,0.0,7
distance_only,4,OpenData__Semantically-Joinable__miller2_vertical_1_ac4_av,676,1,0.0,0.0,0.0,7
distance_only,4,TPC-DI__Joinable__prospect_both_50_70_ec_ev,342,15,1.0,0.7333333333333333,0.8461538461538461,7
distance_only,4,ChEMBL__Joinable__assays_both_50_30_ac3_ev,210,6,1.0,0.16666666666666666,0.2857142857142857,7
distance_only,4,OpenData__Semantically-Joinable__miller2_vertical_1_ec_av,676,1,1.0,1.0,1.0,7
distance_only,4,TPC-DI__View-Unionable__prospect_both_0_30_ac5_ev,196,6,0.0,0.0,0.0,7
distance_only,4,TPC-DI__Joinable__prospect_vertical_1_ac3_ev,132,1,0.0,0.0,0.0,7
distance_only,4,TPC-DI__View-Unionable__prospect_both_0_30_ec_av,196,6,0.8333333333333334,0.8333333333333334,0.8333333333333334,7
distance_only,4,TPC-DI__Joinable__prospect_vertical_1_ac5_ev,132,1,0.0,0.0,0.0,7
distance_only,4,TPC-DI__View-Unionable__prospect_both_0_50_ac1_av,272,11,1.0,0.09090909090909091,0.16666666666666666,7
distance_only,4,ChEMBL__Joinable__assays_both_50_50_ac1_ev,289,11,1.0,0.6363636363636364,0.7777777777777778,7
distance_only,4,TPC-DI__Joinable__prospect_vertical_1_ec_ev,132,1,1.0,1.0,1.0,7
distance_only,4,ChEMBL__View-Unionable__assays_both_0_1_ec_av,144,1,1.0,1.0,1.0,7
distance_only,4,TPC-DI__Joinable__prospect_vertical_30_ac2_ev,196,6,1.0,0.3333333333333333,0.5,7
distance_only,4,TPC-DI__View-Unionable__prospect_both_0_50_ac2_ev,272,11,0.0,0.0,0.0,7
distance_only,4,ChEMBL__Joinable__assays_both_50_50_ac4_ev,289,11,1.0,0.2727272727272727,0.42857142857142855,7
distance_only,4,OpenData__Semantically-Joinable__miller2_vertical_50_ac2_av,1444,25,0.0,0.0,0.0,7
distance_only,4,TPC-DI__View-Unionable__prospect_both_0_50_ac3_ev,272,11,1.0,0.18181818181818182,0.3076923076923077,7
distance_only,4,ChEMBL__View-Unionable__assays_both_0_30_ac1_ev,210,6,1.0,0.3333333333333333,0.5,7
distance_only,4,ChEMBL__View-Unionable__assays_both_0_30_ac2_av,210,6,1.0,0.16666666666666666,0.2857142857142857,7
distance_only,4,OpenData__Semantically-Joinable__miller2_vertical_50_ac4_av,1444,25,0.0,0.0,0.0,7
distance_only,4,ChEMBL__View-Unionable__assays_both_0_30_ac2_ev,210,6,0.0,0.0,0.0,7
distance_only,4,OpenData__Semantically-Joinable__miller2_vertical_70_ac1_av,1849,35,1.0,0.05714285714285714,0.10810810810810811,7
distance_only,4,ChEMBL__Joinable__assays_both_50_70_ac5_ev,380,16,1.0,0.1875,0.3157894736842105,7
distance_only,4,OpenData__Semantically-Joinable__miller2_vertical_70_ac2_av,1849,35,0.8,0.11428571428571428,0.2,7
distance_only,4,ChEMBL__Joinable__assays_both_50_70_ec_ev,380,16,1.0,0.9375,0.967741935483871,7
distance_only,4,TPC-DI__View-Unionable__prospect_both_0_70_ac1_av,342,15,0.75,0.2,0.3157894736842105,7
distance_only,4,ChEMBL__View-Unionable__assays_both_0_30_ac5_ev,210,6,1.0,0.16666666666666666,0.2857142857142857,7
distance_only,4,TPC-DI__View-Unionable__prospect_both_0_70_ac2_av,342,15,0.0,0.0,0.0,7
distance_only,4,TPC-DI__Joinable__prospect_vertical_70_ac2_ev,342,15,1.0,0.5333333333333333,0.6956521739130435,7
distance_only,4,ChEMBL__View-Unionable__assays_both_0_30_ec_ev,210,6,1.0,0.8333333333333334,0.9090909090909091,7
distance_only,4,OpenData__Unionable__miller2_horizontal_0_ac1_av,2601,51,1.0,0.09803921568627451,0.17857142857142858,7
distance_only,4,TPC-DI__View-Unionable__prospect_both_0_70_ac3_av,342,15,0.0,0.0,0.0,7
distance_only,4,TPC-DI__View-Unionable__prospect_both_0_70_ac4_av,342,15,0.0,0.0,0.0,7
distance_only,4,ChEMBL__Joinable__assays_vertical_30_ac1_ev,210,6,1.0,0.5,0.6666666666666666,7
distance_only,4,TPC-DI__Joinable__prospect_vertical_70_ec_ev,342,15,1.0,1.0,1.0,7
distance_only,4,TPC-DI__View-Unionable__prospect_both_0_70_ac4_ev,342,15,0.0,0.0,0.0,7
distance_only,4,ChEMBL__Joinable__assays_vertical_30_ac2_ev,210,6,1.0,0.16666666666666666,0.2857142857142857,7
distance_only,4,ChEMBL__View-Unionable__assays_both_0_50_ac2_ev,289,11,1.0,0.2727272727272727,0.42857142857142855,7
distance_only,4,ChEMBL__Joinable__assays_vertical_30_ac3_ev,210,6,1.0,0.3333333333333333,0.5,7
distance_only,4,TPC-DI__Semantically-Joinable__prospect_both_50_1_ac3_av,132,1,0.0,0.0,0.0,7
distance_only,4,ChEMBL__Joinable__assays_vertical_30_ac5_ev,210,6,1.0,0.5,0.6666666666666666,7
distance_only,4,OpenData__Unionable__miller2_horizontal_0_ac5_ev,2601,51,1.0,0.0196078431372549,0.038461538461538464,7
distance_only,4,TPC-DI__Semantically-Joinable__prospect_both_50_1_ec_av,132,1,1.0,1.0,1.0,7
distance_only,4,ChEMBL__Joinable__assays_vertical_50_ac2_ev,289,11,1.0,0.09090909090909091,0.16666666666666666,7
distance_only,4,ChEMBL__View-Unionable__assays_both_0_50_ac5_ev,289,11,1.0,0.18181818181818182,0.3076923076923077,7
distance_only,4,Wikidata__Musicians__Musicians_unionable,400,19,0.9411764705882353,0.8421052631578947,0.8888888888888888,7
distance_only,4,ChEMBL__Joinable__assays_vertical_50_ac5_ev,289,11,1.0,0.2727272727272727,0.42857142857142855,7
distance_only,4,TPC-DI__Semantically-Joinable__prospect_both_50_30_ac4_av,196,6,1.0,0.16666666666666666,0.2857142857142857,7
distance_only,4,OpenData__Unionable__miller2_horizontal_100_ac2_av,2601,51,1.0,0.13725490196078433,0.2413793103448276,7
distance_only,4,TPC-DI__Semantically-Joinable__prospect_both_50_30_ac5_av,196,6,0.0,0.0,0.0,7
distance_only,4,ChEMBL__View-Unionable__assays_both_0_70_ac2_ev,380,16,1.0,0.1875,0.3157894736842105,7
distance_only,4,TPC-DI__Semantically-Joinable__prospect_both_50_50_ac1_av,272,11,1.0,0.36363636363636365,0.5333333333333333,7
distance_only,4,ChEMBL__Joinable__assays_vertical_70_ac3_ev,380,16,1.0,0.25,0.4,7
distance_only,4,ChEMBL__View-Unionable__assays_both_0_70_ac3_av,380,16,1.0,0.1875,0.3157894736842105,7
distance_only,4,TPC-DI__Semantically-Joinable__prospect_both_50_50_ac2_av,272,11,0.0,0.0,0.0,7
distance_only,4,ChEMBL__Joinable__assays_vertical_70_ac4_ev,380,16,0.9090909090909091,0.625,0.7407407407407407,7
distance_only,4,ChEMBL__View-Unionable__assays_both_0_70_ac3_ev,380,16,1.0,0.25,0.4,7
distance_only,4,ChEMBL__View-Unionable__assays_both_0_70_ac4_ev,380,16,1.0,0.3125,0.47619047619047616,7
distance_only,4,OpenData__Unionable__miller2_horizontal_100_ac5_av,2601,51,1.0,0.0196078431372549,0.038461538461538464,7
distance_only,4,TPC-DI__Semantically-Joinable__prospect_both_50_50_ac5_av,272,11,0.0,0.0,0.0,7
distance_only,4,ChEMBL__Semantically-Joinable__assays_both_50_1_ac1_av,144,1,1.0,1.0,1.0,7
distance_only,4,OpenData__Unionable__miller2_horizontal_100_ac5_ev,2601,51,1.0,0.0196078431372549,0.038461538461538464,7
distance_only,4,ChEMBL__Semantically-Joinable__assays_both_50_1_ac3_av,144,1,0.0,0.0,0.0,7
distance_only,4,ChEMBL__View-Unionable__assays_both_0_70_ec_av,380,16,0.7857142857142857,0.6875,0.7333333333333333,7
distance_only,4,OpenData__Unionable__miller2_horizontal_100_ec_ev,2601,51,1.0,0.8823529411764706,0.9375,7
distance_only,4,ChEMBL__Semantically-Joinable__assays_both_50_1_ac4_av,144,1,1.0,1.0,1.0,7
distance_only,4,OpenData__Unionable__miller2_horizontal_50_ac1_av,2601,51,1.0,0.1568627450980392,0.2711864406779661,7
distance_only,4,ChEMBL__Semantically-Joinable__assays_both_50_1_ac5_av,144,1,0.0,0.0,0.0,7
distance_only,4,TPC-DI__Semantically-Joinable__prospect_both_50_70_ac4_av,342,15,0.0,0.0,0.0,7
distance_only,4,ChEMBL__Semantically-Joinable__assays_both_50_1_ec_av,144,1,1.0,1.0,1.0,7
distance_only,4,OpenData__Unionable__miller2_horizontal_50_ac2_av,2601,51,1.0,0.1568627450980392,0.2711864406779661,7
distance_only,4,TPC-DI__Semantically-Joinable__prospect_both_50_70_ac5_av,342,15,0.0,0.0,0.0,7
distance_only,4,OpenData__Unionable__miller2_horizontal_50_ac2_ev,2601,51,1.0,0.1568627450980392,0.2711864406779661,7
distance_only,4,TPC-DI__Semantically-Joinable__prospect_both_50_70_ec_av,342,15,0.8461538461538461,0.7333333333333333,0.7857142857142857,7
distance_only,4,TPC-DI__Semantically-Joinable__prospect_vertical_1_ac1_av,132,1,1.0,1.0,1.0,7
distance_only,4,ChEMBL__Semantically-Joinable__assays_both_50_30_ac3_av,210,6,0.5,0.16666666666666666,0.25,7
distance_only,4,Magellan__itunes_amazon,81,9,1.0,0.4444444444444444,0.6153846153846154,7
distance_only,4,Magellan__walmart_amazon,36,6,1.0,0.5,0.6666666666666666,7
distance_only,4,OpenData__Unionable__miller2_horizontal_50_ac4_ev,2601,51,1.0,0.0784313725490196,0.14545454545454545,7
distance_only,4,OpenData__Joinable__miller2_both_50_1_ac2_ev,676,1,0.0,0.0,0.0,7
distance_only,4,OpenData__Unionable__miller2_horizontal_50_ac5_ev,2601,51,1.0,0.0196078431372549,0.038461538461538464,7
distance_only,4,TPC-DI__Semantically-Joinable__prospect_vertical_1_ec_av,132,1,1.0,1.0,1.0,7
distance_only,4,OpenData__Joinable__miller2_both_50_1_ac4_ev,676,1,0.0,0.0,0.0,7
distance_only,4,TPC-DI__Semantically-Joinable__prospect_vertical_30_ac2_av,196,6,1.0,0.3333333333333333,0.5,7
distance_only,4,OpenData__View -Unionable__miller2_both_0_1_ac1_av,676,1,0.0,0.0,0.0,7
distance_only,4,ChEMBL__Semantically-Joinable__assays_both_50_50_ac5_av,289,11,1.0,0.09090909090909091,0.16666666666666666,7
distance_only,4,OpenData__View -Unionable__miller2_both_0_1_ac1_ev,676,1,0.0,0.0,0.0,7
distance_only,4,ChEMBL__Semantically-Joinable__assays_both_50_50_ec_av,289,11,0.9,0.8181818181818182,0.8571428571428571,7
distance_only,4,ChEMBL__Semantically-Joinable__assays_both_50_70_ac1_av,380,16,0.8,0.5,0.6153846153846154,7
distance_only,4,TPC-DI__Semantically-Joinable__prospect_vertical_30_ec_av,196,6,1.0,0.8333333333333334,0.9090909090909091,7
distance_only,4,OpenData__Joinable__miller2_both_50_30_ac3_ev,1089,15,0.0,0.0,0.0,7
distance_only,4,OpenData__Joinable__miller2_both_50_30_ac5_ev,1089,15,0.0,0.0,0.0,7
distance_only,4,OpenData__View -Unionable__miller2_both_0_1_ac4_ev,676,1,0.0,0.0,0.0,7
distance_only,4,OpenData__View -Unionable__miller2_both_0_1_ac5_av,676,1,0.0,0.0,0.0,7
distance_only,4,ChEMBL__Semantically-Joinable__assays_vertical_1_ac2_av,144,1,0.0,0.0,0.0,7
distance_only,4,OpenData__View -Unionable__miller2_both_0_30_ac1_av,1089,15,1.0,0.13333333333333333,0.23529411764705882,7
distance_only,4,ChEMBL__Semantically-Joinable__assays_vertical_1_ac5_av,144,1,1.0,1.0,1.0,7
distance_only,4,OpenData__View -Unionable__miller2_both_0_30_ac2_av,1089,15,1.0,0.06666666666666667,0.125,7
distance_only,4,OpenData__Joinable__miller2_both_50_70_ac3_ev,1849,35,1.0,0.08571428571428572,0.15789473684210525,7
distance_only,4,TPC-DI__Unionable__prospect_horizontal_0_ac1_av,484,22,1.0,0.2727272727272727,0.42857142857142855,7
distance_only,4,TPC-DI__Unionable__prospect_horizontal_0_ac1_ev,484,22,1.0,0.2727272727272727,0.42857142857142855,7
distance_only,4,OpenData__Joinable__miller2_both_50_70_ac5_ev,1849,35,1.0,0.02857142857142857,0.05555555555555555,7
distance_only,4,OpenData__Joinable__miller2_vertical_1_ac1_ev,676,1,0.0,0.0,0.0,7
distance_only,4,ChEMBL__Semantically-Joinable__assays_vertical_50_ac1_av,289,11,0.8333333333333334,0.45454545454545453,0.5882352941176471,7
distance_only,4,ChEMBL__Semantically-Joinable__assays_vertical_50_ac2_av,289,11,1.0,0.09090909090909091,0.16666666666666666,7
distance_only,4,TPC-DI__Unionable__prospect_horizontal_0_ac4_av,484,22,0.0,0.0,0.0,7
distance_only,4,TPC-DI__Unionable__prospect_horizontal_0_ac4_ev,484,22,0.0,0.0,0.0,7
distance_only,4,OpenData__View -Unionable__miller2_both_0_50_ac1_av,1444,25,1.0,0.16,0.27586206896551724,7
distance_only,4,TPC-DI__Unionable__prospect_horizontal_0_ac5_ev,484,22,1.0,0.09090909090909091,0.16666666666666666,7
distance_only,4,OpenData__Joinable__miller2_vertical_30_ac1_ev,1089,15,1.0,0.4666666666666667,0.6363636363636364,7
distance_only,4,OpenData__View -Unionable__miller2_both_0_50_ac2_av,1444,25,0.0,0.0,0.0,7
distance_only,4,OpenData__Joinable__miller2_vertical_30_ac2_ev,1089,15,1.0,0.4666666666666667,0.6363636363636364,7
distance_only,4,TPC-DI__Unionable__prospect_horizontal_100_ac1_ev,484,22,1.0,0.2727272727272727,0.42857142857142855,7
distance_only,4,ChEMBL__Semantically-Joinable__assays_vertical_70_ac4_av,380,16,0.8,0.25,0.38095238095238093,7
distance_only,4,OpenData__Joinable__miller2_vertical_30_ac5_ev,1089,15,1.0,0.06666666666666667,0.125,7
distance_only,4,OpenData__Joinable__miller2_vertical_30_ec_ev,1089,15,1.0,1.0,1.0,7
distance_only,4,OpenData__View -Unionable__miller2_both_0_50_ac4_ev,1444,25,0.5,0.04,0.07407407407407407,7
distance_only,4,TPC-DI__Unionable__prospect_horizontal_100_ac2_ev,484,22,1.0,0.13636363636363635,0.24,7
distance_only,4,OpenData__Joinable__miller2_vertical_50_ac1_ev,1444,25,1.0,0.32,0.48484848484848486,7
distance_only,4,OpenData__View -Unionable__miller2_both_0_50_ac5_av,1444,25,0.0,0.0,0.0,7
distance_only,4,OpenData__View -Unionable__miller2_both_0_50_ac5_ev,1444,25,0.0,0.0,0.0,7
distance_only,4,ChEMBL__Unionable__assays_horizontal_0_ac1_ev,529,23,1.0,0.4782608695652174,0.6470588235294118,7
distance_only,4,ChEMBL__Unionable__assays_horizontal_0_ac2_ev,529,23,1.0,0.21739130434782608,0.35714285714285715,7
distance_only,4,OpenData__Joinable__miller2_vertical_50_ec_ev,1444,25,1.0,1.0,1.0,7
distance_only,4,OpenData__View -Unionable__miller2_both_0_70_ac1_ev,1849,35,1.0,0.14285714285714285,0.25,7
distance_only,4,OpenData__View -Unionable__miller2_both_0_70_ac2_ev,1849,35,0.9,0.2571428571428571,0.4,7
distance_only,4,OpenData__Joinable__miller2_vertical_70_ac4_ev,1849,35,1.0,0.2,0.3333333333333333,7
distance_only,4,TPC-DI__Unionable__prospect_horizontal_50_ac1_ev,484,22,1.0,0.2727272727272727,0.42857142857142855,7
distance_only,4,ChEMBL__Unionable__assays_horizontal_0_ac5_ev,529,23,1.0,0.2608695652173913,0.41379310344827586,7
distance_only,4,OpenData__View -Unionable__miller2_both_0_70_ac5_av,1849,35,0.0,0.0,0.0,7
distance_only,4,TPC-DI__Unionable__prospect_horizontal_50_ac3_ev,484,22,1.0,0.13636363636363635,0.24,7
distance_only,4,ChEMBL__Unionable__assays_horizontal_100_ac1_ev,529,23,1.0,0.4782608695652174,0.6470588235294118,7
distance_only,4,OpenData__Semantically-Joinable__miller2_both_50_1_ac3_av,676,1,0.0,0.0,0.0,7
distance_only,4,OpenData__View -Unionable__miller2_both_0_70_ec_av,1849,35,1.0,0.7142857142857143,0.8333333333333334,7
distance_only,4,OpenData__Semantically-Joinable__miller2_both_50_1_ac4_av,676,1,0.0,0.0,0.0,7
distance_only,4,ChEMBL__Unionable__assays_horizontal_100_ac2_ev,529,23,1.0,0.21739130434782608,0.35714285714285715,7
distance_only,4,TPC-DI__Joinable__prospect_both_50_1_ac1_ev,132,1,1.0,1.0,1.0,7
distance_only,4,TPC-DI__Joinable__prospect_both_50_1_ac2_ev,132,1,0.0,0.0,0.0,7
distance_only,4,OpenData__Semantically-Joinable__miller2_both_50_30_ac1_av,1089,15,1.0,0.13333333333333333,0.23529411764705882,7
distance_only,4,TPC-DI__Unionable__prospect_horizontal_50_ec_av,484,22,1.0,0.7272727272727273,0.8421052631578947,7
distance_only,4,OpenData__Semantically-Joinable__miller2_both_50_30_ac2_av,1089,15,0.0,0.0,0.0,7
distance_only,4,TPC-DI__Joinable__prospect_both_50_1_ac4_ev,132,1,0.0,0.0,0.0,7
distance_only,4,TPC-DI__Unionable__prospect_horizontal_50_ec_ev,484,22,1.0,0.7272727272727273,0.8421052631578947,7
distance_only,4,TPC-DI__Joinable__prospect_both_50_1_ec_ev,132,1,1.0,1.0,1.0,7
distance_only,4,OpenData__Semantically-Joinable__miller2_both_50_30_ac5_av,1089,15,0.0,0.0,0.0,7
distance_only,4,TPC-DI__Joinable__prospect_both_50_30_ac2_ev,196,6,1.0,0.16666666666666666,0.2857142857142857,7
distance_only,4,TPC-DI__View-Unionable__prospect_both_0_1_ac2_ev,132,1,0.0,0.0,0.0,7
distance_only,4,ChEMBL__Unionable__assays_horizontal_100_ec_ev,529,23,1.0,0.8695652173913043,0.9302325581395349,7
distance_only,4,OpenData__Semantically-Joinable__miller2_both_50_50_ac1_av,1444,25,0.0,0.0,0.0,7
distance_only,4,ChEMBL__Unionable__assays_horizontal_50_ac1_av,529,23,1.0,0.4782608695652174,0.6470588235294118,7
distance_only,4,TPC-DI__Joinable__prospect_both_50_30_ac4_ev,196,6,0.0,0.0,0.0,7
distance_only,4,ChEMBL__Unionable__assays_horizontal_50_ac1_ev,529,23,1.0,0.4782608695652174,0.6470588235294118,7
distance_only,4,OpenData__Semantically-Joinable__miller2_both_50_50_ac3_av,1444,25,0.0,0.0,0.0,7
distance_only,4,TPC-DI__Joinable__prospect_both_50_30_ec_ev,196,6,1.0,0.8333333333333334,0.9090909090909091,7
distance_only,4,OpenData__Semantically-Joinable__miller2_both_50_50_ac5_av,1444,25,0.0,0.0,0.0,7
distance_only,4,ChEMBL__Unionable__assays_horizontal_50_ac3_av,529,23,1.0,0.21739130434782608,0.35714285714285715,7
distance_only,4,ChEMBL__Unionable__assays_horizontal_50_ac3_ev,529,23,1.0,0.21739130434782608,0.35714285714285715,7
distance_only,4,TPC-DI__View-Unionable__prospect_both_0_30_ac1_av,196,6,1.0,0.3333333333333333,0.5,7
distance_only,5,ChEMBL__Unionable__assays_horizontal_50_ec_av,529,23,1.0,0.8695652173913043,0.9302325581395349,7
distance_only,5,TPC-DI__Joinable__prospect_both_50_70_ac2_ev,342,15,1.0,0.13333333333333333,0.23529411764705882,7
distance_only,5,ChEMBL__Unionable__assays_horizontal_50_ec_ev,529,23,1.0,0.8695652173913043,0.9302325581395349,7
distance_only,5,TPC-DI__Joinable__prospect_both_50_70_ac3_ev,342,15,1.0,0.2,0.3333333333333333,7
distance_only,5,TPC-DI__Joinable__prospect_both_50_70_ac4_ev,342,15,1.0,0.06666666666666667,0.125,7
distance_only,5,ChEMBL__Joinable__assays_both_50_1_ec_ev,144,1,1.0,1.0,1.0,7
distance_only,5,ChEMBL__Joinable__assays_both_50_30_ac1_ev,210,6,1.0,0.6666666666666666,0.8,7
distance_only,5,OpenData__Semantically-Joinable__miller2_vertical_1_ac5_av,676,1,0.0,0.0,0.0,7
distance_only,5,TPC-DI__View-Unionable__prospect_both_0_30_ac5_av,196,6,0.0,0.0,0.0,7
distance_only,5,ChEMBL__Joinable__assays_both_50_30_ac4_ev,210,6,1.0,0.3333333333333333,0.5,7
distance_only,5,ChEMBL__View-Unionable__assays_both_0_1_ac3_ev,144,1,0.0,0.0,0.0,7
distance_only,5,ChEMBL__Joinable__assays_both_50_30_ac5_ev,210,6,1.0,0.3333333333333333,0.5,7
distance_only,5,ChEMBL__View-Unionable__assays_both_0_1_ac5_av,144,1,1.0,1.0,1.0,7
distance_only,5,ChEMBL__Joinable__assays_both_50_50_ac2_ev,289,11,1.0,0.18181818181818182,0.3076923076923077,7
distance_only,5,TPC-DI__Joinable__prospect_vertical_30_ac1_ev,196,6,1.0,0.5,0.6666666666666666,7
distance_only,5,OpenData__Semantically-Joinable__miller2_vertical_30_ec_av,1089,15,1.0,0.8,0.8888888888888888,7
distance_only,5,ChEMBL__View-Unionable__assays_both_0_1_ec_ev,144,1,1.0,1.0,1.0,7
distance_only,5,TPC-DI__View-Unionable__prospect_both_0_50_ac3_av,272,11,1.0,0.09090909090909091,0.16666666666666666,7
distance_only,5,ChEMBL__Joinable__assays_both_50_50_ac5_ev,289,11,1.0,0.2727272727272727,0.42857142857142855,7
distance_only,5,TPC-DI__Joinable__prospect_vertical_30_ac5_ev,196,6,1.0,0.5,0.6666666666666666,7
distance_only,5,TPC-DI__View-Unionable__prospect_both_0_50_ac4_av,272,11,0.0,0.0,0.0,7
distance_only,5,ChEMBL__Joinable__assays_both_50_70_ac1_ev,380,16,1.0,0.625,0.7692307692307693,7
distance_only,5,TPC-DI__View-Unionable__prospect_both_0_50_ac4_ev,272,11,1.0,0.09090909090909091,0.16666666666666666,7
distance_only,5,ChEMBL__Joinable__assays_both_50_70_ac2_ev,380,16,1.0,0.25,0.4,7
distance_only,5,TPC-DI__View-Unionable__prospect_both_0_50_ac5_av,272,11,0.0,0.0,0.0,7
distance_only,5,ChEMBL__View-Unionable__assays_both_0_30_ac3_av,210,6,0.0,0.0,0.0,7
distance_only,5,OpenData__Semantically-Joinable__miller2_vertical_50_ec_av,1444,25,1.0,0.72,0.8372093023255814,7
distance_only,5,TPC-DI__Joinable__prospect_vertical_50_ac2_ev,272,11,1.0,0.5454545454545454,0.7058823529411765,7
distance_only,5,TPC-DI__View-Unionable__prospect_both_0_50_ac5_ev,272,11,0.0,0.0,0.0,7
distance_only,5,TPC-DI__Joinable__prospect_vertical_50_ac3_ev,272,11,0.8333333333333334,0.45454545454545453,0.5882352941176471,7
distance_only,5,ChEMBL__View-Unionable__assays_both_0_30_ac4_av,210,6,0.0,0.0,0.0,7
distance_only,5,OpenData__Semantically-Joinable__miller2_vertical_70_ac3_av,1849,35,1.0,0.02857142857142857,0.05555555555555555,7
distance_only,5,ChEMBL__View-Unionable__assays_both_0_30_ac5_av,210,6,1.0,0.3333333333333333,0.5,7
distance_only,5,TPC-DI__View-Unionable__prospect_both_0_70_ac1_ev,342,15,1.0,0.3333333333333333,0.5,7
distance_only,5,ChEMBL__Joinable__assays_vertical_1_ac3_ev,144,1,0.0,0.0,0.0,7
distance_only,5,ChEMBL__Joinable__assays_vertical_1_ac4_ev,144,1,1.0,1.0,1.0,7
distance_only,5,TPC-DI__Joinable__prospect_vertical_70_ac3_ev,342,15,0.9,0.6,0.72,7
distance_only,5,ChEMBL__Joinable__assays_vertical_1_ac5_ev,144,1,1.0,1.0,1.0,7
distance_only,5,OpenData__Unionable__miller2_horizontal_0_ac3_av,2601,51,1.0,0.09803921568627451,0.17857142857142858,7
distance_only,5,TPC-DI__Semantically-Joinable__prospect_both_50_1_ac1_av,132,1,0.0,0.0,0.0,7
distance_only,5,OpenData__Unionable__miller2_horizontal_0_ac3_ev,2601,51,1.0,0.09803921568627451,0.17857142857142858,7
distance_only,5,ChEMBL__Joinable__assays_vertical_30_ac4_ev,210,6,1.0,0.3333333333333333,0.5,7
distance_only,5,TPC-DI__Semantically-Joinable__prospect_both_50_1_ac4_av,132,1,0.0,0.0,0.0,7
distance_only,5,TPC-DI__View-Unionable__prospect_both_0_70_ec_ev,342,15,1.0,0.6,0.75,7
distance_only,5,TPC-DI__Semantically-Joinable__prospect_both_50_1_ac5_av,132,1,0.0,0.0,0.0,7
distance_only,5,Wikidata__Musicians__Musicians_joinable,169,6,1.0,0.8333333333333334,0.9090909090909091,7
distance_only,5,ChEMBL__View-Unionable__assays_both_0_50_ac5_av,289,11,1.0,0.2727272727272727,0.42857142857142855,7
distance_only,5,TPC-DI__Semantically-Joinable__prospect_both_50_30_ac1_av,196,6,1.0,0.16666666666666666,0.2857142857142857,7
distance_only,5,OpenData__Unionable__miller2_horizontal_100_ac1_av,2601,51,1.0,0.29411764705882354,0.45454545454545453,7
distance_only,5,ChEMBL__Joinable__assays_vertical_70_ac1_ev,380,16,1.0,0.8125,0.896551724137931,7
distance_only,5,ChEMBL__Joinable__assays_vertical_70_ac2_ev,380,16,1.0,0.375,0.5454545454545454,7
distance_only,5,TPC-DI__Semantically-Joinable__prospect_both_50_50_ac3_av,272,11,0.0,0.0,0.0,7
distance_only,5,ChEMBL__Joinable__assays_vertical_70_ac5_ev,380,16,1.0,0.5,0.6666666666666666,7
distance_only,5,ChEMBL__View-Unionable__assays_both_0_70_ac4_av,380,16,0.6,0.1875,0.2857142857142857,7
distance_only,5,OpenData__Unionable__miller2_horizontal_100_ec_av,2601,51,1.0,0.9215686274509803,0.9591836734693877,7
distance_only,5,ChEMBL__View-Unionable__assays_both_0_70_ec_ev,380,16,1.0,0.875,0.9333333333333333,7
distance_only,5,OpenData__Unionable__miller2_horizontal_50_ac1_ev,2601,51,1.0,0.29411764705882354,0.45454545454545453,7
distance_only,5,Magellan__beeradvo_ratebeer,25,5,0.8,0.8,0.8,7
distance_only,5,OpenData__Unionable__miller2_horizontal_50_ac3_ev,2601,51,1.0,0.09803921568627451,0.17857142857142858,7
distance_only,5,ChEMBL__Semantically-Joinable__assays_both_50_30_ac4_av,210,6,1.0,0.3333333333333333,0.5,7
distance_only,5,ChEMBL__Semantically-Joinable__assays_both_50_30_ec_av,210,6,0.8,0.6666666666666666,0.7272727272727273,7
distance_only,5,TPC-DI__Semantically-Joinable__prospect_vertical_1_ac5_av,132,1,0.0,0.0,0.0,7
distance_only,5,ChEMBL__Semantically-Joinable__assays_both_50_50_ac1_av,289,11,0.7142857142857143,0.45454545454545453,0.5555555555555556,7
distance_only,5,TPC-DI__Semantically-Joinable__prospect_vertical_30_ac1_av,196,6,1.0,0.3333333333333333,0.5,7
distance_only,5,OpenData__Joinable__miller2_both_50_1_ac5_ev,676,1,0.0,0.0,0.0,7
distance_only,5,TPC-DI__Semantically-Joinable__prospect_vertical_30_ac3_av,196,6,1.0,0.16666666666666666,0.2857142857142857,7
distance_only,5,OpenData__Joinable__miller2_both_50_30_ac2_ev,1089,15,1.0,0.2,0.3333333333333333,7
distance_only,5,OpenData__Joinable__miller2_both_50_30_ac4_ev,1089,15,1.0,0.06666666666666667,0.125,7
distance_only,5,ChEMBL__Semantically-Joinable__assays_both_50_70_ac5_av,380,16,0.8,0.25,0.38095238095238093,7
distance_only,5,OpenData__Joinable__miller2_both_50_50_ac1_ev,1444,25,1.0,0.32,0.48484848484848486,7
distance_only,5,OpenData__View -Unionable__miller2_both_0_1_ec_av,676,1,1.0,1.0,1.0,7
distance_only,5,ChEMBL__Semantically-Joinable__assays_vertical_1_ac3_av,144,1,0.0,0.0,0.0,7
distance_only,5,OpenData__View -Unionable__miller2_both_0_1_ec_ev,676,1,1.0,1.0,1.0,7
distance_only,5,OpenData__Joinable__miller2_both_50_50_ec_ev,1444,25,1.0,0.92,0.9583333333333334,7
distance_only,5,TPC-DI__Semantically-Joinable__prospect_vertical_70_ac5_av,342,15,1.0,0.06666666666666667,0.125,7
distance_only,5,ChEMBL__Semantically-Joinable__assays_vertical_30_ac1_av,210,6,1.0,0.6666666666666666,0.8,7
distance_only,5,ChEMBL__Semantically-Joinable__assays_vertical_30_ac2_av,210,6,1.0,0.16666666666666666,0.2857142857142857,7
distance_only,5,OpenData__Joinable__miller2_both_50_70_ac4_ev,1849,35,1.0,0.08571428571428572,0.15789473684210525,7
distance_only,5,OpenData__View -Unionable__miller2_both_0_30_ac3_ev,1089,15,1.0,0.06666666666666667,0.125,7
distance_only,5,ChEMBL__Semantically-Joinable__assays_vertical_30_ac4_av,210,6,1.0,0.16666666666666666,0.2857142857142857,7
distance_only,5,OpenData__View -Unionable__miller2_both_0_30_ac4_ev,1089,15,0.5,0.06666666666666667,0.11764705882352941,7
distance_only,5,OpenData__View -Unionable__miller2_both_0_30_ac5_ev,1089,15,0.0,0.0,0.0,7
distance_only,5,ChEMBL__Semantically-Joinable__assays_vertical_70_ec_av,380,16,1.0,0.75,0.8571428571428571,7
distance_only,5,TPC-DI__Unionable__prospect_horizontal_100_ac3_av,484,22,1.0,0.18181818181818182,0.3076923076923077,7
distance_only,5,TPC-DI__Unionable__prospect_horizontal_100_ac3_ev,484,22,1.0,0.18181818181818182,0.3076923076923077,7
distance_only,5,OpenData__Joinable__miller2_vertical_50_ac4_ev,1444,25,1.0,0.2,0.3333333333333333,7
distance_only,5,OpenData__View -Unionable__miller2_both_0_70_ac2_av,1849,35,1.0,0.05714285714285714,0.10810810810810811,7
distance_only,5,ChEMBL__Unionable__assays_horizontal_0_ac4_av,529,23,0.7777777777777778,0.30434782608695654,0.4375,7
distance_only,5,TPC-DI__Unionable__prospect_horizontal_100_ec_ev,484,22,1.0,0.7272727272727273,0.8421052631578947,7
distance_only,5,OpenData__Joinable__miller2_vertical_70_ac3_ev,1849,35,1.0,0.2857142857142857,0.4444444444444444,7
distance_only,5,OpenData__Joinable__miller2_vertical_70_ec_ev,1849,35,1.0,1.0,1.0,7
distance_only,5,TPC-DI__Unionable__prospect_horizontal_50_ac3_av,484,22,1.0,0.18181818181818182,0.3076923076923077,7
distance_only,5,OpenData__Semantically-Joinable__miller2_both_50_1_ac2_av,676,1,0.0,0.0,0.0,7
distance_only,5,ChEMBL__Unionable__assays_horizontal_100_ac3_av,529,23,1.0,0.17391304347826086,0.2962962962962963,7
distance_only,5,TPC-DI__Joinable__prospect_both_50_1_ac5_ev,132,1,0.0,0.0,0.0,7
distance_only,5,TPC-DI__View-Unionable__prospect_both_0_1_ac1_av,132,1,0.0,0.0,0.0,7
distance_only,5,TPC-DI__View-Unionable__prospect_both_0_1_ac2_av,132,1,0.0,0.0,0.0,7
distance_only,5,ChEMBL__Unionable__assays_horizontal_100_ec_av,529,23,1.0,0.8695652173913043,0.9302325581395349,7
distance_only,5,TPC-DI__View-Unionable__prospect_both_0_1_ac4_av,132,1,0.0,0.0,0.0,7
distance_only,5,ChEMBL__Unionable__assays_horizontal_50_ac2_ev,529,23,1.0,0.21739130434782608,0.35714285714285715,7
distance_only,5,TPC-DI__View-Unionable__prospect_both_0_1_ec_av,132,1,1.0,1.0,1.0,7
distance_only,5,ChEMBL__Unionable__assays_horizontal_50_ac4_av,529,23,1.0,0.30434782608695654,0.4666666666666667,7
distance_only,5,OpenData__Semantically-Joinable__miller2_both_50_70_ac2_av,1849,35,1.0,0.02857142857142857,0.05555555555555555,7
distance_only,5,TPC-DI__Joinable__prospect_both_50_50_ac5_ev,272,11,0.0,0.0,0.0,7
topological_only,0,ChEMBL__Unionable__assays_horizontal_50_ac5_av,529,23,1.0,0.08695652173913043,0.16,31
topological_only,0,OpenData__Semantically-Joinable__miller2_both_50_70_ac4_av,1849,35,0.0,0.0,0.0,31
topological_only,0,TPC-DI__Joinable__prospect_both_50_50_ec_ev,272,11,0.0,0.0,0.0,31
topological_only,0,TPC-DI__View-Unionable__prospect_both_0_30_ac1_ev,196,6,0.0,0.0,0.0,31
topological_only,0,ChEMBL__Joinable__assays_both_50_1_ac2_ev,144,1,0.0,0.0,0.0,31
topological_only,0,ChEMBL__Unionable__assays_horizontal_50_ac5_ev,529,23,1.0,0.08695652173913043,0.16,31
topological_only,0,ChEMBL__Joinable__assays_both_50_1_ac3_ev,144,1,0.0,0.0,0.0,31
topological_only,0,TPC-DI__View-Unionable__prospect_both_0_30_ac2_ev,196,6,1.0,0.16666666666666666,0.2857142857142857,31
topological_only,0,OpenData__Semantically-Joinable__miller2_vertical_1_ac4_av,676,1,0.0,0.0,0.0,31
topological_only,0,TPC-DI__Joinable__prospect_both_50_70_ec_ev,342,15,0.0,0.0,0.0,31
topological_only,0,ChEMBL__View-Unionable__assays_both_0_1_ac2_ev,144,1,0.0,0.0,0.0,31
topological_only,0,TPC-DI__Joinable__prospect_vertical_1_ac2_ev,132,1,0.0,0.0,0.0,31
topological_only,0,TPC-DI__View-Unionable__prospect_both_0_30_ec_av,196,6,1.0,0.16666666666666666,0.2857142857142857,31
topological_only,0,OpenData__Semantically-Joinable__miller2_vertical_30_ac2_av,1089,15,1.0,0.06666666666666667,0.125,31
topological_only,0,ChEMBL__Joinable__assays_both_50_30_ec_ev,210,6,0.0,0.0,0.0,31
topological_only,0,TPC-DI__View-Unionable__prospect_both_0_50_ac1_av,272,11,0.0,0.0,0.0,31
topological_only,0,TPC-DI__Joinable__prospect_vertical_1_ec_ev,132,1,0.0,0.0,0.0,31
topological_only,0,TPC-DI__View-Unionable__prospect_both_0_50_ac1_ev,272,11,0.0,0.0,0.0,31
topological_only,0,ChEMBL__View-Unionable__assays_both_0_30_ac1_av,210,6,0.0,0.0,0.0,31
topological_only,0,OpenData__Semantically-Joinable__miller2_vertical_50_ac3_av,1444,25,0.0,0.0,0.0,31
topological_only,0,ChEMBL__View-Unionable__assays_both_0_30_ac2_av,210,6,1.0,0.16666666666666666,0.2857142857142857,31
topological_only,0,OpenData__Semantically-Joinable__miller2_vertical_50_ac4_av,1444,25,0.0,0.0,0.0,31
topological_only,0,OpenData__Semantically-Joinable__miller2_vertical_50_ac5_av,1444,25,0.0,0.0,0.0,31
topological_only,0,TPC-DI__Joinable__prospect_vertical_50_ac1_ev,272,11,1.0,0.18181818181818182,0.3076923076923077,31
topological_only,0,ChEMBL__Joinable__assays_both_50_70_ac3_ev,380,16,1.0,0.125,0.2222222222222222,31
topological_only,0,ChEMBL__Joinable__assays_both_50_70_ac4_ev,380,16,1.0,0.125,0.2222222222222222,31
topological_only,0,OpenData__Semantically-Joinable__miller2_vertical_70_ac2_av,1849,35,0.5,0.02857142857142857,0.05405405405405406,31
topological_only,0,ChEMBL__Joinable__assays_both_50_70_ec_ev,380,16,1.0,0.0625,0.11764705882352941,31
topological_only,0,TPC-DI__Joinable__prospect_vertical_50_ac5_ev,272,11,0.0,0.0,0.0,31
topological_only,0,OpenData__Semantically-Joinable__miller2_vertical_70_ac4_av,1849,35,0.3333333333333333,0.02857142857142857,0.05263157894736842,31
topological_only,0,TPC-DI__Joinable__prospect_vertical_50_ec_ev,272,11,0.0,0.0,0.0,31
topological_only,0,TPC-DI__Joinable__prospect_vertical_70_ac1_ev,342,15,1.0,0.13333333333333333,0.23529411764705882,31
topological_only,0,ChEMBL__View-Unionable__assays_both_0_30_ec_av,210,6,0.0,0.0,0.0,31
topological_only,0,OpenData__Unionable__miller2_horizontal_0_ac1_ev,2601,51,1.0,0.0392156862745098,0.07547169811320754,31
topological_only,0,TPC-DI__Joinable__prospect_vertical_70_ac4_ev,342,15,1.0,0.2,0.3333333333333333,31
topological_only,0,TPC-DI__View-Unionable__prospect_both_0_70_ac3_ev,342,15,1.0,0.26666666666666666,0.42105263157894735,31
topological_only,0,ChEMBL__Joinable__assays_vertical_1_ec_ev,144,1,0.0,0.0,0.0,31
topological_only,0,OpenData__Unionable__miller2_horizontal_0_ac2_av,2601,51,1.0,0.13725490196078433,0.2413793103448276,31
topological_only,0,TPC-DI__View-Unionable__prospect_both_0_70_ac4_ev,342,15,1.0,0.2,0.3333333333333333,31
topological_only,0,ChEMBL__Joinable__assays_vertical_30_ac3_ev,210,6,1.0,0.16666666666666666,0.2857142857142857,31
topological_only,0,ChEMBL__View-Unionable__assays_both_0_50_ac3_av,289,11,1.0,0.09090909090909091,0.16666666666666666,31
topological_only,0,TPC-DI__View-Unionable__prospect_both_0_70_ac5_ev,342,15,1.0,0.06666666666666667,0.125,31
topological_only,0,ChEMBL__View-Unionable__assays_both_0_50_ac3_ev,289,11,1.0,0.09090909090909091,0.16666666666666666,31
topological_only,0,ChEMBL__Joinable__assays_vertical_30_ec_ev,210,6,0.0,0.0,0.0,31
topological_only,0,ChEMBL__View-Unionable__assays_both_0_50_ac4_ev,289,11,1.0,0.18181818181818182,0.3076923076923077,31
topological_only,0,ChEMBL__Joinable__assays_vertical_50_ac2_ev,289,11,1.0,0.09090909090909091,0.16666666666666666,31
topological_only,0,Wikidata__Musicians__Musicians_unionable,400,19,0.5,0.05263157894736842,0.09523809523809523,31
topological_only,0,ChEMBL__Joinable__assays_vertical_50_ac4_ev,289,11,0.6666666666666666,0.18181818181818182,0.2857142857142857,31
topological_only,0,ChEMBL__View-Unionable__assays_both_0_50_ec_ev,289,11,1.0,0.09090909090909091,0.16666666666666666,31
topological_only,0,ChEMBL__View-Unionable__assays_both_0_70_ac1_av,380,16,0.0,0.0,0.0,31
topological_only,0,OpenData__Unionable__miller2_horizontal_100_ac1_ev,2601,51,1.0,0.0392156862745098,0.07547169811320754,31
topological_only,0,ChEMBL__Joinable__assays_vertical_50_ec_ev,289,11,0.0,0.0,0.0,31
topological_only,0,ChEMBL__View-Unionable__assays_both_0_70_ac2_av,380,16,0.0,0.0,0.0,31
topological_only,0,TPC-DI__Semantically-Joinable__prospect_both_50_50_ac1_av,272,11,0.0,0.0,0.0,31
topological_only,0,ChEMBL__Joinable__assays_vertical_70_ac3_ev,380,16,1.0,0.125,0.2222222222222222,31
topological_only,0,OpenData__Unionable__miller2_horizontal_100_ac3_ev,2601,51,0.0,0.0,0.0,31
topological_only,0,ChEMBL__View-Unionable__assays_both_0_70_ac3_ev,380,16,1.0,0.125,0.2222222222222222,31
topological_only,0,OpenData__Unionable__miller2_horizontal_100_ac4_ev,2601,51,1.0,0.0784313725490196,0.14545454545454545,31
topological_only,0,TPC-DI__Semantically-Joinable__prospect_both_50_50_ac4_av,272,11,1.0,0.09090909090909091,0.16666666666666666,31
topological_only,0,ChEMBL__Joinable__assays_vertical_70_ec_ev,380,16,0.0,0.0,0.0,31
topological_only,0,ChEMBL__View-Unionable__assays_both_0_70_ac4_ev,380,16,1.0,0.0625,0.11764705882352941,31
topological_only,0,TPC-DI__Semantically-Joinable__prospect_both_50_50_ac5_av,272,11,0.0,0.0,0.0,31
topological_only,0,ChEMBL__View-Unionable__assays_both_0_70_ac5_av,380,16,0.0,0.0,0.0,31
topological_only,0,OpenData__Unionable__miller2_horizontal_100_ac5_ev,2601,51,1.0,0.0196078431372549,0.038461538461538464,31
topological_only,0,ChEMBL__Semantically-Joinable__assays_both_50_1_ac2_av,144,1,0.0,0.0,0.0,31
topological_only,0,ChEMBL__View-Unionable__assays_both_0_70_ac5_ev,380,16,1.0,0.125,0.2222222222222222,31
topological_only,0,TPC-DI__Semantically-Joinable__prospect_both_50_70_ac1_av,342,15,0.0,0.0,0.0,31
topological_only,0,ChEMBL__View-Unionable__assays_both_0_70_ec_av,380,16,1.0,0.0625,0.11764705882352941,31
topological_only,0,ChEMBL__Semantically-Joinable__assays_both_50_1_ac4_av,144,1,0.0,0.0,0.0,31
topological_only,0,OpenData__Unionable__miller2_horizontal_50_ac1_av,2601,51,1.0,0.0392156862745098,0.07547169811320754,31
topological_only,0,ChEMBL__Semantically-Joinable__assays_both_50_1_ec_av,144,1,0.0,0.0,0.0,31
topological_only,0,TPC-DI__Semantically-Joinable__prospect_both_50_70_ac5_av,342,15,0.0,0.0,0.0,31
topological_only,0,ChEMBL__Semantically-Joinable__assays_both_50_30_ac1_av,210,6,0.0,0.0,0.0,31
topological_only,0,Magellan__dblp_acm,25,5,0.0,0.0,0.0,31
topological_only,0,ChEMBL__Semantically-Joinable__assays_both_50_30_ac2_av,210,6,0.0,0.0,0.0,31
topological_only,0,Magellan__dblp_scholar,25,5,0.0,0.0,0.0,31
topological_only,0,OpenData__Unionable__miller2_horizontal_50_ac3_av,2601,51,0.0,0.0,0.0,31
topological_only,0,TPC-DI__Semantically-Joinable__prospect_vertical_1_ac2_av,132,1,0.0,0.0,0.0,31
topological_only,0,OpenData__Unionable__miller2_horizontal_50_ac4_av,2601,51,1.0,0.19607843137254902,0.32786885245901637,31
topological_only,0,TPC-DI__Semantically-Joinable__prospect_vertical_1_ac4_av,132,1,0.0,0.0,0.0,31
topological_only,0,OpenData__Joinable__miller2_both_50_1_ac1_ev,676,1,0.0,0.0,0.0,31
topological_only,0,OpenData__Joinable__miller2_both_50_1_ac2_ev,676,1,0.0,0.0,0.0,31
topological_only,0,OpenData__Unionable__miller2_horizontal_50_ac5_ev,2601,51,1.0,0.0196078431372549,0.038461538461538464,31
topological_only,0,TPC-DI__Semantically-Joinable__prospect_vertical_1_ec_av,132,1,0.0,0.0,0.0,31
topological_only,0,ChEMBL__Semantically-Joinable__assays_both_50_50_ac2_av,289,11,0.0,0.0,0.0,31
topological_only,0,OpenData__Joinable__miller2_both_50_1_ac3_ev,676,1,0.0,0.0,0.0,31
topological_only,0,OpenData__Unionable__miller2_horizontal_50_ec_ev,2601,51,1.0,0.0392156862745098,0.07547169811320754,31
topological_only,0,ChEMBL__Semantically-Joinable__assays_both_50_50_ac5_av,289,11,1.0,0.09090909090909091,0.16666666666666666,31
topological_only,0,ChEMBL__Semantically-Joinable__assays_both_50_50_ec_av,289,11,1.0,0.09090909090909091,0.16666666666666666,31
topological_only,0,TPC-DI__Semantically-Joinable__prospect_vertical_30_ac5_av,196,6,0.0,0.0,0.0,31
topological_only,0,OpenData__View -Unionable__miller2_both_0_1_ac2_ev,676,1,0.0,0.0,0.0,31
topological_only,0,OpenData__View -Unionable__miller2_both_0_1_ac3_av,676,1,0.0,0.0,0.0,31
topological_only,0,TPC-DI__Semantically-Joinable__prospect_vertical_50_ac1_av,272,11,1.0,0.18181818181818182,0.3076923076923077,31
topological_only,0,TPC-DI__Semantically-Joinable__prospect_vertical_50_ac2_av,272,11,1.0,0.09090909090909091,0.16666666666666666,31
topological_only,0,OpenData__Joinable__miller2_both_50_30_ec_ev,1089,15,0.0,0.0,0.0,31
topological_only,0,TPC-DI__Semantically-Joinable__prospect_vertical_50_ac4_av,272,11,1.0,0.09090909090909091,0.16666666666666666,31
topological_only,0,TPC-DI__Semantically-Joinable__prospect_vertical_50_ec_av,272,11,0.0,0.0,0.0,31
topological_only,0,TPC-DI__Semantically-Joinable__prospect_vertical_70_ac2_av,342,15,0.5,0.06666666666666667,0.11764705882352941,31
topological_only,0,OpenData__Joinable__miller2_both_50_50_ac5_ev,1444,25,0.0,0.0,0.0,31
topological_only,0,ChEMBL__Semantically-Joinable__assays_vertical_1_ac5_av,144,1,0.0,0.0,0.0,31
topological_only,0,OpenData__Joinable__miller2_both_50_70_ac1_ev,1849,35,1.0,0.05714285714285714,0.10810810810810811,31
topological_only,0,OpenData__View -Unionable__miller2_both_0_30_ac3_av,1089,15,0.0,0.0,0.0,31
topological_only,0,TPC-DI__Unionable__prospect_horizontal_0_ac1_av,484,22,1.0,0.045454545454545456,0.08695652173913043,31
topological_only,0,OpenData__Joinable__miller2_both_50_70_ac5_ev,1849,35,0.0,0.0,0.0,31
topological_only,0,OpenData__View -Unionable__miller2_both_0_30_ac4_av,1089,15,0.0,0.0,0.0,31
topological_only,0,ChEMBL__Semantically-Joinable__assays_vertical_30_ac5_av,210,6,1.0,0.16666666666666666,0.2857142857142857,31
topological_only,0,TPC-DI__Unionable__prospect_horizontal_0_ac2_ev,484,22,1.0,0.2727272727272727,0.42857142857142855,31
topological_only,0,ChEMBL__Semantically-Joinable__assays_vertical_30_ec_av,210,6,0.0,0.0,0.0,31
topological_only,0,OpenData__View -Unionable__miller2_both_0_30_ac5_av,1089,15,1.0,0.06666666666666667,0.125,31
topological_only,0,TPC-DI__Unionable__prospect_horizontal_0_ac3_av,484,22,1.0,0.18181818181818182,0.3076923076923077,31
topological_only,0,TPC-DI__Unionable__prospect_horizontal_0_ac4_av,484,22,0.8,0.18181818181818182,0.2962962962962963,31
topological_only,0,OpenData__Joinable__miller2_vertical_1_ac4_ev,676,1,0.0,0.0,0.0,31
topological_only,0,ChEMBL__Semantically-Joinable__assays_vertical_50_ac4_av,289,11,0.0,0.0,0.0,31
topological_only,0,ChEMBL__Semantically-Joinable__assays_vertical_50_ac5_av,289,11,1.0,0.09090909090909091,0.16666666666666666,31
topological_only,0,OpenData__View -Unionable__miller2_both_0_50_ac2_av,1444,25,1.0,0.04,0.07692307692307693,31
topological_only,0,OpenData__Joinable__miller2_vertical_30_ac2_ev,1089,15,0.6666666666666666,0.13333333333333333,0.2222222222222222,31
topological_only,0,OpenData__View -Unionable__miller2_both_0_50_ac2_ev,1444,25,1.0,0.08,0.14814814814814814,31
topological_only,0,TPC-DI__Unionable__prospect_horizontal_0_ec_ev,484,22,0.0,0.0,0.0,31
topological_only,0,ChEMBL__Semantically-Joinable__assays_vertical_70_ac2_av,380,16,1.0,0.125,0.2222222222222222,31
topological_only,0,OpenData__Joinable__miller2_vertical_30_ac3_ev,1089,15,1.0,0.2,0.3333333333333333,31
topological_only,0,OpenData__View -Unionable__miller2_both_0_50_ac3_ev,1444,25,0.0,0.0,0.0,31
topological_only,0,TPC-DI__Unionable__prospect_horizontal_100_ac2_ev,484,22,1.0,0.13636363636363635,0.24,31
topological_only,0,OpenData__Joinable__miller2_vertical_50_ac1_ev,1444,25,1.0,0.04,0.07692307692307693,31
topological_only,0,OpenData__View -Unionable__miller2_both_0_50_ac5_av,1444,25,0.0,0.0,0.0,31
topological_only,0,ChEMBL__Unionable__assays_horizontal_0_ac1_av,529,23,1.0,0.043478260869565216,0.08333333333333333,31
topological_only,0,OpenData__View -Unionable__miller2_both_0_50_ac5_ev,1444,25,0.0,0.0,0.0,31
topological_only,0,OpenData__Joinable__miller2_vertical_50_ac3_ev,1444,25,1.0,0.08,0.14814814814814814,31
topological_only,0,OpenData__View -Unionable__miller2_both_0_50_ec_av,1444,25,0.0,0.0,0.0,31
topological_only,0,ChEMBL__Unionable__assays_horizontal_0_ac2_av,529,23,1.0,0.17391304347826086,0.2962962962962963,31
topological_only,0,ChEMBL__Unionable__assays_horizontal_0_ac2_ev,529,23,1.0,0.21739130434782608,0.35714285714285715,31
topological_only,0,TPC-DI__Unionable__prospect_horizontal_100_ac5_av,484,22,1.0,0.09090909090909091,0.16666666666666666,31
topological_only,0,ChEMBL__Unionable__assays_horizontal_0_ac3_av,529,23,1.0,0.043478260869565216,0.08333333333333333,31
topological_only,0,OpenData__Joinable__miller2_vertical_50_ec_ev,1444,25,0.0,0.0,0.0,31
topological_only,0,OpenData__Joinable__miller2_vertical_70_ac2_ev,1849,35,1.0,0.08571428571428572,0.15789473684210525,31
topological_only,0,ChEMBL__Unionable__assays_horizontal_0_ac4_ev,529,23,0.8571428571428571,0.2608695652173913,0.4,31
topological_only,0,OpenData__Joinable__miller2_vertical_70_ac4_ev,1849,35,0.8333333333333334,0.14285714285714285,0.24390243902439024,31
topological_only,0,OpenData__View -Unionable__miller2_both_0_70_ac3_ev,1849,35,0.0,0.0,0.0,31
topological_only,0,TPC-DI__Unionable__prospect_horizontal_50_ac1_ev,484,22,1.0,0.045454545454545456,0.08695652173913043,31
topological_only,0,OpenData__View -Unionable__miller2_both_0_70_ac4_av,1849,35,1.0,0.11428571428571428,0.20512820512820512,31
topological_only,0,ChEMBL__Unionable__assays_horizontal_0_ec_ev,529,23,1.0,0.08695652173913043,0.16,31
topological_only,0,OpenData__Semantically-Joinable__miller2_both_50_1_ac1_av,676,1,0.0,0.0,0.0,31
topological_only,0,TPC-DI__Unionable__prospect_horizontal_50_ac3_ev,484,22,1.0,0.18181818181818182,0.3076923076923077,31
topological_only,0,OpenData__Semantically-Joinable__miller2_both_50_1_ac4_av,676,1,0.0,0.0,0.0,31
topological_only,0,OpenData__View -Unionable__miller2_both_0_70_ec_ev,1849,35,1.0,0.02857142857142857,0.05555555555555555,31
topological_only,0,TPC-DI__Unionable__prospect_horizontal_50_ac4_ev,484,22,0.875,0.3181818181818182,0.4666666666666667,31
topological_only,0,OpenData__Semantically-Joinable__miller2_both_50_1_ac5_av,676,1,0.0,0.0,0.0,31
topological_only,0,TPC-DI__Unionable__prospect_horizontal_50_ac5_av,484,22,1.0,0.09090909090909091,0.16666666666666666,31
topological_only,0,OpenData__Semantically-Joinable__miller2_both_50_1_ec_av,676,1,0.0,0.0,0.0,31
topological_only,0,TPC-DI__Joinable__prospect_both_50_1_ac2_ev,132,1,0.0,0.0,0.0,31
topological_only,0,ChEMBL__Unionable__assays_horizontal_100_ac4_av,529,23,1.0,0.2608695652173913,0.41379310344827586,31
topological_only,0,TPC-DI__Joinable__prospect_both_50_1_ac4_ev,132,1,0.0,0.0,0.0,31
topological_only,0,TPC-DI__View-Unionable__prospect_both_0_1_ac1_ev,132,1,0.0,0.0,0.0,31
topological_only,0,OpenData__Semantically-Joinable__miller2_both_50_30_ec_av,1089,15,0.0,0.0,0.0,31
topological_only,0,TPC-DI__Joinable__prospect_both_50_30_ac2_ev,196,6,1.0,0.16666666666666666,0.2857142857142857,31
topological_only,0,ChEMBL__Unionable__assays_horizontal_100_ec_ev,529,23,1.0,0.08695652173913043,0.16,31
topological_only,0,OpenData__Semantically-Joinable__miller2_both_50_50_ac1_av,1444,25,0.0,0.0,0.0,31
topological_only,0,TPC-DI__Joinable__prospect_both_50_30_ac3_ev,196,6,1.0,0.16666666666666666,0.2857142857142857,31
topological_only,0,TPC-DI__View-Unionable__prospect_both_0_1_ac3_av,132,1,0.0,0.0,0.0,31
topological_only,0,OpenData__Semantically-Joinable__miller2_both_50_50_ac2_av,1444,25,0.5,0.04,0.07407407407407407,31
topological_only,0,TPC-DI__Joinable__prospect_both_50_30_ac5_ev,196,6,1.0,0.16666666666666666,0.2857142857142857,31
topological_only,0,TPC-DI__Joinable__prospect_both_50_30_ec_ev,196,6,0.0,0.0,0.0,31
topological_only,0,TPC-DI__View-Unionable__prospect_both_0_1_ac4_ev,132,1,0.0,0.0,0.0,31
topological_only,0,TPC-DI__View-Unionable__prospect_both_0_1_ac5_av,132,1,0.0,0.0,0.0,31
topological_only,0,ChEMBL__Unionable__assays_horizontal_50_ac3_av,529,23,1.0,0.08695652173913043,0.16,31
topological_only,0,TPC-DI__View-Unionable__prospect_both_0_1_ec_ev,132,1,0.0,0.0,0.0,31
topological_only,0,TPC-DI__View-Unionable__prospect_both_0_30_ac1_av,196,6,0.0,0.0,0.0,31
topological_only,1,ChEMBL__Joinable__assays_both_50_1_ac1_ev,144,1,0.0,0.0,0.0,31
topological_only,1,OpenData__Semantically-Joinable__miller2_both_50_70_ac4_av,1849,35,0.0,0.0,0.0,31
topological_only,1,TPC-DI__View-Unionable__prospect_both_0_30_ac1_ev,196,6,0.0,0.0,0.0,31
topological_only,1,ChEMBL__Joinable__assays_both_50_1_ac2_ev,144,1,0.0,0.0,0.0,31
topological_only,1,ChEMBL__Unionable__assays_horizontal_50_ac5_ev,529,23,1.0,0.043478260869565216,0.08333333333333333,31
topological_only,1,TPC-DI__View-Unionable__prospect_both_0_30_ac2_av,196,6,0.0,0.0,0.0,31
topological_only,1,ChEMBL__Joinable__assays_both_50_1_ac3_ev,144,1,0.0,0.0,0.0,31
topological_only,1,OpenData__Semantically-Joinable__miller2_both_50_70_ec_av,1849,35,0.0,0.0,0.0,31
topological_only,1,ChEMBL__Joinable__assays_both_50_1_ac5_ev,144,1,0.0,0.0,0.0,31
topological_only,1,TPC-DI__View-Unionable__prospect_both_0_30_ac3_ev,196,6,1.0,0.16666666666666666,0.2857142857142857,31
topological_only,1,OpenData__Semantically-Joinable__miller2_vertical_1_ac3_av,676,1,0.0,0.0,0.0,31
topological_only,1,ChEMBL__View-Unionable__assays_both_0_1_ac2_ev,144,1,0.0,0.0,0.0,31
topological_only,1,TPC-DI__Joinable__prospect_vertical_1_ac3_ev,132,1,0.0,0.0,0.0,31
topological_only,1,TPC-DI__Joinable__prospect_vertical_1_ac4_ev,132,1,0.0,0.0,0.0,31
topological_only,1,ChEMBL__Joinable__assays_both_50_30_ec_ev,210,6,0.0,0.0,0.0,31
topological_only,1,OpenData__Semantically-Joinable__miller2_vertical_30_ac3_av,1089,15,0.0,0.0,0.0,31
topological_only,1,TPC-DI__View-Unionable__prospect_both_0_50_ac1_av,272,11,0.0,0.0,0.0,31
topological_only,1,ChEMBL__Joinable__assays_both_50_50_ac1_ev,289,11,1.0,0.09090909090909091,0.16666666666666666,31
topological_only,1,OpenData__Semantically-Joinable__miller2_vertical_30_ac4_av,1089,15,0.0,0.0,0.0,31
topological_only,1,TPC-DI__Joinable__prospect_vertical_1_ec_ev,132,1,1.0,1.0,1.0,31
topological_only,1,TPC-DI__View-Unionable__prospect_both_0_50_ac1_ev,272,11,0.0,0.0,0.0,31
topological_only,1,ChEMBL__View-Unionable__assays_both_0_1_ac5_ev,144,1,0.0,0.0,0.0,31
topological_only,1,OpenData__Semantically-Joinable__miller2_vertical_30_ac5_av,1089,15,0.0,0.0,0.0,31
topological_only,1,TPC-DI__View-Unionable__prospect_both_0_50_ac2_ev,272,11,0.0,0.0,0.0,31
topological_only,1,ChEMBL__View-Unionable__assays_both_0_30_ac1_av,210,6,0.0,0.0,0.0,31
topological_only,1,ChEMBL__View-Unionable__assays_both_0_30_ac1_ev,210,6,0.0,0.0,0.0,31
topological_only,1,OpenData__Semantically-Joinable__miller2_vertical_50_ac3_av,1444,25,0.0,0.0,0.0,31
topological_only,1,TPC-DI__Joinable__prospect_vertical_30_ec_ev,196,6,1.0,0.16666666666666666,0.2857142857142857,31
topological_only,1,ChEMBL__View-Unionable__assays_both_0_30_ac2_ev,210,6,1.0,0.16666666666666666,0.2857142857142857,31
topological_only,1,TPC-DI__Joinable__prospect_vertical_50_ac1_ev,272,11,0.0,0.0,0.0,31
topological_only,1,OpenData__Semantically-Joinable__miller2_vertical_70_ac1_av,1849,35,0.0,0.0,0.0,31
topological_only,1,TPC-DI__View-Unionable__prospect_both_0_50_ec_av,272,11,0.0,0.0,0.0,31
topological_only,1,ChEMBL__Joinable__assays_both_50_70_ec_ev,380,16,1.0,0.0625,0.11764705882352941,31
topological_only,1,TPC-DI__Joinable__prospect_vertical_50_ac5_ev,272,11,0.0,0.0,0.0,31
topological_only,1,ChEMBL__Joinable__assays_vertical_1_ac1_ev,144,1,0.0,0.0,0.0,31
topological_only,1,ChEMBL__Joinable__assays_vertical_1_ac2_ev,144,1,0.0,0.0,0.0,31
topological_only,1,TPC-DI__View-Unionable__prospect_both_0_70_ac2_av,342,15,0.0,0.0,0.0,31
topological_only,1,ChEMBL__View-Unionable__assays_both_0_30_ec_av,210,6,0.0,0.0,0.0,31
topological_only,1,OpenData__Semantically-Joinable__miller2_vertical_70_ec_av,1849,35,0.0,0.0,0.0,31
topological_only,1,TPC-DI__View-Unionable__prospect_both_0_70_ac2_ev,342,15,0.6666666666666666,0.13333333333333333,0.2222222222222222,31
topological_only,1,ChEMBL__View-Unionable__assays_both_0_30_ec_ev,210,6,1.0,0.16666666666666666,0.2857142857142857,31
topological_only,1,OpenData__Unionable__miller2_horizontal_0_ac1_ev,2601,51,1.0,0.0196078431372549,0.038461538461538464,31
topological_only,1,TPC-DI__Joinable__prospect_vertical_70_ac5_ev,342,15,1.0,0.13333333333333333,0.23529411764705882,31
topological_only,1,OpenData__Unionable__miller2_horizontal_0_ac2_ev,2601,51,1.0,0.11764705882352941,0.21052631578947367,31
topological_only,1,TPC-DI__Joinable__prospect_vertical_70_ec_ev,342,15,1.0,0.4,0.5714285714285714,31
topological_only,1,TPC-DI__View-Unionable__prospect_both_0_70_ac5_av,342,15,1.0,0.06666666666666667,0.125,31
topological_only,1,ChEMBL__Joinable__assays_vertical_30_ac3_ev,210,6,0.0,0.0,0.0,31
topological_only,1,TPC-DI__View-Unionable__prospect_both_0_70_ac5_ev,342,15,1.0,0.06666666666666667,0.125,31
topological_only,1,OpenData__Unionable__miller2_horizontal_0_ac4_av,2601,51,1.0,0.09803921568627451,0.17857142857142858,31
topological_only,1,TPC-DI__Semantically-Joinable__prospect_both_50_1_ac3_av,132,1,0.0,0.0,0.0,31
topological_only,1,ChEMBL__Joinable__assays_vertical_30_ac5_ev,210,6,0.0,0.0,0.0,31
topological_only,1,OpenData__Unionable__miller2_horizontal_0_ac4_ev,2601,51,1.0,0.0784313725490196,0.14545454545454545,31
topological_only,1,ChEMBL__Joinable__assays_vertical_30_ec_ev,210,6,1.0,0.16666666666666666,0.2857142857142857,31
topological_only,1,ChEMBL__Joinable__assays_vertical_50_ac1_ev,289,11,1.0,0.09090909090909091,0.16666666666666666,31
topological_only,1,Wikidata__Musicians__Musicians_semjoinable,196,8,0.0,0.0,0.0,31
topological_only,1,ChEMBL__View-Unionable__assays_both_0_50_ac5_ev,289,11,0.0,0.0,0.0,31
topological_only,1,OpenData__Unionable__miller2_horizontal_0_ec_av,2601,51,1.0,0.0392156862745098,0.07547169811320754,31
topological_only,1,ChEMBL__View-Unionable__assays_both_0_50_ec_av,289,11,1.0,0.09090909090909091,0.16666666666666666,31
topological_only,1,TPC-DI__Semantically-Joinable__prospect_both_50_30_ac3_av,196,6,0.0,0.0,0.0,31
topological_only,1,TPC-DI__Semantically-Joinable__prospect_both_50_30_ac4_av,196,6,0.0,0.0,0.0,31
topological_only,1,OpenData__Unionable__miller2_horizontal_100_ac2_ev,2601,51,1.0,0.13725490196078433,0.2413793103448276,31
topological_only,1,TPC-DI__Semantically-Joinable__prospect_both_50_30_ec_av,196,6,0.0,0.0,0.0,31
topological_only,1,ChEMBL__Joinable__assays_vertical_70_ac3_ev,380,16,0.0,0.0,0.0,31
topological_only,1,ChEMBL__View-Unionable__assays_both_0_70_ac3_av,380,16,1.0,0.0625,0.11764705882352941,31
topological_only,1,ChEMBL__Joinable__assays_vertical_70_ac4_ev,380,16,1.0,0.0625,0.11764705882352941,31
topological_only,1,OpenData__Unionable__miller2_horizontal_100_ac4_av,2601,51,1.0,0.09803921568627451,0.17857142857142858,31
topological_only,1,ChEMBL__View-Unionable__assays_both_0_70_ac4_ev,380,16,1.0,0.0625,0.11764705882352941,31
topological_only,1,OpenData__Unionable__miller2_horizontal_100_ac5_av,2601,51,1.0,0.0196078431372549,0.038461538461538464,31
topological_only,1,ChEMBL__View-Unionable__assays_both_0_70_ac5_av,380,16,0.0,0.0,0.0,31
topological_only,1,OpenData__Unionable__miller2_horizontal_100_ac5_ev,2601,51,1.0,0.0196078431372549,0.038461538461538464,31
topological_only,1,TPC-DI__Semantically-Joinable__prospect_both_50_50_ec_av,272,11,0.0,0.0,0.0,31
topological_only,1,ChEMBL__View-Unionable__assays_both_0_70_ac5_ev,380,16,1.0,0.0625,0.11764705882352941,31
topological_only,1,ChEMBL__View-Unionable__assays_both_0_70_ec_av,380,16,1.0,0.0625,0.11764705882352941,31
topological_only,1,OpenData__Unionable__miller2_horizontal_100_ec_ev,2601,51,1.0,0.0392156862745098,0.07547169811320754,31
topological_only,1,ChEMBL__Semantically-Joinable__assays_both_50_1_ac4_av,144,1,0.0,0.0,0.0,31
topological_only,1,TPC-DI__Semantically-Joinable__prospect_both_50_70_ac4_av,342,15,0.0,0.0,0.0,31
topological_only,1,ChEMBL__Semantically-Joinable__assays_both_50_30_ac1_av,210,6,1.0,0.16666666666666666,0.2857142857142857,31
topological_only,1,Magellan__dblp_acm,25,5,0.0,0.0,0.0,31
topological_only,1,OpenData__Unionable__miller2_horizontal_50_ac2_ev,2601,51,1.0,0.09803921568627451,0.17857142857142858,31
topological_only,1,Magellan__fodors_zagats,49,7,0.0,0.0,0.0,31
topological_only,1,TPC-DI__Semantically-Joinable__prospect_vertical_1_ac3_av,132,1,0.0,0.0,0.0,31
topological_only,1,ChEMBL__Semantically-Joinable__assays_both_50_50_ac3_av,289,11,1.0,0.09090909090909091,0.16666666666666666,31
topological_only,1,TPC-DI__Semantically-Joinable__prospect_vertical_30_ac2_av,196,6,1.0,0.16666666666666666,0.2857142857142857,31
topological_only,1,OpenData__Joinable__miller2_both_50_1_ec_ev,676,1,0.0,0.0,0.0,31
topological_only,1,OpenData__View -Unionable__miller2_both_0_1_ac1_ev,676,1,0.0,0.0,0.0,31
topological_only,1,TPC-DI__Semantically-Joinable__prospect_vertical_30_ac4_av,196,6,1.0,0.16666666666666666,0.2857142857142857,31
topological_only,1,OpenData__Joinable__miller2_both_50_30_ac1_ev,1089,15,0.0,0.0,0.0,31
topological_only,1,TPC-DI__Semantically-Joinable__prospect_vertical_30_ac5_av,196,6,1.0,0.16666666666666666,0.2857142857142857,31
topological_only,1,ChEMBL__Semantically-Joinable__assays_both_50_70_ac1_av,380,16,0.0,0.0,0.0,31
topological_only,1,ChEMBL__Semantically-Joinable__assays_both_50_70_ac2_av,380,16,0.6666666666666666,0.125,0.21052631578947367,31
topological_only,1,TPC-DI__Semantically-Joinable__prospect_vertical_50_ac1_av,272,11,0.0,0.0,0.0,31
topological_only,1,OpenData__View -Unionable__miller2_both_0_1_ac3_ev,676,1,0.0,0.0,0.0,31
topological_only,1,ChEMBL__Semantically-Joinable__assays_both_50_70_ac4_av,380,16,0.0,0.0,0.0,31
topological_only,1,OpenData__View -Unionable__miller2_both_0_1_ac4_av,676,1,0.0,0.0,0.0,31
topological_only,1,TPC-DI__Semantically-Joinable__prospect_vertical_50_ac3_av,272,11,1.0,0.09090909090909091,0.16666666666666666,31
topological_only,1,OpenData__Joinable__miller2_both_50_30_ec_ev,1089,15,0.0,0.0,0.0,31
topological_only,1,OpenData__View -Unionable__miller2_both_0_1_ac4_ev,676,1,0.0,0.0,0.0,31
topological_only,1,ChEMBL__Semantically-Joinable__assays_both_50_70_ec_av,380,16,1.0,0.0625,0.11764705882352941,31
topological_only,1,ChEMBL__Semantically-Joinable__assays_vertical_1_ac1_av,144,1,0.0,0.0,0.0,31
topological_only,1,OpenData__View -Unionable__miller2_both_0_1_ac5_ev,676,1,0.0,0.0,0.0,31
topological_only,1,OpenData__Joinable__miller2_both_50_50_ac3_ev,1444,25,0.0,0.0,0.0,31
topological_only,1,TPC-DI__Semantically-Joinable__prospect_vertical_70_ac1_av,342,15,0.0,0.0,0.0,31
topological_only,1,OpenData__Joinable__miller2_both_50_50_ac5_ev,1444,25,0.0,0.0,0.0,31
topological_only,1,OpenData__View -Unionable__miller2_both_0_30_ac1_ev,1089,15,0.0,0.0,0.0,31
topological_only,1,OpenData__View -Unionable__miller2_both_0_30_ac2_av,1089,15,0.0,0.0,0.0,31
topological_only,1,OpenData__Joinable__miller2_both_50_70_ac2_ev,1849,35,0.6666666666666666,0.05714285714285714,0.10526315789473684,31
topological_only,1,TPC-DI__Semantically-Joinable__prospect_vertical_70_ec_av,342,15,0.0,0.0,0.0,31
topological_only,1,OpenData__Joinable__miller2_both_50_70_ac3_ev,1849,35,0.0,0.0,0.0,31
topological_only,1,OpenData__View -Unionable__miller2_both_0_30_ac3_av,1089,15,0.0,0.0,0.0,31
topological_only,1,TPC-DI__Unionable__prospect_horizontal_0_ac1_av,484,22,0.0,0.0,0.0,31
topological_only,1,OpenData__Joinable__miller2_both_50_70_ac5_ev,1849,35,1.0,0.02857142857142857,0.05555555555555555,31
topological_only,1,TPC-DI__Unionable__prospect_horizontal_0_ac2_av,484,22,1.0,0.045454545454545456,0.08695652173913043,31
topological_only,1,ChEMBL__Semantically-Joinable__assays_vertical_30_ac5_av,210,6,0.0,0.0,0.0,31
topological_only,1,OpenData__Joinable__miller2_both_50_70_ec_ev,1849,35,1.0,0.05714285714285714,0.10810810810810811,31
topological_only,1,ChEMBL__Semantically-Joinable__assays_vertical_50_ac1_av,289,11,0.0,0.0,0.0,31
topological_only,1,TPC-DI__Unionable__prospect_horizontal_0_ac3_ev,484,22,1.0,0.13636363636363635,0.24,31
topological_only,1,ChEMBL__Semantically-Joinable__assays_vertical_50_ac2_av,289,11,1.0,0.18181818181818182,0.3076923076923077,31
topological_only,1,OpenData__View -Unionable__miller2_both_0_30_ec_av,1089,15,0.0,0.0,0.0,31
topological_only,1,TPC-DI__Unionable__prospect_horizontal_0_ac4_av,484,22,1.0,0.09090909090909091,0.16666666666666666,31
topological_only,1,OpenData__View -Unionable__miller2_both_0_30_ec_ev,1089,15,0.0,0.0,0.0,31
topological_only,1,TPC-DI__Unionable__prospect_horizontal_0_ac4_ev,484,22,1.0,0.045454545454545456,0.08695652173913043,31
topological_only,1,OpenData__Joinable__miller2_vertical_1_ac5_ev,676,1,0.0,0.0,0.0,31
topological_only,1,TPC-DI__Unionable__prospect_horizontal_0_ac5_ev,484,22,1.0,0.09090909090909091,0.16666666666666666,31
topological_only,1,ChEMBL__Semantically-Joinable__assays_vertical_50_ec_av,289,11,1.0,0.09090909090909091,0.16666666666666666,31
topological_only,1,OpenData__View -Unionable__miller2_both_0_50_ac2_av,1444,25,1.0,0.04,0.07692307692307693,31
topological_only,1,ChEMBL__Semantically-Joinable__assays_vertical_70_ac1_av,380,16,0.0,0.0,0.0,31
topological_only,1,ChEMBL__Semantically-Joinable__assays_vertical_70_ac2_av,380,16,1.0,0.125,0.2222222222222222,31
topological_only,1,OpenData__Joinable__miller2_vertical_30_ac3_ev,1089,15,1.0,0.2,0.3333333333333333,31
topological_only,1,OpenData__Joinable__miller2_vertical_30_ac4_ev,1089,15,1.0,0.06666666666666667,0.125,31
topological_only,1,TPC-DI__Unionable__prospect_horizontal_100_ac2_av,484,22,1.0,0.045454545454545456,0.08695652173913043,31
topological_only,1,ChEMBL__Semantically-Joinable__assays_vertical_70_ac5_av,380,16,0.0,0.0,0.0,31
topological_only,1,TPC-DI__Unionable__prospect_horizontal_100_ac2_ev,484,22,0.0,0.0,0.0,31
topological_only,1,OpenData__Joinable__miller2_vertical_50_ac1_ev,1444,25,0.0,0.0,0.0,31
topological_only,1,OpenData__View -Unionable__miller2_both_0_50_ac5_ev,1444,25,1.0,0.04,0.07692307692307693,31
topological_only,1,TPC-DI__Unionable__prospect_horizontal_100_ac4_ev,484,22,1.0,0.09090909090909091,0.16666666666666666,31
topological_only,1,ChEMBL__Unionable__assays_horizontal_0_ac3_av,529,23,1.0,0.043478260869565216,0.08333333333333333,31
topological_only,1,ChEMBL__Unionable__assays_horizontal_0_ac3_ev,529,23,1.0,0.043478260869565216,0.08333333333333333,31
topological_only,1,OpenData__Joinable__miller2_vertical_70_ac4_ev,1849,35,1.0,0.05714285714285714,0.10810810810810811,31
topological_only,1,OpenData__View -Unionable__miller2_both_0_70_ac4_av,1849,35,1.0,0.05714285714285714,0.10810810810810811,31
topological_only,1,TPC-DI__Unionable__prospect_horizontal_50_ac2_ev,484,22,1.0,0.045454545454545456,0.08695652173913043,31
topological_only,1,OpenData__View -Unionable__miller2_both_0_70_ac5_ev,1849,35,1.0,0.02857142857142857,0.05555555555555555,31
topological_only,1,OpenData__View -Unionable__miller2_both_0_70_ec_av,1849,35,0.0,0.0,0.0,31
topological_only,1,TPC-DI__Unionable__prospect_horizontal_50_ac4_av,484,22,0.0,0.0,0.0,31
topological_only,1,ChEMBL__Unionable__assays_horizontal_100_ac2_av,529,23,1.0,0.30434782608695654,0.4666666666666667,31
topological_only,1,OpenData__Semantically-Joinable__miller2_both_50_1_ac5_av,676,1,0.0,0.0,0.0,31
topological_only,1,TPC-DI__Joinable__prospect_both_50_1_ac3_ev,132,1,0.0,0.0,0.0,31
topological_only,1,ChEMBL__Unionable__assays_horizontal_100_ac4_av,529,23,1.0,0.13043478260869565,0.23076923076923078,31
topological_only,1,ChEMBL__Unionable__assays_horizontal_100_ac4_ev,529,23,1.0,0.13043478260869565,0.23076923076923078,31
topological_only,1,OpenData__Semantically-Joinable__miller2_both_50_30_ac3_av,1089,15,0.0,0.0,0.0,31
topological_only,1,ChEMBL__Unionable__assays_horizontal_100_ac5_av,529,23,1.0,0.043478260869565216,0.08333333333333333,31
topological_only,1,TPC-DI__Joinable__prospect_both_50_1_ec_ev,132,1,0.0,0.0,0.0,31
topological_only,1,ChEMBL__Unionable__assays_horizontal_100_ac5_ev,529,23,1.0,0.043478260869565216,0.08333333333333333,31
topological_only,1,OpenData__Semantically-Joinable__miller2_both_50_30_ac5_av,1089,15,0.0,0.0,0.0,31
topological_only,1,TPC-DI__Joinable__prospect_both_50_30_ac2_ev,196,6,0.0,0.0,0.0,31
topological_only,1,TPC-DI__View-Unionable__prospect_both_0_1_ac2_ev,132,1,0.0,0.0,0.0,31
topological_only,1,ChEMBL__Unionable__assays_horizontal_100_ec_ev,529,23,1.0,0.08695652173913043,0.16,31
topological_only,1,TPC-DI__View-Unionable__prospect_both_0_1_ac3_av,132,1,0.0,0.0,0.0,31
topological_only,1,TPC-DI__Joinable__prospect_both_50_30_ac4_ev,196,6,1.0,0.16666666666666666,0.2857142857142857,31
topological_only,1,ChEMBL__Unionable__assays_horizontal_50_ac2_av,529,23,1.0,0.21739130434782608,0.35714285714285715,31
topological_only,1,TPC-DI__Joinable__prospect_both_50_50_ac1_ev,272,11,0.0,0.0,0.0,31
topological_only,1,TPC-DI__View-Unionable__prospect_both_0_1_ac5_av,132,1,0.0,0.0,0.0,31
topological_only,1,OpenData__Semantically-Joinable__miller2_both_50_50_ec_av,1444,25,0.0,0.0,0.0,31
topological_only,1,OpenData__Semantically-Joinable__miller2_both_50_70_ac1_av,1849,35,0.0,0.0,0.0,31
topological_only,1,TPC-DI__Joinable__prospect_both_50_50_ac3_ev,272,11,1.0,0.18181818181818182,0.3076923076923077,31
topological_only,1,ChEMBL__Unionable__assays_horizontal_50_ac4_ev,529,23,0.75,0.13043478260869565,0.2222222222222222,31
topological_only,1,OpenData__Semantically-Joinable__miller2_both_50_70_ac3_av,1849,35,0.0,0.0,0.0,31
topological_only,2,OpenData__Semantically-Joinable__miller2_both_50_70_ac4_av,1849,35,0.0,0.0,0.0,31
topological_only,2,ChEMBL__Joinable__assays_both_50_1_ac2_ev,144,1,0.0,0.0,0.0,31
topological_only,2,TPC-DI__Joinable__prospect_both_50_70_ac1_ev,342,15,0.0,0.0,0.0,31
topological_only,2,TPC-DI__View-Unionable__prospect_both_0_30_ac2_av,196,6,0.0,0.0,0.0,31
topological_only,2,ChEMBL__Joinable__assays_both_50_1_ac4_ev,144,1,0.0,0.0,0.0,31
topological_only,2,ChEMBL__View-Unionable__assays_both_0_1_ac1_av,144,1,0.0,0.0,0.0,31
topological_only,2,OpenData__Semantically-Joinable__miller2_vertical_1_ac2_av,676,1,0.0,0.0,0.0,31
topological_only,2,TPC-DI__View-Unionable__prospect_both_0_30_ac3_ev,196,6,0.0,0.0,0.0,31
topological_only,2,ChEMBL__Joinable__assays_both_50_30_ac2_ev,210,6,1.0,0.3333333333333333,0.5,31
topological_only,2,ChEMBL__View-Unionable__assays_both_0_1_ac3_av,144,1,0.0,0.0,0.0,31
topological_only,2,TPC-DI__Joinable__prospect_vertical_1_ac2_ev,132,1,0.0,0.0,0.0,31
topological_only,2,OpenData__Semantically-Joinable__miller2_vertical_30_ac1_av,1089,15,0.0,0.0,0.0,31
topological_only,2,TPC-DI__Joinable__prospect_vertical_1_ac3_ev,132,1,0.0,0.0,0.0,31
topological_only,2,ChEMBL__View-Unionable__assays_both_0_1_ac4_av,144,1,0.0,0.0,0.0,31
topological_only,2,ChEMBL__View-Unionable__assays_both_0_1_ac4_ev,144,1,0.0,0.0,0.0,31
topological_only,2,ChEMBL__Joinable__assays_both_50_50_ac3_ev,289,11,1.0,0.09090909090909091,0.16666666666666666,31
topological_only,2,ChEMBL__View-Unionable__assays_both_0_1_ec_av,144,1,0.0,0.0,0.0,31
topological_only,2,OpenData__Semantically-Joinable__miller2_vertical_50_ac1_av,1444,25,1.0,0.04,0.07692307692307693,31
topological_only,2,TPC-DI__Joinable__prospect_vertical_30_ac3_ev,196,6,0.0,0.0,0.0,31
topological_only,2,TPC-DI__Joinable__prospect_vertical_30_ac4_ev,196,6,1.0,0.3333333333333333,0.5,31
topological_only,2,TPC-DI__View-Unionable__prospect_both_0_50_ac3_ev,272,11,1.0,0.18181818181818182,0.3076923076923077,31
topological_only,2,OpenData__Semantically-Joinable__miller2_vertical_50_ac4_av,1444,25,0.0,0.0,0.0,31
topological_only,2,TPC-DI__Joinable__prospect_vertical_30_ec_ev,196,6,1.0,0.3333333333333333,0.5,31
topological_only,2,OpenData__Semantically-Joinable__miller2_vertical_50_ac5_av,1444,25,1.0,0.04,0.07692307692307693,31
topological_only,2,ChEMBL__Joinable__assays_both_50_70_ac4_ev,380,16,0.6666666666666666,0.125,0.21052631578947367,31
topological_only,2,TPC-DI__View-Unionable__prospect_both_0_50_ec_av,272,11,1.0,0.09090909090909091,0.16666666666666666,31
topological_only,2,ChEMBL__Joinable__assays_both_50_70_ac5_ev,380,16,1.0,0.0625,0.11764705882352941,31
topological_only,2,OpenData__Semantically-Joinable__miller2_vertical_70_ac2_av,1849,35,0.75,0.08571428571428572,0.15384615384615385,31
topological_only,2,TPC-DI__View-Unionable__prospect_both_0_50_ec_ev,272,11,0.0,0.0,0.0,31
topological_only,2,ChEMBL__Joinable__assays_both_50_70_ec_ev,380,16,1.0,0.1875,0.3157894736842105,31
topological_only,2,OpenData__Semantically-Joinable__miller2_vertical_70_ac4_av,1849,35,0.3333333333333333,0.02857142857142857,0.05263157894736842,31
topological_only,2,ChEMBL__Joinable__assays_vertical_1_ac2_ev,144,1,0.0,0.0,0.0,31
topological_only,2,OpenData__Semantically-Joinable__miller2_vertical_70_ac5_av,1849,35,1.0,0.05714285714285714,0.10810810810810811,31
topological_only,2,ChEMBL__View-Unionable__assays_both_0_30_ec_av,210,6,0.0,0.0,0.0,31
topological_only,2,TPC-DI__View-Unionable__prospect_both_0_70_ac2_ev,342,15,1.0,0.26666666666666666,0.42105263157894735,31
topological_only,2,ChEMBL__View-Unionable__assays_both_0_30_ec_ev,210,6,1.0,0.3333333333333333,0.5,31
topological_only,2,OpenData__Unionable__miller2_horizontal_0_ac1_av,2601,51,0.0,0.0,0.0,31
topological_only,2,ChEMBL__View-Unionable__assays_both_0_50_ac1_av,289,11,0.0,0.0,0.0,31
topological_only,2,TPC-DI__Joinable__prospect_vertical_70_ac4_ev,342,15,1.0,0.2,0.3333333333333333,31
topological_only,2,TPC-DI__View-Unionable__prospect_both_0_70_ac3_ev,342,15,1.0,0.13333333333333333,0.23529411764705882,31
topological_only,2,ChEMBL__Joinable__assays_vertical_1_ec_ev,144,1,0.0,0.0,0.0,31
topological_only,2,ChEMBL__View-Unionable__assays_both_0_50_ac1_ev,289,11,0.0,0.0,0.0,31
topological_only,2,TPC-DI__View-Unionable__prospect_both_0_70_ac4_av,342,15,1.0,0.06666666666666667,0.125,31
topological_only,2,ChEMBL__View-Unionable__assays_both_0_50_ac2_av,289,11,1.0,0.18181818181818182,0.3076923076923077,31
topological_only,2,OpenData__Unionable__miller2_horizontal_0_ac2_ev,2601,51,1.0,0.19607843137254902,0.32786885245901637,31
topological_only,2,TPC-DI__Joinable__prospect_vertical_70_ec_ev,342,15,1.0,0.4,0.5714285714285714,31
topological_only,2,TPC-DI__View-Unionable__prospect_both_0_70_ac4_ev,342,15,1.0,0.06666666666666667,0.125,31
topological_only,2,TPC-DI__Semantically-Joinable__prospect_both_50_1_ac2_av,132,1,0.0,0.0,0.0,31
topological_only,2,OpenData__Unionable__miller2_horizontal_0_ac4_av,2601,51,1.0,0.0392156862745098,0.07547169811320754,31
topological_only,2,ChEMBL__Joinable__assays_vertical_30_ec_ev,210,6,1.0,0.3333333333333333,0.5,31
topological_only,2,ChEMBL__View-Unionable__assays_both_0_50_ac4_ev,289,11,1.0,0.2727272727272727,0.42857142857142855,31
topological_only,2,ChEMBL__Joinable__assays_vertical_50_ac1_ev,289,11,1.0,0.18181818181818182,0.3076923076923077,31
topological_only,2,Wikidata__Musicians__Musicians_semjoinable,196,8,0.0,0.0,0.0,31
topological_only,2,ChEMBL__View-Unionable__assays_both_0_50_ac5_ev,289,11,0.0,0.0,0.0,31
topological_only,2,ChEMBL__Joinable__assays_vertical_50_ac3_ev,289,11,1.0,0.18181818181818182,0.3076923076923077,31
topological_only,2,OpenData__Unionable__miller2_horizontal_0_ec_ev,2601,51,1.0,0.0196078431372549,0.038461538461538464,31
topological_only,2,TPC-DI__Semantically-Joinable__prospect_both_50_30_ac2_av,196,6,0.0,0.0,0.0,31
topological_only,2,ChEMBL__Joinable__assays_vertical_50_ac4_ev,289,11,0.75,0.2727272727272727,0.4,31
topological_only,2,ChEMBL__View-Unionable__assays_both_0_50_ec_ev,289,11,1.0,0.18181818181818182,0.3076923076923077,31
topological_only,2,TPC-DI__Semantically-Joinable__prospect_both_50_30_ac3_av,196,6,1.0,0.3333333333333333,0.5,31
topological_only,2,ChEMBL__View-Unionable__assays_both_0_70_ac1_av,380,16,1.0,0.0625,0.11764705882352941,31
topological_only,2,OpenData__Unionable__miller2_horizontal_100_ac2_av,2601,51,1.0,0.1568627450980392,0.2711864406779661,31
topological_only,2,ChEMBL__Joinable__assays_vertical_70_ac3_ev,380,16,1.0,0.1875,0.3157894736842105,31
topological_only,2,OpenData__Unionable__miller2_horizontal_100_ac3_ev,2601,51,0.0,0.0,0.0,31
topological_only,2,TPC-DI__Semantically-Joinable__prospect_both_50_50_ac2_av,272,11,1.0,0.18181818181818182,0.3076923076923077,31
topological_only,2,OpenData__Unionable__miller2_horizontal_100_ac4_av,2601,51,1.0,0.0784313725490196,0.14545454545454545,31
topological_only,2,OpenData__Unionable__miller2_horizontal_100_ac4_ev,2601,51,0.5,0.0196078431372549,0.03773584905660377,31
topological_only,2,ChEMBL__Semantically-Joinable__assays_both_50_1_ac1_av,144,1,0.0,0.0,0.0,31
topological_only,2,TPC-DI__Semantically-Joinable__prospect_both_50_50_ec_av,272,11,0.0,0.0,0.0,31
topological_only,2,TPC-DI__Semantically-Joinable__prospect_both_50_70_ac2_av,342,15,0.6666666666666666,0.13333333333333333,0.2222222222222222,31
topological_only,2,TPC-DI__Semantically-Joinable__prospect_both_50_70_ac3_av,342,15,1.0,0.06666666666666667,0.125,31
topological_only,2,Magellan__amazon_google_exp,16,4,0.0,0.0,0.0,31
topological_only,2,TPC-DI__Semantically-Joinable__prospect_both_50_70_ac5_av,342,15,1.0,0.06666666666666667,0.125,31
topological_only,2,Magellan__dblp_acm,25,5,1.0,0.2,0.3333333333333333,31
topological_only,2,TPC-DI__Semantically-Joinable__prospect_vertical_1_ac1_av,132,1,0.0,0.0,0.0,31
topological_only,2,OpenData__Unionable__miller2_horizontal_50_ac4_av,2601,51,1.0,0.0784313725490196,0.14545454545454545,31
topological_only,2,TPC-DI__Semantically-Joinable__prospect_vertical_1_ac3_av,132,1,0.0,0.0,0.0,31
topological_only,2,ChEMBL__Semantically-Joinable__assays_both_50_30_ac5_av,210,6,1.0,0.16666666666666666,0.2857142857142857,31
topological_only,2,OpenData__Unionable__miller2_horizontal_50_ac5_av,2601,51,0.0,0.0,0.0,31
topological_only,2,OpenData__Joinable__miller2_both_50_1_ac2_ev,676,1,0.0,0.0,0.0,31
topological_only,2,ChEMBL__Semantically-Joinable__assays_both_50_50_ac2_av,289,11,0.0,0.0,0.0,31
topological_only,2,OpenData__Unionable__miller2_horizontal_50_ec_av,2601,51,1.0,0.0196078431372549,0.038461538461538464,31
topological_only,2,ChEMBL__Semantically-Joinable__assays_both_50_50_ac4_av,289,11,1.0,0.09090909090909091,0.16666666666666666,31
topological_only,2,OpenData__View -Unionable__miller2_both_0_1_ac1_ev,676,1,0.0,0.0,0.0,31
topological_only,2,ChEMBL__Semantically-Joinable__assays_both_50_50_ec_av,289,11,1.0,0.09090909090909091,0.16666666666666666,31
topological_only,2,OpenData__Joinable__miller2_both_50_30_ac1_ev,1089,15,0.0,0.0,0.0,31
topological_only,2,OpenData__View -Unionable__miller2_both_0_1_ac2_ev,676,1,0.0,0.0,0.0,31
topological_only,2,OpenData__View -Unionable__miller2_both_0_1_ac3_av,676,1,0.0,0.0,0.0,31
topological_only,2,TPC-DI__Semantically-Joinable__prospect_vertical_50_ac2_av,272,11,1.0,0.09090909090909091,0.16666666666666666,31
topological_only,2,ChEMBL__Semantically-Joinable__assays_both_50_70_ac4_av,380,16,0.0,0.0,0.0,31
topological_only,2,OpenData__View -Unionable__miller2_both_0_1_ac4_av,676,1,0.0,0.0,0.0,31
topological_only,2,TPC-DI__Semantically-Joinable__prospect_vertical_50_ac3_av,272,11,0.0,0.0,0.0,31
topological_only,2,OpenData__Joinable__miller2_both_50_30_ec_ev,1089,15,0.0,0.0,0.0,31
topological_only,2,TPC-DI__Semantically-Joinable__prospect_vertical_50_ac4_av,272,11,1.0,0.09090909090909091,0.16666666666666666,31
topological_only,2,OpenData__View -Unionable__miller2_both_0_1_ac5_av,676,1,0.0,0.0,0.0,31
topological_only,2,ChEMBL__Semantically-Joinable__assays_vertical_1_ac2_av,144,1,0.0,0.0,0.0,31
topological_only,2,OpenData__Joinable__miller2_both_50_50_ac4_ev,1444,25,0.6666666666666666,0.08,0.14285714285714285,31
topological_only,2,TPC-DI__Semantically-Joinable__prospect_vertical_70_ac3_av,342,15,0.0,0.0,0.0,31
topological_only,2,ChEMBL__Semantically-Joinable__assays_vertical_1_ac5_av,144,1,0.0,0.0,0.0,31
topological_only,2,OpenData__View -Unionable__miller2_both_0_30_ac1_ev,1089,15,0.0,0.0,0.0,31
topological_only,2,OpenData__Joinable__miller2_both_50_70_ac2_ev,1849,35,1.0,0.17142857142857143,0.2926829268292683,31
topological_only,2,OpenData__View -Unionable__miller2_both_0_30_ac2_ev,1089,15,1.0,0.06666666666666667,0.125,31
topological_only,2,ChEMBL__Semantically-Joinable__assays_vertical_30_ac3_av,210,6,0.0,0.0,0.0,31
topological_only,2,TPC-DI__Unionable__prospect_horizontal_0_ac1_ev,484,22,0.0,0.0,0.0,31
topological_only,2,OpenData__Joinable__miller2_both_50_70_ac5_ev,1849,35,0.0,0.0,0.0,31
topological_only,2,OpenData__View -Unionable__miller2_both_0_30_ac4_av,1089,15,0.0,0.0,0.0,31
topological_only,2,TPC-DI__Unionable__prospect_horizontal_0_ac2_av,484,22,1.0,0.3181818181818182,0.4827586206896552,31
topological_only,2,ChEMBL__Semantically-Joinable__assays_vertical_30_ec_av,210,6,1.0,0.16666666666666666,0.2857142857142857,31
topological_only,2,TPC-DI__Unionable__prospect_horizontal_0_ac3_av,484,22,1.0,0.09090909090909091,0.16666666666666666,31
topological_only,2,OpenData__Joinable__miller2_vertical_1_ac2_ev,676,1,0.0,0.0,0.0,31
topological_only,2,TPC-DI__Unionable__prospect_horizontal_0_ac4_av,484,22,0.0,0.0,0.0,31
topological_only,2,TPC-DI__Unionable__prospect_horizontal_0_ac4_ev,484,22,1.0,0.09090909090909091,0.16666666666666666,31
topological_only,2,OpenData__Joinable__miller2_vertical_1_ac5_ev,676,1,0.0,0.0,0.0,31
topological_only,2,TPC-DI__Unionable__prospect_horizontal_0_ac5_av,484,22,1.0,0.045454545454545456,0.08695652173913043,31
topological_only,2,OpenData__Joinable__miller2_vertical_1_ec_ev,676,1,0.0,0.0,0.0,31
topological_only,2,OpenData__View -Unionable__miller2_both_0_50_ac1_ev,1444,25,0.0,0.0,0.0,31
topological_only,2,OpenData__View -Unionable__miller2_both_0_50_ac2_av,1444,25,1.0,0.04,0.07692307692307693,31
topological_only,2,ChEMBL__Semantically-Joinable__assays_vertical_70_ac1_av,380,16,1.0,0.0625,0.11764705882352941,31
topological_only,2,ChEMBL__Semantically-Joinable__assays_vertical_70_ac2_av,380,16,1.0,0.0625,0.11764705882352941,31
topological_only,2,OpenData__Joinable__miller2_vertical_30_ac3_ev,1089,15,1.0,0.2,0.3333333333333333,31
topological_only,2,OpenData__View -Unionable__miller2_both_0_50_ac3_av,1444,25,0.0,0.0,0.0,31
topological_only,2,TPC-DI__Unionable__prospect_horizontal_100_ac1_av,484,22,0.0,0.0,0.0,31
topological_only,2,ChEMBL__Semantically-Joinable__assays_vertical_70_ac3_av,380,16,1.0,0.125,0.2222222222222222,31
topological_only,2,OpenData__View -Unionable__miller2_both_0_50_ac3_ev,1444,25,0.0,0.0,0.0,31
topological_only,2,ChEMBL__Semantically-Joinable__assays_vertical_70_ac4_av,380,16,1.0,0.125,0.2222222222222222,31
topological_only,2,OpenData__Joinable__miller2_vertical_30_ac5_ev,1089,15,1.0,0.06666666666666667,0.125,31
topological_only,2,ChEMBL__Semantically-Joinable__assays_vertical_70_ac5_av,380,16,1.0,0.125,0.2222222222222222,31
topological_only,2,OpenData__Joinable__miller2_vertical_50_ac2_ev,1444,25,0.7142857142857143,0.2,0.3125,31
topological_only,2,ChEMBL__Unionable__assays_horizontal_0_ac1_ev,529,23,1.0,0.043478260869565216,0.08333333333333333,31
topological_only,2,TPC-DI__Unionable__prospect_horizontal_100_ac4_av,484,22,1.0,0.045454545454545456,0.08695652173913043,31
topological_only,2,OpenData__View -Unionable__miller2_both_0_50_ec_ev,1444,25,1.0,0.04,0.07692307692307693,31
topological_only,2,ChEMBL__Unionable__assays_horizontal_0_ac2_ev,529,23,1.0,0.21739130434782608,0.35714285714285715,31
topological_only,2,OpenData__Joinable__miller2_vertical_70_ac1_ev,1849,35,1.0,0.02857142857142857,0.05555555555555555,31
topological_only,2,OpenData__Joinable__miller2_vertical_70_ac2_ev,1849,35,1.0,0.14285714285714285,0.25,31
topological_only,2,OpenData__View -Unionable__miller2_both_0_70_ac2_ev,1849,35,1.0,0.22857142857142856,0.37209302325581395,31
topological_only,2,ChEMBL__Unionable__assays_horizontal_0_ac4_ev,529,23,1.0,0.21739130434782608,0.35714285714285715,31
topological_only,2,TPC-DI__Unionable__prospect_horizontal_50_ac1_av,484,22,0.0,0.0,0.0,31
topological_only,2,ChEMBL__Unionable__assays_horizontal_0_ac5_av,529,23,1.0,0.043478260869565216,0.08333333333333333,31
topological_only,2,OpenData__Joinable__miller2_vertical_70_ac4_ev,1849,35,0.7142857142857143,0.14285714285714285,0.23809523809523808,31
topological_only,2,ChEMBL__Unionable__assays_horizontal_0_ac5_ev,529,23,1.0,0.08695652173913043,0.16,31
topological_only,2,ChEMBL__Unionable__assays_horizontal_0_ec_av,529,23,1.0,0.21739130434782608,0.35714285714285715,31
topological_only,2,OpenData__View -Unionable__miller2_both_0_70_ac5_ev,1849,35,0.0,0.0,0.0,31
topological_only,2,ChEMBL__Unionable__assays_horizontal_100_ac1_ev,529,23,1.0,0.043478260869565216,0.08333333333333333,31
topological_only,2,TPC-DI__Unionable__prospect_horizontal_50_ac4_av,484,22,1.0,0.13636363636363635,0.24,31
topological_only,2,ChEMBL__Unionable__assays_horizontal_100_ac2_av,529,23,1.0,0.2608695652173913,0.41379310344827586,31
topological_only,2,TPC-DI__Unionable__prospect_horizontal_50_ac4_ev,484,22,1.0,0.09090909090909091,0.16666666666666666,31
topological_only,2,ChEMBL__Unionable__assays_horizontal_100_ac2_ev,529,23,1.0,0.21739130434782608,0.35714285714285715,31
topological_only,2,OpenData__Semantically-Joinable__miller2_both_50_1_ec_av,676,1,0.0,0.0,0.0,31
topological_only,2,ChEMBL__Unionable__assays_horizontal_100_ac4_av,529,23,1.0,0.34782608695652173,0.5161290322580645,31
topological_only,2,OpenData__Semantically-Joinable__miller2_both_50_30_ac2_av,1089,15,1.0,0.06666666666666667,0.125,31
topological_only,2,TPC-DI__Joinable__prospect_both_50_1_ec_ev,132,1,0.0,0.0,0.0,31
topological_only,2,OpenData__Semantically-Joinable__miller2_both_50_30_ac5_av,1089,15,0.0,0.0,0.0,31
topological_only,2,OpenData__Semantically-Joinable__miller2_both_50_30_ec_av,1089,15,0.0,0.0,0.0,31
topological_only,2,TPC-DI__View-Unionable__prospect_both_0_1_ac2_ev,132,1,0.0,0.0,0.0,31
topological_only,2,TPC-DI__Joinable__prospect_both_50_30_ac3_ev,196,6,0.0,0.0,0.0,31
topological_only,2,TPC-DI__View-Unionable__prospect_both_0_1_ac3_ev,132,1,0.0,0.0,0.0,31
topological_only,2,ChEMBL__Unionable__assays_horizontal_50_ac2_av,529,23,1.0,0.13043478260869565,0.23076923076923078,31
topological_only,2,OpenData__Semantically-Joinable__miller2_both_50_50_ac4_av,1444,25,0.0,0.0,0.0,31
topological_only,2,TPC-DI__Joinable__prospect_both_50_30_ec_ev,196,6,0.0,0.0,0.0,31
topological_only,2,TPC-DI__View-Unionable__prospect_both_0_1_ac4_ev,132,1,0.0,0.0,0.0,31
topological_only,2,TPC-DI__Joinable__prospect_both_50_50_ac1_ev,272,11,0.0,0.0,0.0,31
topological_only,2,TPC-DI__Joinable__prospect_both_50_50_ac2_ev,272,11,1.0,0.36363636363636365,0.5333333333333333,31
topological_only,2,TPC-DI__View-Unionable__prospect_both_0_1_ac5_ev,132,1,0.0,0.0,0.0,31
topological_only,2,OpenData__Semantically-Joinable__miller2_both_50_70_ac1_av,1849,35,1.0,0.02857142857142857,0.05555555555555555,31
topological_only,2,TPC-DI__Joinable__prospect_both_50_50_ac4_ev,272,11,1.0,0.09090909090909091,0.16666666666666666,31
topological_only,2,TPC-DI__View-Unionable__prospect_both_0_30_ac1_av,196,6,0.0,0.0,0.0,31
topological_only,3,ChEMBL__Unionable__assays_horizontal_50_ac5_ev,529,23,1.0,0.043478260869565216,0.08333333333333333,31
topological_only,3,OpenData__Semantically-Joinable__miller2_both_50_70_ac5_av,1849,35,0.0,0.0,0.0,31
topological_only,3,OpenData__Semantically-Joinable__miller2_both_50_70_ec_av,1849,35,0.0,0.0,0.0,31
topological_only,3,TPC-DI__View-Unionable__prospect_both_0_30_ac3_av,196,6,1.0,0.16666666666666666,0.2857142857142857,31
topological_only,3,ChEMBL__Joinable__assays_both_50_1_ac5_ev,144,1,0.0,0.0,0.0,31
topological_only,3,TPC-DI__Joinable__prospect_both_50_70_ac5_ev,342,15,1.0,0.2,0.3333333333333333,31
topological_only,3,TPC-DI__View-Unionable__prospect_both_0_30_ac4_ev,196,6,1.0,0.3333333333333333,0.5,31
topological_only,3,TPC-DI__Joinable__prospect_vertical_1_ac1_ev,132,1,1.0,1.0,1.0,31
topological_only,3,ChEMBL__Joinable__assays_both_50_30_ac3_ev,210,6,1.0,0.3333333333333333,0.5,31
topological_only,3,TPC-DI__View-Unionable__prospect_both_0_30_ac5_ev,196,6,1.0,0.16666666666666666,0.2857142857142857,31
topological_only,3,TPC-DI__Joinable__prospect_vertical_1_ac3_ev,132,1,0.0,0.0,0.0,31
topological_only,3,OpenData__Semantically-Joinable__miller2_vertical_30_ac2_av,1089,15,0.5,0.06666666666666667,0.11764705882352941,31
topological_only,3,TPC-DI__View-Unionable__prospect_both_0_30_ec_ev,196,6,0.0,0.0,0.0,31
topological_only,3,ChEMBL__View-Unionable__assays_both_0_1_ac4_ev,144,1,0.0,0.0,0.0,31
topological_only,3,ChEMBL__Joinable__assays_both_50_50_ac1_ev,289,11,1.0,0.09090909090909091,0.16666666666666666,31
topological_only,3,OpenData__Semantically-Joinable__miller2_vertical_30_ac4_av,1089,15,0.0,0.0,0.0,31
topological_only,3,TPC-DI__View-Unionable__prospect_both_0_50_ac2_av,272,11,0.0,0.0,0.0,31
topological_only,3,ChEMBL__Joinable__assays_both_50_50_ac3_ev,289,11,1.0,0.18181818181818182,0.3076923076923077,31
topological_only,3,TPC-DI__View-Unionable__prospect_both_0_50_ac2_ev,272,11,1.0,0.09090909090909091,0.16666666666666666,31
topological_only,3,ChEMBL__Joinable__assays_both_50_50_ac4_ev,289,11,1.0,0.36363636363636365,0.5333333333333333,31
topological_only,3,OpenData__Semantically-Joinable__miller2_vertical_50_ac1_av,1444,25,1.0,0.08,0.14814814814814814,31
topological_only,3,TPC-DI__Joinable__prospect_vertical_30_ac3_ev,196,6,0.0,0.0,0.0,31
topological_only,3,ChEMBL__View-Unionable__assays_both_0_30_ac1_av,210,6,0.0,0.0,0.0,31
topological_only,3,OpenData__Semantically-Joinable__miller2_vertical_50_ac2_av,1444,25,0.5,0.12,0.1935483870967742,31
topological_only,3,TPC-DI__Joinable__prospect_vertical_30_ac4_ev,196,6,1.0,0.3333333333333333,0.5,31
topological_only,3,TPC-DI__View-Unionable__prospect_both_0_50_ac3_ev,272,11,1.0,0.18181818181818182,0.3076923076923077,31
topological_only,3,ChEMBL__Joinable__assays_both_50_50_ec_ev,289,11,1.0,0.09090909090909091,0.16666666666666666,31
topological_only,3,ChEMBL__View-Unionable__assays_both_0_30_ac2_av,210,6,1.0,0.16666666666666666,0.2857142857142857,31
topological_only,3,OpenData__Semantically-Joinable__miller2_vertical_50_ac5_av,1444,25,1.0,0.08,0.14814814814814814,31
topological_only,3,ChEMBL__View-Unionable__assays_both_0_30_ac3_ev,210,6,1.0,0.16666666666666666,0.2857142857142857,31
topological_only,3,ChEMBL__Joinable__assays_both_50_70_ac5_ev,380,16,0.0,0.0,0.0,31
topological_only,3,OpenData__Semantically-Joinable__miller2_vertical_70_ac2_av,1849,35,0.5,0.05714285714285714,0.10256410256410256,31
topological_only,3,TPC-DI__Joinable__prospect_vertical_50_ac4_ev,272,11,1.0,0.18181818181818182,0.3076923076923077,31
topological_only,3,ChEMBL__Joinable__assays_both_50_70_ec_ev,380,16,1.0,0.0625,0.11764705882352941,31
topological_only,3,ChEMBL__View-Unionable__assays_both_0_30_ac4_ev,210,6,1.0,0.16666666666666666,0.2857142857142857,31
topological_only,3,TPC-DI__Joinable__prospect_vertical_50_ac5_ev,272,11,1.0,0.36363636363636365,0.5333333333333333,31
topological_only,3,ChEMBL__Joinable__assays_vertical_1_ac1_ev,144,1,0.0,0.0,0.0,31
topological_only,3,ChEMBL__View-Unionable__assays_both_0_30_ac5_ev,210,6,0.0,0.0,0.0,31
topological_only,3,TPC-DI__View-Unionable__prospect_both_0_70_ac2_av,342,15,0.5,0.06666666666666667,0.11764705882352941,31
topological_only,3,TPC-DI__View-Unionable__prospect_both_0_70_ac3_av,342,15,0.3333333333333333,0.06666666666666667,0.1111111111111111,31
topological_only,3,TPC-DI__Joinable__prospect_vertical_70_ac4_ev,342,15,1.0,0.13333333333333333,0.23529411764705882,31
topological_only,3,TPC-DI__View-Unionable__prospect_both_0_70_ac3_ev,342,15,1.0,0.13333333333333333,0.23529411764705882,31
topological_only,3,OpenData__Unionable__miller2_horizontal_0_ac2_av,2601,51,0.875,0.27450980392156865,0.417910447761194,31
topological_only,3,ChEMBL__Joinable__assays_vertical_30_ac1_ev,210,6,1.0,0.16666666666666666,0.2857142857142857,31
topological_only,3,OpenData__Unionable__miller2_horizontal_0_ac2_ev,2601,51,0.9444444444444444,0.3333333333333333,0.4927536231884058,31
topological_only,3,TPC-DI__Joinable__prospect_vertical_70_ec_ev,342,15,1.0,0.2,0.3333333333333333,31
topological_only,3,TPC-DI__View-Unionable__prospect_both_0_70_ac4_ev,342,15,0.8333333333333334,0.3333333333333333,0.47619047619047616,31
topological_only,3,ChEMBL__Joinable__assays_vertical_30_ac2_ev,210,6,1.0,0.3333333333333333,0.5,31
topological_only,3,ChEMBL__View-Unionable__assays_both_0_50_ac3_ev,289,11,1.0,0.18181818181818182,0.3076923076923077,31
topological_only,3,TPC-DI__View-Unionable__prospect_both_0_70_ec_av,342,15,0.0,0.0,0.0,31
topological_only,3,ChEMBL__Joinable__assays_vertical_30_ac5_ev,210,6,1.0,0.16666666666666666,0.2857142857142857,31
topological_only,3,ChEMBL__View-Unionable__assays_both_0_50_ac4_av,289,11,0.0,0.0,0.0,31
topological_only,3,ChEMBL__View-Unionable__assays_both_0_50_ac4_ev,289,11,1.0,0.2727272727272727,0.42857142857142855,31
topological_only,3,OpenData__Unionable__miller2_horizontal_0_ac5_av,2601,51,0.875,0.13725490196078433,0.23728813559322035,31
topological_only,3,OpenData__Unionable__miller2_horizontal_0_ec_av,2601,51,0.6666666666666666,0.0784313725490196,0.14035087719298245,31
topological_only,3,ChEMBL__Joinable__assays_vertical_50_ac3_ev,289,11,1.0,0.5454545454545454,0.7058823529411765,31
topological_only,3,TPC-DI__Semantically-Joinable__prospect_both_50_30_ac2_av,196,6,1.0,0.16666666666666666,0.2857142857142857,31
topological_only,3,Wikidata__Musicians__Musicians_viewunion,169,5,0.5,0.2,0.2857142857142857,31
topological_only,3,TPC-DI__Semantically-Joinable__prospect_both_50_30_ac3_av,196,6,1.0,0.5,0.6666666666666666,31
topological_only,3,OpenData__Unionable__miller2_horizontal_100_ac1_ev,2601,51,1.0,0.21568627450980393,0.3548387096774194,31
topological_only,3,TPC-DI__Semantically-Joinable__prospect_both_50_30_ac4_av,196,6,0.0,0.0,0.0,31
topological_only,3,ChEMBL__View-Unionable__assays_both_0_70_ac1_ev,380,16,1.0,0.125,0.2222222222222222,31
topological_only,3,OpenData__Unionable__miller2_horizontal_100_ac2_av,2601,51,0.8947368421052632,0.3333333333333333,0.4857142857142857,31
topological_only,3,ChEMBL__View-Unionable__assays_both_0_70_ac2_av,380,16,0.0,0.0,0.0,31
topological_only,3,OpenData__Unionable__miller2_horizontal_100_ac3_av,2601,51,1.0,0.0392156862745098,0.07547169811320754,31
topological_only,3,TPC-DI__Semantically-Joinable__prospect_both_50_50_ac1_av,272,11,0.5,0.09090909090909091,0.15384615384615385,31
topological_only,3,ChEMBL__Joinable__assays_vertical_70_ac3_ev,380,16,1.0,0.5,0.6666666666666666,31
topological_only,3,ChEMBL__Joinable__assays_vertical_70_ec_ev,380,16,1.0,0.1875,0.3157894736842105,31
topological_only,3,ChEMBL__View-Unionable__assays_both_0_70_ac4_ev,380,16,1.0,0.1875,0.3157894736842105,31
topological_only,3,ChEMBL__View-Unionable__assays_both_0_70_ac5_av,380,16,1.0,0.0625,0.11764705882352941,31
topological_only,3,OpenData__Unionable__miller2_horizontal_100_ac5_ev,2601,51,1.0,0.1568627450980392,0.2711864406779661,31
topological_only,3,TPC-DI__Semantically-Joinable__prospect_both_50_70_ac1_av,342,15,0.0,0.0,0.0,31
topological_only,3,ChEMBL__View-Unionable__assays_both_0_70_ec_av,380,16,1.0,0.0625,0.11764705882352941,31
topological_only,3,OpenData__Unionable__miller2_horizontal_100_ec_ev,2601,51,1.0,0.0392156862745098,0.07547169811320754,31
topological_only,3,TPC-DI__Semantically-Joinable__prospect_both_50_70_ac2_av,342,15,1.0,0.13333333333333333,0.23529411764705882,31
topological_only,3,ChEMBL__Semantically-Joinable__assays_both_50_1_ac4_av,144,1,0.0,0.0,0.0,31
topological_only,3,OpenData__Unionable__miller2_horizontal_50_ac1_av,2601,51,1.0,0.21568627450980393,0.3548387096774194,31
topological_only,3,TPC-DI__Semantically-Joinable__prospect_both_50_70_ac4_av,342,15,1.0,0.06666666666666667,0.125,31
topological_only,3,ChEMBL__Semantically-Joinable__assays_both_50_1_ec_av,144,1,0.0,0.0,0.0,31
topological_only,3,TPC-DI__Semantically-Joinable__prospect_both_50_70_ac5_av,342,15,0.6666666666666666,0.13333333333333333,0.2222222222222222,31
topological_only,3,Magellan__fodors_zagats,49,7,1.0,0.2857142857142857,0.4444444444444444,31
topological_only,3,Magellan__itunes_amazon,81,9,0.0,0.0,0.0,31
topological_only,3,TPC-DI__Semantically-Joinable__prospect_vertical_1_ac3_av,132,1,0.0,0.0,0.0,31
topological_only,3,OpenData__Joinable__miller2_both_50_1_ac1_ev,676,1,0.0,0.0,0.0,31
topological_only,3,TPC-DI__Semantically-Joinable__prospect_vertical_1_ec_av,132,1,0.0,0.0,0.0,31
topological_only,3,OpenData__Joinable__miller2_both_50_1_ac3_ev,676,1,0.0,0.0,0.0,31
topological_only,3,OpenData__Unionable__miller2_horizontal_50_ec_av,2601,51,1.0,0.0392156862745098,0.07547169811320754,31
topological_only,3,ChEMBL__Semantically-Joinable__assays_both_50_50_ac3_av,289,11,1.0,0.09090909090909091,0.16666666666666666,31
topological_only,3,ChEMBL__Semantically-Joinable__assays_both_50_50_ac4_av,289,11,0.5,0.09090909090909091,0.15384615384615385,31
topological_only,3,OpenData__View -Unionable__miller2_both_0_1_ac1_ev,676,1,0.0,0.0,0.0,31
topological_only,3,ChEMBL__Semantically-Joinable__assays_both_50_50_ec_av,289,11,1.0,0.09090909090909091,0.16666666666666666,31
topological_only,3,OpenData__View -Unionable__miller2_both_0_1_ac2_av,676,1,0.0,0.0,0.0,31
topological_only,3,TPC-DI__Semantically-Joinable__prospect_vertical_30_ac5_av,196,6,1.0,0.16666666666666666,0.2857142857142857,31
topological_only,3,ChEMBL__Semantically-Joinable__assays_both_50_70_ac1_av,380,16,0.0,0.0,0.0,31
topological_only,3,OpenData__View -Unionable__miller2_both_0_1_ac2_ev,676,1,0.0,0.0,0.0,31
topological_only,3,ChEMBL__Semantically-Joinable__assays_both_50_70_ac2_av,380,16,1.0,0.125,0.2222222222222222,31
topological_only,3,ChEMBL__Semantically-Joinable__assays_both_50_70_ac3_av,380,16,0.0,0.0,0.0,31
topological_only,3,ChEMBL__Semantically-Joinable__assays_both_50_70_ec_av,380,16,1.0,0.0625,0.11764705882352941,31
topological_only,3,OpenData__View -Unionable__miller2_both_0_1_ac5_av,676,1,0.0,0.0,0.0,31
topological_only,3,TPC-DI__Semantically-Joinable__prospect_vertical_50_ac5_av,272,11,1.0,0.18181818181818182,0.3076923076923077,31
topological_only,3,ChEMBL__Semantically-Joinable__assays_vertical_1_ac1_av,144,1,0.0,0.0,0.0,31
topological_only,3,OpenData__Joinable__miller2_both_50_50_ac2_ev,1444,25,1.0,0.36,0.5294117647058824,31
topological_only,3,ChEMBL__Semantically-Joinable__assays_vertical_1_ac4_av,144,1,0.0,0.0,0.0,31
topological_only,3,ChEMBL__Semantically-Joinable__assays_vertical_1_ac5_av,144,1,0.0,0.0,0.0,31
topological_only,3,TPC-DI__Semantically-Joinable__prospect_vertical_70_ac4_av,342,15,1.0,0.06666666666666667,0.125,31
topological_only,3,ChEMBL__Semantically-Joinable__assays_vertical_1_ec_av,144,1,0.0,0.0,0.0,31
topological_only,3,OpenData__Joinable__miller2_both_50_70_ac1_ev,1849,35,1.0,0.17142857142857143,0.2926829268292683,31
topological_only,3,TPC-DI__Semantically-Joinable__prospect_vertical_70_ec_av,342,15,0.0,0.0,0.0,31
topological_only,3,OpenData__Joinable__miller2_both_50_70_ac3_ev,1849,35,1.0,0.02857142857142857,0.05555555555555555,31
topological_only,3,OpenData__View -Unionable__miller2_both_0_30_ac4_av,1089,15,1.0,0.2,0.3333333333333333,31
topological_only,3,OpenData__Joinable__miller2_both_50_70_ec_ev,1849,35,1.0,0.05714285714285714,0.10810810810810811,31
topological_only,3,TPC-DI__Unionable__prospect_horizontal_0_ac2_ev,484,22,1.0,0.22727272727272727,0.37037037037037035,31
topological_only,3,OpenData__Joinable__miller2_vertical_1_ac2_ev,676,1,0.0,0.0,0.0,31
topological_only,3,OpenData__Joinable__miller2_vertical_1_ac3_ev,676,1,0.0,0.0,0.0,31
topological_only,3,TPC-DI__Unionable__prospect_horizontal_0_ac4_av,484,22,1.0,0.2727272727272727,0.42857142857142855,31
topological_only,3,ChEMBL__Semantically-Joinable__assays_vertical_50_ac3_av,289,11,1.0,0.18181818181818182,0.3076923076923077,31
topological_only,3,OpenData__Joinable__miller2_vertical_1_ec_ev,676,1,0.0,0.0,0.0,31
topological_only,3,TPC-DI__Unionable__prospect_horizontal_0_ac5_ev,484,22,1.0,0.13636363636363635,0.24,31
topological_only,3,OpenData__View -Unionable__miller2_both_0_50_ac2_av,1444,25,1.0,0.08,0.14814814814814814,31
topological_only,3,TPC-DI__Unionable__prospect_horizontal_0_ec_av,484,22,0.0,0.0,0.0,31
topological_only,3,OpenData__Joinable__miller2_vertical_30_ac2_ev,1089,15,0.75,0.4,0.5217391304347826,31
topological_only,3,TPC-DI__Unionable__prospect_horizontal_0_ec_ev,484,22,0.0,0.0,0.0,31
topological_only,3,OpenData__Joinable__miller2_vertical_30_ac3_ev,1089,15,1.0,0.3333333333333333,0.5,31
topological_only,3,OpenData__View -Unionable__miller2_both_0_50_ac3_av,1444,25,0.0,0.0,0.0,31
topological_only,3,OpenData__View -Unionable__miller2_both_0_50_ac4_av,1444,25,1.0,0.12,0.21428571428571427,31
topological_only,3,TPC-DI__Unionable__prospect_horizontal_100_ac2_av,484,22,1.0,0.22727272727272727,0.37037037037037035,31
topological_only,3,OpenData__Joinable__miller2_vertical_30_ec_ev,1089,15,1.0,0.06666666666666667,0.125,31
topological_only,3,OpenData__View -Unionable__miller2_both_0_50_ac5_av,1444,25,0.0,0.0,0.0,31
topological_only,3,OpenData__View -Unionable__miller2_both_0_50_ac5_ev,1444,25,1.0,0.08,0.14814814814814814,31
topological_only,3,ChEMBL__Unionable__assays_horizontal_0_ac2_ev,529,23,0.8571428571428571,0.2608695652173913,0.4,31
topological_only,3,OpenData__Joinable__miller2_vertical_50_ac5_ev,1444,25,1.0,0.2,0.3333333333333333,31
topological_only,3,OpenData__View -Unionable__miller2_both_0_70_ac1_av,1849,35,1.0,0.05714285714285714,0.10810810810810811,31
topological_only,3,OpenData__Joinable__miller2_vertical_50_ec_ev,1444,25,0.6666666666666666,0.08,0.14285714285714285,31
topological_only,3,TPC-DI__Unionable__prospect_horizontal_100_ac5_ev,484,22,1.0,0.13636363636363635,0.24,31
topological_only,3,TPC-DI__Unionable__prospect_horizontal_100_ec_av,484,22,0.0,0.0,0.0,31
topological_only,3,ChEMBL__Unionable__assays_horizontal_0_ac4_ev,529,23,1.0,0.30434782608695654,0.4666666666666667,31
topological_only,3,OpenData__View -Unionable__miller2_both_0_70_ac3_av,1849,35,0.0,0.0,0.0,31
topological_only,3,OpenData__Joinable__miller2_vertical_70_ac5_ev,1849,35,0.8888888888888888,0.22857142857142856,0.36363636363636365,31
topological_only,3,OpenData__View -Unionable__miller2_both_0_70_ac4_av,1849,35,1.0,0.17142857142857143,0.2926829268292683,31
topological_only,3,TPC-DI__Unionable__prospect_horizontal_50_ac2_av,484,22,0.8571428571428571,0.2727272727272727,0.41379310344827586,31
topological_only,3,ChEMBL__Unionable__assays_horizontal_0_ec_av,529,23,1.0,0.13043478260869565,0.23076923076923078,31
topological_only,3,OpenData__View -Unionable__miller2_both_0_70_ac4_ev,1849,35,1.0,0.3142857142857143,0.4782608695652174,31
topological_only,3,TPC-DI__Unionable__prospect_horizontal_50_ac2_ev,484,22,0.8571428571428571,0.2727272727272727,0.41379310344827586,31
topological_only,3,OpenData__Semantically-Joinable__miller2_both_50_1_ac1_av,676,1,0.0,0.0,0.0,31
topological_only,3,ChEMBL__Unionable__assays_horizontal_100_ac1_av,529,23,1.0,0.08695652173913043,0.16,31
topological_only,3,ChEMBL__Unionable__assays_horizontal_100_ac2_av,529,23,1.0,0.30434782608695654,0.4666666666666667,31
topological_only,3,OpenData__View -Unionable__miller2_both_0_70_ec_ev,1849,35,0.0,0.0,0.0,31
topological_only,3,ChEMBL__Unionable__assays_horizontal_100_ac2_ev,529,23,1.0,0.17391304347826086,0.2962962962962963,31
topological_only,3,OpenData__Semantically-Joinable__miller2_both_50_1_ac5_av,676,1,0.0,0.0,0.0,31
topological_only,3,TPC-DI__Unionable__prospect_horizontal_50_ac5_ev,484,22,1.0,0.13636363636363635,0.24,31
topological_only,3,ChEMBL__Unionable__assays_horizontal_100_ac3_ev,529,23,1.0,0.17391304347826086,0.2962962962962963,31
topological_only,3,TPC-DI__Joinable__prospect_both_50_1_ac3_ev,132,1,0.0,0.0,0.0,31
topological_only,3,ChEMBL__Unionable__assays_horizontal_100_ac4_ev,529,23,1.0,0.30434782608695654,0.4666666666666667,31
topological_only,3,OpenData__Semantically-Joinable__miller2_both_50_30_ac4_av,1089,15,1.0,0.13333333333333333,0.23529411764705882,31
topological_only,3,TPC-DI__Joinable__prospect_both_50_30_ac1_ev,196,6,0.0,0.0,0.0,31
topological_only,3,OpenData__Semantically-Joinable__miller2_both_50_50_ac1_av,1444,25,1.0,0.08,0.14814814814814814,31
topological_only,3,TPC-DI__Joinable__prospect_both_50_30_ac4_ev,196,6,1.0,0.3333333333333333,0.5,31
topological_only,3,TPC-DI__View-Unionable__prospect_both_0_1_ac3_ev,132,1,0.0,0.0,0.0,31
topological_only,3,ChEMBL__Unionable__assays_horizontal_50_ac1_ev,529,23,1.0,0.08695652173913043,0.16,31
topological_only,3,OpenData__Semantically-Joinable__miller2_both_50_50_ac3_av,1444,25,0.0,0.0,0.0,31
topological_only,3,TPC-DI__Joinable__prospect_both_50_30_ac5_ev,196,6,1.0,0.16666666666666666,0.2857142857142857,31
topological_only,3,OpenData__Semantically-Joinable__miller2_both_50_50_ac4_av,1444,25,1.0,0.24,0.3870967741935484,31
topological_only,3,TPC-DI__Joinable__prospect_both_50_30_ec_ev,196,6,0.0,0.0,0.0,31
topological_only,3,TPC-DI__View-Unionable__prospect_both_0_1_ac5_av,132,1,0.0,0.0,0.0,31
topological_only,3,ChEMBL__Unionable__assays_horizontal_50_ac3_ev,529,23,1.0,0.17391304347826086,0.2962962962962963,31
topological_only,3,OpenData__Semantically-Joinable__miller2_both_50_70_ac3_av,1849,35,0.0,0.0,0.0,31
topological_only,4,ChEMBL__Joinable__assays_both_50_1_ac2_ev,144,1,0.0,0.0,0.0,31
topological_only,4,ChEMBL__Unionable__assays_horizontal_50_ac5_ev,529,23,1.0,0.043478260869565216,0.08333333333333333,31
topological_only,4,TPC-DI__View-Unionable__prospect_both_0_30_ac2_av,196,6,0.0,0.0,0.0,31
topological_only,4,ChEMBL__Joinable__assays_both_50_1_ac3_ev,144,1,0.0,0.0,0.0,31
topological_only,4,OpenData__Semantically-Joinable__miller2_vertical_1_ac1_av,676,1,0.0,0.0,0.0,31
topological_only,4,ChEMBL__View-Unionable__assays_both_0_1_ac1_ev,144,1,0.0,0.0,0.0,31
topological_only,4,TPC-DI__View-Unionable__prospect_both_0_30_ac4_av,196,6,1.0,0.16666666666666666,0.2857142857142857,31
topological_only,4,ChEMBL__View-Unionable__assays_both_0_1_ac2_av,144,1,0.0,0.0,0.0,31
topological_only,4,OpenData__Semantically-Joinable__miller2_vertical_1_ac4_av,676,1,0.0,0.0,0.0,31
topological_only,4,TPC-DI__Joinable__prospect_both_50_70_ec_ev,342,15,0.0,0.0,0.0,31
topological_only,4,ChEMBL__Joinable__assays_both_50_30_ac3_ev,210,6,0.0,0.0,0.0,31
topological_only,4,OpenData__Semantically-Joinable__miller2_vertical_1_ec_av,676,1,0.0,0.0,0.0,31
topological_only,4,TPC-DI__View-Unionable__prospect_both_0_30_ac5_ev,196,6,0.0,0.0,0.0,31
topological_only,4,TPC-DI__Joinable__prospect_vertical_1_ac3_ev,132,1,0.0,0.0,0.0,31
topological_only,4,TPC-DI__View-Unionable__prospect_both_0_30_ec_av,196,6,0.0,0.0,0.0,31
topological_only,4,TPC-DI__Joinable__prospect_vertical_1_ac5_ev,132,1,0.0,0.0,0.0,31
topological_only,4,TPC-DI__View-Unionable__prospect_both_0_50_ac1_av,272,11,0.0,0.0,0.0,31
topological_only,4,ChEMBL__Joinable__assays_both_50_50_ac1_ev,289,11,1.0,0.09090909090909091,0.16666666666666666,31
topological_only,4,TPC-DI__Joinable__prospect_vertical_1_ec_ev,132,1,0.0,0.0,0.0,31
topological_only,4,ChEMBL__View-Unionable__assays_both_0_1_ec_av,144,1,0.0,0.0,0.0,31
topological_only,4,TPC-DI__Joinable__prospect_vertical_30_ac2_ev,196,6,0.5,0.16666666666666666,0.25,31
topological_only,4,TPC-DI__View-Unionable__prospect_both_0_50_ac2_ev,272,11,1.0,0.09090909090909091,0.16666666666666666,31
topological_only,4,ChEMBL__Joinable__assays_both_50_50_ac4_ev,289,11,1.0,0.09090909090909091,0.16666666666666666,31
topological_only,4,OpenData__Semantically-Joinable__miller2_vertical_50_ac2_av,1444,25,1.0,0.04,0.07692307692307693,31
topological_only,4,TPC-DI__View-Unionable__prospect_both_0_50_ac3_ev,272,11,1.0,0.2727272727272727,0.42857142857142855,31
topological_only,4,ChEMBL__View-Unionable__assays_both_0_30_ac1_ev,210,6,1.0,0.16666666666666666,0.2857142857142857,31
topological_only,4,ChEMBL__View-Unionable__assays_both_0_30_ac2_av,210,6,0.0,0.0,0.0,31
topological_only,4,OpenData__Semantically-Joinable__miller2_vertical_50_ac4_av,1444,25,0.0,0.0,0.0,31
topological_only,4,ChEMBL__View-Unionable__assays_both_0_30_ac2_ev,210,6,0.0,0.0,0.0,31
topological_only,4,OpenData__Semantically-Joinable__miller2_vertical_70_ac1_av,1849,35,0.0,0.0,0.0,31
topological_only,4,ChEMBL__Joinable__assays_both_50_70_ac5_ev,380,16,0.0,0.0,0.0,31
topological_only,4,OpenData__Semantically-Joinable__miller2_vertical_70_ac2_av,1849,35,1.0,0.02857142857142857,0.05555555555555555,31
topological_only,4,ChEMBL__Joinable__assays_both_50_70_ec_ev,380,16,1.0,0.0625,0.11764705882352941,31
topological_only,4,TPC-DI__View-Unionable__prospect_both_0_70_ac1_av,342,15,0.0,0.0,0.0,31
topological_only,4,ChEMBL__View-Unionable__assays_both_0_30_ac5_ev,210,6,0.0,0.0,0.0,31
topological_only,4,TPC-DI__View-Unionable__prospect_both_0_70_ac2_av,342,15,1.0,0.06666666666666667,0.125,31
topological_only,4,TPC-DI__Joinable__prospect_vertical_70_ac2_ev,342,15,0.6666666666666666,0.13333333333333333,0.2222222222222222,31
topological_only,4,ChEMBL__View-Unionable__assays_both_0_30_ec_ev,210,6,1.0,0.16666666666666666,0.2857142857142857,31
topological_only,4,OpenData__Unionable__miller2_horizontal_0_ac1_av,2601,51,1.0,0.0784313725490196,0.14545454545454545,31
topological_only,4,TPC-DI__View-Unionable__prospect_both_0_70_ac3_av,342,15,1.0,0.13333333333333333,0.23529411764705882,31
topological_only,4,TPC-DI__View-Unionable__prospect_both_0_70_ac4_av,342,15,0.0,0.0,0.0,31
topological_only,4,ChEMBL__Joinable__assays_vertical_30_ac1_ev,210,6,0.0,0.0,0.0,31
topological_only,4,TPC-DI__Joinable__prospect_vertical_70_ec_ev,342,15,0.0,0.0,0.0,31
topological_only,4,TPC-DI__View-Unionable__prospect_both_0_70_ac4_ev,342,15,0.5,0.06666666666666667,0.11764705882352941,31
topological_only,4,ChEMBL__Joinable__assays_vertical_30_ac2_ev,210,6,0.0,0.0,0.0,31
topological_only,4,ChEMBL__View-Unionable__assays_both_0_50_ac2_ev,289,11,1.0,0.18181818181818182,0.3076923076923077,31
topological_only,4,ChEMBL__Joinable__assays_vertical_30_ac3_ev,210,6,1.0,0.16666666666666666,0.2857142857142857,31
topological_only,4,TPC-DI__Semantically-Joinable__prospect_both_50_1_ac3_av,132,1,0.0,0.0,0.0,31
topological_only,4,ChEMBL__Joinable__assays_vertical_30_ac5_ev,210,6,0.0,0.0,0.0,31
topological_only,4,OpenData__Unionable__miller2_horizontal_0_ac5_ev,2601,51,1.0,0.0784313725490196,0.14545454545454545,31
topological_only,4,TPC-DI__Semantically-Joinable__prospect_both_50_1_ec_av,132,1,0.0,0.0,0.0,31
topological_only,4,ChEMBL__Joinable__assays_vertical_50_ac2_ev,289,11,1.0,0.18181818181818182,0.3076923076923077,31
topological_only,4,ChEMBL__View-Unionable__assays_both_0_50_ac5_ev,289,11,0.0,0.0,0.0,31
topological_only,4,Wikidata__Musicians__Musicians_unionable,400,19,0.0,0.0,0.0,31
topological_only,4,ChEMBL__Joinable__assays_vertical_50_ac5_ev,289,11,0.0,0.0,0.0,31
topological_only,4,TPC-DI__Semantically-Joinable__prospect_both_50_30_ac4_av,196,6,0.0,0.0,0.0,31
topological_only,4,OpenData__Unionable__miller2_horizontal_100_ac2_av,2601,51,1.0,0.09803921568627451,0.17857142857142858,31
topological_only,4,TPC-DI__Semantically-Joinable__prospect_both_50_30_ac5_av,196,6,1.0,0.16666666666666666,0.2857142857142857,31
topological_only,4,ChEMBL__View-Unionable__assays_both_0_70_ac2_ev,380,16,1.0,0.0625,0.11764705882352941,31
topological_only,4,TPC-DI__Semantically-Joinable__prospect_both_50_50_ac1_av,272,11,0.0,0.0,0.0,31
topological_only,4,ChEMBL__Joinable__assays_vertical_70_ac3_ev,380,16,1.0,0.0625,0.11764705882352941,31
topological_only,4,ChEMBL__View-Unionable__assays_both_0_70_ac3_av,380,16,0.0,0.0,0.0,31
topological_only,4,TPC-DI__Semantically-Joinable__prospect_both_50_50_ac2_av,272,11,1.0,0.2727272727272727,0.42857142857142855,31
topological_only,4,ChEMBL__Joinable__assays_vertical_70_ac4_ev,380,16,1.0,0.125,0.2222222222222222,31
topological_only,4,ChEMBL__View-Unionable__assays_both_0_70_ac3_ev,380,16,1.0,0.0625,0.11764705882352941,31
topological_only,4,ChEMBL__View-Unionable__assays_both_0_70_ac4_ev,380,16,1.0,0.125,0.2222222222222222,31
topological_only,4,OpenData__Unionable__miller2_horizontal_100_ac5_av,2601,51,1.0,0.0784313725490196,0.14545454545454545,31
topological_only,4,TPC-DI__Semantically-Joinable__prospect_both_50_50_ac5_av,272,11,0.0,0.0,0.0,31
topological_only,4,ChEMBL__Semantically-Joinable__assays_both_50_1_ac1_av,144,1,0.0,0.0,0.0,31
topological_only,4,OpenData__Unionable__miller2_horizontal_100_ac5_ev,2601,51,1.0,0.0784313725490196,0.14545454545454545,31
topological_only,4,ChEMBL__Semantically-Joinable__assays_both_50_1_ac3_av,144,1,0.0,0.0,0.0,31
topological_only,4,ChEMBL__View-Unionable__assays_both_0_70_ec_av,380,16,1.0,0.0625,0.11764705882352941,31
topological_only,4,OpenData__Unionable__miller2_horizontal_100_ec_ev,2601,51,1.0,0.0196078431372549,0.038461538461538464,31
topological_only,4,ChEMBL__Semantically-Joinable__assays_both_50_1_ac4_av,144,1,0.0,0.0,0.0,31
topological_only,4,OpenData__Unionable__miller2_horizontal_50_ac1_av,2601,51,1.0,0.0784313725490196,0.14545454545454545,31
topological_only,4,ChEMBL__Semantically-Joinable__assays_both_50_1_ac5_av,144,1,0.0,0.0,0.0,31
topological_only,4,TPC-DI__Semantically-Joinable__prospect_both_50_70_ac4_av,342,15,0.0,0.0,0.0,31
topological_only,4,ChEMBL__Semantically-Joinable__assays_both_50_1_ec_av,144,1,0.0,0.0,0.0,31
topological_only,4,OpenData__Unionable__miller2_horizontal_50_ac2_av,2601,51,1.0,0.19607843137254902,0.32786885245901637,31
topological_only,4,TPC-DI__Semantically-Joinable__prospect_both_50_70_ac5_av,342,15,0.0,0.0,0.0,31
topological_only,4,OpenData__Unionable__miller2_horizontal_50_ac2_ev,2601,51,1.0,0.13725490196078433,0.2413793103448276,31
topological_only,4,TPC-DI__Semantically-Joinable__prospect_both_50_70_ec_av,342,15,0.0,0.0,0.0,31
topological_only,4,TPC-DI__Semantically-Joinable__prospect_vertical_1_ac1_av,132,1,0.0,0.0,0.0,31
topological_only,4,ChEMBL__Semantically-Joinable__assays_both_50_30_ac3_av,210,6,0.0,0.0,0.0,31
topological_only,4,Magellan__itunes_amazon,81,9,0.0,0.0,0.0,31
topological_only,4,Magellan__walmart_amazon,36,6,0.0,0.0,0.0,31
topological_only,4,OpenData__Unionable__miller2_horizontal_50_ac4_ev,2601,51,1.0,0.29411764705882354,0.45454545454545453,31
topological_only,4,OpenData__Joinable__miller2_both_50_1_ac2_ev,676,1,0.0,0.0,0.0,31
topological_only,4,OpenData__Unionable__miller2_horizontal_50_ac5_ev,2601,51,1.0,0.0784313725490196,0.14545454545454545,31
topological_only,4,TPC-DI__Semantically-Joinable__prospect_vertical_1_ec_av,132,1,0.0,0.0,0.0,31
topological_only,4,OpenData__Joinable__miller2_both_50_1_ac4_ev,676,1,0.0,0.0,0.0,31
topological_only,4,TPC-DI__Semantically-Joinable__prospect_vertical_30_ac2_av,196,6,0.0,0.0,0.0,31
topological_only,4,OpenData__View -Unionable__miller2_both_0_1_ac1_av,676,1,0.0,0.0,0.0,31
topological_only,4,ChEMBL__Semantically-Joinable__assays_both_50_50_ac5_av,289,11,0.0,0.0,0.0,31
topological_only,4,OpenData__View -Unionable__miller2_both_0_1_ac1_ev,676,1,0.0,0.0,0.0,31
topological_only,4,ChEMBL__Semantically-Joinable__assays_both_50_50_ec_av,289,11,1.0,0.09090909090909091,0.16666666666666666,31
topological_only,4,ChEMBL__Semantically-Joinable__assays_both_50_70_ac1_av,380,16,0.0,0.0,0.0,31
topological_only,4,TPC-DI__Semantically-Joinable__prospect_vertical_30_ec_av,196,6,0.0,0.0,0.0,31
topological_only,4,OpenData__Joinable__miller2_both_50_30_ac3_ev,1089,15,0.0,0.0,0.0,31
topological_only,4,OpenData__Joinable__miller2_both_50_30_ac5_ev,1089,15,1.0,0.13333333333333333,0.23529411764705882,31
topological_only,4,OpenData__View -Unionable__miller2_both_0_1_ac4_ev,676,1,0.0,0.0,0.0,31
topological_only,4,OpenData__View -Unionable__miller2_both_0_1_ac5_av,676,1,0.0,0.0,0.0,31
topological_only,4,ChEMBL__Semantically-Joinable__assays_vertical_1_ac2_av,144,1,0.0,0.0,0.0,31
topological_only,4,OpenData__View -Unionable__miller2_both_0_30_ac1_av,1089,15,0.0,0.0,0.0,31
topological_only,4,ChEMBL__Semantically-Joinable__assays_vertical_1_ac5_av,144,1,0.0,0.0,0.0,31
topological_only,4,OpenData__View -Unionable__miller2_both_0_30_ac2_av,1089,15,0.0,0.0,0.0,31
topological_only,4,OpenData__Joinable__miller2_both_50_70_ac3_ev,1849,35,1.0,0.05714285714285714,0.10810810810810811,31
topological_only,4,TPC-DI__Unionable__prospect_horizontal_0_ac1_av,484,22,1.0,0.09090909090909091,0.16666666666666666,31
topological_only,4,TPC-DI__Unionable__prospect_horizontal_0_ac1_ev,484,22,1.0,0.09090909090909091,0.16666666666666666,31
topological_only,4,OpenData__Joinable__miller2_both_50_70_ac5_ev,1849,35,1.0,0.08571428571428572,0.15789473684210525,31
topological_only,4,OpenData__Joinable__miller2_vertical_1_ac1_ev,676,1,0.0,0.0,0.0,31
topological_only,4,ChEMBL__Semantically-Joinable__assays_vertical_50_ac1_av,289,11,0.0,0.0,0.0,31
topological_only,4,ChEMBL__Semantically-Joinable__assays_vertical_50_ac2_av,289,11,1.0,0.09090909090909091,0.16666666666666666,31
topological_only,4,TPC-DI__Unionable__prospect_horizontal_0_ac4_av,484,22,1.0,0.18181818181818182,0.3076923076923077,31
topological_only,4,TPC-DI__Unionable__prospect_horizontal_0_ac4_ev,484,22,1.0,0.13636363636363635,0.24,31
topological_only,4,OpenData__View -Unionable__miller2_both_0_50_ac1_av,1444,25,0.0,0.0,0.0,31
topological_only,4,TPC-DI__Unionable__prospect_horizontal_0_ac5_ev,484,22,1.0,0.18181818181818182,0.3076923076923077,31
topological_only,4,OpenData__Joinable__miller2_vertical_30_ac1_ev,1089,15,1.0,0.2,0.3333333333333333,31
topological_only,4,OpenData__View -Unionable__miller2_both_0_50_ac2_av,1444,25,1.0,0.08,0.14814814814814814,31
topological_only,4,OpenData__Joinable__miller2_vertical_30_ac2_ev,1089,15,1.0,0.13333333333333333,0.23529411764705882,31
topological_only,4,TPC-DI__Unionable__prospect_horizontal_100_ac1_ev,484,22,1.0,0.09090909090909091,0.16666666666666666,31
topological_only,4,ChEMBL__Semantically-Joinable__assays_vertical_70_ac4_av,380,16,1.0,0.125,0.2222222222222222,31
topological_only,4,OpenData__Joinable__miller2_vertical_30_ac5_ev,1089,15,1.0,0.06666666666666667,0.125,31
topological_only,4,OpenData__Joinable__miller2_vertical_30_ec_ev,1089,15,0.0,0.0,0.0,31
topological_only,4,OpenData__View -Unionable__miller2_both_0_50_ac4_ev,1444,25,0.7142857142857143,0.2,0.3125,31
topological_only,4,TPC-DI__Unionable__prospect_horizontal_100_ac2_ev,484,22,1.0,0.13636363636363635,0.24,31
topological_only,4,OpenData__Joinable__miller2_vertical_50_ac1_ev,1444,25,1.0,0.08,0.14814814814814814,31
topological_only,4,OpenData__View -Unionable__miller2_both_0_50_ac5_av,1444,25,1.0,0.04,0.07692307692307693,31
topological_only,4,OpenData__View -Unionable__miller2_both_0_50_ac5_ev,1444,25,1.0,0.04,0.07692307692307693,31
topological_only,4,ChEMBL__Unionable__assays_horizontal_0_ac1_ev,529,23,1.0,0.08695652173913043,0.16,31
topological_only,4,ChEMBL__Unionable__assays_horizontal_0_ac2_ev,529,23,1.0,0.21739130434782608,0.35714285714285715,31
topological_only,4,OpenData__Joinable__miller2_vertical_50_ec_ev,1444,25,0.0,0.0,0.0,31
topological_only,4,OpenData__View -Unionable__miller2_both_0_70_ac1_ev,1849,35,1.0,0.05714285714285714,0.10810810810810811,31
topological_only,4,OpenData__View -Unionable__miller2_both_0_70_ac2_ev,1849,35,1.0,0.11428571428571428,0.20512820512820512,31
topological_only,4,OpenData__Joinable__miller2_vertical_70_ac4_ev,1849,35,0.8571428571428571,0.17142857142857143,0.2857142857142857,31
topological_only,4,TPC-DI__Unionable__prospect_horizontal_50_ac1_ev,484,22,1.0,0.09090909090909091,0.16666666666666666,31
topological_only,4,ChEMBL__Unionable__assays_horizontal_0_ac5_ev,529,23,1.0,0.043478260869565216,0.08333333333333333,31
topological_only,4,OpenData__View -Unionable__miller2_both_0_70_ac5_av,1849,35,1.0,0.02857142857142857,0.05555555555555555,31
topological_only,4,TPC-DI__Unionable__prospect_horizontal_50_ac3_ev,484,22,1.0,0.18181818181818182,0.3076923076923077,31
topological_only,4,ChEMBL__Unionable__assays_horizontal_100_ac1_ev,529,23,1.0,0.08695652173913043,0.16,31
topological_only,4,OpenData__Semantically-Joinable__miller2_both_50_1_ac3_av,676,1,0.0,0.0,0.0,31
topological_only,4,OpenData__View -Unionable__miller2_both_0_70_ec_av,1849,35,0.0,0.0,0.0,31
topological_only,4,OpenData__Semantically-Joinable__miller2_both_50_1_ac4_av,676,1,0.0,0.0,0.0,31
topological_only,4,ChEMBL__Unionable__assays_horizontal_100_ac2_ev,529,23,1.0,0.13043478260869565,0.23076923076923078,31
topological_only,4,TPC-DI__Joinable__prospect_both_50_1_ac1_ev,132,1,0.0,0.0,0.0,31
topological_only,4,TPC-DI__Joinable__prospect_both_50_1_ac2_ev,132,1,0.0,0.0,0.0,31
topological_only,4,OpenData__Semantically-Joinable__miller2_both_50_30_ac1_av,1089,15,0.0,0.0,0.0,31
topological_only,4,TPC-DI__Unionable__prospect_horizontal_50_ec_av,484,22,0.0,0.0,0.0,31
topological_only,4,OpenData__Semantically-Joinable__miller2_both_50_30_ac2_av,1089,15,1.0,0.06666666666666667,0.125,31
topological_only,4,TPC-DI__Joinable__prospect_both_50_1_ac4_ev,132,1,0.0,0.0,0.0,31
topological_only,4,TPC-DI__Unionable__prospect_horizontal_50_ec_ev,484,22,0.0,0.0,0.0,31
topological_only,4,TPC-DI__Joinable__prospect_both_50_1_ec_ev,132,1,0.0,0.0,0.0,31
topological_only,4,OpenData__Semantically-Joinable__miller2_both_50_30_ac5_av,1089,15,0.0,0.0,0.0,31
topological_only,4,TPC-DI__Joinable__prospect_both_50_30_ac2_ev,196,6,0.0,0.0,0.0,31
topological_only,4,TPC-DI__View-Unionable__prospect_both_0_1_ac2_ev,132,1,0.0,0.0,0.0,31
topological_only,4,ChEMBL__Unionable__assays_horizontal_100_ec_ev,529,23,1.0,0.08695652173913043,0.16,31
topological_only,4,OpenData__Semantically-Joinable__miller2_both_50_50_ac1_av,1444,25,0.0,0.0,0.0,31
topological_only,4,ChEMBL__Unionable__assays_horizontal_50_ac1_av,529,23,1.0,0.08695652173913043,0.16,31
topological_only,4,TPC-DI__Joinable__prospect_both_50_30_ac4_ev,196,6,1.0,0.16666666666666666,0.2857142857142857,31
topological_only,4,ChEMBL__Unionable__assays_horizontal_50_ac1_ev,529,23,1.0,0.08695652173913043,0.16,31
topological_only,4,OpenData__Semantically-Joinable__miller2_both_50_50_ac3_av,1444,25,0.0,0.0,0.0,31
topological_only,4,TPC-DI__Joinable__prospect_both_50_30_ec_ev,196,6,0.0,0.0,0.0,31
topological_only,4,OpenData__Semantically-Joinable__miller2_both_50_50_ac5_av,1444,25,0.0,0.0,0.0,31
topological_only,4,ChEMBL__Unionable__assays_horizontal_50_ac3_av,529,23,1.0,0.043478260869565216,0.08333333333333333,31
topological_only,4,ChEMBL__Unionable__assays_horizontal_50_ac3_ev,529,23,1.0,0.043478260869565216,0.08333333333333333,31
topological_only,4,TPC-DI__View-Unionable__prospect_both_0_30_ac1_av,196,6,0.0,0.0,0.0,31
topological_only,5,ChEMBL__Unionable__assays_horizontal_50_ec_av,529,23,1.0,0.13043478260869565,0.23076923076923078,31
topological_only,5,TPC-DI__Joinable__prospect_both_50_70_ac2_ev,342,15,1.0,0.26666666666666666,0.42105263157894735,31
topological_only,5,ChEMBL__Unionable__assays_horizontal_50_ec_ev,529,23,1.0,0.13043478260869565,0.23076923076923078,31
topological_only,5,TPC-DI__Joinable__prospect_both_50_70_ac3_ev,342,15,1.0,0.2,0.3333333333333333,31
topological_only,5,TPC-DI__Joinable__prospect_both_50_70_ac4_ev,342,15,1.0,0.6666666666666666,0.8,31
topological_only,5,ChEMBL__Joinable__assays_both_50_1_ec_ev,144,1,0.0,0.0,0.0,31
topological_only,5,ChEMBL__Joinable__assays_both_50_30_ac1_ev,210,6,0.0,0.0,0.0,31
topological_only,5,OpenData__Semantically-Joinable__miller2_vertical_1_ac5_av,676,1,0.0,0.0,0.0,31
topological_only,5,TPC-DI__View-Unionable__prospect_both_0_30_ac5_av,196,6,1.0,0.16666666666666666,0.2857142857142857,31
topological_only,5,ChEMBL__Joinable__assays_both_50_30_ac4_ev,210,6,1.0,0.3333333333333333,0.5,31
topological_only,5,ChEMBL__View-Unionable__assays_both_0_1_ac3_ev,144,1,0.0,0.0,0.0,31
topological_only,5,ChEMBL__Joinable__assays_both_50_30_ac5_ev,210,6,1.0,0.16666666666666666,0.2857142857142857,31
topological_only,5,ChEMBL__View-Unionable__assays_both_0_1_ac5_av,144,1,0.0,0.0,0.0,31
topological_only,5,ChEMBL__Joinable__assays_both_50_50_ac2_ev,289,11,1.0,0.09090909090909091,0.16666666666666666,31
topological_only,5,TPC-DI__Joinable__prospect_vertical_30_ac1_ev,196,6,1.0,0.3333333333333333,0.5,31
topological_only,5,OpenData__Semantically-Joinable__miller2_vertical_30_ec_av,1089,15,0.0,0.0,0.0,31
topological_only,5,ChEMBL__View-Unionable__assays_both_0_1_ec_ev,144,1,0.0,0.0,0.0,31
topological_only,5,TPC-DI__View-Unionable__prospect_both_0_50_ac3_av,272,11,1.0,0.2727272727272727,0.42857142857142855,31
topological_only,5,ChEMBL__Joinable__assays_both_50_50_ac5_ev,289,11,1.0,0.09090909090909091,0.16666666666666666,31
topological_only,5,TPC-DI__Joinable__prospect_vertical_30_ac5_ev,196,6,0.0,0.0,0.0,31
topological_only,5,TPC-DI__View-Unionable__prospect_both_0_50_ac4_av,272,11,1.0,0.18181818181818182,0.3076923076923077,31
topological_only,5,ChEMBL__Joinable__assays_both_50_70_ac1_ev,380,16,1.0,0.0625,0.11764705882352941,31
topological_only,5,TPC-DI__View-Unionable__prospect_both_0_50_ac4_ev,272,11,1.0,0.36363636363636365,0.5333333333333333,31
topological_only,5,ChEMBL__Joinable__assays_both_50_70_ac2_ev,380,16,1.0,0.3125,0.47619047619047616,31
topological_only,5,TPC-DI__View-Unionable__prospect_both_0_50_ac5_av,272,11,1.0,0.18181818181818182,0.3076923076923077,31
topological_only,5,ChEMBL__View-Unionable__assays_both_0_30_ac3_av,210,6,0.0,0.0,0.0,31
topological_only,5,OpenData__Semantically-Joinable__miller2_vertical_50_ec_av,1444,25,1.0,0.08,0.14814814814814814,31
topological_only,5,TPC-DI__Joinable__prospect_vertical_50_ac2_ev,272,11,1.0,0.45454545454545453,0.625,31
topological_only,5,TPC-DI__View-Unionable__prospect_both_0_50_ac5_ev,272,11,1.0,0.09090909090909091,0.16666666666666666,31
topological_only,5,TPC-DI__Joinable__prospect_vertical_50_ac3_ev,272,11,1.0,0.36363636363636365,0.5333333333333333,31
topological_only,5,ChEMBL__View-Unionable__assays_both_0_30_ac4_av,210,6,0.5,0.16666666666666666,0.25,31
topological_only,5,OpenData__Semantically-Joinable__miller2_vertical_70_ac3_av,1849,35,0.6666666666666666,0.05714285714285714,0.10526315789473684,31
topological_only,5,ChEMBL__View-Unionable__assays_both_0_30_ac5_av,210,6,1.0,0.16666666666666666,0.2857142857142857,31
topological_only,5,TPC-DI__View-Unionable__prospect_both_0_70_ac1_ev,342,15,1.0,0.06666666666666667,0.125,31
topological_only,5,ChEMBL__Joinable__assays_vertical_1_ac3_ev,144,1,0.0,0.0,0.0,31
topological_only,5,ChEMBL__Joinable__assays_vertical_1_ac4_ev,144,1,0.0,0.0,0.0,31
topological_only,5,TPC-DI__Joinable__prospect_vertical_70_ac3_ev,342,15,1.0,0.26666666666666666,0.42105263157894735,31
topological_only,5,ChEMBL__Joinable__assays_vertical_1_ac5_ev,144,1,0.0,0.0,0.0,31
topological_only,5,OpenData__Unionable__miller2_horizontal_0_ac3_av,2601,51,1.0,0.058823529411764705,0.1111111111111111,31
topological_only,5,TPC-DI__Semantically-Joinable__prospect_both_50_1_ac1_av,132,1,0.0,0.0,0.0,31
topological_only,5,OpenData__Unionable__miller2_horizontal_0_ac3_ev,2601,51,1.0,0.058823529411764705,0.1111111111111111,31
topological_only,5,ChEMBL__Joinable__assays_vertical_30_ac4_ev,210,6,1.0,0.5,0.6666666666666666,31
topological_only,5,TPC-DI__Semantically-Joinable__prospect_both_50_1_ac4_av,132,1,0.0,0.0,0.0,31
topological_only,5,TPC-DI__View-Unionable__prospect_both_0_70_ec_ev,342,15,0.0,0.0,0.0,31
topological_only,5,TPC-DI__Semantically-Joinable__prospect_both_50_1_ac5_av,132,1,0.0,0.0,0.0,31
topological_only,5,Wikidata__Musicians__Musicians_joinable,169,6,1.0,0.16666666666666666,0.2857142857142857,31
topological_only,5,ChEMBL__View-Unionable__assays_both_0_50_ac5_av,289,11,1.0,0.18181818181818182,0.3076923076923077,31
topological_only,5,TPC-DI__Semantically-Joinable__prospect_both_50_30_ac1_av,196,6,0.0,0.0,0.0,31
topological_only,5,OpenData__Unionable__miller2_horizontal_100_ac1_av,2601,51,1.0,0.13725490196078433,0.2413793103448276,31
topological_only,5,ChEMBL__Joinable__assays_vertical_70_ac1_ev,380,16,1.0,0.25,0.4,31
topological_only,5,ChEMBL__Joinable__assays_vertical_70_ac2_ev,380,16,0.8,0.25,0.38095238095238093,31
topological_only,5,TPC-DI__Semantically-Joinable__prospect_both_50_50_ac3_av,272,11,1.0,0.2727272727272727,0.42857142857142855,31
topological_only,5,ChEMBL__Joinable__assays_vertical_70_ac5_ev,380,16,1.0,0.25,0.4,31
topological_only,5,ChEMBL__View-Unionable__assays_both_0_70_ac4_av,380,16,1.0,0.0625,0.11764705882352941,31
topological_only,5,OpenData__Unionable__miller2_horizontal_100_ec_av,2601,51,1.0,0.0784313725490196,0.14545454545454545,31
topological_only,5,ChEMBL__View-Unionable__assays_both_0_70_ec_ev,380,16,1.0,0.125,0.2222222222222222,31
topological_only,5,OpenData__Unionable__miller2_horizontal_50_ac1_ev,2601,51,1.0,0.13725490196078433,0.2413793103448276,31
topological_only,5,Magellan__beeradvo_ratebeer,25,5,0.0,0.0,0.0,31
topological_only,5,OpenData__Unionable__miller2_horizontal_50_ac3_ev,2601,51,1.0,0.058823529411764705,0.1111111111111111,31
topological_only,5,ChEMBL__Semantically-Joinable__assays_both_50_30_ac4_av,210,6,1.0,0.16666666666666666,0.2857142857142857,31
topological_only,5,ChEMBL__Semantically-Joinable__assays_both_50_30_ec_av,210,6,0.0,0.0,0.0,31
topological_only,5,TPC-DI__Semantically-Joinable__prospect_vertical_1_ac5_av,132,1,0.0,0.0,0.0,31
topological_only,5,ChEMBL__Semantically-Joinable__assays_both_50_50_ac1_av,289,11,0.0,0.0,0.0,31
topological_only,5,TPC-DI__Semantically-Joinable__prospect_vertical_30_ac1_av,196,6,0.0,0.0,0.0,31
topological_only,5,OpenData__Joinable__miller2_both_50_1_ac5_ev,676,1,0.0,0.0,0.0,31
topological_only,5,TPC-DI__Semantically-Joinable__prospect_vertical_30_ac3_av,196,6,1.0,0.16666666666666666,0.2857142857142857,31
topological_only,5,OpenData__Joinable__miller2_both_50_30_ac2_ev,1089,15,1.0,0.3333333333333333,0.5,31
topological_only,5,OpenData__Joinable__miller2_both_50_30_ac4_ev,1089,15,1.0,0.26666666666666666,0.42105263157894735,31
topological_only,5,ChEMBL__Semantically-Joinable__assays_both_50_70_ac5_av,380,16,1.0,0.0625,0.11764705882352941,31
topological_only,5,OpenData__Joinable__miller2_both_50_50_ac1_ev,1444,25,1.0,0.12,0.21428571428571427,31
topological_only,5,OpenData__View -Unionable__miller2_both_0_1_ec_av,676,1,0.0,0.0,0.0,31
topological_only,5,ChEMBL__Semantically-Joinable__assays_vertical_1_ac3_av,144,1,0.0,0.0,0.0,31
topological_only,5,OpenData__View -Unionable__miller2_both_0_1_ec_ev,676,1,0.0,0.0,0.0,31
topological_only,5,OpenData__Joinable__miller2_both_50_50_ec_ev,1444,25,1.0,0.16,0.27586206896551724,31
topological_only,5,TPC-DI__Semantically-Joinable__prospect_vertical_70_ac5_av,342,15,1.0,0.13333333333333333,0.23529411764705882,31
topological_only,5,ChEMBL__Semantically-Joinable__assays_vertical_30_ac1_av,210,6,1.0,0.16666666666666666,0.2857142857142857,31
topological_only,5,ChEMBL__Semantically-Joinable__assays_vertical_30_ac2_av,210,6,1.0,0.16666666666666666,0.2857142857142857,31
topological_only,5,OpenData__Joinable__miller2_both_50_70_ac4_ev,1849,35,1.0,0.37142857142857144,0.5416666666666666,31
topological_only,5,OpenData__View -Unionable__miller2_both_0_30_ac3_ev,1089,15,1.0,0.06666666666666667,0.125,31
topological_only,5,ChEMBL__Semantically-Joinable__assays_vertical_30_ac4_av,210,6,0.0,0.0,0.0,31
topological_only,5,OpenData__View -Unionable__miller2_both_0_30_ac4_ev,1089,15,0.8888888888888888,0.5333333333333333,0.6666666666666666,31
topological_only,5,OpenData__View -Unionable__miller2_both_0_30_ac5_ev,1089,15,0.0,0.0,0.0,31
topological_only,5,ChEMBL__Semantically-Joinable__assays_vertical_70_ec_av,380,16,1.0,0.125,0.2222222222222222,31
topological_only,5,TPC-DI__Unionable__prospect_horizontal_100_ac3_av,484,22,1.0,0.3181818181818182,0.4827586206896552,31
topological_only,5,TPC-DI__Unionable__prospect_horizontal_100_ac3_ev,484,22,1.0,0.3181818181818182,0.4827586206896552,31
topological_only,5,OpenData__Joinable__miller2_vertical_50_ac4_ev,1444,25,0.9166666666666666,0.44,0.5945945945945946,31
topological_only,5,OpenData__View -Unionable__miller2_both_0_70_ac2_av,1849,35,0.6,0.08571428571428572,0.15,31
topological_only,5,ChEMBL__Unionable__assays_horizontal_0_ac4_av,529,23,1.0,0.17391304347826086,0.2962962962962963,31
topological_only,5,TPC-DI__Unionable__prospect_horizontal_100_ec_ev,484,22,0.0,0.0,0.0,31
topological_only,5,OpenData__Joinable__miller2_vertical_70_ac3_ev,1849,35,0.875,0.2,0.32558139534883723,31
topological_only,5,OpenData__Joinable__miller2_vertical_70_ec_ev,1849,35,0.0,0.0,0.0,31
topological_only,5,TPC-DI__Unionable__prospect_horizontal_50_ac3_av,484,22,1.0,0.3181818181818182,0.4827586206896552,31
topological_only,5,OpenData__Semantically-Joinable__miller2_both_50_1_ac2_av,676,1,0.0,0.0,0.0,31
topological_only,5,ChEMBL__Unionable__assays_horizontal_100_ac3_av,529,23,1.0,0.043478260869565216,0.08333333333333333,31
topological_only,5,TPC-DI__Joinable__prospect_both_50_1_ac5_ev,132,1,0.0,0.0,0.0,31
topological_only,5,TPC-DI__View-Unionable__prospect_both_0_1_ac1_av,132,1,0.0,0.0,0.0,31
topological_only,5,TPC-DI__View-Unionable__prospect_both_0_1_ac2_av,132,1,0.0,0.0,0.0,31
topological_only,5,ChEMBL__Unionable__assays_horizontal_100_ec_av,529,23,1.0,0.13043478260869565,0.23076923076923078,31
topological_only,5,TPC-DI__View-Unionable__prospect_both_0_1_ac4_av,132,1,0.0,0.0,0.0,31
topological_only,5,ChEMBL__Unionable__assays_horizontal_50_ac2_ev,529,23,1.0,0.2608695652173913,0.41379310344827586,31
topological_only,5,TPC-DI__View-Unionable__prospect_both_0_1_ec_av,132,1,0.0,0.0,0.0,31
topological_only,5,ChEMBL__Unionable__assays_horizontal_50_ac4_av,529,23,0.7777777777777778,0.30434782608695654,0.4375,31
topological_only,5,OpenData__Semantically-Joinable__miller2_both_50_70_ac2_av,1849,35,1.0,0.11428571428571428,0.20512820512820512,31
topological_only,5,TPC-DI__Joinable__prospect_both_50_50_ac5_ev,272,11,0.0,0.0,0.0,31
syn_distance,0,ChEMBL__Unionable__assays_horizontal_50_ac5_av,529,23,1.0,0.34782608695652173,0.5161290322580645,29
syn_distance,0,OpenData__Semantically-Joinable__miller2_both_50_70_ac4_av,1849,35,1.0,0.2571428571428571,0.4090909090909091,29
syn_distance,0,TPC-DI__Joinable__prospect_both_50_50_ec_ev,272,11,1.0,0.18181818181818182,0.3076923076923077,29
syn_distance,0,TPC-DI__View-Unionable__prospect_both_0_30_ac1_ev,196,6,1.0,0.16666666666666666,0.2857142857142857,29
syn_distance,0,ChEMBL__Joinable__assays_both_50_1_ac2_ev,144,1,0.0,0.0,0.0,29
syn_distance,0,ChEMBL__Unionable__assays_horizontal_50_ac5_ev,529,23,1.0,0.34782608695652173,0.5161290322580645,29
syn_distance,0,ChEMBL__Joinable__assays_both_50_1_ac3_ev,144,1,0.0,0.0,0.0,29
syn_distance,0,TPC-DI__View-Unionable__prospect_both_0_30_ac2_ev,196,6,1.0,0.6666666666666666,0.8,29
syn_distance,0,OpenData__Semantically-Joinable__miller2_vertical_1_ac4_av,676,1,0.0,0.0,0.0,29
syn_distance,0,TPC-DI__Joinable__prospect_both_50_70_ec_ev,342,15,1.0,0.3333333333333333,0.5,29
syn_distance,0,ChEMBL__View-Unionable__assays_both_0_1_ac2_ev,144,1,0.0,0.0,0.0,29
syn_distance,0,TPC-DI__Joinable__prospect_vertical_1_ac2_ev,132,1,1.0,1.0,1.0,29
syn_distance,0,TPC-DI__View-Unionable__prospect_both_0_30_ec_av,196,6,1.0,0.3333333333333333,0.5,29
syn_distance,0,OpenData__Semantically-Joinable__miller2_vertical_30_ac2_av,1089,15,0.9166666666666666,0.7333333333333333,0.8148148148148148,29
syn_distance,0,ChEMBL__Joinable__assays_both_50_30_ec_ev,210,6,1.0,0.3333333333333333,0.5,29
syn_distance,0,TPC-DI__View-Unionable__prospect_both_0_50_ac1_av,272,11,1.0,0.18181818181818182,0.3076923076923077,29
syn_distance,0,TPC-DI__Joinable__prospect_vertical_1_ec_ev,132,1,0.0,0.0,0.0,29
syn_distance,0,TPC-DI__View-Unionable__prospect_both_0_50_ac1_ev,272,11,1.0,0.2727272727272727,0.42857142857142855,29
syn_distance,0,ChEMBL__View-Unionable__assays_both_0_30_ac1_av,210,6,1.0,0.16666666666666666,0.2857142857142857,29
syn_distance,0,OpenData__Semantically-Joinable__miller2_vertical_50_ac3_av,1444,25,1.0,0.36,0.5294117647058824,29
syn_distance,0,ChEMBL__View-Unionable__assays_both_0_30_ac2_av,210,6,1.0,0.3333333333333333,0.5,29
syn_distance,0,OpenData__Semantically-Joinable__miller2_vertical_50_ac4_av,1444,25,1.0,0.32,0.48484848484848486,29
syn_distance,0,OpenData__Semantically-Joinable__miller2_vertical_50_ac5_av,1444,25,1.0,0.12,0.21428571428571427,29
syn_distance,0,TPC-DI__Joinable__prospect_vertical_50_ac1_ev,272,11,1.0,0.9090909090909091,0.9523809523809523,29
syn_distance,0,ChEMBL__Joinable__assays_both_50_70_ac3_ev,380,16,1.0,0.5,0.6666666666666666,29
syn_distance,0,ChEMBL__Joinable__assays_both_50_70_ac4_ev,380,16,1.0,0.6875,0.8148148148148148,29
syn_distance,0,OpenData__Semantically-Joinable__miller2_vertical_70_ac2_av,1849,35,0.9444444444444444,0.4857142857142857,0.6415094339622641,29
syn_distance,0,ChEMBL__Joinable__assays_both_50_70_ec_ev,380,16,1.0,0.375,0.5454545454545454,29
syn_distance,0,TPC-DI__Joinable__prospect_vertical_50_ac5_ev,272,11,1.0,0.9090909090909091,0.9523809523809523,29
syn_distance,0,OpenData__Semantically-Joinable__miller2_vertical_70_ac4_av,1849,35,0.8888888888888888,0.22857142857142856,0.36363636363636365,29
syn_distance,0,TPC-DI__Joinable__prospect_vertical_50_ec_ev,272,11,0.0,0.0,0.0,29
syn_distance,0,TPC-DI__Joinable__prospect_vertical_70_ac1_ev,342,15,1.0,1.0,1.0,29
syn_distance,0,ChEMBL__View-Unionable__assays_both_0_30_ec_av,210,6,0.0,0.0,0.0,29
syn_distance,0,OpenData__Unionable__miller2_horizontal_0_ac1_ev,2601,51,1.0,0.45098039215686275,0.6216216216216216,29
syn_distance,0,TPC-DI__Joinable__prospect_vertical_70_ac4_ev,342,15,1.0,0.8,0.8888888888888888,29
syn_distance,0,TPC-DI__View-Unionable__prospect_both_0_70_ac3_ev,342,15,1.0,0.4,0.5714285714285714,29
syn_distance,0,ChEMBL__Joinable__assays_vertical_1_ec_ev,144,1,0.0,0.0,0.0,29
syn_distance,0,OpenData__Unionable__miller2_horizontal_0_ac2_av,2601,51,0.9555555555555556,0.8431372549019608,0.8958333333333334,29
syn_distance,0,TPC-DI__View-Unionable__prospect_both_0_70_ac4_ev,342,15,1.0,0.3333333333333333,0.5,29
syn_distance,0,ChEMBL__Joinable__assays_vertical_30_ac3_ev,210,6,1.0,1.0,1.0,29
syn_distance,0,ChEMBL__View-Unionable__assays_both_0_50_ac3_av,289,11,0.0,0.0,0.0,29
syn_distance,0,TPC-DI__View-Unionable__prospect_both_0_70_ac5_ev,342,15,1.0,0.26666666666666666,0.42105263157894735,29
syn_distance,0,ChEMBL__View-Unionable__assays_both_0_50_ac3_ev,289,11,1.0,0.5454545454545454,0.7058823529411765,29
syn_distance,0,ChEMBL__Joinable__assays_vertical_30_ec_ev,210,6,0.0,0.0,0.0,29
syn_distance,0,ChEMBL__View-Unionable__assays_both_0_50_ac4_ev,289,11,1.0,0.36363636363636365,0.5333333333333333,29
syn_distance,0,ChEMBL__Joinable__assays_vertical_50_ac2_ev,289,11,1.0,0.8181818181818182,0.9,29
syn_distance,0,Wikidata__Musicians__Musicians_unionable,400,19,0.9411764705882353,0.8421052631578947,0.8888888888888888,29
syn_distance,0,ChEMBL__Joinable__assays_vertical_50_ac4_ev,289,11,1.0,0.7272727272727273,0.8421052631578947,29
syn_distance,0,ChEMBL__View-Unionable__assays_both_0_50_ec_ev,289,11,1.0,0.36363636363636365,0.5333333333333333,29
syn_distance,0,ChEMBL__View-Unionable__assays_both_0_70_ac1_av,380,16,1.0,0.0625,0.11764705882352941,29
syn_distance,0,OpenData__Unionable__miller2_horizontal_100_ac1_ev,2601,51,1.0,0.45098039215686275,0.6216216216216216,29
syn_distance,0,ChEMBL__Joinable__assays_vertical_50_ec_ev,289,11,0.0,0.0,0.0,29
syn_distance,0,ChEMBL__View-Unionable__assays_both_0_70_ac2_av,380,16,1.0,0.3125,0.47619047619047616,29
syn_distance,0,TPC-DI__Semantically-Joinable__prospect_both_50_50_ac1_av,272,11,0.0,0.0,0.0,29
syn_distance,0,ChEMBL__Joinable__assays_vertical_70_ac3_ev,380,16,1.0,0.6875,0.8148148148148148,29
syn_distance,0,OpenData__Unionable__miller2_horizontal_100_ac3_ev,2601,51,1.0,0.47058823529411764,0.64,29
syn_distance,0,ChEMBL__View-Unionable__assays_both_0_70_ac3_ev,380,16,1.0,0.5,0.6666666666666666,29
syn_distance,0,OpenData__Unionable__miller2_horizontal_100_ac4_ev,2601,51,1.0,0.6666666666666666,0.8,29
syn_distance,0,TPC-DI__Semantically-Joinable__prospect_both_50_50_ac4_av,272,11,1.0,0.2727272727272727,0.42857142857142855,29
syn_distance,0,ChEMBL__Joinable__assays_vertical_70_ec_ev,380,16,0.0,0.0,0.0,29
syn_distance,0,ChEMBL__View-Unionable__assays_both_0_70_ac4_ev,380,16,1.0,0.5,0.6666666666666666,29
syn_distance,0,TPC-DI__Semantically-Joinable__prospect_both_50_50_ac5_av,272,11,1.0,0.09090909090909091,0.16666666666666666,29
syn_distance,0,ChEMBL__View-Unionable__assays_both_0_70_ac5_av,380,16,1.0,0.125,0.2222222222222222,29
syn_distance,0,OpenData__Unionable__miller2_horizontal_100_ac5_ev,2601,51,1.0,0.3333333333333333,0.5,29
syn_distance,0,ChEMBL__Semantically-Joinable__assays_both_50_1_ac2_av,144,1,0.0,0.0,0.0,29
syn_distance,0,ChEMBL__View-Unionable__assays_both_0_70_ac5_ev,380,16,1.0,0.375,0.5454545454545454,29
syn_distance,0,TPC-DI__Semantically-Joinable__prospect_both_50_70_ac1_av,342,15,1.0,0.13333333333333333,0.23529411764705882,29
syn_distance,0,ChEMBL__View-Unionable__assays_both_0_70_ec_av,380,16,0.0,0.0,0.0,29
syn_distance,0,ChEMBL__Semantically-Joinable__assays_both_50_1_ac4_av,144,1,0.0,0.0,0.0,29
syn_distance,0,OpenData__Unionable__miller2_horizontal_50_ac1_av,2601,51,1.0,0.45098039215686275,0.6216216216216216,29
syn_distance,0,ChEMBL__Semantically-Joinable__assays_both_50_1_ec_av,144,1,0.0,0.0,0.0,29
syn_distance,0,TPC-DI__Semantically-Joinable__prospect_both_50_70_ac5_av,342,15,1.0,0.2,0.3333333333333333,29
syn_distance,0,ChEMBL__Semantically-Joinable__assays_both_50_30_ac1_av,210,6,0.0,0.0,0.0,29
syn_distance,0,Magellan__dblp_acm,25,5,1.0,1.0,1.0,29
syn_distance,0,ChEMBL__Semantically-Joinable__assays_both_50_30_ac2_av,210,6,1.0,0.3333333333333333,0.5,29
syn_distance,0,Magellan__dblp_scholar,25,5,1.0,0.6,0.75,29
syn_distance,0,OpenData__Unionable__miller2_horizontal_50_ac3_av,2601,51,1.0,0.47058823529411764,0.64,29
syn_distance,0,TPC-DI__Semantically-Joinable__prospect_vertical_1_ac2_av,132,1,1.0,1.0,1.0,29
syn_distance,0,OpenData__Unionable__miller2_horizontal_50_ac4_av,2601,51,1.0,0.6666666666666666,0.8,29
syn_distance,0,TPC-DI__Semantically-Joinable__prospect_vertical_1_ac4_av,132,1,1.0,1.0,1.0,29
syn_distance,0,OpenData__Joinable__miller2_both_50_1_ac1_ev,676,1,0.0,0.0,0.0,29
syn_distance,0,OpenData__Joinable__miller2_both_50_1_ac2_ev,676,1,1.0,1.0,1.0,29
syn_distance,0,OpenData__Unionable__miller2_horizontal_50_ac5_ev,2601,51,1.0,0.3333333333333333,0.5,29
syn_distance,0,TPC-DI__Semantically-Joinable__prospect_vertical_1_ec_av,132,1,1.0,1.0,1.0,29
syn_distance,0,ChEMBL__Semantically-Joinable__assays_both_50_50_ac2_av,289,11,1.0,0.09090909090909091,0.16666666666666666,29
syn_distance,0,OpenData__Joinable__miller2_both_50_1_ac3_ev,676,1,1.0,1.0,1.0,29
syn_distance,0,OpenData__Unionable__miller2_horizontal_50_ec_ev,2601,51,1.0,0.43137254901960786,0.6027397260273972,29
syn_distance,0,ChEMBL__Semantically-Joinable__assays_both_50_50_ac5_av,289,11,1.0,0.18181818181818182,0.3076923076923077,29
syn_distance,0,ChEMBL__Semantically-Joinable__assays_both_50_50_ec_av,289,11,1.0,0.18181818181818182,0.3076923076923077,29
syn_distance,0,TPC-DI__Semantically-Joinable__prospect_vertical_30_ac5_av,196,6,1.0,0.3333333333333333,0.5,29
syn_distance,0,OpenData__View -Unionable__miller2_both_0_1_ac2_ev,676,1,1.0,1.0,1.0,29
syn_distance,0,OpenData__View -Unionable__miller2_both_0_1_ac3_av,676,1,0.0,0.0,0.0,29
syn_distance,0,TPC-DI__Semantically-Joinable__prospect_vertical_50_ac1_av,272,11,1.0,0.5454545454545454,0.7058823529411765,29
syn_distance,0,TPC-DI__Semantically-Joinable__prospect_vertical_50_ac2_av,272,11,0.8333333333333334,0.45454545454545453,0.5882352941176471,29
syn_distance,0,OpenData__Joinable__miller2_both_50_30_ec_ev,1089,15,1.0,0.4666666666666667,0.6363636363636364,29
syn_distance,0,TPC-DI__Semantically-Joinable__prospect_vertical_50_ac4_av,272,11,1.0,0.18181818181818182,0.3076923076923077,29
syn_distance,0,TPC-DI__Semantically-Joinable__prospect_vertical_50_ec_av,272,11,1.0,0.45454545454545453,0.625,29
syn_distance,0,TPC-DI__Semantically-Joinable__prospect_vertical_70_ac2_av,342,15,0.75,0.4,0.5217391304347826,29
syn_distance,0,OpenData__Joinable__miller2_both_50_50_ac5_ev,1444,25,1.0,0.2,0.3333333333333333,29
syn_distance,0,ChEMBL__Semantically-Joinable__assays_vertical_1_ac5_av,144,1,1.0,1.0,1.0,29
syn_distance,0,OpenData__Joinable__miller2_both_50_70_ac1_ev,1849,35,1.0,0.45714285714285713,0.6274509803921569,29
syn_distance,0,OpenData__View -Unionable__miller2_both_0_30_ac3_av,1089,15,1.0,0.3333333333333333,0.5,29
syn_distance,0,TPC-DI__Unionable__prospect_horizontal_0_ac1_av,484,22,1.0,0.2727272727272727,0.42857142857142855,29
syn_distance,0,OpenData__Joinable__miller2_both_50_70_ac5_ev,1849,35,1.0,0.4,0.5714285714285714,29
syn_distance,0,OpenData__View -Unionable__miller2_both_0_30_ac4_av,1089,15,1.0,0.26666666666666666,0.42105263157894735,29
syn_distance,0,ChEMBL__Semantically-Joinable__assays_vertical_30_ac5_av,210,6,1.0,0.5,0.6666666666666666,29
syn_distance,0,TPC-DI__Unionable__prospect_horizontal_0_ac2_ev,484,22,1.0,0.6818181818181818,0.8108108108108109,29
syn_distance,0,ChEMBL__Semantically-Joinable__assays_vertical_30_ec_av,210,6,0.0,0.0,0.0,29
syn_distance,0,OpenData__View -Unionable__miller2_both_0_30_ac5_av,1089,15,0.0,0.0,0.0,29
syn_distance,0,TPC-DI__Unionable__prospect_horizontal_0_ac3_av,484,22,1.0,0.5,0.6666666666666666,29
syn_distance,0,TPC-DI__Unionable__prospect_horizontal_0_ac4_av,484,22,1.0,0.36363636363636365,0.5333333333333333,29
syn_distance,0,OpenData__Joinable__miller2_vertical_1_ac4_ev,676,1,0.0,0.0,0.0,29
syn_distance,0,ChEMBL__Semantically-Joinable__assays_vertical_50_ac4_av,289,11,1.0,0.5454545454545454,0.7058823529411765,29
syn_distance,0,ChEMBL__Semantically-Joinable__assays_vertical_50_ac5_av,289,11,1.0,0.5454545454545454,0.7058823529411765,29
syn_distance,0,OpenData__View -Unionable__miller2_both_0_50_ac2_av,1444,25,1.0,0.48,0.6486486486486487,29
syn_distance,0,OpenData__Joinable__miller2_vertical_30_ac2_ev,1089,15,1.0,0.9333333333333333,0.9655172413793104,29
syn_distance,0,OpenData__View -Unionable__miller2_both_0_50_ac2_ev,1444,25,1.0,0.96,0.9795918367346939,29
syn_distance,0,TPC-DI__Unionable__prospect_horizontal_0_ec_ev,484,22,1.0,0.2727272727272727,0.42857142857142855,29
syn_distance,0,ChEMBL__Semantically-Joinable__assays_vertical_70_ac2_av,380,16,1.0,0.625,0.7692307692307693,29
syn_distance,0,OpenData__Joinable__miller2_vertical_30_ac3_ev,1089,15,1.0,0.7333333333333333,0.8461538461538461,29
syn_distance,0,OpenData__View -Unionable__miller2_both_0_50_ac3_ev,1444,25,1.0,0.6,0.75,29
syn_distance,0,TPC-DI__Unionable__prospect_horizontal_100_ac2_ev,484,22,1.0,0.7272727272727273,0.8421052631578947,29
syn_distance,0,OpenData__Joinable__miller2_vertical_50_ac1_ev,1444,25,1.0,0.8,0.8888888888888888,29
syn_distance,0,OpenData__View -Unionable__miller2_both_0_50_ac5_av,1444,25,1.0,0.08,0.14814814814814814,29
syn_distance,0,ChEMBL__Unionable__assays_horizontal_0_ac1_av,529,23,1.0,0.43478260869565216,0.6060606060606061,29
syn_distance,0,OpenData__View -Unionable__miller2_both_0_50_ac5_ev,1444,25,1.0,0.32,0.48484848484848486,29
syn_distance,0,OpenData__Joinable__miller2_vertical_50_ac3_ev,1444,25,1.0,0.56,0.717948717948718,29
syn_distance,0,OpenData__View -Unionable__miller2_both_0_50_ec_av,1444,25,0.0,0.0,0.0,29
syn_distance,0,ChEMBL__Unionable__assays_horizontal_0_ac2_av,529,23,1.0,0.6521739130434783,0.7894736842105263,29
syn_distance,0,ChEMBL__Unionable__assays_horizontal_0_ac2_ev,529,23,1.0,0.782608695652174,0.8780487804878049,29
syn_distance,0,TPC-DI__Unionable__prospect_horizontal_100_ac5_av,484,22,1.0,0.2727272727272727,0.42857142857142855,29
syn_distance,0,ChEMBL__Unionable__assays_horizontal_0_ac3_av,529,23,1.0,0.34782608695652173,0.5161290322580645,29
syn_distance,0,OpenData__Joinable__miller2_vertical_50_ec_ev,1444,25,1.0,0.04,0.07692307692307693,29
syn_distance,0,OpenData__Joinable__miller2_vertical_70_ac2_ev,1849,35,1.0,0.9714285714285714,0.9855072463768116,29
syn_distance,0,ChEMBL__Unionable__assays_horizontal_0_ac4_ev,529,23,1.0,0.5652173913043478,0.7222222222222222,29
syn_distance,0,OpenData__Joinable__miller2_vertical_70_ac4_ev,1849,35,0.9655172413793104,0.8,0.875,29
syn_distance,0,OpenData__View -Unionable__miller2_both_0_70_ac3_ev,1849,35,1.0,0.42857142857142855,0.6,29
syn_distance,0,TPC-DI__Unionable__prospect_horizontal_50_ac1_ev,484,22,1.0,0.2727272727272727,0.42857142857142855,29
syn_distance,0,OpenData__View -Unionable__miller2_both_0_70_ac4_av,1849,35,0.9,0.2571428571428571,0.4,29
syn_distance,0,ChEMBL__Unionable__assays_horizontal_0_ec_ev,529,23,1.0,0.34782608695652173,0.5161290322580645,29
syn_distance,0,OpenData__Semantically-Joinable__miller2_both_50_1_ac1_av,676,1,0.0,0.0,0.0,29
syn_distance,0,TPC-DI__Unionable__prospect_horizontal_50_ac3_ev,484,22,1.0,0.5,0.6666666666666666,29
syn_distance,0,OpenData__Semantically-Joinable__miller2_both_50_1_ac4_av,676,1,0.0,0.0,0.0,29
syn_distance,0,OpenData__View -Unionable__miller2_both_0_70_ec_ev,1849,35,1.0,0.37142857142857144,0.5416666666666666,29
syn_distance,0,TPC-DI__Unionable__prospect_horizontal_50_ac4_ev,484,22,1.0,0.45454545454545453,0.625,29
syn_distance,0,OpenData__Semantically-Joinable__miller2_both_50_1_ac5_av,676,1,0.0,0.0,0.0,29
syn_distance,0,TPC-DI__Unionable__prospect_horizontal_50_ac5_av,484,22,1.0,0.2727272727272727,0.42857142857142855,29
syn_distance,0,OpenData__Semantically-Joinable__miller2_both_50_1_ec_av,676,1,0.0,0.0,0.0,29
syn_distance,0,TPC-DI__Joinable__prospect_both_50_1_ac2_ev,132,1,0.0,0.0,0.0,29
syn_distance,0,ChEMBL__Unionable__assays_horizontal_100_ac4_av,529,23,1.0,0.5217391304347826,0.6857142857142857,29
syn_distance,0,TPC-DI__Joinable__prospect_both_50_1_ac4_ev,132,1,0.0,0.0,0.0,29
syn_distance,0,TPC-DI__View-Unionable__prospect_both_0_1_ac1_ev,132,1,0.0,0.0,0.0,29
syn_distance,0,OpenData__Semantically-Joinable__miller2_both_50_30_ec_av,1089,15,1.0,0.13333333333333333,0.23529411764705882,29
syn_distance,0,TPC-DI__Joinable__prospect_both_50_30_ac2_ev,196,6,1.0,0.5,0.6666666666666666,29
syn_distance,0,ChEMBL__Unionable__assays_horizontal_100_ec_ev,529,23,1.0,0.34782608695652173,0.5161290322580645,29
syn_distance,0,OpenData__Semantically-Joinable__miller2_both_50_50_ac1_av,1444,25,1.0,0.24,0.3870967741935484,29
syn_distance,0,TPC-DI__Joinable__prospect_both_50_30_ac3_ev,196,6,1.0,0.3333333333333333,0.5,29
syn_distance,0,TPC-DI__View-Unionable__prospect_both_0_1_ac3_av,132,1,0.0,0.0,0.0,29
syn_distance,0,OpenData__Semantically-Joinable__miller2_both_50_50_ac2_av,1444,25,0.9285714285714286,0.52,0.6666666666666666,29
syn_distance,0,TPC-DI__Joinable__prospect_both_50_30_ac5_ev,196,6,1.0,0.3333333333333333,0.5,29
syn_distance,0,TPC-DI__Joinable__prospect_both_50_30_ec_ev,196,6,1.0,0.16666666666666666,0.2857142857142857,29
syn_distance,0,TPC-DI__View-Unionable__prospect_both_0_1_ac4_ev,132,1,0.0,0.0,0.0,29
syn_distance,0,TPC-DI__View-Unionable__prospect_both_0_1_ac5_av,132,1,0.0,0.0,0.0,29
syn_distance,0,ChEMBL__Unionable__assays_horizontal_50_ac3_av,529,23,1.0,0.391304347826087,0.5625,29
syn_distance,0,TPC-DI__View-Unionable__prospect_both_0_1_ec_ev,132,1,0.0,0.0,0.0,29
syn_distance,0,TPC-DI__View-Unionable__prospect_both_0_30_ac1_av,196,6,1.0,0.16666666666666666,0.2857142857142857,29
syn_distance,1,ChEMBL__Joinable__assays_both_50_1_ac1_ev,144,1,0.0,0.0,0.0,29
syn_distance,1,OpenData__Semantically-Joinable__miller2_both_50_70_ac4_av,1849,35,1.0,0.4,0.5714285714285714,29
syn_distance,1,TPC-DI__View-Unionable__prospect_both_0_30_ac1_ev,196,6,1.0,0.16666666666666666,0.2857142857142857,29
syn_distance,1,ChEMBL__Joinable__assays_both_50_1_ac2_ev,144,1,0.0,0.0,0.0,29
syn_distance,1,ChEMBL__Unionable__assays_horizontal_50_ac5_ev,529,23,1.0,0.34782608695652173,0.5161290322580645,29
syn_distance,1,TPC-DI__View-Unionable__prospect_both_0_30_ac2_av,196,6,1.0,0.5,0.6666666666666666,29
syn_distance,1,ChEMBL__Joinable__assays_both_50_1_ac3_ev,144,1,0.0,0.0,0.0,29
syn_distance,1,OpenData__Semantically-Joinable__miller2_both_50_70_ec_av,1849,35,1.0,0.42857142857142855,0.6,29
syn_distance,1,ChEMBL__Joinable__assays_both_50_1_ac5_ev,144,1,0.0,0.0,0.0,29
syn_distance,1,TPC-DI__View-Unionable__prospect_both_0_30_ac3_ev,196,6,1.0,0.16666666666666666,0.2857142857142857,29
syn_distance,1,OpenData__Semantically-Joinable__miller2_vertical_1_ac3_av,676,1,1.0,1.0,1.0,29
syn_distance,1,ChEMBL__View-Unionable__assays_both_0_1_ac2_ev,144,1,0.0,0.0,0.0,29
syn_distance,1,TPC-DI__Joinable__prospect_vertical_1_ac3_ev,132,1,1.0,1.0,1.0,29
syn_distance,1,TPC-DI__Joinable__prospect_vertical_1_ac4_ev,132,1,1.0,1.0,1.0,29
syn_distance,1,ChEMBL__Joinable__assays_both_50_30_ec_ev,210,6,1.0,0.5,0.6666666666666666,29
syn_distance,1,OpenData__Semantically-Joinable__miller2_vertical_30_ac3_av,1089,15,1.0,0.5333333333333333,0.6956521739130435,29
syn_distance,1,TPC-DI__View-Unionable__prospect_both_0_50_ac1_av,272,11,1.0,0.18181818181818182,0.3076923076923077,29
syn_distance,1,ChEMBL__Joinable__assays_both_50_50_ac1_ev,289,11,1.0,0.45454545454545453,0.625,29
syn_distance,1,OpenData__Semantically-Joinable__miller2_vertical_30_ac4_av,1089,15,1.0,0.4,0.5714285714285714,29
syn_distance,1,TPC-DI__Joinable__prospect_vertical_1_ec_ev,132,1,1.0,1.0,1.0,29
syn_distance,1,TPC-DI__View-Unionable__prospect_both_0_50_ac1_ev,272,11,1.0,0.2727272727272727,0.42857142857142855,29
syn_distance,1,ChEMBL__View-Unionable__assays_both_0_1_ac5_ev,144,1,0.0,0.0,0.0,29
syn_distance,1,OpenData__Semantically-Joinable__miller2_vertical_30_ac5_av,1089,15,1.0,0.06666666666666667,0.125,29
syn_distance,1,TPC-DI__View-Unionable__prospect_both_0_50_ac2_ev,272,11,1.0,0.36363636363636365,0.5333333333333333,29
syn_distance,1,ChEMBL__View-Unionable__assays_both_0_30_ac1_av,210,6,1.0,0.3333333333333333,0.5,29
syn_distance,1,ChEMBL__View-Unionable__assays_both_0_30_ac1_ev,210,6,1.0,0.3333333333333333,0.5,29
syn_distance,1,OpenData__Semantically-Joinable__miller2_vertical_50_ac3_av,1444,25,1.0,0.48,0.6486486486486487,29
syn_distance,1,TPC-DI__Joinable__prospect_vertical_30_ec_ev,196,6,1.0,1.0,1.0,29
syn_distance,1,ChEMBL__View-Unionable__assays_both_0_30_ac2_ev,210,6,1.0,0.5,0.6666666666666666,29
syn_distance,1,TPC-DI__Joinable__prospect_vertical_50_ac1_ev,272,11,1.0,0.9090909090909091,0.9523809523809523,29
syn_distance,1,OpenData__Semantically-Joinable__miller2_vertical_70_ac1_av,1849,35,1.0,0.37142857142857144,0.5416666666666666,29
syn_distance,1,TPC-DI__View-Unionable__prospect_both_0_50_ec_av,272,11,0.75,0.5454545454545454,0.631578947368421,29
syn_distance,1,ChEMBL__Joinable__assays_both_50_70_ec_ev,380,16,1.0,0.75,0.8571428571428571,29
syn_distance,1,TPC-DI__Joinable__prospect_vertical_50_ac5_ev,272,11,1.0,1.0,1.0,29
syn_distance,1,ChEMBL__Joinable__assays_vertical_1_ac1_ev,144,1,1.0,1.0,1.0,29
syn_distance,1,ChEMBL__Joinable__assays_vertical_1_ac2_ev,144,1,1.0,1.0,1.0,29
syn_distance,1,TPC-DI__View-Unionable__prospect_both_0_70_ac2_av,342,15,1.0,0.5333333333333333,0.6956521739130435,29
syn_distance,1,ChEMBL__View-Unionable__assays_both_0_30_ec_av,210,6,1.0,0.3333333333333333,0.5,29
syn_distance,1,OpenData__Semantically-Joinable__miller2_vertical_70_ec_av,1849,35,0.96,0.6857142857142857,0.8,29
syn_distance,1,TPC-DI__View-Unionable__prospect_both_0_70_ac2_ev,342,15,1.0,0.6,0.75,29
syn_distance,1,ChEMBL__View-Unionable__assays_both_0_30_ec_ev,210,6,1.0,0.8333333333333334,0.9090909090909091,29
syn_distance,1,OpenData__Unionable__miller2_horizontal_0_ac1_ev,2601,51,1.0,0.45098039215686275,0.6216216216216216,29
syn_distance,1,TPC-DI__Joinable__prospect_vertical_70_ac5_ev,342,15,1.0,0.9333333333333333,0.9655172413793104,29
syn_distance,1,OpenData__Unionable__miller2_horizontal_0_ac2_ev,2601,51,1.0,0.8823529411764706,0.9375,29
syn_distance,1,TPC-DI__Joinable__prospect_vertical_70_ec_ev,342,15,1.0,1.0,1.0,29
syn_distance,1,TPC-DI__View-Unionable__prospect_both_0_70_ac5_av,342,15,0.0,0.0,0.0,29
syn_distance,1,ChEMBL__Joinable__assays_vertical_30_ac3_ev,210,6,1.0,1.0,1.0,29
syn_distance,1,TPC-DI__View-Unionable__prospect_both_0_70_ac5_ev,342,15,1.0,0.2,0.3333333333333333,29
syn_distance,1,OpenData__Unionable__miller2_horizontal_0_ac4_av,2601,51,1.0,0.49019607843137253,0.6578947368421053,29
syn_distance,1,TPC-DI__Semantically-Joinable__prospect_both_50_1_ac3_av,132,1,0.0,0.0,0.0,29
syn_distance,1,ChEMBL__Joinable__assays_vertical_30_ac5_ev,210,6,1.0,0.6666666666666666,0.8,29
syn_distance,1,OpenData__Unionable__miller2_horizontal_0_ac4_ev,2601,51,1.0,0.6274509803921569,0.7710843373493976,29
syn_distance,1,ChEMBL__Joinable__assays_vertical_30_ec_ev,210,6,1.0,1.0,1.0,29
syn_distance,1,ChEMBL__Joinable__assays_vertical_50_ac1_ev,289,11,1.0,0.8181818181818182,0.9,29
syn_distance,1,Wikidata__Musicians__Musicians_semjoinable,196,8,1.0,0.875,0.9333333333333333,29
syn_distance,1,ChEMBL__View-Unionable__assays_both_0_50_ac5_ev,289,11,1.0,0.2727272727272727,0.42857142857142855,29
syn_distance,1,OpenData__Unionable__miller2_horizontal_0_ec_av,2601,51,0.8867924528301887,0.9215686274509803,0.9038461538461539,29
syn_distance,1,ChEMBL__View-Unionable__assays_both_0_50_ec_av,289,11,1.0,0.36363636363636365,0.5333333333333333,29
syn_distance,1,TPC-DI__Semantically-Joinable__prospect_both_50_30_ac3_av,196,6,0.0,0.0,0.0,29
syn_distance,1,TPC-DI__Semantically-Joinable__prospect_both_50_30_ac4_av,196,6,1.0,0.3333333333333333,0.5,29
syn_distance,1,OpenData__Unionable__miller2_horizontal_100_ac2_ev,2601,51,1.0,0.8823529411764706,0.9375,29
syn_distance,1,TPC-DI__Semantically-Joinable__prospect_both_50_30_ec_av,196,6,0.5,0.3333333333333333,0.4,29
syn_distance,1,ChEMBL__Joinable__assays_vertical_70_ac3_ev,380,16,1.0,0.6875,0.8148148148148148,29
syn_distance,1,ChEMBL__View-Unionable__assays_both_0_70_ac3_av,380,16,1.0,0.1875,0.3157894736842105,29
syn_distance,1,ChEMBL__Joinable__assays_vertical_70_ac4_ev,380,16,1.0,0.875,0.9333333333333333,29
syn_distance,1,OpenData__Unionable__miller2_horizontal_100_ac4_av,2601,51,1.0,0.6862745098039216,0.813953488372093,29
syn_distance,1,ChEMBL__View-Unionable__assays_both_0_70_ac4_ev,380,16,1.0,0.375,0.5454545454545454,29
syn_distance,1,OpenData__Unionable__miller2_horizontal_100_ac5_av,2601,51,1.0,0.3137254901960784,0.47761194029850745,29
syn_distance,1,ChEMBL__View-Unionable__assays_both_0_70_ac5_av,380,16,1.0,0.25,0.4,29
syn_distance,1,OpenData__Unionable__miller2_horizontal_100_ac5_ev,2601,51,1.0,0.3137254901960784,0.47761194029850745,29
syn_distance,1,TPC-DI__Semantically-Joinable__prospect_both_50_50_ec_av,272,11,1.0,0.45454545454545453,0.625,29
syn_distance,1,ChEMBL__View-Unionable__assays_both_0_70_ac5_ev,380,16,1.0,0.375,0.5454545454545454,29
syn_distance,1,ChEMBL__View-Unionable__assays_both_0_70_ec_av,380,16,1.0,0.5,0.6666666666666666,29
syn_distance,1,OpenData__Unionable__miller2_horizontal_100_ec_ev,2601,51,1.0,0.9019607843137255,0.9484536082474226,29
syn_distance,1,ChEMBL__Semantically-Joinable__assays_both_50_1_ac4_av,144,1,0.0,0.0,0.0,29
syn_distance,1,TPC-DI__Semantically-Joinable__prospect_both_50_70_ac4_av,342,15,0.6666666666666666,0.13333333333333333,0.2222222222222222,29
syn_distance,1,ChEMBL__Semantically-Joinable__assays_both_50_30_ac1_av,210,6,1.0,0.16666666666666666,0.2857142857142857,29
syn_distance,1,Magellan__dblp_acm,25,5,1.0,1.0,1.0,29
syn_distance,1,OpenData__Unionable__miller2_horizontal_50_ac2_ev,2601,51,1.0,0.9411764705882353,0.9696969696969697,29
syn_distance,1,Magellan__fodors_zagats,49,7,1.0,0.8571428571428571,0.9230769230769231,29
syn_distance,1,TPC-DI__Semantically-Joinable__prospect_vertical_1_ac3_av,132,1,1.0,1.0,1.0,29
syn_distance,1,ChEMBL__Semantically-Joinable__assays_both_50_50_ac3_av,289,11,1.0,0.18181818181818182,0.3076923076923077,29
syn_distance,1,TPC-DI__Semantically-Joinable__prospect_vertical_30_ac2_av,196,6,0.7142857142857143,0.8333333333333334,0.7692307692307693,29
syn_distance,1,OpenData__Joinable__miller2_both_50_1_ec_ev,676,1,1.0,1.0,1.0,29
syn_distance,1,OpenData__View -Unionable__miller2_both_0_1_ac1_ev,676,1,0.0,0.0,0.0,29
syn_distance,1,TPC-DI__Semantically-Joinable__prospect_vertical_30_ac4_av,196,6,1.0,0.6666666666666666,0.8,29
syn_distance,1,OpenData__Joinable__miller2_both_50_30_ac1_ev,1089,15,1.0,0.4,0.5714285714285714,29
syn_distance,1,TPC-DI__Semantically-Joinable__prospect_vertical_30_ac5_av,196,6,1.0,0.3333333333333333,0.5,29
syn_distance,1,ChEMBL__Semantically-Joinable__assays_both_50_70_ac1_av,380,16,1.0,0.25,0.4,29
syn_distance,1,ChEMBL__Semantically-Joinable__assays_both_50_70_ac2_av,380,16,1.0,0.625,0.7692307692307693,29
syn_distance,1,TPC-DI__Semantically-Joinable__prospect_vertical_50_ac1_av,272,11,1.0,0.45454545454545453,0.625,29
syn_distance,1,OpenData__View -Unionable__miller2_both_0_1_ac3_ev,676,1,1.0,1.0,1.0,29
syn_distance,1,ChEMBL__Semantically-Joinable__assays_both_50_70_ac4_av,380,16,1.0,0.25,0.4,29
syn_distance,1,OpenData__View -Unionable__miller2_both_0_1_ac4_av,676,1,1.0,1.0,1.0,29
syn_distance,1,TPC-DI__Semantically-Joinable__prospect_vertical_50_ac3_av,272,11,1.0,0.36363636363636365,0.5333333333333333,29
syn_distance,1,OpenData__Joinable__miller2_both_50_30_ec_ev,1089,15,1.0,0.9333333333333333,0.9655172413793104,29
syn_distance,1,OpenData__View -Unionable__miller2_both_0_1_ac4_ev,676,1,0.0,0.0,0.0,29
syn_distance,1,ChEMBL__Semantically-Joinable__assays_both_50_70_ec_av,380,16,1.0,0.4375,0.6086956521739131,29
syn_distance,1,ChEMBL__Semantically-Joinable__assays_vertical_1_ac1_av,144,1,1.0,1.0,1.0,29
syn_distance,1,OpenData__View -Unionable__miller2_both_0_1_ac5_ev,676,1,0.0,0.0,0.0,29
syn_distance,1,OpenData__Joinable__miller2_both_50_50_ac3_ev,1444,25,1.0,0.64,0.7804878048780488,29
syn_distance,1,TPC-DI__Semantically-Joinable__prospect_vertical_70_ac1_av,342,15,0.8333333333333334,0.3333333333333333,0.47619047619047616,29
syn_distance,1,OpenData__Joinable__miller2_both_50_50_ac5_ev,1444,25,1.0,0.2,0.3333333333333333,29
syn_distance,1,OpenData__View -Unionable__miller2_both_0_30_ac1_ev,1089,15,1.0,0.4666666666666667,0.6363636363636364,29
syn_distance,1,OpenData__View -Unionable__miller2_both_0_30_ac2_av,1089,15,1.0,0.5333333333333333,0.6956521739130435,29
syn_distance,1,OpenData__Joinable__miller2_both_50_70_ac2_ev,1849,35,0.9393939393939394,0.8857142857142857,0.9117647058823529,29
syn_distance,1,TPC-DI__Semantically-Joinable__prospect_vertical_70_ec_av,342,15,0.9090909090909091,0.6666666666666666,0.7692307692307693,29
syn_distance,1,OpenData__Joinable__miller2_both_50_70_ac3_ev,1849,35,1.0,0.6,0.75,29
syn_distance,1,OpenData__View -Unionable__miller2_both_0_30_ac3_av,1089,15,1.0,0.4,0.5714285714285714,29
syn_distance,1,TPC-DI__Unionable__prospect_horizontal_0_ac1_av,484,22,1.0,0.2727272727272727,0.42857142857142855,29
syn_distance,1,OpenData__Joinable__miller2_both_50_70_ac5_ev,1849,35,1.0,0.42857142857142855,0.6,29
syn_distance,1,TPC-DI__Unionable__prospect_horizontal_0_ac2_av,484,22,1.0,0.45454545454545453,0.625,29
syn_distance,1,ChEMBL__Semantically-Joinable__assays_vertical_30_ac5_av,210,6,1.0,0.3333333333333333,0.5,29
syn_distance,1,OpenData__Joinable__miller2_both_50_70_ec_ev,1849,35,1.0,0.9428571428571428,0.9705882352941176,29
syn_distance,1,ChEMBL__Semantically-Joinable__assays_vertical_50_ac1_av,289,11,1.0,0.7272727272727273,0.8421052631578947,29
syn_distance,1,TPC-DI__Unionable__prospect_horizontal_0_ac3_ev,484,22,1.0,0.2727272727272727,0.42857142857142855,29
syn_distance,1,ChEMBL__Semantically-Joinable__assays_vertical_50_ac2_av,289,11,1.0,0.8181818181818182,0.9,29
syn_distance,1,OpenData__View -Unionable__miller2_both_0_30_ec_av,1089,15,1.0,0.4666666666666667,0.6363636363636364,29
syn_distance,1,TPC-DI__Unionable__prospect_horizontal_0_ac4_av,484,22,1.0,0.36363636363636365,0.5333333333333333,29
syn_distance,1,OpenData__View -Unionable__miller2_both_0_30_ec_ev,1089,15,1.0,0.8666666666666667,0.9285714285714286,29
syn_distance,1,TPC-DI__Unionable__prospect_horizontal_0_ac4_ev,484,22,1.0,0.36363636363636365,0.5333333333333333,29
syn_distance,1,OpenData__Joinable__miller2_vertical_1_ac5_ev,676,1,0.0,0.0,0.0,29
syn_distance,1,TPC-DI__Unionable__prospect_horizontal_0_ac5_ev,484,22,1.0,0.18181818181818182,0.3076923076923077,29
syn_distance,1,ChEMBL__Semantically-Joinable__assays_vertical_50_ec_av,289,11,1.0,0.7272727272727273,0.8421052631578947,29
syn_distance,1,OpenData__View -Unionable__miller2_both_0_50_ac2_av,1444,25,1.0,0.68,0.8095238095238095,29
syn_distance,1,ChEMBL__Semantically-Joinable__assays_vertical_70_ac1_av,380,16,1.0,0.375,0.5454545454545454,29
syn_distance,1,ChEMBL__Semantically-Joinable__assays_vertical_70_ac2_av,380,16,1.0,0.75,0.8571428571428571,29
syn_distance,1,OpenData__Joinable__miller2_vertical_30_ac3_ev,1089,15,1.0,0.7333333333333333,0.8461538461538461,29
syn_distance,1,OpenData__Joinable__miller2_vertical_30_ac4_ev,1089,15,1.0,0.9333333333333333,0.9655172413793104,29
syn_distance,1,TPC-DI__Unionable__prospect_horizontal_100_ac2_av,484,22,1.0,0.5454545454545454,0.7058823529411765,29
syn_distance,1,ChEMBL__Semantically-Joinable__assays_vertical_70_ac5_av,380,16,1.0,0.4375,0.6086956521739131,29
syn_distance,1,TPC-DI__Unionable__prospect_horizontal_100_ac2_ev,484,22,1.0,0.6363636363636364,0.7777777777777778,29
syn_distance,1,OpenData__Joinable__miller2_vertical_50_ac1_ev,1444,25,1.0,0.88,0.9361702127659575,29
syn_distance,1,OpenData__View -Unionable__miller2_both_0_50_ac5_ev,1444,25,1.0,0.28,0.4375,29
syn_distance,1,TPC-DI__Unionable__prospect_horizontal_100_ac4_ev,484,22,1.0,0.36363636363636365,0.5333333333333333,29
syn_distance,1,ChEMBL__Unionable__assays_horizontal_0_ac3_av,529,23,1.0,0.30434782608695654,0.4666666666666667,29
syn_distance,1,ChEMBL__Unionable__assays_horizontal_0_ac3_ev,529,23,1.0,0.30434782608695654,0.4666666666666667,29
syn_distance,1,OpenData__Joinable__miller2_vertical_70_ac4_ev,1849,35,1.0,0.7714285714285715,0.8709677419354839,29
syn_distance,1,OpenData__View -Unionable__miller2_both_0_70_ac4_av,1849,35,0.9285714285714286,0.37142857142857144,0.5306122448979592,29
syn_distance,1,TPC-DI__Unionable__prospect_horizontal_50_ac2_ev,484,22,1.0,0.5,0.6666666666666666,29
syn_distance,1,OpenData__View -Unionable__miller2_both_0_70_ac5_ev,1849,35,1.0,0.3142857142857143,0.4782608695652174,29
syn_distance,1,OpenData__View -Unionable__miller2_both_0_70_ec_av,1849,35,1.0,0.5428571428571428,0.7037037037037037,29
syn_distance,1,TPC-DI__Unionable__prospect_horizontal_50_ac4_av,484,22,1.0,0.36363636363636365,0.5333333333333333,29
syn_distance,1,ChEMBL__Unionable__assays_horizontal_100_ac2_av,529,23,1.0,0.6086956521739131,0.7567567567567568,29
syn_distance,1,OpenData__Semantically-Joinable__miller2_both_50_1_ac5_av,676,1,0.0,0.0,0.0,29
syn_distance,1,TPC-DI__Joinable__prospect_both_50_1_ac3_ev,132,1,0.0,0.0,0.0,29
syn_distance,1,ChEMBL__Unionable__assays_horizontal_100_ac4_av,529,23,1.0,0.391304347826087,0.5625,29
syn_distance,1,ChEMBL__Unionable__assays_horizontal_100_ac4_ev,529,23,1.0,0.5217391304347826,0.6857142857142857,29
syn_distance,1,OpenData__Semantically-Joinable__miller2_both_50_30_ac3_av,1089,15,1.0,0.3333333333333333,0.5,29
syn_distance,1,ChEMBL__Unionable__assays_horizontal_100_ac5_av,529,23,1.0,0.34782608695652173,0.5161290322580645,29
syn_distance,1,TPC-DI__Joinable__prospect_both_50_1_ec_ev,132,1,0.0,0.0,0.0,29
syn_distance,1,ChEMBL__Unionable__assays_horizontal_100_ac5_ev,529,23,1.0,0.34782608695652173,0.5161290322580645,29
syn_distance,1,OpenData__Semantically-Joinable__miller2_both_50_30_ac5_av,1089,15,1.0,0.06666666666666667,0.125,29
syn_distance,1,TPC-DI__Joinable__prospect_both_50_30_ac2_ev,196,6,1.0,0.5,0.6666666666666666,29
syn_distance,1,TPC-DI__View-Unionable__prospect_both_0_1_ac2_ev,132,1,0.0,0.0,0.0,29
syn_distance,1,ChEMBL__Unionable__assays_horizontal_100_ec_ev,529,23,1.0,0.6956521739130435,0.8205128205128205,29
syn_distance,1,TPC-DI__View-Unionable__prospect_both_0_1_ac3_av,132,1,0.0,0.0,0.0,29
syn_distance,1,TPC-DI__Joinable__prospect_both_50_30_ac4_ev,196,6,1.0,0.5,0.6666666666666666,29
syn_distance,1,ChEMBL__Unionable__assays_horizontal_50_ac2_av,529,23,1.0,0.6086956521739131,0.7567567567567568,29
syn_distance,1,TPC-DI__Joinable__prospect_both_50_50_ac1_ev,272,11,1.0,0.18181818181818182,0.3076923076923077,29
syn_distance,1,TPC-DI__View-Unionable__prospect_both_0_1_ac5_av,132,1,0.0,0.0,0.0,29
syn_distance,1,OpenData__Semantically-Joinable__miller2_both_50_50_ec_av,1444,25,1.0,0.52,0.6842105263157895,29
syn_distance,1,OpenData__Semantically-Joinable__miller2_both_50_70_ac1_av,1849,35,1.0,0.22857142857142856,0.37209302325581395,29
syn_distance,1,TPC-DI__Joinable__prospect_both_50_50_ac3_ev,272,11,1.0,0.36363636363636365,0.5333333333333333,29
syn_distance,1,ChEMBL__Unionable__assays_horizontal_50_ac4_ev,529,23,1.0,0.43478260869565216,0.6060606060606061,29
syn_distance,1,OpenData__Semantically-Joinable__miller2_both_50_70_ac3_av,1849,35,1.0,0.22857142857142856,0.37209302325581395,29
syn_distance,2,OpenData__Semantically-Joinable__miller2_both_50_70_ac4_av,1849,35,1.0,0.22857142857142856,0.37209302325581395,29
syn_distance,2,ChEMBL__Joinable__assays_both_50_1_ac2_ev,144,1,0.0,0.0,0.0,29
syn_distance,2,TPC-DI__Joinable__prospect_both_50_70_ac1_ev,342,15,1.0,0.06666666666666667,0.125,29
syn_distance,2,TPC-DI__View-Unionable__prospect_both_0_30_ac2_av,196,6,1.0,0.16666666666666666,0.2857142857142857,29
syn_distance,2,ChEMBL__Joinable__assays_both_50_1_ac4_ev,144,1,0.0,0.0,0.0,29
syn_distance,2,ChEMBL__View-Unionable__assays_both_0_1_ac1_av,144,1,0.0,0.0,0.0,29
syn_distance,2,OpenData__Semantically-Joinable__miller2_vertical_1_ac2_av,676,1,1.0,1.0,1.0,29
syn_distance,2,TPC-DI__View-Unionable__prospect_both_0_30_ac3_ev,196,6,0.0,0.0,0.0,29
syn_distance,2,ChEMBL__Joinable__assays_both_50_30_ac2_ev,210,6,1.0,0.3333333333333333,0.5,29
syn_distance,2,ChEMBL__View-Unionable__assays_both_0_1_ac3_av,144,1,0.0,0.0,0.0,29
syn_distance,2,TPC-DI__Joinable__prospect_vertical_1_ac2_ev,132,1,1.0,1.0,1.0,29
syn_distance,2,OpenData__Semantically-Joinable__miller2_vertical_30_ac1_av,1089,15,1.0,0.2,0.3333333333333333,29
syn_distance,2,TPC-DI__Joinable__prospect_vertical_1_ac3_ev,132,1,1.0,1.0,1.0,29
syn_distance,2,ChEMBL__View-Unionable__assays_both_0_1_ac4_av,144,1,0.0,0.0,0.0,29
syn_distance,2,ChEMBL__View-Unionable__assays_both_0_1_ac4_ev,144,1,0.0,0.0,0.0,29
syn_distance,2,ChEMBL__Joinable__assays_both_50_50_ac3_ev,289,11,1.0,0.36363636363636365,0.5333333333333333,29
syn_distance,2,ChEMBL__View-Unionable__assays_both_0_1_ec_av,144,1,0.0,0.0,0.0,29
syn_distance,2,OpenData__Semantically-Joinable__miller2_vertical_50_ac1_av,1444,25,1.0,0.24,0.3870967741935484,29
syn_distance,2,TPC-DI__Joinable__prospect_vertical_30_ac3_ev,196,6,1.0,0.6666666666666666,0.8,29
syn_distance,2,TPC-DI__Joinable__prospect_vertical_30_ac4_ev,196,6,1.0,1.0,1.0,29
syn_distance,2,TPC-DI__View-Unionable__prospect_both_0_50_ac3_ev,272,11,1.0,0.18181818181818182,0.3076923076923077,29
syn_distance,2,OpenData__Semantically-Joinable__miller2_vertical_50_ac4_av,1444,25,1.0,0.28,0.4375,29
syn_distance,2,TPC-DI__Joinable__prospect_vertical_30_ec_ev,196,6,1.0,1.0,1.0,29
syn_distance,2,OpenData__Semantically-Joinable__miller2_vertical_50_ac5_av,1444,25,1.0,0.12,0.21428571428571427,29
syn_distance,2,ChEMBL__Joinable__assays_both_50_70_ac4_ev,380,16,1.0,0.5,0.6666666666666666,29
syn_distance,2,TPC-DI__View-Unionable__prospect_both_0_50_ec_av,272,11,1.0,0.36363636363636365,0.5333333333333333,29
syn_distance,2,ChEMBL__Joinable__assays_both_50_70_ac5_ev,380,16,1.0,0.3125,0.47619047619047616,29
syn_distance,2,OpenData__Semantically-Joinable__miller2_vertical_70_ac2_av,1849,35,0.9230769230769231,0.34285714285714286,0.5,29
syn_distance,2,TPC-DI__View-Unionable__prospect_both_0_50_ec_ev,272,11,1.0,0.5454545454545454,0.7058823529411765,29
syn_distance,2,ChEMBL__Joinable__assays_both_50_70_ec_ev,380,16,1.0,0.625,0.7692307692307693,29
syn_distance,2,OpenData__Semantically-Joinable__miller2_vertical_70_ac4_av,1849,35,1.0,0.17142857142857143,0.2926829268292683,29
syn_distance,2,ChEMBL__Joinable__assays_vertical_1_ac2_ev,144,1,1.0,1.0,1.0,29
syn_distance,2,OpenData__Semantically-Joinable__miller2_vertical_70_ac5_av,1849,35,1.0,0.08571428571428572,0.15789473684210525,29
syn_distance,2,ChEMBL__View-Unionable__assays_both_0_30_ec_av,210,6,1.0,0.16666666666666666,0.2857142857142857,29
syn_distance,2,TPC-DI__View-Unionable__prospect_both_0_70_ac2_ev,342,15,1.0,0.5333333333333333,0.6956521739130435,29
syn_distance,2,ChEMBL__View-Unionable__assays_both_0_30_ec_ev,210,6,1.0,0.6666666666666666,0.8,29
syn_distance,2,OpenData__Unionable__miller2_horizontal_0_ac1_av,2601,51,1.0,0.3137254901960784,0.47761194029850745,29
syn_distance,2,ChEMBL__View-Unionable__assays_both_0_50_ac1_av,289,11,1.0,0.18181818181818182,0.3076923076923077,29
syn_distance,2,TPC-DI__Joinable__prospect_vertical_70_ac4_ev,342,15,1.0,0.8,0.8888888888888888,29
syn_distance,2,TPC-DI__View-Unionable__prospect_both_0_70_ac3_ev,342,15,1.0,0.13333333333333333,0.23529411764705882,29
syn_distance,2,ChEMBL__Joinable__assays_vertical_1_ec_ev,144,1,1.0,1.0,1.0,29
syn_distance,2,ChEMBL__View-Unionable__assays_both_0_50_ac1_ev,289,11,1.0,0.5454545454545454,0.7058823529411765,29
syn_distance,2,TPC-DI__View-Unionable__prospect_both_0_70_ac4_av,342,15,1.0,0.13333333333333333,0.23529411764705882,29
syn_distance,2,ChEMBL__View-Unionable__assays_both_0_50_ac2_av,289,11,1.0,0.09090909090909091,0.16666666666666666,29
syn_distance,2,OpenData__Unionable__miller2_horizontal_0_ac2_ev,2601,51,1.0,0.7647058823529411,0.8666666666666667,29
syn_distance,2,TPC-DI__Joinable__prospect_vertical_70_ec_ev,342,15,1.0,1.0,1.0,29
syn_distance,2,TPC-DI__View-Unionable__prospect_both_0_70_ac4_ev,342,15,1.0,0.13333333333333333,0.23529411764705882,29
syn_distance,2,TPC-DI__Semantically-Joinable__prospect_both_50_1_ac2_av,132,1,0.0,0.0,0.0,29
syn_distance,2,OpenData__Unionable__miller2_horizontal_0_ac4_av,2601,51,1.0,0.35294117647058826,0.5217391304347826,29
syn_distance,2,ChEMBL__Joinable__assays_vertical_30_ec_ev,210,6,1.0,0.8333333333333334,0.9090909090909091,29
syn_distance,2,ChEMBL__View-Unionable__assays_both_0_50_ac4_ev,289,11,1.0,0.2727272727272727,0.42857142857142855,29
syn_distance,2,ChEMBL__Joinable__assays_vertical_50_ac1_ev,289,11,1.0,0.8181818181818182,0.9,29
syn_distance,2,Wikidata__Musicians__Musicians_semjoinable,196,8,1.0,0.75,0.8571428571428571,29
syn_distance,2,ChEMBL__View-Unionable__assays_both_0_50_ac5_ev,289,11,1.0,0.2727272727272727,0.42857142857142855,29
syn_distance,2,ChEMBL__Joinable__assays_vertical_50_ac3_ev,289,11,1.0,0.8181818181818182,0.9,29
syn_distance,2,OpenData__Unionable__miller2_horizontal_0_ec_ev,2601,51,1.0,0.9019607843137255,0.9484536082474226,29
syn_distance,2,TPC-DI__Semantically-Joinable__prospect_both_50_30_ac2_av,196,6,1.0,0.16666666666666666,0.2857142857142857,29
syn_distance,2,ChEMBL__Joinable__assays_vertical_50_ac4_ev,289,11,1.0,0.7272727272727273,0.8421052631578947,29
syn_distance,2,ChEMBL__View-Unionable__assays_both_0_50_ec_ev,289,11,1.0,0.5454545454545454,0.7058823529411765,29
syn_distance,2,TPC-DI__Semantically-Joinable__prospect_both_50_30_ac3_av,196,6,1.0,0.16666666666666666,0.2857142857142857,29
syn_distance,2,ChEMBL__View-Unionable__assays_both_0_70_ac1_av,380,16,1.0,0.0625,0.11764705882352941,29
syn_distance,2,OpenData__Unionable__miller2_horizontal_100_ac2_av,2601,51,1.0,0.6470588235294118,0.7857142857142857,29
syn_distance,2,ChEMBL__Joinable__assays_vertical_70_ac3_ev,380,16,1.0,0.6875,0.8148148148148148,29
syn_distance,2,OpenData__Unionable__miller2_horizontal_100_ac3_ev,2601,51,1.0,0.4117647058823529,0.5833333333333334,29
syn_distance,2,TPC-DI__Semantically-Joinable__prospect_both_50_50_ac2_av,272,11,0.6666666666666666,0.18181818181818182,0.2857142857142857,29
syn_distance,2,OpenData__Unionable__miller2_horizontal_100_ac4_av,2601,51,1.0,0.47058823529411764,0.64,29
syn_distance,2,OpenData__Unionable__miller2_horizontal_100_ac4_ev,2601,51,1.0,0.5098039215686274,0.6753246753246753,29
syn_distance,2,ChEMBL__Semantically-Joinable__assays_both_50_1_ac1_av,144,1,0.0,0.0,0.0,29
syn_distance,2,TPC-DI__Semantically-Joinable__prospect_both_50_50_ec_av,272,11,1.0,0.2727272727272727,0.42857142857142855,29
syn_distance,2,TPC-DI__Semantically-Joinable__prospect_both_50_70_ac2_av,342,15,0.75,0.4,0.5217391304347826,29
syn_distance,2,TPC-DI__Semantically-Joinable__prospect_both_50_70_ac3_av,342,15,1.0,0.06666666666666667,0.125,29
syn_distance,2,Magellan__amazon_google_exp,16,4,1.0,0.75,0.8571428571428571,29
syn_distance,2,TPC-DI__Semantically-Joinable__prospect_both_50_70_ac5_av,342,15,1.0,0.06666666666666667,0.125,29
syn_distance,2,Magellan__dblp_acm,25,5,1.0,1.0,1.0,29
syn_distance,2,TPC-DI__Semantically-Joinable__prospect_vertical_1_ac1_av,132,1,1.0,1.0,1.0,29
syn_distance,2,OpenData__Unionable__miller2_horizontal_50_ac4_av,2601,51,1.0,0.49019607843137253,0.6578947368421053,29
syn_distance,2,TPC-DI__Semantically-Joinable__prospect_vertical_1_ac3_av,132,1,1.0,1.0,1.0,29
syn_distance,2,ChEMBL__Semantically-Joinable__assays_both_50_30_ac5_av,210,6,1.0,0.16666666666666666,0.2857142857142857,29
syn_distance,2,OpenData__Unionable__miller2_horizontal_50_ac5_av,2601,51,1.0,0.23529411764705882,0.38095238095238093,29
syn_distance,2,OpenData__Joinable__miller2_both_50_1_ac2_ev,676,1,1.0,1.0,1.0,29
syn_distance,2,ChEMBL__Semantically-Joinable__assays_both_50_50_ac2_av,289,11,1.0,0.09090909090909091,0.16666666666666666,29
syn_distance,2,OpenData__Unionable__miller2_horizontal_50_ec_av,2601,51,1.0,0.9019607843137255,0.9484536082474226,29
syn_distance,2,ChEMBL__Semantically-Joinable__assays_both_50_50_ac4_av,289,11,1.0,0.2727272727272727,0.42857142857142855,29
syn_distance,2,OpenData__View -Unionable__miller2_both_0_1_ac1_ev,676,1,0.0,0.0,0.0,29
syn_distance,2,ChEMBL__Semantically-Joinable__assays_both_50_50_ec_av,289,11,1.0,0.2727272727272727,0.42857142857142855,29
syn_distance,2,OpenData__Joinable__miller2_both_50_30_ac1_ev,1089,15,1.0,0.4,0.5714285714285714,29
syn_distance,2,OpenData__View -Unionable__miller2_both_0_1_ac2_ev,676,1,1.0,1.0,1.0,29
syn_distance,2,OpenData__View -Unionable__miller2_both_0_1_ac3_av,676,1,1.0,1.0,1.0,29
syn_distance,2,TPC-DI__Semantically-Joinable__prospect_vertical_50_ac2_av,272,11,1.0,0.36363636363636365,0.5333333333333333,29
syn_distance,2,ChEMBL__Semantically-Joinable__assays_both_50_70_ac4_av,380,16,1.0,0.25,0.4,29
syn_distance,2,OpenData__View -Unionable__miller2_both_0_1_ac4_av,676,1,1.0,1.0,1.0,29
syn_distance,2,TPC-DI__Semantically-Joinable__prospect_vertical_50_ac3_av,272,11,1.0,0.2727272727272727,0.42857142857142855,29
syn_distance,2,OpenData__Joinable__miller2_both_50_30_ec_ev,1089,15,1.0,0.9333333333333333,0.9655172413793104,29
syn_distance,2,TPC-DI__Semantically-Joinable__prospect_vertical_50_ac4_av,272,11,1.0,0.18181818181818182,0.3076923076923077,29
syn_distance,2,OpenData__View -Unionable__miller2_both_0_1_ac5_av,676,1,0.0,0.0,0.0,29
syn_distance,2,ChEMBL__Semantically-Joinable__assays_vertical_1_ac2_av,144,1,1.0,1.0,1.0,29
syn_distance,2,OpenData__Joinable__miller2_both_50_50_ac4_ev,1444,25,1.0,0.56,0.717948717948718,29
syn_distance,2,TPC-DI__Semantically-Joinable__prospect_vertical_70_ac3_av,342,15,1.0,0.4,0.5714285714285714,29
syn_distance,2,ChEMBL__Semantically-Joinable__assays_vertical_1_ac5_av,144,1,1.0,1.0,1.0,29
syn_distance,2,OpenData__View -Unionable__miller2_both_0_30_ac1_ev,1089,15,1.0,0.26666666666666666,0.42105263157894735,29
syn_distance,2,OpenData__Joinable__miller2_both_50_70_ac2_ev,1849,35,0.9259259259259259,0.7142857142857143,0.8064516129032258,29
syn_distance,2,OpenData__View -Unionable__miller2_both_0_30_ac2_ev,1089,15,1.0,0.6,0.75,29
syn_distance,2,ChEMBL__Semantically-Joinable__assays_vertical_30_ac3_av,210,6,1.0,0.16666666666666666,0.2857142857142857,29
syn_distance,2,TPC-DI__Unionable__prospect_horizontal_0_ac1_ev,484,22,1.0,0.13636363636363635,0.24,29
syn_distance,2,OpenData__Joinable__miller2_both_50_70_ac5_ev,1849,35,1.0,0.2857142857142857,0.4444444444444444,29
syn_distance,2,OpenData__View -Unionable__miller2_both_0_30_ac4_av,1089,15,1.0,0.2,0.3333333333333333,29
syn_distance,2,TPC-DI__Unionable__prospect_horizontal_0_ac2_av,484,22,1.0,0.5,0.6666666666666666,29
syn_distance,2,ChEMBL__Semantically-Joinable__assays_vertical_30_ec_av,210,6,1.0,0.3333333333333333,0.5,29
syn_distance,2,TPC-DI__Unionable__prospect_horizontal_0_ac3_av,484,22,1.0,0.18181818181818182,0.3076923076923077,29
syn_distance,2,OpenData__Joinable__miller2_vertical_1_ac2_ev,676,1,1.0,1.0,1.0,29
syn_distance,2,TPC-DI__Unionable__prospect_horizontal_0_ac4_av,484,22,1.0,0.13636363636363635,0.24,29
syn_distance,2,TPC-DI__Unionable__prospect_horizontal_0_ac4_ev,484,22,1.0,0.18181818181818182,0.3076923076923077,29
syn_distance,2,OpenData__Joinable__miller2_vertical_1_ac5_ev,676,1,0.0,0.0,0.0,29
syn_distance,2,TPC-DI__Unionable__prospect_horizontal_0_ac5_av,484,22,1.0,0.045454545454545456,0.08695652173913043,29
syn_distance,2,OpenData__Joinable__miller2_vertical_1_ec_ev,676,1,1.0,1.0,1.0,29
syn_distance,2,OpenData__View -Unionable__miller2_both_0_50_ac1_ev,1444,25,1.0,0.36,0.5294117647058824,29
syn_distance,2,OpenData__View -Unionable__miller2_both_0_50_ac2_av,1444,25,1.0,0.32,0.48484848484848486,29
syn_distance,2,ChEMBL__Semantically-Joinable__assays_vertical_70_ac1_av,380,16,1.0,0.3125,0.47619047619047616,29
syn_distance,2,ChEMBL__Semantically-Joinable__assays_vertical_70_ac2_av,380,16,1.0,0.3125,0.47619047619047616,29
syn_distance,2,OpenData__Joinable__miller2_vertical_30_ac3_ev,1089,15,1.0,0.6666666666666666,0.8,29
syn_distance,2,OpenData__View -Unionable__miller2_both_0_50_ac3_av,1444,25,1.0,0.2,0.3333333333333333,29
syn_distance,2,TPC-DI__Unionable__prospect_horizontal_100_ac1_av,484,22,1.0,0.13636363636363635,0.24,29
syn_distance,2,ChEMBL__Semantically-Joinable__assays_vertical_70_ac3_av,380,16,1.0,0.1875,0.3157894736842105,29
syn_distance,2,OpenData__View -Unionable__miller2_both_0_50_ac3_ev,1444,25,1.0,0.44,0.6111111111111112,29
syn_distance,2,ChEMBL__Semantically-Joinable__assays_vertical_70_ac4_av,380,16,1.0,0.5,0.6666666666666666,29
syn_distance,2,OpenData__Joinable__miller2_vertical_30_ac5_ev,1089,15,1.0,0.26666666666666666,0.42105263157894735,29
syn_distance,2,ChEMBL__Semantically-Joinable__assays_vertical_70_ac5_av,380,16,1.0,0.4375,0.6086956521739131,29
syn_distance,2,OpenData__Joinable__miller2_vertical_50_ac2_ev,1444,25,1.0,0.84,0.9130434782608695,29
syn_distance,2,ChEMBL__Unionable__assays_horizontal_0_ac1_ev,529,23,1.0,0.4782608695652174,0.6470588235294118,29
syn_distance,2,TPC-DI__Unionable__prospect_horizontal_100_ac4_av,484,22,1.0,0.18181818181818182,0.3076923076923077,29
syn_distance,2,OpenData__View -Unionable__miller2_both_0_50_ec_ev,1444,25,1.0,0.88,0.9361702127659575,29
syn_distance,2,ChEMBL__Unionable__assays_horizontal_0_ac2_ev,529,23,1.0,0.6086956521739131,0.7567567567567568,29
syn_distance,2,OpenData__Joinable__miller2_vertical_70_ac1_ev,1849,35,1.0,0.6857142857142857,0.8135593220338984,29
syn_distance,2,OpenData__Joinable__miller2_vertical_70_ac2_ev,1849,35,1.0,0.9142857142857143,0.9552238805970149,29
syn_distance,2,OpenData__View -Unionable__miller2_both_0_70_ac2_ev,1849,35,1.0,0.6571428571428571,0.7931034482758621,29
syn_distance,2,ChEMBL__Unionable__assays_horizontal_0_ac4_ev,529,23,1.0,0.43478260869565216,0.6060606060606061,29
syn_distance,2,TPC-DI__Unionable__prospect_horizontal_50_ac1_av,484,22,1.0,0.13636363636363635,0.24,29
syn_distance,2,ChEMBL__Unionable__assays_horizontal_0_ac5_av,529,23,1.0,0.30434782608695654,0.4666666666666667,29
syn_distance,2,OpenData__Joinable__miller2_vertical_70_ac4_ev,1849,35,1.0,0.6857142857142857,0.8135593220338984,29
syn_distance,2,ChEMBL__Unionable__assays_horizontal_0_ac5_ev,529,23,1.0,0.34782608695652173,0.5161290322580645,29
syn_distance,2,ChEMBL__Unionable__assays_horizontal_0_ec_av,529,23,1.0,0.6086956521739131,0.7567567567567568,29
syn_distance,2,OpenData__View -Unionable__miller2_both_0_70_ac5_ev,1849,35,1.0,0.2857142857142857,0.4444444444444444,29
syn_distance,2,ChEMBL__Unionable__assays_horizontal_100_ac1_ev,529,23,1.0,0.4782608695652174,0.6470588235294118,29
syn_distance,2,TPC-DI__Unionable__prospect_horizontal_50_ac4_av,484,22,1.0,0.18181818181818182,0.3076923076923077,29
syn_distance,2,ChEMBL__Unionable__assays_horizontal_100_ac2_av,529,23,1.0,0.5652173913043478,0.7222222222222222,29
syn_distance,2,TPC-DI__Unionable__prospect_horizontal_50_ac4_ev,484,22,1.0,0.18181818181818182,0.3076923076923077,29
syn_distance,2,ChEMBL__Unionable__assays_horizontal_100_ac2_ev,529,23,1.0,0.5652173913043478,0.7222222222222222,29
syn_distance,2,OpenData__Semantically-Joinable__miller2_both_50_1_ec_av,676,1,0.0,0.0,0.0,29
syn_distance,2,ChEMBL__Unionable__assays_horizontal_100_ac4_av,529,23,1.0,0.391304347826087,0.5625,29
syn_distance,2,OpenData__Semantically-Joinable__miller2_both_50_30_ac2_av,1089,15,1.0,0.4666666666666667,0.6363636363636364,29
syn_distance,2,TPC-DI__Joinable__prospect_both_50_1_ec_ev,132,1,0.0,0.0,0.0,29
syn_distance,2,OpenData__Semantically-Joinable__miller2_both_50_30_ac5_av,1089,15,0.0,0.0,0.0,29
syn_distance,2,OpenData__Semantically-Joinable__miller2_both_50_30_ec_av,1089,15,1.0,0.4666666666666667,0.6363636363636364,29
syn_distance,2,TPC-DI__View-Unionable__prospect_both_0_1_ac2_ev,132,1,0.0,0.0,0.0,29
syn_distance,2,TPC-DI__Joinable__prospect_both_50_30_ac3_ev,196,6,0.0,0.0,0.0,29
syn_distance,2,TPC-DI__View-Unionable__prospect_both_0_1_ac3_ev,132,1,0.0,0.0,0.0,29
syn_distance,2,ChEMBL__Unionable__assays_horizontal_50_ac2_av,529,23,1.0,0.5217391304347826,0.6857142857142857,29
syn_distance,2,OpenData__Semantically-Joinable__miller2_both_50_50_ac4_av,1444,25,1.0,0.28,0.4375,29
syn_distance,2,TPC-DI__Joinable__prospect_both_50_30_ec_ev,196,6,1.0,0.16666666666666666,0.2857142857142857,29
syn_distance,2,TPC-DI__View-Unionable__prospect_both_0_1_ac4_ev,132,1,0.0,0.0,0.0,29
syn_distance,2,TPC-DI__Joinable__prospect_both_50_50_ac1_ev,272,11,1.0,0.18181818181818182,0.3076923076923077,29
syn_distance,2,TPC-DI__Joinable__prospect_both_50_50_ac2_ev,272,11,1.0,0.6363636363636364,0.7777777777777778,29
syn_distance,2,TPC-DI__View-Unionable__prospect_both_0_1_ac5_ev,132,1,0.0,0.0,0.0,29
syn_distance,2,OpenData__Semantically-Joinable__miller2_both_50_70_ac1_av,1849,35,1.0,0.08571428571428572,0.15789473684210525,29
syn_distance,2,TPC-DI__Joinable__prospect_both_50_50_ac4_ev,272,11,1.0,0.18181818181818182,0.3076923076923077,29
syn_distance,2,TPC-DI__View-Unionable__prospect_both_0_30_ac1_av,196,6,0.0,0.0,0.0,29
syn_distance,3,ChEMBL__Unionable__assays_horizontal_50_ac5_ev,529,23,1.0,0.4782608695652174,0.6470588235294118,29
syn_distance,3,OpenData__Semantically-Joinable__miller2_both_50_70_ac5_av,1849,35,1.0,0.14285714285714285,0.25,29
syn_distance,3,OpenData__Semantically-Joinable__miller2_both_50_70_ec_av,1849,35,1.0,0.4,0.5714285714285714,29
syn_distance,3,TPC-DI__View-Unionable__prospect_both_0_30_ac3_av,196,6,1.0,0.16666666666666666,0.2857142857142857,29
syn_distance,3,ChEMBL__Joinable__assays_both_50_1_ac5_ev,144,1,0.0,0.0,0.0,29
syn_distance,3,TPC-DI__Joinable__prospect_both_50_70_ac5_ev,342,15,1.0,0.4666666666666667,0.6363636363636364,29
syn_distance,3,TPC-DI__View-Unionable__prospect_both_0_30_ac4_ev,196,6,1.0,0.8333333333333334,0.9090909090909091,29
syn_distance,3,TPC-DI__Joinable__prospect_vertical_1_ac1_ev,132,1,1.0,1.0,1.0,29
syn_distance,3,ChEMBL__Joinable__assays_both_50_30_ac3_ev,210,6,1.0,0.3333333333333333,0.5,29
syn_distance,3,TPC-DI__View-Unionable__prospect_both_0_30_ac5_ev,196,6,1.0,0.3333333333333333,0.5,29
syn_distance,3,TPC-DI__Joinable__prospect_vertical_1_ac3_ev,132,1,1.0,1.0,1.0,29
syn_distance,3,OpenData__Semantically-Joinable__miller2_vertical_30_ac2_av,1089,15,0.9090909090909091,0.6666666666666666,0.7692307692307693,29
syn_distance,3,TPC-DI__View-Unionable__prospect_both_0_30_ec_ev,196,6,1.0,0.3333333333333333,0.5,29
syn_distance,3,ChEMBL__View-Unionable__assays_both_0_1_ac4_ev,144,1,0.0,0.0,0.0,29
syn_distance,3,ChEMBL__Joinable__assays_both_50_50_ac1_ev,289,11,1.0,0.5454545454545454,0.7058823529411765,29
syn_distance,3,OpenData__Semantically-Joinable__miller2_vertical_30_ac4_av,1089,15,1.0,0.4666666666666667,0.6363636363636364,29
syn_distance,3,TPC-DI__View-Unionable__prospect_both_0_50_ac2_av,272,11,0.8571428571428571,0.5454545454545454,0.6666666666666666,29
syn_distance,3,ChEMBL__Joinable__assays_both_50_50_ac3_ev,289,11,1.0,0.36363636363636365,0.5333333333333333,29
syn_distance,3,TPC-DI__View-Unionable__prospect_both_0_50_ac2_ev,272,11,1.0,0.45454545454545453,0.625,29
syn_distance,3,ChEMBL__Joinable__assays_both_50_50_ac4_ev,289,11,1.0,0.5454545454545454,0.7058823529411765,29
syn_distance,3,OpenData__Semantically-Joinable__miller2_vertical_50_ac1_av,1444,25,1.0,0.48,0.6486486486486487,29
syn_distance,3,TPC-DI__Joinable__prospect_vertical_30_ac3_ev,196,6,1.0,0.8333333333333334,0.9090909090909091,29
syn_distance,3,ChEMBL__View-Unionable__assays_both_0_30_ac1_av,210,6,1.0,0.3333333333333333,0.5,29
syn_distance,3,OpenData__Semantically-Joinable__miller2_vertical_50_ac2_av,1444,25,0.9375,0.6,0.7317073170731707,29
syn_distance,3,TPC-DI__Joinable__prospect_vertical_30_ac4_ev,196,6,1.0,1.0,1.0,29
syn_distance,3,TPC-DI__View-Unionable__prospect_both_0_50_ac3_ev,272,11,1.0,0.45454545454545453,0.625,29
syn_distance,3,ChEMBL__Joinable__assays_both_50_50_ec_ev,289,11,1.0,0.5454545454545454,0.7058823529411765,29
syn_distance,3,ChEMBL__View-Unionable__assays_both_0_30_ac2_av,210,6,1.0,0.16666666666666666,0.2857142857142857,29
syn_distance,3,OpenData__Semantically-Joinable__miller2_vertical_50_ac5_av,1444,25,1.0,0.16,0.27586206896551724,29
syn_distance,3,ChEMBL__View-Unionable__assays_both_0_30_ac3_ev,210,6,1.0,0.3333333333333333,0.5,29
syn_distance,3,ChEMBL__Joinable__assays_both_50_70_ac5_ev,380,16,1.0,0.4375,0.6086956521739131,29
syn_distance,3,OpenData__Semantically-Joinable__miller2_vertical_70_ac2_av,1849,35,0.9473684210526315,0.5142857142857142,0.6666666666666666,29
syn_distance,3,TPC-DI__Joinable__prospect_vertical_50_ac4_ev,272,11,1.0,0.8181818181818182,0.9,29
syn_distance,3,ChEMBL__Joinable__assays_both_50_70_ec_ev,380,16,1.0,0.6875,0.8148148148148148,29
syn_distance,3,ChEMBL__View-Unionable__assays_both_0_30_ac4_ev,210,6,1.0,0.5,0.6666666666666666,29
syn_distance,3,TPC-DI__Joinable__prospect_vertical_50_ac5_ev,272,11,1.0,0.9090909090909091,0.9523809523809523,29
syn_distance,3,ChEMBL__Joinable__assays_vertical_1_ac1_ev,144,1,1.0,1.0,1.0,29
syn_distance,3,ChEMBL__View-Unionable__assays_both_0_30_ac5_ev,210,6,1.0,0.3333333333333333,0.5,29
syn_distance,3,TPC-DI__View-Unionable__prospect_both_0_70_ac2_av,342,15,0.8571428571428571,0.4,0.5454545454545454,29
syn_distance,3,TPC-DI__View-Unionable__prospect_both_0_70_ac3_av,342,15,1.0,0.2,0.3333333333333333,29
syn_distance,3,TPC-DI__Joinable__prospect_vertical_70_ac4_ev,342,15,1.0,0.8,0.8888888888888888,29
syn_distance,3,TPC-DI__View-Unionable__prospect_both_0_70_ac3_ev,342,15,1.0,0.4,0.5714285714285714,29
syn_distance,3,OpenData__Unionable__miller2_horizontal_0_ac2_av,2601,51,0.9375,0.8823529411764706,0.9090909090909091,29
syn_distance,3,ChEMBL__Joinable__assays_vertical_30_ac1_ev,210,6,1.0,0.8333333333333334,0.9090909090909091,29
syn_distance,3,OpenData__Unionable__miller2_horizontal_0_ac2_ev,2601,51,1.0,0.9215686274509803,0.9591836734693877,29
syn_distance,3,TPC-DI__Joinable__prospect_vertical_70_ec_ev,342,15,1.0,1.0,1.0,29
syn_distance,3,TPC-DI__View-Unionable__prospect_both_0_70_ac4_ev,342,15,1.0,0.6,0.75,29
syn_distance,3,ChEMBL__Joinable__assays_vertical_30_ac2_ev,210,6,1.0,0.8333333333333334,0.9090909090909091,29
syn_distance,3,ChEMBL__View-Unionable__assays_both_0_50_ac3_ev,289,11,1.0,0.45454545454545453,0.625,29
syn_distance,3,TPC-DI__View-Unionable__prospect_both_0_70_ec_av,342,15,0.7142857142857143,0.6666666666666666,0.6896551724137931,29
syn_distance,3,ChEMBL__Joinable__assays_vertical_30_ac5_ev,210,6,1.0,0.6666666666666666,0.8,29
syn_distance,3,ChEMBL__View-Unionable__assays_both_0_50_ac4_av,289,11,1.0,0.5454545454545454,0.7058823529411765,29
syn_distance,3,ChEMBL__View-Unionable__assays_both_0_50_ac4_ev,289,11,1.0,0.36363636363636365,0.5333333333333333,29
syn_distance,3,OpenData__Unionable__miller2_horizontal_0_ac5_av,2601,51,1.0,0.43137254901960786,0.6027397260273972,29
syn_distance,3,OpenData__Unionable__miller2_horizontal_0_ec_av,2601,51,0.9387755102040817,0.9019607843137255,0.92,29
syn_distance,3,ChEMBL__Joinable__assays_vertical_50_ac3_ev,289,11,1.0,0.9090909090909091,0.9523809523809523,29
syn_distance,3,TPC-DI__Semantically-Joinable__prospect_both_50_30_ac2_av,196,6,1.0,0.5,0.6666666666666666,29
syn_distance,3,Wikidata__Musicians__Musicians_viewunion,169,5,0.625,1.0,0.7692307692307693,29
syn_distance,3,TPC-DI__Semantically-Joinable__prospect_both_50_30_ac3_av,196,6,1.0,0.16666666666666666,0.2857142857142857,29
syn_distance,3,OpenData__Unionable__miller2_horizontal_100_ac1_ev,2601,51,1.0,0.7058823529411765,0.8275862068965517,29
syn_distance,3,TPC-DI__Semantically-Joinable__prospect_both_50_30_ac4_av,196,6,1.0,0.3333333333333333,0.5,29
syn_distance,3,ChEMBL__View-Unionable__assays_both_0_70_ac1_ev,380,16,1.0,0.625,0.7692307692307693,29
syn_distance,3,OpenData__Unionable__miller2_horizontal_100_ac2_av,2601,51,1.0,0.9019607843137255,0.9484536082474226,29
syn_distance,3,ChEMBL__View-Unionable__assays_both_0_70_ac2_av,380,16,1.0,0.3125,0.47619047619047616,29
syn_distance,3,OpenData__Unionable__miller2_horizontal_100_ac3_av,2601,51,1.0,0.5294117647058824,0.6923076923076923,29
syn_distance,3,TPC-DI__Semantically-Joinable__prospect_both_50_50_ac1_av,272,11,1.0,0.45454545454545453,0.625,29
syn_distance,3,ChEMBL__Joinable__assays_vertical_70_ac3_ev,380,16,1.0,0.75,0.8571428571428571,29
syn_distance,3,ChEMBL__Joinable__assays_vertical_70_ec_ev,380,16,1.0,1.0,1.0,29
syn_distance,3,ChEMBL__View-Unionable__assays_both_0_70_ac4_ev,380,16,1.0,0.4375,0.6086956521739131,29
syn_distance,3,ChEMBL__View-Unionable__assays_both_0_70_ac5_av,380,16,1.0,0.25,0.4,29
syn_distance,3,OpenData__Unionable__miller2_horizontal_100_ac5_ev,2601,51,1.0,0.45098039215686275,0.6216216216216216,29
syn_distance,3,TPC-DI__Semantically-Joinable__prospect_both_50_70_ac1_av,342,15,0.8333333333333334,0.3333333333333333,0.47619047619047616,29
syn_distance,3,ChEMBL__View-Unionable__assays_both_0_70_ec_av,380,16,1.0,0.375,0.5454545454545454,29
syn_distance,3,OpenData__Unionable__miller2_horizontal_100_ec_ev,2601,51,1.0,0.9411764705882353,0.9696969696969697,29
syn_distance,3,TPC-DI__Semantically-Joinable__prospect_both_50_70_ac2_av,342,15,0.8181818181818182,0.6,0.6923076923076923,29
syn_distance,3,ChEMBL__Semantically-Joinable__assays_both_50_1_ac4_av,144,1,0.0,0.0,0.0,29
syn_distance,3,OpenData__Unionable__miller2_horizontal_50_ac1_av,2601,51,1.0,0.7058823529411765,0.8275862068965517,29
syn_distance,3,TPC-DI__Semantically-Joinable__prospect_both_50_70_ac4_av,342,15,0.8571428571428571,0.4,0.5454545454545454,29
syn_distance,3,ChEMBL__Semantically-Joinable__assays_both_50_1_ec_av,144,1,0.0,0.0,0.0,29
syn_distance,3,TPC-DI__Semantically-Joinable__prospect_both_50_70_ac5_av,342,15,1.0,0.4,0.5714285714285714,29
syn_distance,3,Magellan__fodors_zagats,49,7,1.0,0.8571428571428571,0.9230769230769231,29
syn_distance,3,Magellan__itunes_amazon,81,9,1.0,0.5555555555555556,0.7142857142857143,29
syn_distance,3,TPC-DI__Semantically-Joinable__prospect_vertical_1_ac3_av,132,1,1.0,1.0,1.0,29
syn_distance,3,OpenData__Joinable__miller2_both_50_1_ac1_ev,676,1,1.0,1.0,1.0,29
syn_distance,3,TPC-DI__Semantically-Joinable__prospect_vertical_1_ec_av,132,1,1.0,1.0,1.0,29
syn_distance,3,OpenData__Joinable__miller2_both_50_1_ac3_ev,676,1,1.0,1.0,1.0,29
syn_distance,3,OpenData__Unionable__miller2_horizontal_50_ec_av,2601,51,1.0,0.9411764705882353,0.9696969696969697,29
syn_distance,3,ChEMBL__Semantically-Joinable__assays_both_50_50_ac3_av,289,11,1.0,0.09090909090909091,0.16666666666666666,29
syn_distance,3,ChEMBL__Semantically-Joinable__assays_both_50_50_ac4_av,289,11,1.0,0.36363636363636365,0.5333333333333333,29
syn_distance,3,OpenData__View -Unionable__miller2_both_0_1_ac1_ev,676,1,1.0,1.0,1.0,29
syn_distance,3,ChEMBL__Semantically-Joinable__assays_both_50_50_ec_av,289,11,1.0,0.5454545454545454,0.7058823529411765,29
syn_distance,3,OpenData__View -Unionable__miller2_both_0_1_ac2_av,676,1,0.0,0.0,0.0,29
syn_distance,3,TPC-DI__Semantically-Joinable__prospect_vertical_30_ac5_av,196,6,1.0,0.5,0.6666666666666666,29
syn_distance,3,ChEMBL__Semantically-Joinable__assays_both_50_70_ac1_av,380,16,1.0,0.25,0.4,29
syn_distance,3,OpenData__View -Unionable__miller2_both_0_1_ac2_ev,676,1,1.0,1.0,1.0,29
syn_distance,3,ChEMBL__Semantically-Joinable__assays_both_50_70_ac2_av,380,16,1.0,0.375,0.5454545454545454,29
syn_distance,3,ChEMBL__Semantically-Joinable__assays_both_50_70_ac3_av,380,16,0.0,0.0,0.0,29
syn_distance,3,ChEMBL__Semantically-Joinable__assays_both_50_70_ec_av,380,16,1.0,0.5,0.6666666666666666,29
syn_distance,3,OpenData__View -Unionable__miller2_both_0_1_ac5_av,676,1,0.0,0.0,0.0,29
syn_distance,3,TPC-DI__Semantically-Joinable__prospect_vertical_50_ac5_av,272,11,1.0,0.36363636363636365,0.5333333333333333,29
syn_distance,3,ChEMBL__Semantically-Joinable__assays_vertical_1_ac1_av,144,1,1.0,1.0,1.0,29
syn_distance,3,OpenData__Joinable__miller2_both_50_50_ac2_ev,1444,25,1.0,1.0,1.0,29
syn_distance,3,ChEMBL__Semantically-Joinable__assays_vertical_1_ac4_av,144,1,1.0,1.0,1.0,29
syn_distance,3,ChEMBL__Semantically-Joinable__assays_vertical_1_ac5_av,144,1,1.0,1.0,1.0,29
syn_distance,3,TPC-DI__Semantically-Joinable__prospect_vertical_70_ac4_av,342,15,0.875,0.4666666666666667,0.6086956521739131,29
syn_distance,3,ChEMBL__Semantically-Joinable__assays_vertical_1_ec_av,144,1,1.0,1.0,1.0,29
syn_distance,3,OpenData__Joinable__miller2_both_50_70_ac1_ev,1849,35,1.0,0.7142857142857143,0.8333333333333334,29
syn_distance,3,TPC-DI__Semantically-Joinable__prospect_vertical_70_ec_av,342,15,1.0,0.6666666666666666,0.8,29
syn_distance,3,OpenData__Joinable__miller2_both_50_70_ac3_ev,1849,35,1.0,0.6,0.75,29
syn_distance,3,OpenData__View -Unionable__miller2_both_0_30_ac4_av,1089,15,1.0,0.26666666666666666,0.42105263157894735,29
syn_distance,3,OpenData__Joinable__miller2_both_50_70_ec_ev,1849,35,1.0,0.9428571428571428,0.9705882352941176,29
syn_distance,3,TPC-DI__Unionable__prospect_horizontal_0_ac2_ev,484,22,1.0,0.6363636363636364,0.7777777777777778,29
syn_distance,3,OpenData__Joinable__miller2_vertical_1_ac2_ev,676,1,1.0,1.0,1.0,29
syn_distance,3,OpenData__Joinable__miller2_vertical_1_ac3_ev,676,1,1.0,1.0,1.0,29
syn_distance,3,TPC-DI__Unionable__prospect_horizontal_0_ac4_av,484,22,1.0,0.5454545454545454,0.7058823529411765,29
syn_distance,3,ChEMBL__Semantically-Joinable__assays_vertical_50_ac3_av,289,11,1.0,0.36363636363636365,0.5333333333333333,29
syn_distance,3,OpenData__Joinable__miller2_vertical_1_ec_ev,676,1,1.0,1.0,1.0,29
syn_distance,3,TPC-DI__Unionable__prospect_horizontal_0_ac5_ev,484,22,1.0,0.45454545454545453,0.625,29
syn_distance,3,OpenData__View -Unionable__miller2_both_0_50_ac2_av,1444,25,1.0,0.6,0.75,29
syn_distance,3,TPC-DI__Unionable__prospect_horizontal_0_ec_av,484,22,1.0,0.5909090909090909,0.7428571428571429,29
syn_distance,3,OpenData__Joinable__miller2_vertical_30_ac2_ev,1089,15,0.9333333333333333,0.9333333333333333,0.9333333333333333,29
syn_distance,3,TPC-DI__Unionable__prospect_horizontal_0_ec_ev,484,22,1.0,0.5909090909090909,0.7428571428571429,29
syn_distance,3,OpenData__Joinable__miller2_vertical_30_ac3_ev,1089,15,1.0,0.7333333333333333,0.8461538461538461,29
syn_distance,3,OpenData__View -Unionable__miller2_both_0_50_ac3_av,1444,25,1.0,0.28,0.4375,29
syn_distance,3,OpenData__View -Unionable__miller2_both_0_50_ac4_av,1444,25,1.0,0.36,0.5294117647058824,29
syn_distance,3,TPC-DI__Unionable__prospect_horizontal_100_ac2_av,484,22,1.0,0.6363636363636364,0.7777777777777778,29
syn_distance,3,OpenData__Joinable__miller2_vertical_30_ec_ev,1089,15,1.0,1.0,1.0,29
syn_distance,3,OpenData__View -Unionable__miller2_both_0_50_ac5_av,1444,25,1.0,0.12,0.21428571428571427,29
syn_distance,3,OpenData__View -Unionable__miller2_both_0_50_ac5_ev,1444,25,1.0,0.44,0.6111111111111112,29
syn_distance,3,ChEMBL__Unionable__assays_horizontal_0_ac2_ev,529,23,1.0,0.6086956521739131,0.7567567567567568,29
syn_distance,3,OpenData__Joinable__miller2_vertical_50_ac5_ev,1444,25,1.0,0.52,0.6842105263157895,29
syn_distance,3,OpenData__View -Unionable__miller2_both_0_70_ac1_av,1849,35,1.0,0.4857142857142857,0.6538461538461539,29
syn_distance,3,OpenData__Joinable__miller2_vertical_50_ec_ev,1444,25,1.0,1.0,1.0,29
syn_distance,3,TPC-DI__Unionable__prospect_horizontal_100_ac5_ev,484,22,1.0,0.45454545454545453,0.625,29
syn_distance,3,TPC-DI__Unionable__prospect_horizontal_100_ec_av,484,22,1.0,0.5909090909090909,0.7428571428571429,29
syn_distance,3,ChEMBL__Unionable__assays_horizontal_0_ac4_ev,529,23,1.0,0.5217391304347826,0.6857142857142857,29
syn_distance,3,OpenData__View -Unionable__miller2_both_0_70_ac3_av,1849,35,1.0,0.2,0.3333333333333333,29
syn_distance,3,OpenData__Joinable__miller2_vertical_70_ac5_ev,1849,35,1.0,0.5714285714285714,0.7272727272727273,29
syn_distance,3,OpenData__View -Unionable__miller2_both_0_70_ac4_av,1849,35,0.9333333333333333,0.4,0.56,29
syn_distance,3,TPC-DI__Unionable__prospect_horizontal_50_ac2_av,484,22,1.0,0.6818181818181818,0.8108108108108109,29
syn_distance,3,ChEMBL__Unionable__assays_horizontal_0_ec_av,529,23,1.0,0.6521739130434783,0.7894736842105263,29
syn_distance,3,OpenData__View -Unionable__miller2_both_0_70_ac4_ev,1849,35,1.0,0.8,0.8888888888888888,29
syn_distance,3,TPC-DI__Unionable__prospect_horizontal_50_ac2_ev,484,22,1.0,0.6818181818181818,0.8108108108108109,29
syn_distance,3,OpenData__Semantically-Joinable__miller2_both_50_1_ac1_av,676,1,1.0,1.0,1.0,29
syn_distance,3,ChEMBL__Unionable__assays_horizontal_100_ac1_av,529,23,1.0,0.5217391304347826,0.6857142857142857,29
syn_distance,3,ChEMBL__Unionable__assays_horizontal_100_ac2_av,529,23,1.0,0.5652173913043478,0.7222222222222222,29
syn_distance,3,OpenData__View -Unionable__miller2_both_0_70_ec_ev,1849,35,1.0,0.9428571428571428,0.9705882352941176,29
syn_distance,3,ChEMBL__Unionable__assays_horizontal_100_ac2_ev,529,23,1.0,0.5652173913043478,0.7222222222222222,29
syn_distance,3,OpenData__Semantically-Joinable__miller2_both_50_1_ac5_av,676,1,0.0,0.0,0.0,29
syn_distance,3,TPC-DI__Unionable__prospect_horizontal_50_ac5_ev,484,22,1.0,0.45454545454545453,0.625,29
syn_distance,3,ChEMBL__Unionable__assays_horizontal_100_ac3_ev,529,23,1.0,0.34782608695652173,0.5161290322580645,29
syn_distance,3,TPC-DI__Joinable__prospect_both_50_1_ac3_ev,132,1,0.0,0.0,0.0,29
syn_distance,3,ChEMBL__Unionable__assays_horizontal_100_ac4_ev,529,23,1.0,0.6086956521739131,0.7567567567567568,29
syn_distance,3,OpenData__Semantically-Joinable__miller2_both_50_30_ac4_av,1089,15,1.0,0.5333333333333333,0.6956521739130435,29
syn_distance,3,TPC-DI__Joinable__prospect_both_50_30_ac1_ev,196,6,1.0,0.5,0.6666666666666666,29
syn_distance,3,OpenData__Semantically-Joinable__miller2_both_50_50_ac1_av,1444,25,1.0,0.44,0.6111111111111112,29
syn_distance,3,TPC-DI__Joinable__prospect_both_50_30_ac4_ev,196,6,1.0,0.6666666666666666,0.8,29
syn_distance,3,TPC-DI__View-Unionable__prospect_both_0_1_ac3_ev,132,1,0.0,0.0,0.0,29
syn_distance,3,ChEMBL__Unionable__assays_horizontal_50_ac1_ev,529,23,1.0,0.5217391304347826,0.6857142857142857,29
syn_distance,3,OpenData__Semantically-Joinable__miller2_both_50_50_ac3_av,1444,25,1.0,0.28,0.4375,29
syn_distance,3,TPC-DI__Joinable__prospect_both_50_30_ac5_ev,196,6,1.0,0.5,0.6666666666666666,29
syn_distance,3,OpenData__Semantically-Joinable__miller2_both_50_50_ac4_av,1444,25,0.9230769230769231,0.48,0.631578947368421,29
syn_distance,3,TPC-DI__Joinable__prospect_both_50_30_ec_ev,196,6,1.0,0.3333333333333333,0.5,29
syn_distance,3,TPC-DI__View-Unionable__prospect_both_0_1_ac5_av,132,1,0.0,0.0,0.0,29
syn_distance,3,ChEMBL__Unionable__assays_horizontal_50_ac3_ev,529,23,1.0,0.34782608695652173,0.5161290322580645,29
syn_distance,3,OpenData__Semantically-Joinable__miller2_both_50_70_ac3_av,1849,35,1.0,0.2571428571428571,0.4090909090909091,29
syn_distance,4,ChEMBL__Joinable__assays_both_50_1_ac2_ev,144,1,0.0,0.0,0.0,29
syn_distance,4,ChEMBL__Unionable__assays_horizontal_50_ac5_ev,529,23,1.0,0.391304347826087,0.5625,29
syn_distance,4,TPC-DI__View-Unionable__prospect_both_0_30_ac2_av,196,6,1.0,0.3333333333333333,0.5,29
syn_distance,4,ChEMBL__Joinable__assays_both_50_1_ac3_ev,144,1,0.0,0.0,0.0,29
syn_distance,4,OpenData__Semantically-Joinable__miller2_vertical_1_ac1_av,676,1,1.0,1.0,1.0,29
syn_distance,4,ChEMBL__View-Unionable__assays_both_0_1_ac1_ev,144,1,0.0,0.0,0.0,29
syn_distance,4,TPC-DI__View-Unionable__prospect_both_0_30_ac4_av,196,6,1.0,0.5,0.6666666666666666,29
syn_distance,4,ChEMBL__View-Unionable__assays_both_0_1_ac2_av,144,1,0.0,0.0,0.0,29
syn_distance,4,OpenData__Semantically-Joinable__miller2_vertical_1_ac4_av,676,1,0.0,0.0,0.0,29
syn_distance,4,TPC-DI__Joinable__prospect_both_50_70_ec_ev,342,15,1.0,0.2,0.3333333333333333,29
syn_distance,4,ChEMBL__Joinable__assays_both_50_30_ac3_ev,210,6,1.0,0.3333333333333333,0.5,29
syn_distance,4,OpenData__Semantically-Joinable__miller2_vertical_1_ec_av,676,1,0.0,0.0,0.0,29
syn_distance,4,TPC-DI__View-Unionable__prospect_both_0_30_ac5_ev,196,6,1.0,0.5,0.6666666666666666,29
syn_distance,4,TPC-DI__Joinable__prospect_vertical_1_ac3_ev,132,1,1.0,1.0,1.0,29
syn_distance,4,TPC-DI__View-Unionable__prospect_both_0_30_ec_av,196,6,1.0,0.3333333333333333,0.5,29
syn_distance,4,TPC-DI__Joinable__prospect_vertical_1_ac5_ev,132,1,1.0,1.0,1.0,29
syn_distance,4,TPC-DI__View-Unionable__prospect_both_0_50_ac1_av,272,11,1.0,0.09090909090909091,0.16666666666666666,29
syn_distance,4,ChEMBL__Joinable__assays_both_50_50_ac1_ev,289,11,1.0,0.2727272727272727,0.42857142857142855,29
syn_distance,4,TPC-DI__Joinable__prospect_vertical_1_ec_ev,132,1,1.0,1.0,1.0,29
syn_distance,4,ChEMBL__View-Unionable__assays_both_0_1_ec_av,144,1,0.0,0.0,0.0,29
syn_distance,4,TPC-DI__Joinable__prospect_vertical_30_ac2_ev,196,6,1.0,1.0,1.0,29
syn_distance,4,TPC-DI__View-Unionable__prospect_both_0_50_ac2_ev,272,11,1.0,0.45454545454545453,0.625,29
syn_distance,4,ChEMBL__Joinable__assays_both_50_50_ac4_ev,289,11,1.0,0.5454545454545454,0.7058823529411765,29
syn_distance,4,OpenData__Semantically-Joinable__miller2_vertical_50_ac2_av,1444,25,0.9285714285714286,0.52,0.6666666666666666,29
syn_distance,4,TPC-DI__View-Unionable__prospect_both_0_50_ac3_ev,272,11,1.0,0.45454545454545453,0.625,29
syn_distance,4,ChEMBL__View-Unionable__assays_both_0_30_ac1_ev,210,6,1.0,0.5,0.6666666666666666,29
syn_distance,4,ChEMBL__View-Unionable__assays_both_0_30_ac2_av,210,6,0.0,0.0,0.0,29
syn_distance,4,OpenData__Semantically-Joinable__miller2_vertical_50_ac4_av,1444,25,0.9230769230769231,0.48,0.631578947368421,29
syn_distance,4,ChEMBL__View-Unionable__assays_both_0_30_ac2_ev,210,6,1.0,0.5,0.6666666666666666,29
syn_distance,4,OpenData__Semantically-Joinable__miller2_vertical_70_ac1_av,1849,35,1.0,0.42857142857142855,0.6,29
syn_distance,4,ChEMBL__Joinable__assays_both_50_70_ac5_ev,380,16,1.0,0.3125,0.47619047619047616,29
syn_distance,4,OpenData__Semantically-Joinable__miller2_vertical_70_ac2_av,1849,35,0.9444444444444444,0.4857142857142857,0.6415094339622641,29
syn_distance,4,ChEMBL__Joinable__assays_both_50_70_ec_ev,380,16,1.0,0.375,0.5454545454545454,29
syn_distance,4,TPC-DI__View-Unionable__prospect_both_0_70_ac1_av,342,15,1.0,0.13333333333333333,0.23529411764705882,29
syn_distance,4,ChEMBL__View-Unionable__assays_both_0_30_ac5_ev,210,6,1.0,0.3333333333333333,0.5,29
syn_distance,4,TPC-DI__View-Unionable__prospect_both_0_70_ac2_av,342,15,0.8333333333333334,0.3333333333333333,0.47619047619047616,29
syn_distance,4,TPC-DI__Joinable__prospect_vertical_70_ac2_ev,342,15,1.0,1.0,1.0,29
syn_distance,4,ChEMBL__View-Unionable__assays_both_0_30_ec_ev,210,6,1.0,0.3333333333333333,0.5,29
syn_distance,4,OpenData__Unionable__miller2_horizontal_0_ac1_av,2601,51,1.0,0.6274509803921569,0.7710843373493976,29
syn_distance,4,TPC-DI__View-Unionable__prospect_both_0_70_ac3_av,342,15,1.0,0.2,0.3333333333333333,29
syn_distance,4,TPC-DI__View-Unionable__prospect_both_0_70_ac4_av,342,15,1.0,0.13333333333333333,0.23529411764705882,29
syn_distance,4,ChEMBL__Joinable__assays_vertical_30_ac1_ev,210,6,1.0,0.8333333333333334,0.9090909090909091,29
syn_distance,4,TPC-DI__Joinable__prospect_vertical_70_ec_ev,342,15,1.0,0.5333333333333333,0.6956521739130435,29
syn_distance,4,TPC-DI__View-Unionable__prospect_both_0_70_ac4_ev,342,15,1.0,0.4,0.5714285714285714,29
syn_distance,4,ChEMBL__Joinable__assays_vertical_30_ac2_ev,210,6,1.0,0.6666666666666666,0.8,29
syn_distance,4,ChEMBL__View-Unionable__assays_both_0_50_ac2_ev,289,11,1.0,0.6363636363636364,0.7777777777777778,29
syn_distance,4,ChEMBL__Joinable__assays_vertical_30_ac3_ev,210,6,1.0,1.0,1.0,29
syn_distance,4,TPC-DI__Semantically-Joinable__prospect_both_50_1_ac3_av,132,1,0.0,0.0,0.0,29
syn_distance,4,ChEMBL__Joinable__assays_vertical_30_ac5_ev,210,6,1.0,0.6666666666666666,0.8,29
syn_distance,4,OpenData__Unionable__miller2_horizontal_0_ac5_ev,2601,51,1.0,0.47058823529411764,0.64,29
syn_distance,4,TPC-DI__Semantically-Joinable__prospect_both_50_1_ec_av,132,1,0.0,0.0,0.0,29
syn_distance,4,ChEMBL__Joinable__assays_vertical_50_ac2_ev,289,11,1.0,0.8181818181818182,0.9,29
syn_distance,4,ChEMBL__View-Unionable__assays_both_0_50_ac5_ev,289,11,1.0,0.2727272727272727,0.42857142857142855,29
syn_distance,4,Wikidata__Musicians__Musicians_unionable,400,19,0.9444444444444444,0.8947368421052632,0.918918918918919,29
syn_distance,4,ChEMBL__Joinable__assays_vertical_50_ac5_ev,289,11,1.0,0.5454545454545454,0.7058823529411765,29
syn_distance,4,TPC-DI__Semantically-Joinable__prospect_both_50_30_ac4_av,196,6,1.0,0.5,0.6666666666666666,29
syn_distance,4,OpenData__Unionable__miller2_horizontal_100_ac2_av,2601,51,1.0,0.9019607843137255,0.9484536082474226,29
syn_distance,4,TPC-DI__Semantically-Joinable__prospect_both_50_30_ac5_av,196,6,0.0,0.0,0.0,29
syn_distance,4,ChEMBL__View-Unionable__assays_both_0_70_ac2_ev,380,16,1.0,0.375,0.5454545454545454,29
syn_distance,4,TPC-DI__Semantically-Joinable__prospect_both_50_50_ac1_av,272,11,1.0,0.09090909090909091,0.16666666666666666,29
syn_distance,4,ChEMBL__Joinable__assays_vertical_70_ac3_ev,380,16,1.0,0.75,0.8571428571428571,29
syn_distance,4,ChEMBL__View-Unionable__assays_both_0_70_ac3_av,380,16,1.0,0.1875,0.3157894736842105,29
syn_distance,4,TPC-DI__Semantically-Joinable__prospect_both_50_50_ac2_av,272,11,0.75,0.2727272727272727,0.4,29
syn_distance,4,ChEMBL__Joinable__assays_vertical_70_ac4_ev,380,16,1.0,0.875,0.9333333333333333,29
syn_distance,4,ChEMBL__View-Unionable__assays_both_0_70_ac3_ev,380,16,1.0,0.5,0.6666666666666666,29
syn_distance,4,ChEMBL__View-Unionable__assays_both_0_70_ac4_ev,380,16,1.0,0.4375,0.6086956521739131,29
syn_distance,4,OpenData__Unionable__miller2_horizontal_100_ac5_av,2601,51,1.0,0.47058823529411764,0.64,29
syn_distance,4,TPC-DI__Semantically-Joinable__prospect_both_50_50_ac5_av,272,11,0.0,0.0,0.0,29
syn_distance,4,ChEMBL__Semantically-Joinable__assays_both_50_1_ac1_av,144,1,0.0,0.0,0.0,29
syn_distance,4,OpenData__Unionable__miller2_horizontal_100_ac5_ev,2601,51,1.0,0.47058823529411764,0.64,29
syn_distance,4,ChEMBL__Semantically-Joinable__assays_both_50_1_ac3_av,144,1,0.0,0.0,0.0,29
syn_distance,4,ChEMBL__View-Unionable__assays_both_0_70_ec_av,380,16,1.0,0.0625,0.11764705882352941,29
syn_distance,4,OpenData__Unionable__miller2_horizontal_100_ec_ev,2601,51,1.0,0.37254901960784315,0.5428571428571428,29
syn_distance,4,ChEMBL__Semantically-Joinable__assays_both_50_1_ac4_av,144,1,0.0,0.0,0.0,29
syn_distance,4,OpenData__Unionable__miller2_horizontal_50_ac1_av,2601,51,1.0,0.5882352941176471,0.7407407407407407,29
syn_distance,4,ChEMBL__Semantically-Joinable__assays_both_50_1_ac5_av,144,1,0.0,0.0,0.0,29
syn_distance,4,TPC-DI__Semantically-Joinable__prospect_both_50_70_ac4_av,342,15,1.0,0.06666666666666667,0.125,29
syn_distance,4,ChEMBL__Semantically-Joinable__assays_both_50_1_ec_av,144,1,0.0,0.0,0.0,29
syn_distance,4,OpenData__Unionable__miller2_horizontal_50_ac2_av,2601,51,1.0,0.8823529411764706,0.9375,29
syn_distance,4,TPC-DI__Semantically-Joinable__prospect_both_50_70_ac5_av,342,15,1.0,0.13333333333333333,0.23529411764705882,29
syn_distance,4,OpenData__Unionable__miller2_horizontal_50_ac2_ev,2601,51,1.0,0.9019607843137255,0.9484536082474226,29
syn_distance,4,TPC-DI__Semantically-Joinable__prospect_both_50_70_ec_av,342,15,1.0,0.13333333333333333,0.23529411764705882,29
syn_distance,4,TPC-DI__Semantically-Joinable__prospect_vertical_1_ac1_av,132,1,1.0,1.0,1.0,29
syn_distance,4,ChEMBL__Semantically-Joinable__assays_both_50_30_ac3_av,210,6,1.0,0.16666666666666666,0.2857142857142857,29
syn_distance,4,Magellan__itunes_amazon,81,9,1.0,0.6666666666666666,0.8,29
syn_distance,4,Magellan__walmart_amazon,36,6,1.0,0.5,0.6666666666666666,29
syn_distance,4,OpenData__Unionable__miller2_horizontal_50_ac4_ev,2601,51,0.9772727272727273,0.8431372549019608,0.9052631578947369,29
syn_distance,4,OpenData__Joinable__miller2_both_50_1_ac2_ev,676,1,1.0,1.0,1.0,29
syn_distance,4,OpenData__Unionable__miller2_horizontal_50_ac5_ev,2601,51,1.0,0.47058823529411764,0.64,29
syn_distance,4,TPC-DI__Semantically-Joinable__prospect_vertical_1_ec_av,132,1,1.0,1.0,1.0,29
syn_distance,4,OpenData__Joinable__miller2_both_50_1_ac4_ev,676,1,0.0,0.0,0.0,29
syn_distance,4,TPC-DI__Semantically-Joinable__prospect_vertical_30_ac2_av,196,6,0.8333333333333334,0.8333333333333334,0.8333333333333334,29
syn_distance,4,OpenData__View -Unionable__miller2_both_0_1_ac1_av,676,1,1.0,1.0,1.0,29
syn_distance,4,ChEMBL__Semantically-Joinable__assays_both_50_50_ac5_av,289,11,1.0,0.2727272727272727,0.42857142857142855,29
syn_distance,4,OpenData__View -Unionable__miller2_both_0_1_ac1_ev,676,1,0.0,0.0,0.0,29
syn_distance,4,ChEMBL__Semantically-Joinable__assays_both_50_50_ec_av,289,11,1.0,0.18181818181818182,0.3076923076923077,29
syn_distance,4,ChEMBL__Semantically-Joinable__assays_both_50_70_ac1_av,380,16,1.0,0.1875,0.3157894736842105,29
syn_distance,4,TPC-DI__Semantically-Joinable__prospect_vertical_30_ec_av,196,6,0.6666666666666666,0.6666666666666666,0.6666666666666666,29
syn_distance,4,OpenData__Joinable__miller2_both_50_30_ac3_ev,1089,15,1.0,0.6666666666666666,0.8,29
syn_distance,4,OpenData__Joinable__miller2_both_50_30_ac5_ev,1089,15,1.0,0.4,0.5714285714285714,29
syn_distance,4,OpenData__View -Unionable__miller2_both_0_1_ac4_ev,676,1,0.0,0.0,0.0,29
syn_distance,4,OpenData__View -Unionable__miller2_both_0_1_ac5_av,676,1,0.0,0.0,0.0,29
syn_distance,4,ChEMBL__Semantically-Joinable__assays_vertical_1_ac2_av,144,1,1.0,1.0,1.0,29
syn_distance,4,OpenData__View -Unionable__miller2_both_0_30_ac1_av,1089,15,1.0,0.3333333333333333,0.5,29
syn_distance,4,ChEMBL__Semantically-Joinable__assays_vertical_1_ac5_av,144,1,1.0,1.0,1.0,29
syn_distance,4,OpenData__View -Unionable__miller2_both_0_30_ac2_av,1089,15,1.0,0.4666666666666667,0.6363636363636364,29
syn_distance,4,OpenData__Joinable__miller2_both_50_70_ac3_ev,1849,35,1.0,0.8285714285714286,0.90625,29
syn_distance,4,TPC-DI__Unionable__prospect_horizontal_0_ac1_av,484,22,1.0,0.3181818181818182,0.4827586206896552,29
syn_distance,4,TPC-DI__Unionable__prospect_horizontal_0_ac1_ev,484,22,1.0,0.3181818181818182,0.4827586206896552,29
syn_distance,4,OpenData__Joinable__miller2_both_50_70_ac5_ev,1849,35,1.0,0.4857142857142857,0.6538461538461539,29
syn_distance,4,OpenData__Joinable__miller2_vertical_1_ac1_ev,676,1,0.0,0.0,0.0,29
syn_distance,4,ChEMBL__Semantically-Joinable__assays_vertical_50_ac1_av,289,11,1.0,0.5454545454545454,0.7058823529411765,29
syn_distance,4,ChEMBL__Semantically-Joinable__assays_vertical_50_ac2_av,289,11,1.0,0.6363636363636364,0.7777777777777778,29
syn_distance,4,TPC-DI__Unionable__prospect_horizontal_0_ac4_av,484,22,1.0,0.4090909090909091,0.5806451612903226,29
syn_distance,4,TPC-DI__Unionable__prospect_horizontal_0_ac4_ev,484,22,1.0,0.45454545454545453,0.625,29
syn_distance,4,OpenData__View -Unionable__miller2_both_0_50_ac1_av,1444,25,1.0,0.24,0.3870967741935484,29
syn_distance,4,TPC-DI__Unionable__prospect_horizontal_0_ac5_ev,484,22,1.0,0.36363636363636365,0.5333333333333333,29
syn_distance,4,OpenData__Joinable__miller2_vertical_30_ac1_ev,1089,15,1.0,0.8,0.8888888888888888,29
syn_distance,4,OpenData__View -Unionable__miller2_both_0_50_ac2_av,1444,25,1.0,0.48,0.6486486486486487,29
syn_distance,4,OpenData__Joinable__miller2_vertical_30_ac2_ev,1089,15,1.0,0.9333333333333333,0.9655172413793104,29
syn_distance,4,TPC-DI__Unionable__prospect_horizontal_100_ac1_ev,484,22,1.0,0.3181818181818182,0.4827586206896552,29
syn_distance,4,ChEMBL__Semantically-Joinable__assays_vertical_70_ac4_av,380,16,1.0,0.625,0.7692307692307693,29
syn_distance,4,OpenData__Joinable__miller2_vertical_30_ac5_ev,1089,15,1.0,0.4666666666666667,0.6363636363636364,29
syn_distance,4,OpenData__Joinable__miller2_vertical_30_ec_ev,1089,15,1.0,0.3333333333333333,0.5,29
syn_distance,4,OpenData__View -Unionable__miller2_both_0_50_ac4_ev,1444,25,1.0,0.84,0.9130434782608695,29
syn_distance,4,TPC-DI__Unionable__prospect_horizontal_100_ac2_ev,484,22,1.0,0.5454545454545454,0.7058823529411765,29
syn_distance,4,OpenData__Joinable__miller2_vertical_50_ac1_ev,1444,25,1.0,0.84,0.9130434782608695,29
syn_distance,4,OpenData__View -Unionable__miller2_both_0_50_ac5_av,1444,25,1.0,0.2,0.3333333333333333,29
syn_distance,4,OpenData__View -Unionable__miller2_both_0_50_ac5_ev,1444,25,1.0,0.44,0.6111111111111112,29
syn_distance,4,ChEMBL__Unionable__assays_horizontal_0_ac1_ev,529,23,1.0,0.43478260869565216,0.6060606060606061,29
syn_distance,4,ChEMBL__Unionable__assays_horizontal_0_ac2_ev,529,23,1.0,0.5652173913043478,0.7222222222222222,29
syn_distance,4,OpenData__Joinable__miller2_vertical_50_ec_ev,1444,25,1.0,0.4,0.5714285714285714,29
syn_distance,4,OpenData__View -Unionable__miller2_both_0_70_ac1_ev,1849,35,1.0,0.6571428571428571,0.7931034482758621,29
syn_distance,4,OpenData__View -Unionable__miller2_both_0_70_ac2_ev,1849,35,0.9393939393939394,0.8857142857142857,0.9117647058823529,29
syn_distance,4,OpenData__Joinable__miller2_vertical_70_ac4_ev,1849,35,0.967741935483871,0.8571428571428571,0.9090909090909091,29
syn_distance,4,TPC-DI__Unionable__prospect_horizontal_50_ac1_ev,484,22,1.0,0.3181818181818182,0.4827586206896552,29
syn_distance,4,ChEMBL__Unionable__assays_horizontal_0_ac5_ev,529,23,1.0,0.391304347826087,0.5625,29
syn_distance,4,OpenData__View -Unionable__miller2_both_0_70_ac5_av,1849,35,1.0,0.2857142857142857,0.4444444444444444,29
syn_distance,4,TPC-DI__Unionable__prospect_horizontal_50_ac3_ev,484,22,1.0,0.4090909090909091,0.5806451612903226,29
syn_distance,4,ChEMBL__Unionable__assays_horizontal_100_ac1_ev,529,23,1.0,0.43478260869565216,0.6060606060606061,29
syn_distance,4,OpenData__Semantically-Joinable__miller2_both_50_1_ac3_av,676,1,0.0,0.0,0.0,29
syn_distance,4,OpenData__View -Unionable__miller2_both_0_70_ec_av,1849,35,1.0,0.08571428571428572,0.15789473684210525,29
syn_distance,4,OpenData__Semantically-Joinable__miller2_both_50_1_ac4_av,676,1,0.0,0.0,0.0,29
syn_distance,4,ChEMBL__Unionable__assays_horizontal_100_ac2_ev,529,23,1.0,0.5217391304347826,0.6857142857142857,29
syn_distance,4,TPC-DI__Joinable__prospect_both_50_1_ac1_ev,132,1,0.0,0.0,0.0,29
syn_distance,4,TPC-DI__Joinable__prospect_both_50_1_ac2_ev,132,1,0.0,0.0,0.0,29
syn_distance,4,OpenData__Semantically-Joinable__miller2_both_50_30_ac1_av,1089,15,1.0,0.3333333333333333,0.5,29
syn_distance,4,TPC-DI__Unionable__prospect_horizontal_50_ec_av,484,22,1.0,0.18181818181818182,0.3076923076923077,29
syn_distance,4,OpenData__Semantically-Joinable__miller2_both_50_30_ac2_av,1089,15,1.0,0.6666666666666666,0.8,29
syn_distance,4,TPC-DI__Joinable__prospect_both_50_1_ac4_ev,132,1,0.0,0.0,0.0,29
syn_distance,4,TPC-DI__Unionable__prospect_horizontal_50_ec_ev,484,22,1.0,0.18181818181818182,0.3076923076923077,29
syn_distance,4,TPC-DI__Joinable__prospect_both_50_1_ec_ev,132,1,0.0,0.0,0.0,29
syn_distance,4,OpenData__Semantically-Joinable__miller2_both_50_30_ac5_av,1089,15,1.0,0.13333333333333333,0.23529411764705882,29
syn_distance,4,TPC-DI__Joinable__prospect_both_50_30_ac2_ev,196,6,1.0,0.5,0.6666666666666666,29
syn_distance,4,TPC-DI__View-Unionable__prospect_both_0_1_ac2_ev,132,1,0.0,0.0,0.0,29
syn_distance,4,ChEMBL__Unionable__assays_horizontal_100_ec_ev,529,23,1.0,0.34782608695652173,0.5161290322580645,29
syn_distance,4,OpenData__Semantically-Joinable__miller2_both_50_50_ac1_av,1444,25,1.0,0.4,0.5714285714285714,29
syn_distance,4,ChEMBL__Unionable__assays_horizontal_50_ac1_av,529,23,1.0,0.43478260869565216,0.6060606060606061,29
syn_distance,4,TPC-DI__Joinable__prospect_both_50_30_ac4_ev,196,6,1.0,0.5,0.6666666666666666,29
syn_distance,4,ChEMBL__Unionable__assays_horizontal_50_ac1_ev,529,23,1.0,0.43478260869565216,0.6060606060606061,29
syn_distance,4,OpenData__Semantically-Joinable__miller2_both_50_50_ac3_av,1444,25,1.0,0.32,0.48484848484848486,29
syn_distance,4,TPC-DI__Joinable__prospect_both_50_30_ec_ev,196,6,0.0,0.0,0.0,29
syn_distance,4,OpenData__Semantically-Joinable__miller2_both_50_50_ac5_av,1444,25,1.0,0.24,0.3870967741935484,29
syn_distance,4,ChEMBL__Unionable__assays_horizontal_50_ac3_av,529,23,1.0,0.43478260869565216,0.6060606060606061,29
syn_distance,4,ChEMBL__Unionable__assays_horizontal_50_ac3_ev,529,23,1.0,0.43478260869565216,0.6060606060606061,29
syn_distance,4,TPC-DI__View-Unionable__prospect_both_0_30_ac1_av,196,6,0.0,0.0,0.0,29
syn_distance,5,ChEMBL__Unionable__assays_horizontal_50_ec_av,529,23,1.0,0.391304347826087,0.5625,29
syn_distance,5,TPC-DI__Joinable__prospect_both_50_70_ac2_ev,342,15,1.0,0.8666666666666667,0.9285714285714286,29
syn_distance,5,ChEMBL__Unionable__assays_horizontal_50_ec_ev,529,23,1.0,0.391304347826087,0.5625,29
syn_distance,5,TPC-DI__Joinable__prospect_both_50_70_ac3_ev,342,15,1.0,0.7333333333333333,0.8461538461538461,29
syn_distance,5,TPC-DI__Joinable__prospect_both_50_70_ac4_ev,342,15,1.0,0.6666666666666666,0.8,29
syn_distance,5,ChEMBL__Joinable__assays_both_50_1_ec_ev,144,1,0.0,0.0,0.0,29
syn_distance,5,ChEMBL__Joinable__assays_both_50_30_ac1_ev,210,6,1.0,0.5,0.6666666666666666,29
syn_distance,5,OpenData__Semantically-Joinable__miller2_vertical_1_ac5_av,676,1,0.0,0.0,0.0,29
syn_distance,5,TPC-DI__View-Unionable__prospect_both_0_30_ac5_av,196,6,0.0,0.0,0.0,29
syn_distance,5,ChEMBL__Joinable__assays_both_50_30_ac4_ev,210,6,1.0,0.6666666666666666,0.8,29
syn_distance,5,ChEMBL__View-Unionable__assays_both_0_1_ac3_ev,144,1,0.0,0.0,0.0,29
syn_distance,5,ChEMBL__Joinable__assays_both_50_30_ac5_ev,210,6,1.0,0.3333333333333333,0.5,29
syn_distance,5,ChEMBL__View-Unionable__assays_both_0_1_ac5_av,144,1,0.0,0.0,0.0,29
syn_distance,5,ChEMBL__Joinable__assays_both_50_50_ac2_ev,289,11,1.0,0.6363636363636364,0.7777777777777778,29
syn_distance,5,TPC-DI__Joinable__prospect_vertical_30_ac1_ev,196,6,1.0,0.8333333333333334,0.9090909090909091,29
syn_distance,5,OpenData__Semantically-Joinable__miller2_vertical_30_ec_av,1089,15,1.0,0.6,0.75,29
syn_distance,5,ChEMBL__View-Unionable__assays_both_0_1_ec_ev,144,1,0.0,0.0,0.0,29
syn_distance,5,TPC-DI__View-Unionable__prospect_both_0_50_ac3_av,272,11,1.0,0.5454545454545454,0.7058823529411765,29
syn_distance,5,ChEMBL__Joinable__assays_both_50_50_ac5_ev,289,11,1.0,0.45454545454545453,0.625,29
syn_distance,5,TPC-DI__Joinable__prospect_vertical_30_ac5_ev,196,6,1.0,0.8333333333333334,0.9090909090909091,29
syn_distance,5,TPC-DI__View-Unionable__prospect_both_0_50_ac4_av,272,11,1.0,0.36363636363636365,0.5333333333333333,29
syn_distance,5,ChEMBL__Joinable__assays_both_50_70_ac1_ev,380,16,1.0,0.375,0.5454545454545454,29
syn_distance,5,TPC-DI__View-Unionable__prospect_both_0_50_ac4_ev,272,11,1.0,0.9090909090909091,0.9523809523809523,29
syn_distance,5,ChEMBL__Joinable__assays_both_50_70_ac2_ev,380,16,1.0,0.5625,0.72,29
syn_distance,5,TPC-DI__View-Unionable__prospect_both_0_50_ac5_av,272,11,1.0,0.18181818181818182,0.3076923076923077,29
syn_distance,5,ChEMBL__View-Unionable__assays_both_0_30_ac3_av,210,6,1.0,0.16666666666666666,0.2857142857142857,29
syn_distance,5,OpenData__Semantically-Joinable__miller2_vertical_50_ec_av,1444,25,1.0,0.48,0.6486486486486487,29
syn_distance,5,TPC-DI__Joinable__prospect_vertical_50_ac2_ev,272,11,1.0,1.0,1.0,29
syn_distance,5,TPC-DI__View-Unionable__prospect_both_0_50_ac5_ev,272,11,1.0,0.36363636363636365,0.5333333333333333,29
syn_distance,5,TPC-DI__Joinable__prospect_vertical_50_ac3_ev,272,11,1.0,1.0,1.0,29
syn_distance,5,ChEMBL__View-Unionable__assays_both_0_30_ac4_av,210,6,0.0,0.0,0.0,29
syn_distance,5,OpenData__Semantically-Joinable__miller2_vertical_70_ac3_av,1849,35,1.0,0.42857142857142855,0.6,29
syn_distance,5,ChEMBL__View-Unionable__assays_both_0_30_ac5_av,210,6,1.0,0.16666666666666666,0.2857142857142857,29
syn_distance,5,TPC-DI__View-Unionable__prospect_both_0_70_ac1_ev,342,15,1.0,0.4,0.5714285714285714,29
syn_distance,5,ChEMBL__Joinable__assays_vertical_1_ac3_ev,144,1,1.0,1.0,1.0,29
syn_distance,5,ChEMBL__Joinable__assays_vertical_1_ac4_ev,144,1,1.0,1.0,1.0,29
syn_distance,5,TPC-DI__Joinable__prospect_vertical_70_ac3_ev,342,15,1.0,1.0,1.0,29
syn_distance,5,ChEMBL__Joinable__assays_vertical_1_ac5_ev,144,1,1.0,1.0,1.0,29
syn_distance,5,OpenData__Unionable__miller2_horizontal_0_ac3_av,2601,51,1.0,0.5686274509803921,0.725,29
syn_distance,5,TPC-DI__Semantically-Joinable__prospect_both_50_1_ac1_av,132,1,0.0,0.0,0.0,29
syn_distance,5,OpenData__Unionable__miller2_horizontal_0_ac3_ev,2601,51,1.0,0.6470588235294118,0.7857142857142857,29
syn_distance,5,ChEMBL__Joinable__assays_vertical_30_ac4_ev,210,6,1.0,1.0,1.0,29
syn_distance,5,TPC-DI__Semantically-Joinable__prospect_both_50_1_ac4_av,132,1,0.0,0.0,0.0,29
syn_distance,5,TPC-DI__View-Unionable__prospect_both_0_70_ec_ev,342,15,1.0,0.26666666666666666,0.42105263157894735,29
syn_distance,5,TPC-DI__Semantically-Joinable__prospect_both_50_1_ac5_av,132,1,0.0,0.0,0.0,29
syn_distance,5,Wikidata__Musicians__Musicians_joinable,169,6,1.0,0.8333333333333334,0.9090909090909091,29
syn_distance,5,ChEMBL__View-Unionable__assays_both_0_50_ac5_av,289,11,1.0,0.18181818181818182,0.3076923076923077,29
syn_distance,5,TPC-DI__Semantically-Joinable__prospect_both_50_30_ac1_av,196,6,0.0,0.0,0.0,29
syn_distance,5,OpenData__Unionable__miller2_horizontal_100_ac1_av,2601,51,1.0,0.7450980392156863,0.8539325842696629,29
syn_distance,5,ChEMBL__Joinable__assays_vertical_70_ac1_ev,380,16,1.0,0.8125,0.896551724137931,29
syn_distance,5,ChEMBL__Joinable__assays_vertical_70_ac2_ev,380,16,1.0,0.9375,0.967741935483871,29
syn_distance,5,TPC-DI__Semantically-Joinable__prospect_both_50_50_ac3_av,272,11,1.0,0.45454545454545453,0.625,29
syn_distance,5,ChEMBL__Joinable__assays_vertical_70_ac5_ev,380,16,1.0,0.625,0.7692307692307693,29
syn_distance,5,ChEMBL__View-Unionable__assays_both_0_70_ac4_av,380,16,1.0,0.3125,0.47619047619047616,29
syn_distance,5,OpenData__Unionable__miller2_horizontal_100_ec_av,2601,51,1.0,0.6862745098039216,0.813953488372093,29
syn_distance,5,ChEMBL__View-Unionable__assays_both_0_70_ec_ev,380,16,1.0,0.4375,0.6086956521739131,29
syn_distance,5,OpenData__Unionable__miller2_horizontal_50_ac1_ev,2601,51,1.0,0.7450980392156863,0.8539325842696629,29
syn_distance,5,Magellan__beeradvo_ratebeer,25,5,1.0,0.6,0.75,29
syn_distance,5,OpenData__Unionable__miller2_horizontal_50_ac3_ev,2601,51,1.0,0.6470588235294118,0.7857142857142857,29
syn_distance,5,ChEMBL__Semantically-Joinable__assays_both_50_30_ac4_av,210,6,1.0,0.6666666666666666,0.8,29
syn_distance,5,ChEMBL__Semantically-Joinable__assays_both_50_30_ec_av,210,6,0.0,0.0,0.0,29
syn_distance,5,TPC-DI__Semantically-Joinable__prospect_vertical_1_ac5_av,132,1,0.0,0.0,0.0,29
syn_distance,5,ChEMBL__Semantically-Joinable__assays_both_50_50_ac1_av,289,11,1.0,0.09090909090909091,0.16666666666666666,29
syn_distance,5,TPC-DI__Semantically-Joinable__prospect_vertical_30_ac1_av,196,6,1.0,0.16666666666666666,0.2857142857142857,29
syn_distance,5,OpenData__Joinable__miller2_both_50_1_ac5_ev,676,1,1.0,1.0,1.0,29
syn_distance,5,TPC-DI__Semantically-Joinable__prospect_vertical_30_ac3_av,196,6,1.0,0.8333333333333334,0.9090909090909091,29
syn_distance,5,OpenData__Joinable__miller2_both_50_30_ac2_ev,1089,15,1.0,1.0,1.0,29
syn_distance,5,OpenData__Joinable__miller2_both_50_30_ac4_ev,1089,15,1.0,0.8,0.8888888888888888,29
syn_distance,5,ChEMBL__Semantically-Joinable__assays_both_50_70_ac5_av,380,16,1.0,0.1875,0.3157894736842105,29
syn_distance,5,OpenData__Joinable__miller2_both_50_50_ac1_ev,1444,25,1.0,0.76,0.8636363636363636,29
syn_distance,5,OpenData__View -Unionable__miller2_both_0_1_ec_av,676,1,0.0,0.0,0.0,29
syn_distance,5,ChEMBL__Semantically-Joinable__assays_vertical_1_ac3_av,144,1,1.0,1.0,1.0,29
syn_distance,5,OpenData__View -Unionable__miller2_both_0_1_ec_ev,676,1,1.0,1.0,1.0,29
syn_distance,5,OpenData__Joinable__miller2_both_50_50_ec_ev,1444,25,1.0,0.76,0.8636363636363636,29
syn_distance,5,TPC-DI__Semantically-Joinable__prospect_vertical_70_ac5_av,342,15,1.0,0.4,0.5714285714285714,29
syn_distance,5,ChEMBL__Semantically-Joinable__assays_vertical_30_ac1_av,210,6,1.0,0.5,0.6666666666666666,29
syn_distance,5,ChEMBL__Semantically-Joinable__assays_vertical_30_ac2_av,210,6,1.0,0.5,0.6666666666666666,29
syn_distance,5,OpenData__Joinable__miller2_both_50_70_ac4_ev,1849,35,1.0,0.8857142857142857,0.9393939393939394,29
syn_distance,5,OpenData__View -Unionable__miller2_both_0_30_ac3_ev,1089,15,1.0,0.8,0.8888888888888888,29
syn_distance,5,ChEMBL__Semantically-Joinable__assays_vertical_30_ac4_av,210,6,1.0,0.3333333333333333,0.5,29
syn_distance,5,OpenData__View -Unionable__miller2_both_0_30_ac4_ev,1089,15,1.0,1.0,1.0,29
syn_distance,5,OpenData__View -Unionable__miller2_both_0_30_ac5_ev,1089,15,1.0,0.5333333333333333,0.6956521739130435,29
syn_distance,5,ChEMBL__Semantically-Joinable__assays_vertical_70_ec_av,380,16,1.0,0.25,0.4,29
syn_distance,5,TPC-DI__Unionable__prospect_horizontal_100_ac3_av,484,22,1.0,0.6818181818181818,0.8108108108108109,29
syn_distance,5,TPC-DI__Unionable__prospect_horizontal_100_ac3_ev,484,22,1.0,0.6818181818181818,0.8108108108108109,29
syn_distance,5,OpenData__Joinable__miller2_vertical_50_ac4_ev,1444,25,0.95,0.76,0.8444444444444444,29
syn_distance,5,OpenData__View -Unionable__miller2_both_0_70_ac2_av,1849,35,1.0,0.6857142857142857,0.8135593220338984,29
syn_distance,5,ChEMBL__Unionable__assays_horizontal_0_ac4_av,529,23,1.0,0.5652173913043478,0.7222222222222222,29
syn_distance,5,TPC-DI__Unionable__prospect_horizontal_100_ec_ev,484,22,1.0,0.45454545454545453,0.625,29
syn_distance,5,OpenData__Joinable__miller2_vertical_70_ac3_ev,1849,35,1.0,0.7142857142857143,0.8333333333333334,29
syn_distance,5,OpenData__Joinable__miller2_vertical_70_ec_ev,1849,35,1.0,1.0,1.0,29
syn_distance,5,TPC-DI__Unionable__prospect_horizontal_50_ac3_av,484,22,1.0,0.6818181818181818,0.8108108108108109,29
syn_distance,5,OpenData__Semantically-Joinable__miller2_both_50_1_ac2_av,676,1,1.0,1.0,1.0,29
syn_distance,5,ChEMBL__Unionable__assays_horizontal_100_ac3_av,529,23,1.0,0.391304347826087,0.5625,29
syn_distance,5,TPC-DI__Joinable__prospect_both_50_1_ac5_ev,132,1,0.0,0.0,0.0,29
syn_distance,5,TPC-DI__View-Unionable__prospect_both_0_1_ac1_av,132,1,0.0,0.0,0.0,29
syn_distance,5,TPC-DI__View-Unionable__prospect_both_0_1_ac2_av,132,1,0.0,0.0,0.0,29
syn_distance,5,ChEMBL__Unionable__assays_horizontal_100_ec_av,529,23,1.0,0.391304347826087,0.5625,29
syn_distance,5,TPC-DI__View-Unionable__prospect_both_0_1_ac4_av,132,1,0.0,0.0,0.0,29
syn_distance,5,ChEMBL__Unionable__assays_horizontal_50_ac2_ev,529,23,1.0,0.6521739130434783,0.7894736842105263,29
syn_distance,5,TPC-DI__View-Unionable__prospect_both_0_1_ec_av,132,1,0.0,0.0,0.0,29
syn_distance,5,ChEMBL__Unionable__assays_horizontal_50_ac4_av,529,23,1.0,0.6086956521739131,0.7567567567567568,29
syn_distance,5,OpenData__Semantically-Joinable__miller2_both_50_70_ac2_av,1849,35,1.0,0.4857142857142857,0.6538461538461539,29
syn_distance,5,TPC-DI__Joinable__prospect_both_50_50_ac5_ev,272,11,1.0,0.45454545454545453,0.625,29
syn_topological,0,ChEMBL__Unionable__assays_horizontal_50_ac5_av,529,23,1.0,0.391304347826087,0.5625,53
syn_topological,0,OpenData__Semantically-Joinable__miller2_both_50_70_ac4_av,1849,35,1.0,0.2571428571428571,0.4090909090909091,53
syn_topological,0,TPC-DI__Joinable__prospect_both_50_50_ec_ev,272,11,1.0,0.36363636363636365,0.5333333333333333,53
syn_topological,0,TPC-DI__View-Unionable__prospect_both_0_30_ac1_ev,196,6,1.0,0.3333333333333333,0.5,53
syn_topological,0,ChEMBL__Joinable__assays_both_50_1_ac2_ev,144,1,0.0,0.0,0.0,53
syn_topological,0,ChEMBL__Unionable__assays_horizontal_50_ac5_ev,529,23,1.0,0.391304347826087,0.5625,53
syn_topological,0,ChEMBL__Joinable__assays_both_50_1_ac3_ev,144,1,0.0,0.0,0.0,53
syn_topological,0,TPC-DI__View-Unionable__prospect_both_0_30_ac2_ev,196,6,1.0,0.5,0.6666666666666666,53
syn_topological,0,OpenData__Semantically-Joinable__miller2_vertical_1_ac4_av,676,1,0.0,0.0,0.0,53
syn_topological,0,TPC-DI__Joinable__prospect_both_50_70_ec_ev,342,15,1.0,0.3333333333333333,0.5,53
syn_topological,0,ChEMBL__View-Unionable__assays_both_0_1_ac2_ev,144,1,0.0,0.0,0.0,53
syn_topological,0,TPC-DI__Joinable__prospect_vertical_1_ac2_ev,132,1,1.0,1.0,1.0,53
syn_topological,0,TPC-DI__View-Unionable__prospect_both_0_30_ec_av,196,6,1.0,0.16666666666666666,0.2857142857142857,53
syn_topological,0,OpenData__Semantically-Joinable__miller2_vertical_30_ac2_av,1089,15,0.9285714285714286,0.8666666666666667,0.896551724137931,53
syn_topological,0,ChEMBL__Joinable__assays_both_50_30_ec_ev,210,6,1.0,0.5,0.6666666666666666,53
syn_topological,0,TPC-DI__View-Unionable__prospect_both_0_50_ac1_av,272,11,1.0,0.18181818181818182,0.3076923076923077,53
syn_topological,0,TPC-DI__Joinable__prospect_vertical_1_ec_ev,132,1,1.0,1.0,1.0,53
syn_topological,0,TPC-DI__View-Unionable__prospect_both_0_50_ac1_ev,272,11,1.0,0.45454545454545453,0.625,53
syn_topological,0,ChEMBL__View-Unionable__assays_both_0_30_ac1_av,210,6,0.0,0.0,0.0,53
syn_topological,0,OpenData__Semantically-Joinable__miller2_vertical_50_ac3_av,1444,25,1.0,0.28,0.4375,53
syn_topological,0,ChEMBL__View-Unionable__assays_both_0_30_ac2_av,210,6,1.0,0.5,0.6666666666666666,53
syn_topological,0,OpenData__Semantically-Joinable__miller2_vertical_50_ac4_av,1444,25,0.9,0.36,0.5142857142857142,53
syn_topological,0,OpenData__Semantically-Joinable__miller2_vertical_50_ac5_av,1444,25,1.0,0.12,0.21428571428571427,53
syn_topological,0,TPC-DI__Joinable__prospect_vertical_50_ac1_ev,272,11,1.0,0.9090909090909091,0.9523809523809523,53
syn_topological,0,ChEMBL__Joinable__assays_both_50_70_ac3_ev,380,16,1.0,0.3125,0.47619047619047616,53
syn_topological,0,ChEMBL__Joinable__assays_both_50_70_ac4_ev,380,16,1.0,0.5625,0.72,53
syn_topological,0,OpenData__Semantically-Joinable__miller2_vertical_70_ac2_av,1849,35,1.0,0.4857142857142857,0.6538461538461539,53
syn_topological,0,ChEMBL__Joinable__assays_both_50_70_ec_ev,380,16,1.0,0.4375,0.6086956521739131,53
syn_topological,0,TPC-DI__Joinable__prospect_vertical_50_ac5_ev,272,11,1.0,0.9090909090909091,0.9523809523809523,53
syn_topological,0,OpenData__Semantically-Joinable__miller2_vertical_70_ac4_av,1849,35,0.75,0.2571428571428571,0.3829787234042553,53
syn_topological,0,TPC-DI__Joinable__prospect_vertical_50_ec_ev,272,11,1.0,0.45454545454545453,0.625,53
syn_topological,0,TPC-DI__Joinable__prospect_vertical_70_ac1_ev,342,15,1.0,1.0,1.0,53
syn_topological,0,ChEMBL__View-Unionable__assays_both_0_30_ec_av,210,6,0.0,0.0,0.0,53
syn_topological,0,OpenData__Unionable__miller2_horizontal_0_ac1_ev,2601,51,1.0,0.47058823529411764,0.64,53
syn_topological,0,TPC-DI__Joinable__prospect_vertical_70_ac4_ev,342,15,1.0,0.8666666666666667,0.9285714285714286,53
syn_topological,0,TPC-DI__View-Unionable__prospect_both_0_70_ac3_ev,342,15,1.0,0.4,0.5714285714285714,53
syn_topological,0,ChEMBL__Joinable__assays_vertical_1_ec_ev,144,1,1.0,1.0,1.0,53
syn_topological,0,OpenData__Unionable__miller2_horizontal_0_ac2_av,2601,51,1.0,0.8823529411764706,0.9375,53
syn_topological,0,TPC-DI__View-Unionable__prospect_both_0_70_ac4_ev,342,15,1.0,0.5333333333333333,0.6956521739130435,53
syn_topological,0,ChEMBL__Joinable__assays_vertical_30_ac3_ev,210,6,1.0,1.0,1.0,53
syn_topological,0,ChEMBL__View-Unionable__assays_both_0_50_ac3_av,289,11,0.0,0.0,0.0,53
syn_topological,0,TPC-DI__View-Unionable__prospect_both_0_70_ac5_ev,342,15,1.0,0.3333333333333333,0.5,53
syn_topological,0,ChEMBL__View-Unionable__assays_both_0_50_ac3_ev,289,11,1.0,0.36363636363636365,0.5333333333333333,53
syn_topological,0,ChEMBL__Joinable__assays_vertical_30_ec_ev,210,6,0.75,0.5,0.6,53
syn_topological,0,ChEMBL__View-Unionable__assays_both_0_50_ac4_ev,289,11,1.0,0.2727272727272727,0.42857142857142855,53
syn_topological,0,ChEMBL__Joinable__assays_vertical_50_ac2_ev,289,11,1.0,0.7272727272727273,0.8421052631578947,53
syn_topological,0,Wikidata__Musicians__Musicians_unionable,400,19,0.9411764705882353,0.8421052631578947,0.8888888888888888,53
syn_topological,0,ChEMBL__Joinable__assays_vertical_50_ac4_ev,289,11,1.0,0.8181818181818182,0.9,53
syn_topological,0,ChEMBL__View-Unionable__assays_both_0_50_ec_ev,289,11,1.0,0.45454545454545453,0.625,53
syn_topological,0,ChEMBL__View-Unionable__assays_both_0_70_ac1_av,380,16,1.0,0.0625,0.11764705882352941,53
syn_topological,0,OpenData__Unionable__miller2_horizontal_100_ac1_ev,2601,51,1.0,0.47058823529411764,0.64,53
syn_topological,0,ChEMBL__Joinable__assays_vertical_50_ec_ev,289,11,0.75,0.2727272727272727,0.4,53
syn_topological,0,ChEMBL__View-Unionable__assays_both_0_70_ac2_av,380,16,1.0,0.4375,0.6086956521739131,53
syn_topological,0,TPC-DI__Semantically-Joinable__prospect_both_50_50_ac1_av,272,11,1.0,0.2727272727272727,0.42857142857142855,53
syn_topological,0,ChEMBL__Joinable__assays_vertical_70_ac3_ev,380,16,1.0,0.8125,0.896551724137931,53
syn_topological,0,OpenData__Unionable__miller2_horizontal_100_ac3_ev,2601,51,1.0,0.45098039215686275,0.6216216216216216,53
syn_topological,0,ChEMBL__View-Unionable__assays_both_0_70_ac3_ev,380,16,1.0,0.3125,0.47619047619047616,53
syn_topological,0,OpenData__Unionable__miller2_horizontal_100_ac4_ev,2601,51,1.0,0.6862745098039216,0.813953488372093,53
syn_topological,0,TPC-DI__Semantically-Joinable__prospect_both_50_50_ac4_av,272,11,1.0,0.18181818181818182,0.3076923076923077,53
syn_topological,0,ChEMBL__Joinable__assays_vertical_70_ec_ev,380,16,0.8888888888888888,0.5,0.64,53
syn_topological,0,ChEMBL__View-Unionable__assays_both_0_70_ac4_ev,380,16,1.0,0.5,0.6666666666666666,53
syn_topological,0,TPC-DI__Semantically-Joinable__prospect_both_50_50_ac5_av,272,11,1.0,0.18181818181818182,0.3076923076923077,53
syn_topological,0,ChEMBL__View-Unionable__assays_both_0_70_ac5_av,380,16,1.0,0.125,0.2222222222222222,53
syn_topological,0,OpenData__Unionable__miller2_horizontal_100_ac5_ev,2601,51,1.0,0.3137254901960784,0.47761194029850745,53
syn_topological,0,ChEMBL__Semantically-Joinable__assays_both_50_1_ac2_av,144,1,0.0,0.0,0.0,53
syn_topological,0,ChEMBL__View-Unionable__assays_both_0_70_ac5_ev,380,16,1.0,0.4375,0.6086956521739131,53
syn_topological,0,TPC-DI__Semantically-Joinable__prospect_both_50_70_ac1_av,342,15,0.75,0.2,0.3157894736842105,53
syn_topological,0,ChEMBL__View-Unionable__assays_both_0_70_ec_av,380,16,0.0,0.0,0.0,53
syn_topological,0,ChEMBL__Semantically-Joinable__assays_both_50_1_ac4_av,144,1,0.0,0.0,0.0,53
syn_topological,0,OpenData__Unionable__miller2_horizontal_50_ac1_av,2601,51,1.0,0.47058823529411764,0.64,53
syn_topological,0,ChEMBL__Semantically-Joinable__assays_both_50_1_ec_av,144,1,0.0,0.0,0.0,53
syn_topological,0,TPC-DI__Semantically-Joinable__prospect_both_50_70_ac5_av,342,15,1.0,0.13333333333333333,0.23529411764705882,53
syn_topological,0,ChEMBL__Semantically-Joinable__assays_both_50_30_ac1_av,210,6,0.0,0.0,0.0,53
syn_topological,0,Magellan__dblp_acm,25,5,1.0,1.0,1.0,53
syn_topological,0,ChEMBL__Semantically-Joinable__assays_both_50_30_ac2_av,210,6,1.0,0.16666666666666666,0.2857142857142857,53
syn_topological,0,Magellan__dblp_scholar,25,5,1.0,0.2,0.3333333333333333,53
syn_topological,0,OpenData__Unionable__miller2_horizontal_50_ac3_av,2601,51,1.0,0.45098039215686275,0.6216216216216216,53
syn_topological,0,TPC-DI__Semantically-Joinable__prospect_vertical_1_ac2_av,132,1,1.0,1.0,1.0,53
syn_topological,0,OpenData__Unionable__miller2_horizontal_50_ac4_av,2601,51,1.0,0.6862745098039216,0.813953488372093,53
syn_topological,0,TPC-DI__Semantically-Joinable__prospect_vertical_1_ac4_av,132,1,1.0,1.0,1.0,53
syn_topological,0,OpenData__Joinable__miller2_both_50_1_ac1_ev,676,1,0.0,0.0,0.0,53
syn_topological,0,OpenData__Joinable__miller2_both_50_1_ac2_ev,676,1,1.0,1.0,1.0,53
syn_topological,0,OpenData__Unionable__miller2_horizontal_50_ac5_ev,2601,51,1.0,0.3137254901960784,0.47761194029850745,53
syn_topological,0,TPC-DI__Semantically-Joinable__prospect_vertical_1_ec_av,132,1,1.0,1.0,1.0,53
syn_topological,0,ChEMBL__Semantically-Joinable__assays_both_50_50_ac2_av,289,11,1.0,0.09090909090909091,0.16666666666666666,53
syn_topological,0,OpenData__Joinable__miller2_both_50_1_ac3_ev,676,1,1.0,1.0,1.0,53
syn_topological,0,OpenData__Unionable__miller2_horizontal_50_ec_ev,2601,51,1.0,0.43137254901960786,0.6027397260273972,53
syn_topological,0,ChEMBL__Semantically-Joinable__assays_both_50_50_ac5_av,289,11,1.0,0.18181818181818182,0.3076923076923077,53
syn_topological,0,ChEMBL__Semantically-Joinable__assays_both_50_50_ec_av,289,11,1.0,0.09090909090909091,0.16666666666666666,53
syn_topological,0,TPC-DI__Semantically-Joinable__prospect_vertical_30_ac5_av,196,6,1.0,0.5,0.6666666666666666,53
syn_topological,0,OpenData__View -Unionable__miller2_both_0_1_ac2_ev,676,1,1.0,1.0,1.0,53
syn_topological,0,OpenData__View -Unionable__miller2_both_0_1_ac3_av,676,1,1.0,1.0,1.0,53
syn_topological,0,TPC-DI__Semantically-Joinable__prospect_vertical_50_ac1_av,272,11,1.0,0.45454545454545453,0.625,53
syn_topological,0,TPC-DI__Semantically-Joinable__prospect_vertical_50_ac2_av,272,11,1.0,0.5454545454545454,0.7058823529411765,53
syn_topological,0,OpenData__Joinable__miller2_both_50_30_ec_ev,1089,15,1.0,0.4,0.5714285714285714,53
syn_topological,0,TPC-DI__Semantically-Joinable__prospect_vertical_50_ac4_av,272,11,1.0,0.2727272727272727,0.42857142857142855,53
syn_topological,0,TPC-DI__Semantically-Joinable__prospect_vertical_50_ec_av,272,11,1.0,0.45454545454545453,0.625,53
syn_topological,0,TPC-DI__Semantically-Joinable__prospect_vertical_70_ac2_av,342,15,0.6666666666666666,0.4,0.5,53
syn_topological,0,OpenData__Joinable__miller2_both_50_50_ac5_ev,1444,25,1.0,0.16,0.27586206896551724,53
syn_topological,0,ChEMBL__Semantically-Joinable__assays_vertical_1_ac5_av,144,1,1.0,1.0,1.0,53
syn_topological,0,OpenData__Joinable__miller2_both_50_70_ac1_ev,1849,35,1.0,0.4857142857142857,0.6538461538461539,53
syn_topological,0,OpenData__View -Unionable__miller2_both_0_30_ac3_av,1089,15,1.0,0.26666666666666666,0.42105263157894735,53
syn_topological,0,TPC-DI__Unionable__prospect_horizontal_0_ac1_av,484,22,1.0,0.5,0.6666666666666666,53
syn_topological,0,OpenData__Joinable__miller2_both_50_70_ac5_ev,1849,35,1.0,0.37142857142857144,0.5416666666666666,53
syn_topological,0,OpenData__View -Unionable__miller2_both_0_30_ac4_av,1089,15,0.75,0.2,0.3157894736842105,53
syn_topological,0,ChEMBL__Semantically-Joinable__assays_vertical_30_ac5_av,210,6,1.0,0.3333333333333333,0.5,53
syn_topological,0,TPC-DI__Unionable__prospect_horizontal_0_ac2_ev,484,22,1.0,0.5909090909090909,0.7428571428571429,53
syn_topological,0,ChEMBL__Semantically-Joinable__assays_vertical_30_ec_av,210,6,1.0,0.16666666666666666,0.2857142857142857,53
syn_topological,0,OpenData__View -Unionable__miller2_both_0_30_ac5_av,1089,15,0.0,0.0,0.0,53
syn_topological,0,TPC-DI__Unionable__prospect_horizontal_0_ac3_av,484,22,1.0,0.4090909090909091,0.5806451612903226,53
syn_topological,0,TPC-DI__Unionable__prospect_horizontal_0_ac4_av,484,22,1.0,0.5909090909090909,0.7428571428571429,53
syn_topological,0,OpenData__Joinable__miller2_vertical_1_ac4_ev,676,1,0.0,0.0,0.0,53
syn_topological,0,ChEMBL__Semantically-Joinable__assays_vertical_50_ac4_av,289,11,1.0,0.45454545454545453,0.625,53
syn_topological,0,ChEMBL__Semantically-Joinable__assays_vertical_50_ac5_av,289,11,1.0,0.45454545454545453,0.625,53
syn_topological,0,OpenData__View -Unionable__miller2_both_0_50_ac2_av,1444,25,1.0,0.48,0.6486486486486487,53
syn_topological,0,OpenData__Joinable__miller2_vertical_30_ac2_ev,1089,15,1.0,0.9333333333333333,0.9655172413793104,53
syn_topological,0,OpenData__View -Unionable__miller2_both_0_50_ac2_ev,1444,25,1.0,0.96,0.9795918367346939,53
syn_topological,0,TPC-DI__Unionable__prospect_horizontal_0_ec_ev,484,22,1.0,0.36363636363636365,0.5333333333333333,53
syn_topological,0,ChEMBL__Semantically-Joinable__assays_vertical_70_ac2_av,380,16,1.0,0.5,0.6666666666666666,53
syn_topological,0,OpenData__Joinable__miller2_vertical_30_ac3_ev,1089,15,1.0,0.7333333333333333,0.8461538461538461,53
syn_topological,0,OpenData__View -Unionable__miller2_both_0_50_ac3_ev,1444,25,1.0,0.56,0.717948717948718,53
syn_topological,0,TPC-DI__Unionable__prospect_horizontal_100_ac2_ev,484,22,1.0,0.6363636363636364,0.7777777777777778,53
syn_topological,0,OpenData__Joinable__miller2_vertical_50_ac1_ev,1444,25,1.0,0.84,0.9130434782608695,53
syn_topological,0,OpenData__View -Unionable__miller2_both_0_50_ac5_av,1444,25,1.0,0.04,0.07692307692307693,53
syn_topological,0,ChEMBL__Unionable__assays_horizontal_0_ac1_av,529,23,1.0,0.34782608695652173,0.5161290322580645,53
syn_topological,0,OpenData__View -Unionable__miller2_both_0_50_ac5_ev,1444,25,1.0,0.28,0.4375,53
syn_topological,0,OpenData__Joinable__miller2_vertical_50_ac3_ev,1444,25,1.0,0.52,0.6842105263157895,53
syn_topological,0,OpenData__View -Unionable__miller2_both_0_50_ec_av,1444,25,0.0,0.0,0.0,53
syn_topological,0,ChEMBL__Unionable__assays_horizontal_0_ac2_av,529,23,1.0,0.5652173913043478,0.7222222222222222,53
syn_topological,0,ChEMBL__Unionable__assays_horizontal_0_ac2_ev,529,23,1.0,0.7391304347826086,0.85,53
syn_topological,0,TPC-DI__Unionable__prospect_horizontal_100_ac5_av,484,22,1.0,0.36363636363636365,0.5333333333333333,53
syn_topological,0,ChEMBL__Unionable__assays_horizontal_0_ac3_av,529,23,1.0,0.2608695652173913,0.41379310344827586,53
syn_topological,0,OpenData__Joinable__miller2_vertical_50_ec_ev,1444,25,1.0,0.32,0.48484848484848486,53
syn_topological,0,OpenData__Joinable__miller2_vertical_70_ac2_ev,1849,35,0.96875,0.8857142857142857,0.9253731343283582,53
syn_topological,0,ChEMBL__Unionable__assays_horizontal_0_ac4_ev,529,23,1.0,0.5217391304347826,0.6857142857142857,53
syn_topological,0,OpenData__Joinable__miller2_vertical_70_ac4_ev,1849,35,0.967741935483871,0.8571428571428571,0.9090909090909091,53
syn_topological,0,OpenData__View -Unionable__miller2_both_0_70_ac3_ev,1849,35,1.0,0.42857142857142855,0.6,53
syn_topological,0,TPC-DI__Unionable__prospect_horizontal_50_ac1_ev,484,22,1.0,0.5,0.6666666666666666,53
syn_topological,0,OpenData__View -Unionable__miller2_both_0_70_ac4_av,1849,35,0.9090909090909091,0.2857142857142857,0.43478260869565216,53
syn_topological,0,ChEMBL__Unionable__assays_horizontal_0_ec_ev,529,23,1.0,0.391304347826087,0.5625,53
syn_topological,0,OpenData__Semantically-Joinable__miller2_both_50_1_ac1_av,676,1,0.0,0.0,0.0,53
syn_topological,0,TPC-DI__Unionable__prospect_horizontal_50_ac3_ev,484,22,1.0,0.4090909090909091,0.5806451612903226,53
syn_topological,0,OpenData__Semantically-Joinable__miller2_both_50_1_ac4_av,676,1,0.0,0.0,0.0,53
syn_topological,0,OpenData__View -Unionable__miller2_both_0_70_ec_ev,1849,35,1.0,0.37142857142857144,0.5416666666666666,53
syn_topological,0,TPC-DI__Unionable__prospect_horizontal_50_ac4_ev,484,22,1.0,0.45454545454545453,0.625,53
syn_topological,0,OpenData__Semantically-Joinable__miller2_both_50_1_ac5_av,676,1,0.0,0.0,0.0,53
syn_topological,0,TPC-DI__Unionable__prospect_horizontal_50_ac5_av,484,22,1.0,0.36363636363636365,0.5333333333333333,53
syn_topological,0,OpenData__Semantically-Joinable__miller2_both_50_1_ec_av,676,1,0.0,0.0,0.0,53
syn_topological,0,TPC-DI__Joinable__prospect_both_50_1_ac2_ev,132,1,0.0,0.0,0.0,53
syn_topological,0,ChEMBL__Unionable__assays_horizontal_100_ac4_av,529,23,1.0,0.5652173913043478,0.7222222222222222,53
syn_topological,0,TPC-DI__Joinable__prospect_both_50_1_ac4_ev,132,1,0.0,0.0,0.0,53
syn_topological,0,TPC-DI__View-Unionable__prospect_both_0_1_ac1_ev,132,1,0.0,0.0,0.0,53
syn_topological,0,OpenData__Semantically-Joinable__miller2_both_50_30_ec_av,1089,15,1.0,0.13333333333333333,0.23529411764705882,53
syn_topological,0,TPC-DI__Joinable__prospect_both_50_30_ac2_ev,196,6,1.0,0.3333333333333333,0.5,53
syn_topological,0,ChEMBL__Unionable__assays_horizontal_100_ec_ev,529,23,1.0,0.391304347826087,0.5625,53
syn_topological,0,OpenData__Semantically-Joinable__miller2_both_50_50_ac1_av,1444,25,1.0,0.2,0.3333333333333333,53
syn_topological,0,TPC-DI__Joinable__prospect_both_50_30_ac3_ev,196,6,1.0,0.3333333333333333,0.5,53
syn_topological,0,TPC-DI__View-Unionable__prospect_both_0_1_ac3_av,132,1,0.0,0.0,0.0,53
syn_topological,0,OpenData__Semantically-Joinable__miller2_both_50_50_ac2_av,1444,25,1.0,0.4,0.5714285714285714,53
syn_topological,0,TPC-DI__Joinable__prospect_both_50_30_ac5_ev,196,6,1.0,0.3333333333333333,0.5,53
syn_topological,0,TPC-DI__Joinable__prospect_both_50_30_ec_ev,196,6,0.0,0.0,0.0,53
syn_topological,0,TPC-DI__View-Unionable__prospect_both_0_1_ac4_ev,132,1,0.0,0.0,0.0,53
syn_topological,0,TPC-DI__View-Unionable__prospect_both_0_1_ac5_av,132,1,0.0,0.0,0.0,53
syn_topological,0,ChEMBL__Unionable__assays_horizontal_50_ac3_av,529,23,1.0,0.2608695652173913,0.41379310344827586,53
syn_topological,0,TPC-DI__View-Unionable__prospect_both_0_1_ec_ev,132,1,0.0,0.0,0.0,53
syn_topological,0,TPC-DI__View-Unionable__prospect_both_0_30_ac1_av,196,6,0.0,0.0,0.0,53
syn_topological,1,ChEMBL__Joinable__assays_both_50_1_ac1_ev,144,1,0.0,0.0,0.0,53
syn_topological,1,OpenData__Semantically-Joinable__miller2_both_50_70_ac4_av,1849,35,1.0,0.3142857142857143,0.4782608695652174,53
syn_topological,1,TPC-DI__View-Unionable__prospect_both_0_30_ac1_ev,196,6,1.0,0.16666666666666666,0.2857142857142857,53
syn_topological,1,ChEMBL__Joinable__assays_both_50_1_ac2_ev,144,1,0.0,0.0,0.0,53
syn_topological,1,ChEMBL__Unionable__assays_horizontal_50_ac5_ev,529,23,1.0,0.34782608695652173,0.5161290322580645,53
syn_topological,1,TPC-DI__View-Unionable__prospect_both_0_30_ac2_av,196,6,1.0,0.5,0.6666666666666666,53
syn_topological,1,ChEMBL__Joinable__assays_both_50_1_ac3_ev,144,1,0.0,0.0,0.0,53
syn_topological,1,OpenData__Semantically-Joinable__miller2_both_50_70_ec_av,1849,35,0.9375,0.42857142857142855,0.5882352941176471,53
syn_topological,1,ChEMBL__Joinable__assays_both_50_1_ac5_ev,144,1,0.0,0.0,0.0,53
syn_topological,1,TPC-DI__View-Unionable__prospect_both_0_30_ac3_ev,196,6,1.0,0.16666666666666666,0.2857142857142857,53
syn_topological,1,OpenData__Semantically-Joinable__miller2_vertical_1_ac3_av,676,1,1.0,1.0,1.0,53
syn_topological,1,ChEMBL__View-Unionable__assays_both_0_1_ac2_ev,144,1,0.0,0.0,0.0,53
syn_topological,1,TPC-DI__Joinable__prospect_vertical_1_ac3_ev,132,1,1.0,1.0,1.0,53
syn_topological,1,TPC-DI__Joinable__prospect_vertical_1_ac4_ev,132,1,1.0,1.0,1.0,53
syn_topological,1,ChEMBL__Joinable__assays_both_50_30_ec_ev,210,6,1.0,0.3333333333333333,0.5,53
syn_topological,1,OpenData__Semantically-Joinable__miller2_vertical_30_ac3_av,1089,15,1.0,0.5333333333333333,0.6956521739130435,53
syn_topological,1,TPC-DI__View-Unionable__prospect_both_0_50_ac1_av,272,11,1.0,0.09090909090909091,0.16666666666666666,53
syn_topological,1,ChEMBL__Joinable__assays_both_50_50_ac1_ev,289,11,1.0,0.2727272727272727,0.42857142857142855,53
syn_topological,1,OpenData__Semantically-Joinable__miller2_vertical_30_ac4_av,1089,15,1.0,0.4,0.5714285714285714,53
syn_topological,1,TPC-DI__Joinable__prospect_vertical_1_ec_ev,132,1,1.0,1.0,1.0,53
syn_topological,1,TPC-DI__View-Unionable__prospect_both_0_50_ac1_ev,272,11,1.0,0.18181818181818182,0.3076923076923077,53
syn_topological,1,ChEMBL__View-Unionable__assays_both_0_1_ac5_ev,144,1,0.0,0.0,0.0,53
syn_topological,1,OpenData__Semantically-Joinable__miller2_vertical_30_ac5_av,1089,15,1.0,0.06666666666666667,0.125,53
syn_topological,1,TPC-DI__View-Unionable__prospect_both_0_50_ac2_ev,272,11,1.0,0.45454545454545453,0.625,53
syn_topological,1,ChEMBL__View-Unionable__assays_both_0_30_ac1_av,210,6,1.0,0.16666666666666666,0.2857142857142857,53
syn_topological,1,ChEMBL__View-Unionable__assays_both_0_30_ac1_ev,210,6,1.0,0.3333333333333333,0.5,53
syn_topological,1,OpenData__Semantically-Joinable__miller2_vertical_50_ac3_av,1444,25,1.0,0.36,0.5294117647058824,53
syn_topological,1,TPC-DI__Joinable__prospect_vertical_30_ec_ev,196,6,1.0,1.0,1.0,53
syn_topological,1,ChEMBL__View-Unionable__assays_both_0_30_ac2_ev,210,6,1.0,0.5,0.6666666666666666,53
syn_topological,1,TPC-DI__Joinable__prospect_vertical_50_ac1_ev,272,11,1.0,0.9090909090909091,0.9523809523809523,53
syn_topological,1,OpenData__Semantically-Joinable__miller2_vertical_70_ac1_av,1849,35,1.0,0.2,0.3333333333333333,53
syn_topological,1,TPC-DI__View-Unionable__prospect_both_0_50_ec_av,272,11,1.0,0.45454545454545453,0.625,53
syn_topological,1,ChEMBL__Joinable__assays_both_50_70_ec_ev,380,16,1.0,0.5,0.6666666666666666,53
syn_topological,1,TPC-DI__Joinable__prospect_vertical_50_ac5_ev,272,11,1.0,0.9090909090909091,0.9523809523809523,53
syn_topological,1,ChEMBL__Joinable__assays_vertical_1_ac1_ev,144,1,1.0,1.0,1.0,53
syn_topological,1,ChEMBL__Joinable__assays_vertical_1_ac2_ev,144,1,1.0,1.0,1.0,53
syn_topological,1,TPC-DI__View-Unionable__prospect_both_0_70_ac2_av,342,15,1.0,0.3333333333333333,0.5,53
syn_topological,1,ChEMBL__View-Unionable__assays_both_0_30_ec_av,210,6,1.0,0.16666666666666666,0.2857142857142857,53
syn_topological,1,OpenData__Semantically-Joinable__miller2_vertical_70_ec_av,1849,35,0.9545454545454546,0.6,0.7368421052631579,53
syn_topological,1,TPC-DI__View-Unionable__prospect_both_0_70_ac2_ev,342,15,1.0,0.6,0.75,53
syn_topological,1,ChEMBL__View-Unionable__assays_both_0_30_ec_ev,210,6,1.0,0.6666666666666666,0.8,53
syn_topological,1,OpenData__Unionable__miller2_horizontal_0_ac1_ev,2601,51,1.0,0.37254901960784315,0.5428571428571428,53
syn_topological,1,TPC-DI__Joinable__prospect_vertical_70_ac5_ev,342,15,1.0,1.0,1.0,53
syn_topological,1,OpenData__Unionable__miller2_horizontal_0_ac2_ev,2601,51,1.0,0.8823529411764706,0.9375,53
syn_topological,1,TPC-DI__Joinable__prospect_vertical_70_ec_ev,342,15,1.0,1.0,1.0,53
syn_topological,1,TPC-DI__View-Unionable__prospect_both_0_70_ac5_av,342,15,1.0,0.06666666666666667,0.125,53
syn_topological,1,ChEMBL__Joinable__assays_vertical_30_ac3_ev,210,6,1.0,1.0,1.0,53
syn_topological,1,TPC-DI__View-Unionable__prospect_both_0_70_ac5_ev,342,15,1.0,0.13333333333333333,0.23529411764705882,53
syn_topological,1,OpenData__Unionable__miller2_horizontal_0_ac4_av,2601,51,1.0,0.45098039215686275,0.6216216216216216,53
syn_topological,1,TPC-DI__Semantically-Joinable__prospect_both_50_1_ac3_av,132,1,0.0,0.0,0.0,53
syn_topological,1,ChEMBL__Joinable__assays_vertical_30_ac5_ev,210,6,1.0,0.6666666666666666,0.8,53
syn_topological,1,OpenData__Unionable__miller2_horizontal_0_ac4_ev,2601,51,1.0,0.5686274509803921,0.725,53
syn_topological,1,ChEMBL__Joinable__assays_vertical_30_ec_ev,210,6,1.0,0.8333333333333334,0.9090909090909091,53
syn_topological,1,ChEMBL__Joinable__assays_vertical_50_ac1_ev,289,11,1.0,0.7272727272727273,0.8421052631578947,53
syn_topological,1,Wikidata__Musicians__Musicians_semjoinable,196,8,1.0,0.75,0.8571428571428571,53
syn_topological,1,ChEMBL__View-Unionable__assays_both_0_50_ac5_ev,289,11,1.0,0.36363636363636365,0.5333333333333333,53
syn_topological,1,OpenData__Unionable__miller2_horizontal_0_ec_av,2601,51,0.94,0.9215686274509803,0.9306930693069307,53
syn_topological,1,ChEMBL__View-Unionable__assays_both_0_50_ec_av,289,11,1.0,0.18181818181818182,0.3076923076923077,53
syn_topological,1,TPC-DI__Semantically-Joinable__prospect_both_50_30_ac3_av,196,6,0.0,0.0,0.0,53
syn_topological,1,TPC-DI__Semantically-Joinable__prospect_both_50_30_ac4_av,196,6,1.0,0.3333333333333333,0.5,53
syn_topological,1,OpenData__Unionable__miller2_horizontal_100_ac2_ev,2601,51,1.0,0.8431372549019608,0.9148936170212766,53
syn_topological,1,TPC-DI__Semantically-Joinable__prospect_both_50_30_ec_av,196,6,1.0,0.16666666666666666,0.2857142857142857,53
syn_topological,1,ChEMBL__Joinable__assays_vertical_70_ac3_ev,380,16,1.0,0.75,0.8571428571428571,53
syn_topological,1,ChEMBL__View-Unionable__assays_both_0_70_ac3_av,380,16,1.0,0.0625,0.11764705882352941,53
syn_topological,1,ChEMBL__Joinable__assays_vertical_70_ac4_ev,380,16,1.0,0.8125,0.896551724137931,53
syn_topological,1,OpenData__Unionable__miller2_horizontal_100_ac4_av,2601,51,1.0,0.6078431372549019,0.7560975609756098,53
syn_topological,1,ChEMBL__View-Unionable__assays_both_0_70_ac4_ev,380,16,1.0,0.3125,0.47619047619047616,53
syn_topological,1,OpenData__Unionable__miller2_horizontal_100_ac5_av,2601,51,1.0,0.27450980392156865,0.4307692307692308,53
syn_topological,1,ChEMBL__View-Unionable__assays_both_0_70_ac5_av,380,16,1.0,0.25,0.4,53
syn_topological,1,OpenData__Unionable__miller2_horizontal_100_ac5_ev,2601,51,1.0,0.27450980392156865,0.4307692307692308,53
syn_topological,1,TPC-DI__Semantically-Joinable__prospect_both_50_50_ec_av,272,11,1.0,0.2727272727272727,0.42857142857142855,53
syn_topological,1,ChEMBL__View-Unionable__assays_both_0_70_ac5_ev,380,16,1.0,0.375,0.5454545454545454,53
syn_topological,1,ChEMBL__View-Unionable__assays_both_0_70_ec_av,380,16,1.0,0.375,0.5454545454545454,53
syn_topological,1,OpenData__Unionable__miller2_horizontal_100_ec_ev,2601,51,1.0,0.8823529411764706,0.9375,53
syn_topological,1,ChEMBL__Semantically-Joinable__assays_both_50_1_ac4_av,144,1,0.0,0.0,0.0,53
syn_topological,1,TPC-DI__Semantically-Joinable__prospect_both_50_70_ac4_av,342,15,1.0,0.06666666666666667,0.125,53
syn_topological,1,ChEMBL__Semantically-Joinable__assays_both_50_30_ac1_av,210,6,1.0,0.16666666666666666,0.2857142857142857,53
syn_topological,1,Magellan__dblp_acm,25,5,1.0,1.0,1.0,53
syn_topological,1,OpenData__Unionable__miller2_horizontal_50_ac2_ev,2601,51,1.0,0.9215686274509803,0.9591836734693877,53
syn_topological,1,Magellan__fodors_zagats,49,7,1.0,0.7142857142857143,0.8333333333333334,53
syn_topological,1,TPC-DI__Semantically-Joinable__prospect_vertical_1_ac3_av,132,1,1.0,1.0,1.0,53
syn_topological,1,ChEMBL__Semantically-Joinable__assays_both_50_50_ac3_av,289,11,1.0,0.09090909090909091,0.16666666666666666,53
syn_topological,1,TPC-DI__Semantically-Joinable__prospect_vertical_30_ac2_av,196,6,0.6666666666666666,0.6666666666666666,0.6666666666666666,53
syn_topological,1,OpenData__Joinable__miller2_both_50_1_ec_ev,676,1,1.0,1.0,1.0,53
syn_topological,1,OpenData__View -Unionable__miller2_both_0_1_ac1_ev,676,1,0.0,0.0,0.0,53
syn_topological,1,TPC-DI__Semantically-Joinable__prospect_vertical_30_ac4_av,196,6,1.0,0.5,0.6666666666666666,53
syn_topological,1,OpenData__Joinable__miller2_both_50_30_ac1_ev,1089,15,1.0,0.3333333333333333,0.5,53
syn_topological,1,TPC-DI__Semantically-Joinable__prospect_vertical_30_ac5_av,196,6,1.0,0.5,0.6666666666666666,53
syn_topological,1,ChEMBL__Semantically-Joinable__assays_both_50_70_ac1_av,380,16,1.0,0.25,0.4,53
syn_topological,1,ChEMBL__Semantically-Joinable__assays_both_50_70_ac2_av,380,16,1.0,0.625,0.7692307692307693,53
syn_topological,1,TPC-DI__Semantically-Joinable__prospect_vertical_50_ac1_av,272,11,1.0,0.36363636363636365,0.5333333333333333,53
syn_topological,1,OpenData__View -Unionable__miller2_both_0_1_ac3_ev,676,1,1.0,1.0,1.0,53
syn_topological,1,ChEMBL__Semantically-Joinable__assays_both_50_70_ac4_av,380,16,1.0,0.1875,0.3157894736842105,53
syn_topological,1,OpenData__View -Unionable__miller2_both_0_1_ac4_av,676,1,1.0,1.0,1.0,53
syn_topological,1,TPC-DI__Semantically-Joinable__prospect_vertical_50_ac3_av,272,11,0.75,0.2727272727272727,0.4,53
syn_topological,1,OpenData__Joinable__miller2_both_50_30_ec_ev,1089,15,1.0,0.9333333333333333,0.9655172413793104,53
syn_topological,1,OpenData__View -Unionable__miller2_both_0_1_ac4_ev,676,1,1.0,1.0,1.0,53
syn_topological,1,ChEMBL__Semantically-Joinable__assays_both_50_70_ec_av,380,16,1.0,0.3125,0.47619047619047616,53
syn_topological,1,ChEMBL__Semantically-Joinable__assays_vertical_1_ac1_av,144,1,1.0,1.0,1.0,53
syn_topological,1,OpenData__View -Unionable__miller2_both_0_1_ac5_ev,676,1,1.0,1.0,1.0,53
syn_topological,1,OpenData__Joinable__miller2_both_50_50_ac3_ev,1444,25,1.0,0.52,0.6842105263157895,53
syn_topological,1,TPC-DI__Semantically-Joinable__prospect_vertical_70_ac1_av,342,15,1.0,0.4,0.5714285714285714,53
syn_topological,1,OpenData__Joinable__miller2_both_50_50_ac5_ev,1444,25,1.0,0.16,0.27586206896551724,53
syn_topological,1,OpenData__View -Unionable__miller2_both_0_30_ac1_ev,1089,15,1.0,0.3333333333333333,0.5,53
syn_topological,1,OpenData__View -Unionable__miller2_both_0_30_ac2_av,1089,15,1.0,0.4666666666666667,0.6363636363636364,53
syn_topological,1,OpenData__Joinable__miller2_both_50_70_ac2_ev,1849,35,0.96875,0.8857142857142857,0.9253731343283582,53
syn_topological,1,TPC-DI__Semantically-Joinable__prospect_vertical_70_ec_av,342,15,1.0,0.6,0.75,53
syn_topological,1,OpenData__Joinable__miller2_both_50_70_ac3_ev,1849,35,1.0,0.42857142857142855,0.6,53
syn_topological,1,OpenData__View -Unionable__miller2_both_0_30_ac3_av,1089,15,1.0,0.13333333333333333,0.23529411764705882,53
syn_topological,1,TPC-DI__Unionable__prospect_horizontal_0_ac1_av,484,22,1.0,0.3181818181818182,0.4827586206896552,53
syn_topological,1,OpenData__Joinable__miller2_both_50_70_ac5_ev,1849,35,1.0,0.37142857142857144,0.5416666666666666,53
syn_topological,1,TPC-DI__Unionable__prospect_horizontal_0_ac2_av,484,22,1.0,0.5,0.6666666666666666,53
syn_topological,1,ChEMBL__Semantically-Joinable__assays_vertical_30_ac5_av,210,6,1.0,0.3333333333333333,0.5,53
syn_topological,1,OpenData__Joinable__miller2_both_50_70_ec_ev,1849,35,1.0,0.9142857142857143,0.9552238805970149,53
syn_topological,1,ChEMBL__Semantically-Joinable__assays_vertical_50_ac1_av,289,11,1.0,0.5454545454545454,0.7058823529411765,53
syn_topological,1,TPC-DI__Unionable__prospect_horizontal_0_ac3_ev,484,22,1.0,0.2727272727272727,0.42857142857142855,53
syn_topological,1,ChEMBL__Semantically-Joinable__assays_vertical_50_ac2_av,289,11,1.0,0.7272727272727273,0.8421052631578947,53
syn_topological,1,OpenData__View -Unionable__miller2_both_0_30_ec_av,1089,15,1.0,0.4666666666666667,0.6363636363636364,53
syn_topological,1,TPC-DI__Unionable__prospect_horizontal_0_ac4_av,484,22,1.0,0.2727272727272727,0.42857142857142855,53
syn_topological,1,OpenData__View -Unionable__miller2_both_0_30_ec_ev,1089,15,1.0,0.9333333333333333,0.9655172413793104,53
syn_topological,1,TPC-DI__Unionable__prospect_horizontal_0_ac4_ev,484,22,1.0,0.2727272727272727,0.42857142857142855,53
syn_topological,1,OpenData__Joinable__miller2_vertical_1_ac5_ev,676,1,1.0,1.0,1.0,53
syn_topological,1,TPC-DI__Unionable__prospect_horizontal_0_ac5_ev,484,22,1.0,0.18181818181818182,0.3076923076923077,53
syn_topological,1,ChEMBL__Semantically-Joinable__assays_vertical_50_ec_av,289,11,1.0,0.5454545454545454,0.7058823529411765,53
syn_topological,1,OpenData__View -Unionable__miller2_both_0_50_ac2_av,1444,25,1.0,0.56,0.717948717948718,53
syn_topological,1,ChEMBL__Semantically-Joinable__assays_vertical_70_ac1_av,380,16,1.0,0.375,0.5454545454545454,53
syn_topological,1,ChEMBL__Semantically-Joinable__assays_vertical_70_ac2_av,380,16,1.0,0.625,0.7692307692307693,53
syn_topological,1,OpenData__Joinable__miller2_vertical_30_ac3_ev,1089,15,1.0,0.7333333333333333,0.8461538461538461,53
syn_topological,1,OpenData__Joinable__miller2_vertical_30_ac4_ev,1089,15,0.9333333333333333,0.9333333333333333,0.9333333333333333,53
syn_topological,1,TPC-DI__Unionable__prospect_horizontal_100_ac2_av,484,22,1.0,0.5,0.6666666666666666,53
syn_topological,1,ChEMBL__Semantically-Joinable__assays_vertical_70_ac5_av,380,16,1.0,0.5,0.6666666666666666,53
syn_topological,1,TPC-DI__Unionable__prospect_horizontal_100_ac2_ev,484,22,1.0,0.5,0.6666666666666666,53
syn_topological,1,OpenData__Joinable__miller2_vertical_50_ac1_ev,1444,25,1.0,0.64,0.7804878048780488,53
syn_topological,1,OpenData__View -Unionable__miller2_both_0_50_ac5_ev,1444,25,1.0,0.28,0.4375,53
syn_topological,1,TPC-DI__Unionable__prospect_horizontal_100_ac4_ev,484,22,1.0,0.36363636363636365,0.5333333333333333,53
syn_topological,1,ChEMBL__Unionable__assays_horizontal_0_ac3_av,529,23,1.0,0.30434782608695654,0.4666666666666667,53
syn_topological,1,ChEMBL__Unionable__assays_horizontal_0_ac3_ev,529,23,1.0,0.30434782608695654,0.4666666666666667,53
syn_topological,1,OpenData__Joinable__miller2_vertical_70_ac4_ev,1849,35,0.96875,0.8857142857142857,0.9253731343283582,53
syn_topological,1,OpenData__View -Unionable__miller2_both_0_70_ac4_av,1849,35,1.0,0.45714285714285713,0.6274509803921569,53
syn_topological,1,TPC-DI__Unionable__prospect_horizontal_50_ac2_ev,484,22,1.0,0.5,0.6666666666666666,53
syn_topological,1,OpenData__View -Unionable__miller2_both_0_70_ac5_ev,1849,35,1.0,0.2857142857142857,0.4444444444444444,53
syn_topological,1,OpenData__View -Unionable__miller2_both_0_70_ec_av,1849,35,1.0,0.5714285714285714,0.7272727272727273,53
syn_topological,1,TPC-DI__Unionable__prospect_horizontal_50_ac4_av,484,22,1.0,0.2727272727272727,0.42857142857142855,53
syn_topological,1,ChEMBL__Unionable__assays_horizontal_100_ac2_av,529,23,1.0,0.6086956521739131,0.7567567567567568,53
syn_topological,1,OpenData__Semantically-Joinable__miller2_both_50_1_ac5_av,676,1,0.0,0.0,0.0,53
syn_topological,1,TPC-DI__Joinable__prospect_both_50_1_ac3_ev,132,1,0.0,0.0,0.0,53
syn_topological,1,ChEMBL__Unionable__assays_horizontal_100_ac4_av,529,23,0.9,0.391304347826087,0.5454545454545454,53
syn_topological,1,ChEMBL__Unionable__assays_horizontal_100_ac4_ev,529,23,1.0,0.4782608695652174,0.6470588235294118,53
syn_topological,1,OpenData__Semantically-Joinable__miller2_both_50_30_ac3_av,1089,15,1.0,0.13333333333333333,0.23529411764705882,53
syn_topological,1,ChEMBL__Unionable__assays_horizontal_100_ac5_av,529,23,1.0,0.34782608695652173,0.5161290322580645,53
syn_topological,1,TPC-DI__Joinable__prospect_both_50_1_ec_ev,132,1,0.0,0.0,0.0,53
syn_topological,1,ChEMBL__Unionable__assays_horizontal_100_ac5_ev,529,23,1.0,0.34782608695652173,0.5161290322580645,53
syn_topological,1,OpenData__Semantically-Joinable__miller2_both_50_30_ac5_av,1089,15,0.0,0.0,0.0,53
syn_topological,1,TPC-DI__Joinable__prospect_both_50_30_ac2_ev,196,6,1.0,0.3333333333333333,0.5,53
syn_topological,1,TPC-DI__View-Unionable__prospect_both_0_1_ac2_ev,132,1,0.0,0.0,0.0,53
syn_topological,1,ChEMBL__Unionable__assays_horizontal_100_ec_ev,529,23,1.0,0.5217391304347826,0.6857142857142857,53
syn_topological,1,TPC-DI__View-Unionable__prospect_both_0_1_ac3_av,132,1,0.0,0.0,0.0,53
syn_topological,1,TPC-DI__Joinable__prospect_both_50_30_ac4_ev,196,6,1.0,0.5,0.6666666666666666,53
syn_topological,1,ChEMBL__Unionable__assays_horizontal_50_ac2_av,529,23,1.0,0.6521739130434783,0.7894736842105263,53
syn_topological,1,TPC-DI__Joinable__prospect_both_50_50_ac1_ev,272,11,1.0,0.2727272727272727,0.42857142857142855,53
syn_topological,1,TPC-DI__View-Unionable__prospect_both_0_1_ac5_av,132,1,0.0,0.0,0.0,53
syn_topological,1,OpenData__Semantically-Joinable__miller2_both_50_50_ec_av,1444,25,1.0,0.52,0.6842105263157895,53
syn_topological,1,OpenData__Semantically-Joinable__miller2_both_50_70_ac1_av,1849,35,1.0,0.2,0.3333333333333333,53
syn_topological,1,TPC-DI__Joinable__prospect_both_50_50_ac3_ev,272,11,1.0,0.36363636363636365,0.5333333333333333,53
syn_topological,1,ChEMBL__Unionable__assays_horizontal_50_ac4_ev,529,23,1.0,0.391304347826087,0.5625,53
syn_topological,1,OpenData__Semantically-Joinable__miller2_both_50_70_ac3_av,1849,35,1.0,0.05714285714285714,0.10810810810810811,53
syn_topological,2,OpenData__Semantically-Joinable__miller2_both_50_70_ac4_av,1849,35,1.0,0.2,0.3333333333333333,53
syn_topological,2,ChEMBL__Joinable__assays_both_50_1_ac2_ev,144,1,0.0,0.0,0.0,53
syn_topological,2,TPC-DI__Joinable__prospect_both_50_70_ac1_ev,342,15,1.0,0.2,0.3333333333333333,53
syn_topological,2,TPC-DI__View-Unionable__prospect_both_0_30_ac2_av,196,6,1.0,0.3333333333333333,0.5,53
syn_topological,2,ChEMBL__Joinable__assays_both_50_1_ac4_ev,144,1,0.0,0.0,0.0,53
syn_topological,2,ChEMBL__View-Unionable__assays_both_0_1_ac1_av,144,1,0.0,0.0,0.0,53
syn_topological,2,OpenData__Semantically-Joinable__miller2_vertical_1_ac2_av,676,1,1.0,1.0,1.0,53
syn_topological,2,TPC-DI__View-Unionable__prospect_both_0_30_ac3_ev,196,6,1.0,0.3333333333333333,0.5,53
syn_topological,2,ChEMBL__Joinable__assays_both_50_30_ac2_ev,210,6,1.0,0.3333333333333333,0.5,53
syn_topological,2,ChEMBL__View-Unionable__assays_both_0_1_ac3_av,144,1,0.0,0.0,0.0,53
syn_topological,2,TPC-DI__Joinable__prospect_vertical_1_ac2_ev,132,1,1.0,1.0,1.0,53
syn_topological,2,OpenData__Semantically-Joinable__miller2_vertical_30_ac1_av,1089,15,1.0,0.2,0.3333333333333333,53
syn_topological,2,TPC-DI__Joinable__prospect_vertical_1_ac3_ev,132,1,1.0,1.0,1.0,53
syn_topological,2,ChEMBL__View-Unionable__assays_both_0_1_ac4_av,144,1,0.0,0.0,0.0,53
syn_topological,2,ChEMBL__View-Unionable__assays_both_0_1_ac4_ev,144,1,0.0,0.0,0.0,53
syn_topological,2,ChEMBL__Joinable__assays_both_50_50_ac3_ev,289,11,1.0,0.2727272727272727,0.42857142857142855,53
syn_topological,2,ChEMBL__View-Unionable__assays_both_0_1_ec_av,144,1,0.0,0.0,0.0,53
syn_topological,2,OpenData__Semantically-Joinable__miller2_vertical_50_ac1_av,1444,25,1.0,0.2,0.3333333333333333,53
syn_topological,2,TPC-DI__Joinable__prospect_vertical_30_ac3_ev,196,6,1.0,0.6666666666666666,0.8,53
syn_topological,2,TPC-DI__Joinable__prospect_vertical_30_ac4_ev,196,6,1.0,1.0,1.0,53
syn_topological,2,TPC-DI__View-Unionable__prospect_both_0_50_ac3_ev,272,11,1.0,0.2727272727272727,0.42857142857142855,53
syn_topological,2,OpenData__Semantically-Joinable__miller2_vertical_50_ac4_av,1444,25,1.0,0.28,0.4375,53
syn_topological,2,TPC-DI__Joinable__prospect_vertical_30_ec_ev,196,6,1.0,1.0,1.0,53
syn_topological,2,OpenData__Semantically-Joinable__miller2_vertical_50_ac5_av,1444,25,1.0,0.12,0.21428571428571427,53
syn_topological,2,ChEMBL__Joinable__assays_both_50_70_ac4_ev,380,16,1.0,0.4375,0.6086956521739131,53
syn_topological,2,TPC-DI__View-Unionable__prospect_both_0_50_ec_av,272,11,1.0,0.2727272727272727,0.42857142857142855,53
syn_topological,2,ChEMBL__Joinable__assays_both_50_70_ac5_ev,380,16,1.0,0.3125,0.47619047619047616,53
syn_topological,2,OpenData__Semantically-Joinable__miller2_vertical_70_ac2_av,1849,35,1.0,0.4,0.5714285714285714,53
syn_topological,2,TPC-DI__View-Unionable__prospect_both_0_50_ec_ev,272,11,1.0,0.5454545454545454,0.7058823529411765,53
syn_topological,2,ChEMBL__Joinable__assays_both_50_70_ec_ev,380,16,1.0,0.5,0.6666666666666666,53
syn_topological,2,OpenData__Semantically-Joinable__miller2_vertical_70_ac4_av,1849,35,0.8888888888888888,0.22857142857142856,0.36363636363636365,53
syn_topological,2,ChEMBL__Joinable__assays_vertical_1_ac2_ev,144,1,1.0,1.0,1.0,53
syn_topological,2,OpenData__Semantically-Joinable__miller2_vertical_70_ac5_av,1849,35,1.0,0.08571428571428572,0.15789473684210525,53
syn_topological,2,ChEMBL__View-Unionable__assays_both_0_30_ec_av,210,6,0.0,0.0,0.0,53
syn_topological,2,TPC-DI__View-Unionable__prospect_both_0_70_ac2_ev,342,15,1.0,0.5333333333333333,0.6956521739130435,53
syn_topological,2,ChEMBL__View-Unionable__assays_both_0_30_ec_ev,210,6,1.0,0.6666666666666666,0.8,53
syn_topological,2,OpenData__Unionable__miller2_horizontal_0_ac1_av,2601,51,1.0,0.2549019607843137,0.40625,53
syn_topological,2,ChEMBL__View-Unionable__assays_both_0_50_ac1_av,289,11,0.0,0.0,0.0,53
syn_topological,2,TPC-DI__Joinable__prospect_vertical_70_ac4_ev,342,15,1.0,0.7333333333333333,0.8461538461538461,53
syn_topological,2,TPC-DI__View-Unionable__prospect_both_0_70_ac3_ev,342,15,1.0,0.26666666666666666,0.42105263157894735,53
syn_topological,2,ChEMBL__Joinable__assays_vertical_1_ec_ev,144,1,1.0,1.0,1.0,53
syn_topological,2,ChEMBL__View-Unionable__assays_both_0_50_ac1_ev,289,11,1.0,0.5454545454545454,0.7058823529411765,53
syn_topological,2,TPC-DI__View-Unionable__prospect_both_0_70_ac4_av,342,15,1.0,0.13333333333333333,0.23529411764705882,53
syn_topological,2,ChEMBL__View-Unionable__assays_both_0_50_ac2_av,289,11,1.0,0.18181818181818182,0.3076923076923077,53
syn_topological,2,OpenData__Unionable__miller2_horizontal_0_ac2_ev,2601,51,1.0,0.7843137254901961,0.8791208791208791,53
syn_topological,2,TPC-DI__Joinable__prospect_vertical_70_ec_ev,342,15,1.0,0.9333333333333333,0.9655172413793104,53
syn_topological,2,TPC-DI__View-Unionable__prospect_both_0_70_ac4_ev,342,15,1.0,0.2,0.3333333333333333,53
syn_topological,2,TPC-DI__Semantically-Joinable__prospect_both_50_1_ac2_av,132,1,0.0,0.0,0.0,53
syn_topological,2,OpenData__Unionable__miller2_horizontal_0_ac4_av,2601,51,1.0,0.39215686274509803,0.5633802816901409,53
syn_topological,2,ChEMBL__Joinable__assays_vertical_30_ec_ev,210,6,1.0,0.8333333333333334,0.9090909090909091,53
syn_topological,2,ChEMBL__View-Unionable__assays_both_0_50_ac4_ev,289,11,1.0,0.18181818181818182,0.3076923076923077,53
syn_topological,2,ChEMBL__Joinable__assays_vertical_50_ac1_ev,289,11,1.0,0.6363636363636364,0.7777777777777778,53
syn_topological,2,Wikidata__Musicians__Musicians_semjoinable,196,8,1.0,0.625,0.7692307692307693,53
syn_topological,2,ChEMBL__View-Unionable__assays_both_0_50_ac5_ev,289,11,1.0,0.36363636363636365,0.5333333333333333,53
syn_topological,2,ChEMBL__Joinable__assays_vertical_50_ac3_ev,289,11,1.0,0.8181818181818182,0.9,53
syn_topological,2,OpenData__Unionable__miller2_horizontal_0_ec_ev,2601,51,1.0,0.8431372549019608,0.9148936170212766,53
syn_topological,2,TPC-DI__Semantically-Joinable__prospect_both_50_30_ac2_av,196,6,1.0,0.16666666666666666,0.2857142857142857,53
syn_topological,2,ChEMBL__Joinable__assays_vertical_50_ac4_ev,289,11,0.8888888888888888,0.7272727272727273,0.8,53
syn_topological,2,ChEMBL__View-Unionable__assays_both_0_50_ec_ev,289,11,1.0,0.45454545454545453,0.625,53
syn_topological,2,TPC-DI__Semantically-Joinable__prospect_both_50_30_ac3_av,196,6,1.0,0.16666666666666666,0.2857142857142857,53
syn_topological,2,ChEMBL__View-Unionable__assays_both_0_70_ac1_av,380,16,1.0,0.0625,0.11764705882352941,53
syn_topological,2,OpenData__Unionable__miller2_horizontal_100_ac2_av,2601,51,1.0,0.7843137254901961,0.8791208791208791,53
syn_topological,2,ChEMBL__Joinable__assays_vertical_70_ac3_ev,380,16,1.0,0.6875,0.8148148148148148,53
syn_topological,2,OpenData__Unionable__miller2_horizontal_100_ac3_ev,2601,51,1.0,0.37254901960784315,0.5428571428571428,53
syn_topological,2,TPC-DI__Semantically-Joinable__prospect_both_50_50_ac2_av,272,11,1.0,0.2727272727272727,0.42857142857142855,53
syn_topological,2,OpenData__Unionable__miller2_horizontal_100_ac4_av,2601,51,1.0,0.5294117647058824,0.6923076923076923,53
syn_topological,2,OpenData__Unionable__miller2_horizontal_100_ac4_ev,2601,51,1.0,0.5882352941176471,0.7407407407407407,53
syn_topological,2,ChEMBL__Semantically-Joinable__assays_both_50_1_ac1_av,144,1,0.0,0.0,0.0,53
syn_topological,2,TPC-DI__Semantically-Joinable__prospect_both_50_50_ec_av,272,11,1.0,0.2727272727272727,0.42857142857142855,53
syn_topological,2,TPC-DI__Semantically-Joinable__prospect_both_50_70_ac2_av,342,15,0.7142857142857143,0.3333333333333333,0.45454545454545453,53
syn_topological,2,TPC-DI__Semantically-Joinable__prospect_both_50_70_ac3_av,342,15,1.0,0.06666666666666667,0.125,53
syn_topological,2,Magellan__amazon_google_exp,16,4,1.0,0.5,0.6666666666666666,53
syn_topological,2,TPC-DI__Semantically-Joinable__prospect_both_50_70_ac5_av,342,15,0.0,0.0,0.0,53
syn_topological,2,Magellan__dblp_acm,25,5,1.0,0.8,0.8888888888888888,53
syn_topological,2,TPC-DI__Semantically-Joinable__prospect_vertical_1_ac1_av,132,1,1.0,1.0,1.0,53
syn_topological,2,OpenData__Unionable__miller2_horizontal_50_ac4_av,2601,51,1.0,0.6078431372549019,0.7560975609756098,53
syn_topological,2,TPC-DI__Semantically-Joinable__prospect_vertical_1_ac3_av,132,1,1.0,1.0,1.0,53
syn_topological,2,ChEMBL__Semantically-Joinable__assays_both_50_30_ac5_av,210,6,1.0,0.16666666666666666,0.2857142857142857,53
syn_topological,2,OpenData__Unionable__miller2_horizontal_50_ac5_av,2601,51,1.0,0.27450980392156865,0.4307692307692308,53
syn_topological,2,OpenData__Joinable__miller2_both_50_1_ac2_ev,676,1,1.0,1.0,1.0,53
syn_topological,2,ChEMBL__Semantically-Joinable__assays_both_50_50_ac2_av,289,11,0.0,0.0,0.0,53
syn_topological,2,OpenData__Unionable__miller2_horizontal_50_ec_av,2601,51,1.0,0.8431372549019608,0.9148936170212766,53
syn_topological,2,ChEMBL__Semantically-Joinable__assays_both_50_50_ac4_av,289,11,1.0,0.36363636363636365,0.5333333333333333,53
syn_topological,2,OpenData__View -Unionable__miller2_both_0_1_ac1_ev,676,1,0.0,0.0,0.0,53
syn_topological,2,ChEMBL__Semantically-Joinable__assays_both_50_50_ec_av,289,11,1.0,0.18181818181818182,0.3076923076923077,53
syn_topological,2,OpenData__Joinable__miller2_both_50_30_ac1_ev,1089,15,1.0,0.26666666666666666,0.42105263157894735,53
syn_topological,2,OpenData__View -Unionable__miller2_both_0_1_ac2_ev,676,1,1.0,1.0,1.0,53
syn_topological,2,OpenData__View -Unionable__miller2_both_0_1_ac3_av,676,1,1.0,1.0,1.0,53
syn_topological,2,TPC-DI__Semantically-Joinable__prospect_vertical_50_ac2_av,272,11,1.0,0.36363636363636365,0.5333333333333333,53
syn_topological,2,ChEMBL__Semantically-Joinable__assays_both_50_70_ac4_av,380,16,1.0,0.1875,0.3157894736842105,53
syn_topological,2,OpenData__View -Unionable__miller2_both_0_1_ac4_av,676,1,0.0,0.0,0.0,53
syn_topological,2,TPC-DI__Semantically-Joinable__prospect_vertical_50_ac3_av,272,11,1.0,0.2727272727272727,0.42857142857142855,53
syn_topological,2,OpenData__Joinable__miller2_both_50_30_ec_ev,1089,15,1.0,0.9333333333333333,0.9655172413793104,53
syn_topological,2,TPC-DI__Semantically-Joinable__prospect_vertical_50_ac4_av,272,11,1.0,0.2727272727272727,0.42857142857142855,53
syn_topological,2,OpenData__View -Unionable__miller2_both_0_1_ac5_av,676,1,0.0,0.0,0.0,53
syn_topological,2,ChEMBL__Semantically-Joinable__assays_vertical_1_ac2_av,144,1,1.0,1.0,1.0,53
syn_topological,2,OpenData__Joinable__miller2_both_50_50_ac4_ev,1444,25,1.0,0.6,0.75,53
syn_topological,2,TPC-DI__Semantically-Joinable__prospect_vertical_70_ac3_av,342,15,1.0,0.4666666666666667,0.6363636363636364,53
syn_topological,2,ChEMBL__Semantically-Joinable__assays_vertical_1_ac5_av,144,1,1.0,1.0,1.0,53
syn_topological,2,OpenData__View -Unionable__miller2_both_0_30_ac1_ev,1089,15,1.0,0.3333333333333333,0.5,53
syn_topological,2,OpenData__Joinable__miller2_both_50_70_ac2_ev,1849,35,0.9629629629629629,0.7428571428571429,0.8387096774193549,53
syn_topological,2,OpenData__View -Unionable__miller2_both_0_30_ac2_ev,1089,15,1.0,0.6,0.75,53
syn_topological,2,ChEMBL__Semantically-Joinable__assays_vertical_30_ac3_av,210,6,1.0,0.3333333333333333,0.5,53
syn_topological,2,TPC-DI__Unionable__prospect_horizontal_0_ac1_ev,484,22,1.0,0.2727272727272727,0.42857142857142855,53
syn_topological,2,OpenData__Joinable__miller2_both_50_70_ac5_ev,1849,35,1.0,0.34285714285714286,0.5106382978723404,53
syn_topological,2,OpenData__View -Unionable__miller2_both_0_30_ac4_av,1089,15,0.75,0.2,0.3157894736842105,53
syn_topological,2,TPC-DI__Unionable__prospect_horizontal_0_ac2_av,484,22,1.0,0.5,0.6666666666666666,53
syn_topological,2,ChEMBL__Semantically-Joinable__assays_vertical_30_ec_av,210,6,1.0,0.16666666666666666,0.2857142857142857,53
syn_topological,2,TPC-DI__Unionable__prospect_horizontal_0_ac3_av,484,22,1.0,0.3181818181818182,0.4827586206896552,53
syn_topological,2,OpenData__Joinable__miller2_vertical_1_ac2_ev,676,1,1.0,1.0,1.0,53
syn_topological,2,TPC-DI__Unionable__prospect_horizontal_0_ac4_av,484,22,1.0,0.18181818181818182,0.3076923076923077,53
syn_topological,2,TPC-DI__Unionable__prospect_horizontal_0_ac4_ev,484,22,1.0,0.18181818181818182,0.3076923076923077,53
syn_topological,2,OpenData__Joinable__miller2_vertical_1_ac5_ev,676,1,1.0,1.0,1.0,53
syn_topological,2,TPC-DI__Unionable__prospect_horizontal_0_ac5_av,484,22,1.0,0.13636363636363635,0.24,53
syn_topological,2,OpenData__Joinable__miller2_vertical_1_ec_ev,676,1,1.0,1.0,1.0,53
syn_topological,2,OpenData__View -Unionable__miller2_both_0_50_ac1_ev,1444,25,1.0,0.32,0.48484848484848486,53
syn_topological,2,OpenData__View -Unionable__miller2_both_0_50_ac2_av,1444,25,1.0,0.56,0.717948717948718,53
syn_topological,2,ChEMBL__Semantically-Joinable__assays_vertical_70_ac1_av,380,16,1.0,0.25,0.4,53
syn_topological,2,ChEMBL__Semantically-Joinable__assays_vertical_70_ac2_av,380,16,1.0,0.5,0.6666666666666666,53
syn_topological,2,OpenData__Joinable__miller2_vertical_30_ac3_ev,1089,15,1.0,0.7333333333333333,0.8461538461538461,53
syn_topological,2,OpenData__View -Unionable__miller2_both_0_50_ac3_av,1444,25,1.0,0.12,0.21428571428571427,53
syn_topological,2,TPC-DI__Unionable__prospect_horizontal_100_ac1_av,484,22,1.0,0.2727272727272727,0.42857142857142855,53
syn_topological,2,ChEMBL__Semantically-Joinable__assays_vertical_70_ac3_av,380,16,1.0,0.1875,0.3157894736842105,53
syn_topological,2,OpenData__View -Unionable__miller2_both_0_50_ac3_ev,1444,25,1.0,0.44,0.6111111111111112,53
syn_topological,2,ChEMBL__Semantically-Joinable__assays_vertical_70_ac4_av,380,16,1.0,0.3125,0.47619047619047616,53
syn_topological,2,OpenData__Joinable__miller2_vertical_30_ac5_ev,1089,15,1.0,0.4,0.5714285714285714,53
syn_topological,2,ChEMBL__Semantically-Joinable__assays_vertical_70_ac5_av,380,16,1.0,0.4375,0.6086956521739131,53
syn_topological,2,OpenData__Joinable__miller2_vertical_50_ac2_ev,1444,25,1.0,0.84,0.9130434782608695,53
syn_topological,2,ChEMBL__Unionable__assays_horizontal_0_ac1_ev,529,23,1.0,0.43478260869565216,0.6060606060606061,53
syn_topological,2,TPC-DI__Unionable__prospect_horizontal_100_ac4_av,484,22,1.0,0.18181818181818182,0.3076923076923077,53
syn_topological,2,OpenData__View -Unionable__miller2_both_0_50_ec_ev,1444,25,1.0,0.84,0.9130434782608695,53
syn_topological,2,ChEMBL__Unionable__assays_horizontal_0_ac2_ev,529,23,1.0,0.5217391304347826,0.6857142857142857,53
syn_topological,2,OpenData__Joinable__miller2_vertical_70_ac1_ev,1849,35,1.0,0.6,0.75,53
syn_topological,2,OpenData__Joinable__miller2_vertical_70_ac2_ev,1849,35,1.0,0.8571428571428571,0.9230769230769231,53
syn_topological,2,OpenData__View -Unionable__miller2_both_0_70_ac2_ev,1849,35,1.0,0.7714285714285715,0.8709677419354839,53
syn_topological,2,ChEMBL__Unionable__assays_horizontal_0_ac4_ev,529,23,1.0,0.4782608695652174,0.6470588235294118,53
syn_topological,2,TPC-DI__Unionable__prospect_horizontal_50_ac1_av,484,22,1.0,0.2727272727272727,0.42857142857142855,53
syn_topological,2,ChEMBL__Unionable__assays_horizontal_0_ac5_av,529,23,1.0,0.30434782608695654,0.4666666666666667,53
syn_topological,2,OpenData__Joinable__miller2_vertical_70_ac4_ev,1849,35,0.9629629629629629,0.7428571428571429,0.8387096774193549,53
syn_topological,2,ChEMBL__Unionable__assays_horizontal_0_ac5_ev,529,23,1.0,0.30434782608695654,0.4666666666666667,53
syn_topological,2,ChEMBL__Unionable__assays_horizontal_0_ec_av,529,23,1.0,0.4782608695652174,0.6470588235294118,53
syn_topological,2,OpenData__View -Unionable__miller2_both_0_70_ac5_ev,1849,35,1.0,0.2857142857142857,0.4444444444444444,53
syn_topological,2,ChEMBL__Unionable__assays_horizontal_100_ac1_ev,529,23,1.0,0.43478260869565216,0.6060606060606061,53
syn_topological,2,TPC-DI__Unionable__prospect_horizontal_50_ac4_av,484,22,1.0,0.18181818181818182,0.3076923076923077,53
syn_topological,2,ChEMBL__Unionable__assays_horizontal_100_ac2_av,529,23,1.0,0.4782608695652174,0.6470588235294118,53
syn_topological,2,TPC-DI__Unionable__prospect_horizontal_50_ac4_ev,484,22,1.0,0.18181818181818182,0.3076923076923077,53
syn_topological,2,ChEMBL__Unionable__assays_horizontal_100_ac2_ev,529,23,1.0,0.43478260869565216,0.6060606060606061,53
syn_topological,2,OpenData__Semantically-Joinable__miller2_both_50_1_ec_av,676,1,0.0,0.0,0.0,53
syn_topological,2,ChEMBL__Unionable__assays_horizontal_100_ac4_av,529,23,1.0,0.5217391304347826,0.6857142857142857,53
syn_topological,2,OpenData__Semantically-Joinable__miller2_both_50_30_ac2_av,1089,15,1.0,0.4666666666666667,0.6363636363636364,53
syn_topological,2,TPC-DI__Joinable__prospect_both_50_1_ec_ev,132,1,0.0,0.0,0.0,53
syn_topological,2,OpenData__Semantically-Joinable__miller2_both_50_30_ac5_av,1089,15,0.0,0.0,0.0,53
syn_topological,2,OpenData__Semantically-Joinable__miller2_both_50_30_ec_av,1089,15,1.0,0.4666666666666667,0.6363636363636364,53
syn_topological,2,TPC-DI__View-Unionable__prospect_both_0_1_ac2_ev,132,1,0.0,0.0,0.0,53
syn_topological,2,TPC-DI__Joinable__prospect_both_50_30_ac3_ev,196,6,1.0,0.5,0.6666666666666666,53
syn_topological,2,TPC-DI__View-Unionable__prospect_both_0_1_ac3_ev,132,1,0.0,0.0,0.0,53
syn_topological,2,ChEMBL__Unionable__assays_horizontal_50_ac2_av,529,23,1.0,0.4782608695652174,0.6470588235294118,53
syn_topological,2,OpenData__Semantically-Joinable__miller2_both_50_50_ac4_av,1444,25,1.0,0.24,0.3870967741935484,53
syn_topological,2,TPC-DI__Joinable__prospect_both_50_30_ec_ev,196,6,1.0,0.16666666666666666,0.2857142857142857,53
syn_topological,2,TPC-DI__View-Unionable__prospect_both_0_1_ac4_ev,132,1,0.0,0.0,0.0,53
syn_topological,2,TPC-DI__Joinable__prospect_both_50_50_ac1_ev,272,11,1.0,0.2727272727272727,0.42857142857142855,53
syn_topological,2,TPC-DI__Joinable__prospect_both_50_50_ac2_ev,272,11,1.0,0.5454545454545454,0.7058823529411765,53
syn_topological,2,TPC-DI__View-Unionable__prospect_both_0_1_ac5_ev,132,1,0.0,0.0,0.0,53
syn_topological,2,OpenData__Semantically-Joinable__miller2_both_50_70_ac1_av,1849,35,1.0,0.14285714285714285,0.25,53
syn_topological,2,TPC-DI__Joinable__prospect_both_50_50_ac4_ev,272,11,1.0,0.18181818181818182,0.3076923076923077,53
syn_topological,2,TPC-DI__View-Unionable__prospect_both_0_30_ac1_av,196,6,0.0,0.0,0.0,53
syn_topological,3,ChEMBL__Unionable__assays_horizontal_50_ac5_ev,529,23,1.0,0.391304347826087,0.5625,53
syn_topological,3,OpenData__Semantically-Joinable__miller2_both_50_70_ac5_av,1849,35,1.0,0.14285714285714285,0.25,53
syn_topological,3,OpenData__Semantically-Joinable__miller2_both_50_70_ec_av,1849,35,1.0,0.2571428571428571,0.4090909090909091,53
syn_topological,3,TPC-DI__View-Unionable__prospect_both_0_30_ac3_av,196,6,1.0,0.16666666666666666,0.2857142857142857,53
syn_topological,3,ChEMBL__Joinable__assays_both_50_1_ac5_ev,144,1,0.0,0.0,0.0,53
syn_topological,3,TPC-DI__Joinable__prospect_both_50_70_ac5_ev,342,15,1.0,0.4666666666666667,0.6363636363636364,53
syn_topological,3,TPC-DI__View-Unionable__prospect_both_0_30_ac4_ev,196,6,1.0,0.8333333333333334,0.9090909090909091,53
syn_topological,3,TPC-DI__Joinable__prospect_vertical_1_ac1_ev,132,1,1.0,1.0,1.0,53
syn_topological,3,ChEMBL__Joinable__assays_both_50_30_ac3_ev,210,6,1.0,0.16666666666666666,0.2857142857142857,53
syn_topological,3,TPC-DI__View-Unionable__prospect_both_0_30_ac5_ev,196,6,1.0,0.5,0.6666666666666666,53
syn_topological,3,TPC-DI__Joinable__prospect_vertical_1_ac3_ev,132,1,1.0,1.0,1.0,53
syn_topological,3,OpenData__Semantically-Joinable__miller2_vertical_30_ac2_av,1089,15,0.9090909090909091,0.6666666666666666,0.7692307692307693,53
syn_topological,3,TPC-DI__View-Unionable__prospect_both_0_30_ec_ev,196,6,1.0,0.3333333333333333,0.5,53
syn_topological,3,ChEMBL__View-Unionable__assays_both_0_1_ac4_ev,144,1,0.0,0.0,0.0,53
syn_topological,3,ChEMBL__Joinable__assays_both_50_50_ac1_ev,289,11,1.0,0.2727272727272727,0.42857142857142855,53
syn_topological,3,OpenData__Semantically-Joinable__miller2_vertical_30_ac4_av,1089,15,1.0,0.4666666666666667,0.6363636363636364,53
syn_topological,3,TPC-DI__View-Unionable__prospect_both_0_50_ac2_av,272,11,1.0,0.36363636363636365,0.5333333333333333,53
syn_topological,3,ChEMBL__Joinable__assays_both_50_50_ac3_ev,289,11,1.0,0.2727272727272727,0.42857142857142855,53
syn_topological,3,TPC-DI__View-Unionable__prospect_both_0_50_ac2_ev,272,11,1.0,0.5454545454545454,0.7058823529411765,53
syn_topological,3,ChEMBL__Joinable__assays_both_50_50_ac4_ev,289,11,1.0,0.5454545454545454,0.7058823529411765,53
syn_topological,3,OpenData__Semantically-Joinable__miller2_vertical_50_ac1_av,1444,25,1.0,0.36,0.5294117647058824,53
syn_topological,3,TPC-DI__Joinable__prospect_vertical_30_ac3_ev,196,6,1.0,0.8333333333333334,0.9090909090909091,53
syn_topological,3,ChEMBL__View-Unionable__assays_both_0_30_ac1_av,210,6,0.0,0.0,0.0,53
syn_topological,3,OpenData__Semantically-Joinable__miller2_vertical_50_ac2_av,1444,25,1.0,0.52,0.6842105263157895,53
syn_topological,3,TPC-DI__Joinable__prospect_vertical_30_ac4_ev,196,6,1.0,1.0,1.0,53
syn_topological,3,TPC-DI__View-Unionable__prospect_both_0_50_ac3_ev,272,11,1.0,0.2727272727272727,0.42857142857142855,53
syn_topological,3,ChEMBL__Joinable__assays_both_50_50_ec_ev,289,11,1.0,0.36363636363636365,0.5333333333333333,53
syn_topological,3,ChEMBL__View-Unionable__assays_both_0_30_ac2_av,210,6,1.0,0.16666666666666666,0.2857142857142857,53
syn_topological,3,OpenData__Semantically-Joinable__miller2_vertical_50_ac5_av,1444,25,1.0,0.16,0.27586206896551724,53
syn_topological,3,ChEMBL__View-Unionable__assays_both_0_30_ac3_ev,210,6,1.0,0.3333333333333333,0.5,53
syn_topological,3,ChEMBL__Joinable__assays_both_50_70_ac5_ev,380,16,1.0,0.3125,0.47619047619047616,53
syn_topological,3,OpenData__Semantically-Joinable__miller2_vertical_70_ac2_av,1849,35,0.9411764705882353,0.45714285714285713,0.6153846153846154,53
syn_topological,3,TPC-DI__Joinable__prospect_vertical_50_ac4_ev,272,11,1.0,0.8181818181818182,0.9,53
syn_topological,3,ChEMBL__Joinable__assays_both_50_70_ec_ev,380,16,1.0,0.4375,0.6086956521739131,53
syn_topological,3,ChEMBL__View-Unionable__assays_both_0_30_ac4_ev,210,6,1.0,0.5,0.6666666666666666,53
syn_topological,3,TPC-DI__Joinable__prospect_vertical_50_ac5_ev,272,11,1.0,0.8181818181818182,0.9,53
syn_topological,3,ChEMBL__Joinable__assays_vertical_1_ac1_ev,144,1,1.0,1.0,1.0,53
syn_topological,3,ChEMBL__View-Unionable__assays_both_0_30_ac5_ev,210,6,1.0,0.3333333333333333,0.5,53
syn_topological,3,TPC-DI__View-Unionable__prospect_both_0_70_ac2_av,342,15,1.0,0.4,0.5714285714285714,53
syn_topological,3,TPC-DI__View-Unionable__prospect_both_0_70_ac3_av,342,15,1.0,0.13333333333333333,0.23529411764705882,53
syn_topological,3,TPC-DI__Joinable__prospect_vertical_70_ac4_ev,342,15,1.0,0.7333333333333333,0.8461538461538461,53
syn_topological,3,TPC-DI__View-Unionable__prospect_both_0_70_ac3_ev,342,15,1.0,0.3333333333333333,0.5,53
syn_topological,3,OpenData__Unionable__miller2_horizontal_0_ac2_av,2601,51,0.975609756097561,0.7843137254901961,0.8695652173913043,53
syn_topological,3,ChEMBL__Joinable__assays_vertical_30_ac1_ev,210,6,1.0,0.8333333333333334,0.9090909090909091,53
syn_topological,3,OpenData__Unionable__miller2_horizontal_0_ac2_ev,2601,51,1.0,0.8431372549019608,0.9148936170212766,53
syn_topological,3,TPC-DI__Joinable__prospect_vertical_70_ec_ev,342,15,1.0,0.8666666666666667,0.9285714285714286,53
syn_topological,3,TPC-DI__View-Unionable__prospect_both_0_70_ac4_ev,342,15,1.0,0.5333333333333333,0.6956521739130435,53
syn_topological,3,ChEMBL__Joinable__assays_vertical_30_ac2_ev,210,6,1.0,1.0,1.0,53
syn_topological,3,ChEMBL__View-Unionable__assays_both_0_50_ac3_ev,289,11,1.0,0.36363636363636365,0.5333333333333333,53
syn_topological,3,TPC-DI__View-Unionable__prospect_both_0_70_ec_av,342,15,0.8,0.26666666666666666,0.4,53
syn_topological,3,ChEMBL__Joinable__assays_vertical_30_ac5_ev,210,6,1.0,0.6666666666666666,0.8,53
syn_topological,3,ChEMBL__View-Unionable__assays_both_0_50_ac4_av,289,11,1.0,0.36363636363636365,0.5333333333333333,53
syn_topological,3,ChEMBL__View-Unionable__assays_both_0_50_ac4_ev,289,11,1.0,0.2727272727272727,0.42857142857142855,53
syn_topological,3,OpenData__Unionable__miller2_horizontal_0_ac5_av,2601,51,1.0,0.43137254901960786,0.6027397260273972,53
syn_topological,3,OpenData__Unionable__miller2_horizontal_0_ec_av,2601,51,1.0,0.7058823529411765,0.8275862068965517,53
syn_topological,3,ChEMBL__Joinable__assays_vertical_50_ac3_ev,289,11,1.0,0.8181818181818182,0.9,53
syn_topological,3,TPC-DI__Semantically-Joinable__prospect_both_50_30_ac2_av,196,6,1.0,0.3333333333333333,0.5,53
syn_topological,3,Wikidata__Musicians__Musicians_viewunion,169,5,0.8,0.8,0.8,53
syn_topological,3,TPC-DI__Semantically-Joinable__prospect_both_50_30_ac3_av,196,6,1.0,0.16666666666666666,0.2857142857142857,53
syn_topological,3,OpenData__Unionable__miller2_horizontal_100_ac1_ev,2601,51,1.0,0.5686274509803921,0.725,53
syn_topological,3,TPC-DI__Semantically-Joinable__prospect_both_50_30_ac4_av,196,6,1.0,0.16666666666666666,0.2857142857142857,53
syn_topological,3,ChEMBL__View-Unionable__assays_both_0_70_ac1_ev,380,16,1.0,0.5,0.6666666666666666,53
syn_topological,3,OpenData__Unionable__miller2_horizontal_100_ac2_av,2601,51,1.0,0.8627450980392157,0.9263157894736842,53
syn_topological,3,ChEMBL__View-Unionable__assays_both_0_70_ac2_av,380,16,1.0,0.25,0.4,53
syn_topological,3,OpenData__Unionable__miller2_horizontal_100_ac3_av,2601,51,1.0,0.49019607843137253,0.6578947368421053,53
syn_topological,3,TPC-DI__Semantically-Joinable__prospect_both_50_50_ac1_av,272,11,1.0,0.18181818181818182,0.3076923076923077,53
syn_topological,3,ChEMBL__Joinable__assays_vertical_70_ac3_ev,380,16,1.0,0.6875,0.8148148148148148,53
syn_topological,3,ChEMBL__Joinable__assays_vertical_70_ec_ev,380,16,1.0,0.75,0.8571428571428571,53
syn_topological,3,ChEMBL__View-Unionable__assays_both_0_70_ac4_ev,380,16,1.0,0.4375,0.6086956521739131,53
syn_topological,3,ChEMBL__View-Unionable__assays_both_0_70_ac5_av,380,16,1.0,0.1875,0.3157894736842105,53
syn_topological,3,OpenData__Unionable__miller2_horizontal_100_ac5_ev,2601,51,1.0,0.45098039215686275,0.6216216216216216,53
syn_topological,3,TPC-DI__Semantically-Joinable__prospect_both_50_70_ac1_av,342,15,1.0,0.13333333333333333,0.23529411764705882,53
syn_topological,3,ChEMBL__View-Unionable__assays_both_0_70_ec_av,380,16,1.0,0.0625,0.11764705882352941,53
syn_topological,3,OpenData__Unionable__miller2_horizontal_100_ec_ev,2601,51,1.0,0.6862745098039216,0.813953488372093,53
syn_topological,3,TPC-DI__Semantically-Joinable__prospect_both_50_70_ac2_av,342,15,0.7777777777777778,0.4666666666666667,0.5833333333333334,53
syn_topological,3,ChEMBL__Semantically-Joinable__assays_both_50_1_ac4_av,144,1,0.0,0.0,0.0,53
syn_topological,3,OpenData__Unionable__miller2_horizontal_50_ac1_av,2601,51,1.0,0.5686274509803921,0.725,53
syn_topological,3,TPC-DI__Semantically-Joinable__prospect_both_50_70_ac4_av,342,15,1.0,0.26666666666666666,0.42105263157894735,53
syn_topological,3,ChEMBL__Semantically-Joinable__assays_both_50_1_ec_av,144,1,0.0,0.0,0.0,53
syn_topological,3,TPC-DI__Semantically-Joinable__prospect_both_50_70_ac5_av,342,15,1.0,0.06666666666666667,0.125,53
syn_topological,3,Magellan__fodors_zagats,49,7,1.0,0.2857142857142857,0.4444444444444444,53
syn_topological,3,Magellan__itunes_amazon,81,9,1.0,0.4444444444444444,0.6153846153846154,53
syn_topological,3,TPC-DI__Semantically-Joinable__prospect_vertical_1_ac3_av,132,1,1.0,1.0,1.0,53
syn_topological,3,OpenData__Joinable__miller2_both_50_1_ac1_ev,676,1,0.0,0.0,0.0,53
syn_topological,3,TPC-DI__Semantically-Joinable__prospect_vertical_1_ec_av,132,1,1.0,1.0,1.0,53
syn_topological,3,OpenData__Joinable__miller2_both_50_1_ac3_ev,676,1,1.0,1.0,1.0,53
syn_topological,3,OpenData__Unionable__miller2_horizontal_50_ec_av,2601,51,1.0,0.6862745098039216,0.813953488372093,53
syn_topological,3,ChEMBL__Semantically-Joinable__assays_both_50_50_ac3_av,289,11,0.0,0.0,0.0,53
syn_topological,3,ChEMBL__Semantically-Joinable__assays_both_50_50_ac4_av,289,11,1.0,0.2727272727272727,0.42857142857142855,53
syn_topological,3,OpenData__View -Unionable__miller2_both_0_1_ac1_ev,676,1,0.0,0.0,0.0,53
syn_topological,3,ChEMBL__Semantically-Joinable__assays_both_50_50_ec_av,289,11,0.0,0.0,0.0,53
syn_topological,3,OpenData__View -Unionable__miller2_both_0_1_ac2_av,676,1,0.0,0.0,0.0,53
syn_topological,3,TPC-DI__Semantically-Joinable__prospect_vertical_30_ac5_av,196,6,1.0,0.5,0.6666666666666666,53
syn_topological,3,ChEMBL__Semantically-Joinable__assays_both_50_70_ac1_av,380,16,1.0,0.0625,0.11764705882352941,53
syn_topological,3,OpenData__View -Unionable__miller2_both_0_1_ac2_ev,676,1,1.0,1.0,1.0,53
syn_topological,3,ChEMBL__Semantically-Joinable__assays_both_50_70_ac2_av,380,16,1.0,0.375,0.5454545454545454,53
syn_topological,3,ChEMBL__Semantically-Joinable__assays_both_50_70_ac3_av,380,16,0.0,0.0,0.0,53
syn_topological,3,ChEMBL__Semantically-Joinable__assays_both_50_70_ec_av,380,16,1.0,0.0625,0.11764705882352941,53
syn_topological,3,OpenData__View -Unionable__miller2_both_0_1_ac5_av,676,1,1.0,1.0,1.0,53
syn_topological,3,TPC-DI__Semantically-Joinable__prospect_vertical_50_ac5_av,272,11,1.0,0.36363636363636365,0.5333333333333333,53
syn_topological,3,ChEMBL__Semantically-Joinable__assays_vertical_1_ac1_av,144,1,1.0,1.0,1.0,53
syn_topological,3,OpenData__Joinable__miller2_both_50_50_ac2_ev,1444,25,1.0,0.96,0.9795918367346939,53
syn_topological,3,ChEMBL__Semantically-Joinable__assays_vertical_1_ac4_av,144,1,1.0,1.0,1.0,53
syn_topological,3,ChEMBL__Semantically-Joinable__assays_vertical_1_ac5_av,144,1,1.0,1.0,1.0,53
syn_topological,3,TPC-DI__Semantically-Joinable__prospect_vertical_70_ac4_av,342,15,0.8333333333333334,0.3333333333333333,0.47619047619047616,53
syn_topological,3,ChEMBL__Semantically-Joinable__assays_vertical_1_ec_av,144,1,1.0,1.0,1.0,53
syn_topological,3,OpenData__Joinable__miller2_both_50_70_ac1_ev,1849,35,1.0,0.5428571428571428,0.7037037037037037,53
syn_topological,3,TPC-DI__Semantically-Joinable__prospect_vertical_70_ec_av,342,15,1.0,0.3333333333333333,0.5,53
syn_topological,3,OpenData__Joinable__miller2_both_50_70_ac3_ev,1849,35,1.0,0.4857142857142857,0.6538461538461539,53
syn_topological,3,OpenData__View -Unionable__miller2_both_0_30_ac4_av,1089,15,1.0,0.26666666666666666,0.42105263157894735,53
syn_topological,3,OpenData__Joinable__miller2_both_50_70_ec_ev,1849,35,1.0,0.7142857142857143,0.8333333333333334,53
syn_topological,3,TPC-DI__Unionable__prospect_horizontal_0_ac2_ev,484,22,1.0,0.5,0.6666666666666666,53
syn_topological,3,OpenData__Joinable__miller2_vertical_1_ac2_ev,676,1,1.0,1.0,1.0,53
syn_topological,3,OpenData__Joinable__miller2_vertical_1_ac3_ev,676,1,1.0,1.0,1.0,53
syn_topological,3,TPC-DI__Unionable__prospect_horizontal_0_ac4_av,484,22,1.0,0.5,0.6666666666666666,53
syn_topological,3,ChEMBL__Semantically-Joinable__assays_vertical_50_ac3_av,289,11,1.0,0.2727272727272727,0.42857142857142855,53
syn_topological,3,OpenData__Joinable__miller2_vertical_1_ec_ev,676,1,0.0,0.0,0.0,53
syn_topological,3,TPC-DI__Unionable__prospect_horizontal_0_ac5_ev,484,22,1.0,0.45454545454545453,0.625,53
syn_topological,3,OpenData__View -Unionable__miller2_both_0_50_ac2_av,1444,25,1.0,0.52,0.6842105263157895,53
syn_topological,3,TPC-DI__Unionable__prospect_horizontal_0_ec_av,484,22,1.0,0.45454545454545453,0.625,53
syn_topological,3,OpenData__Joinable__miller2_vertical_30_ac2_ev,1089,15,0.9333333333333333,0.9333333333333333,0.9333333333333333,53
syn_topological,3,TPC-DI__Unionable__prospect_horizontal_0_ec_ev,484,22,1.0,0.45454545454545453,0.625,53
syn_topological,3,OpenData__Joinable__miller2_vertical_30_ac3_ev,1089,15,1.0,0.7333333333333333,0.8461538461538461,53
syn_topological,3,OpenData__View -Unionable__miller2_both_0_50_ac3_av,1444,25,1.0,0.04,0.07692307692307693,53
syn_topological,3,OpenData__View -Unionable__miller2_both_0_50_ac4_av,1444,25,1.0,0.32,0.48484848484848486,53
syn_topological,3,TPC-DI__Unionable__prospect_horizontal_100_ac2_av,484,22,1.0,0.5454545454545454,0.7058823529411765,53
syn_topological,3,OpenData__Joinable__miller2_vertical_30_ec_ev,1089,15,1.0,0.8,0.8888888888888888,53
syn_topological,3,OpenData__View -Unionable__miller2_both_0_50_ac5_av,1444,25,1.0,0.16,0.27586206896551724,53
syn_topological,3,OpenData__View -Unionable__miller2_both_0_50_ac5_ev,1444,25,1.0,0.44,0.6111111111111112,53
syn_topological,3,ChEMBL__Unionable__assays_horizontal_0_ac2_ev,529,23,1.0,0.6521739130434783,0.7894736842105263,53
syn_topological,3,OpenData__Joinable__miller2_vertical_50_ac5_ev,1444,25,1.0,0.56,0.717948717948718,53
syn_topological,3,OpenData__View -Unionable__miller2_both_0_70_ac1_av,1849,35,1.0,0.22857142857142856,0.37209302325581395,53
syn_topological,3,OpenData__Joinable__miller2_vertical_50_ec_ev,1444,25,1.0,0.84,0.9130434782608695,53
syn_topological,3,TPC-DI__Unionable__prospect_horizontal_100_ac5_ev,484,22,1.0,0.45454545454545453,0.625,53
syn_topological,3,TPC-DI__Unionable__prospect_horizontal_100_ec_av,484,22,1.0,0.45454545454545453,0.625,53
syn_topological,3,ChEMBL__Unionable__assays_horizontal_0_ac4_ev,529,23,1.0,0.4782608695652174,0.6470588235294118,53
syn_topological,3,OpenData__View -Unionable__miller2_both_0_70_ac3_av,1849,35,1.0,0.05714285714285714,0.10810810810810811,53
syn_topological,3,OpenData__Joinable__miller2_vertical_70_ac5_ev,1849,35,1.0,0.6285714285714286,0.7719298245614035,53
syn_topological,3,OpenData__View -Unionable__miller2_both_0_70_ac4_av,1849,35,0.9375,0.42857142857142855,0.5882352941176471,53
syn_topological,3,TPC-DI__Unionable__prospect_horizontal_50_ac2_av,484,22,1.0,0.6363636363636364,0.7777777777777778,53
syn_topological,3,ChEMBL__Unionable__assays_horizontal_0_ec_av,529,23,1.0,0.4782608695652174,0.6470588235294118,53
syn_topological,3,OpenData__View -Unionable__miller2_both_0_70_ac4_ev,1849,35,1.0,0.8857142857142857,0.9393939393939394,53
syn_topological,3,TPC-DI__Unionable__prospect_horizontal_50_ac2_ev,484,22,1.0,0.5909090909090909,0.7428571428571429,53
syn_topological,3,OpenData__Semantically-Joinable__miller2_both_50_1_ac1_av,676,1,1.0,1.0,1.0,53
syn_topological,3,ChEMBL__Unionable__assays_horizontal_100_ac1_av,529,23,1.0,0.391304347826087,0.5625,53
syn_topological,3,ChEMBL__Unionable__assays_horizontal_100_ac2_av,529,23,1.0,0.5652173913043478,0.7222222222222222,53
syn_topological,3,OpenData__View -Unionable__miller2_both_0_70_ec_ev,1849,35,1.0,0.6571428571428571,0.7931034482758621,53
syn_topological,3,ChEMBL__Unionable__assays_horizontal_100_ac2_ev,529,23,1.0,0.4782608695652174,0.6470588235294118,53
syn_topological,3,OpenData__Semantically-Joinable__miller2_both_50_1_ac5_av,676,1,1.0,1.0,1.0,53
syn_topological,3,TPC-DI__Unionable__prospect_horizontal_50_ac5_ev,484,22,1.0,0.45454545454545453,0.625,53
syn_topological,3,ChEMBL__Unionable__assays_horizontal_100_ac3_ev,529,23,1.0,0.2608695652173913,0.41379310344827586,53
syn_topological,3,TPC-DI__Joinable__prospect_both_50_1_ac3_ev,132,1,0.0,0.0,0.0,53
syn_topological,3,ChEMBL__Unionable__assays_horizontal_100_ac4_ev,529,23,1.0,0.5652173913043478,0.7222222222222222,53
syn_topological,3,OpenData__Semantically-Joinable__miller2_both_50_30_ac4_av,1089,15,1.0,0.4666666666666667,0.6363636363636364,53
syn_topological,3,TPC-DI__Joinable__prospect_both_50_30_ac1_ev,196,6,1.0,0.3333333333333333,0.5,53
syn_topological,3,OpenData__Semantically-Joinable__miller2_both_50_50_ac1_av,1444,25,1.0,0.28,0.4375,53
syn_topological,3,TPC-DI__Joinable__prospect_both_50_30_ac4_ev,196,6,1.0,0.6666666666666666,0.8,53
syn_topological,3,TPC-DI__View-Unionable__prospect_both_0_1_ac3_ev,132,1,0.0,0.0,0.0,53
syn_topological,3,ChEMBL__Unionable__assays_horizontal_50_ac1_ev,529,23,1.0,0.391304347826087,0.5625,53
syn_topological,3,OpenData__Semantically-Joinable__miller2_both_50_50_ac3_av,1444,25,1.0,0.12,0.21428571428571427,53
syn_topological,3,TPC-DI__Joinable__prospect_both_50_30_ac5_ev,196,6,1.0,0.3333333333333333,0.5,53
syn_topological,3,OpenData__Semantically-Joinable__miller2_both_50_50_ac4_av,1444,25,0.9230769230769231,0.48,0.631578947368421,53
syn_topological,3,TPC-DI__Joinable__prospect_both_50_30_ec_ev,196,6,0.0,0.0,0.0,53
syn_topological,3,TPC-DI__View-Unionable__prospect_both_0_1_ac5_av,132,1,0.0,0.0,0.0,53
syn_topological,3,ChEMBL__Unionable__assays_horizontal_50_ac3_ev,529,23,1.0,0.2608695652173913,0.41379310344827586,53
syn_topological,3,OpenData__Semantically-Joinable__miller2_both_50_70_ac3_av,1849,35,1.0,0.05714285714285714,0.10810810810810811,53
syn_topological,4,ChEMBL__Joinable__assays_both_50_1_ac2_ev,144,1,0.0,0.0,0.0,53
syn_topological,4,ChEMBL__Unionable__assays_horizontal_50_ac5_ev,529,23,1.0,0.43478260869565216,0.6060606060606061,53
syn_topological,4,TPC-DI__View-Unionable__prospect_both_0_30_ac2_av,196,6,1.0,0.16666666666666666,0.2857142857142857,53
syn_topological,4,ChEMBL__Joinable__assays_both_50_1_ac3_ev,144,1,0.0,0.0,0.0,53
syn_topological,4,OpenData__Semantically-Joinable__miller2_vertical_1_ac1_av,676,1,1.0,1.0,1.0,53
syn_topological,4,ChEMBL__View-Unionable__assays_both_0_1_ac1_ev,144,1,0.0,0.0,0.0,53
syn_topological,4,TPC-DI__View-Unionable__prospect_both_0_30_ac4_av,196,6,1.0,0.3333333333333333,0.5,53
syn_topological,4,ChEMBL__View-Unionable__assays_both_0_1_ac2_av,144,1,0.0,0.0,0.0,53
syn_topological,4,OpenData__Semantically-Joinable__miller2_vertical_1_ac4_av,676,1,0.0,0.0,0.0,53
syn_topological,4,TPC-DI__Joinable__prospect_both_50_70_ec_ev,342,15,1.0,0.2,0.3333333333333333,53
syn_topological,4,ChEMBL__Joinable__assays_both_50_30_ac3_ev,210,6,1.0,0.3333333333333333,0.5,53
syn_topological,4,OpenData__Semantically-Joinable__miller2_vertical_1_ec_av,676,1,0.0,0.0,0.0,53
syn_topological,4,TPC-DI__View-Unionable__prospect_both_0_30_ac5_ev,196,6,1.0,0.5,0.6666666666666666,53
syn_topological,4,TPC-DI__Joinable__prospect_vertical_1_ac3_ev,132,1,1.0,1.0,1.0,53
syn_topological,4,TPC-DI__View-Unionable__prospect_both_0_30_ec_av,196,6,1.0,0.16666666666666666,0.2857142857142857,53
syn_topological,4,TPC-DI__Joinable__prospect_vertical_1_ac5_ev,132,1,1.0,1.0,1.0,53
syn_topological,4,TPC-DI__View-Unionable__prospect_both_0_50_ac1_av,272,11,1.0,0.2727272727272727,0.42857142857142855,53
syn_topological,4,ChEMBL__Joinable__assays_both_50_50_ac1_ev,289,11,1.0,0.2727272727272727,0.42857142857142855,53
syn_topological,4,TPC-DI__Joinable__prospect_vertical_1_ec_ev,132,1,1.0,1.0,1.0,53
syn_topological,4,ChEMBL__View-Unionable__assays_both_0_1_ec_av,144,1,0.0,0.0,0.0,53
syn_topological,4,TPC-DI__Joinable__prospect_vertical_30_ac2_ev,196,6,1.0,1.0,1.0,53
syn_topological,4,TPC-DI__View-Unionable__prospect_both_0_50_ac2_ev,272,11,1.0,0.5454545454545454,0.7058823529411765,53
syn_topological,4,ChEMBL__Joinable__assays_both_50_50_ac4_ev,289,11,1.0,0.5454545454545454,0.7058823529411765,53
syn_topological,4,OpenData__Semantically-Joinable__miller2_vertical_50_ac2_av,1444,25,0.9375,0.6,0.7317073170731707,53
syn_topological,4,TPC-DI__View-Unionable__prospect_both_0_50_ac3_ev,272,11,1.0,0.5454545454545454,0.7058823529411765,53
syn_topological,4,ChEMBL__View-Unionable__assays_both_0_30_ac1_ev,210,6,1.0,0.5,0.6666666666666666,53
syn_topological,4,ChEMBL__View-Unionable__assays_both_0_30_ac2_av,210,6,1.0,0.16666666666666666,0.2857142857142857,53
syn_topological,4,OpenData__Semantically-Joinable__miller2_vertical_50_ac4_av,1444,25,0.9230769230769231,0.48,0.631578947368421,53
syn_topological,4,ChEMBL__View-Unionable__assays_both_0_30_ac2_ev,210,6,1.0,0.3333333333333333,0.5,53
syn_topological,4,OpenData__Semantically-Joinable__miller2_vertical_70_ac1_av,1849,35,1.0,0.4857142857142857,0.6538461538461539,53
syn_topological,4,ChEMBL__Joinable__assays_both_50_70_ac5_ev,380,16,1.0,0.375,0.5454545454545454,53
syn_topological,4,OpenData__Semantically-Joinable__miller2_vertical_70_ac2_av,1849,35,1.0,0.4857142857142857,0.6538461538461539,53
syn_topological,4,ChEMBL__Joinable__assays_both_50_70_ec_ev,380,16,1.0,0.375,0.5454545454545454,53
syn_topological,4,TPC-DI__View-Unionable__prospect_both_0_70_ac1_av,342,15,1.0,0.4,0.5714285714285714,53
syn_topological,4,ChEMBL__View-Unionable__assays_both_0_30_ac5_ev,210,6,1.0,0.3333333333333333,0.5,53
syn_topological,4,TPC-DI__View-Unionable__prospect_both_0_70_ac2_av,342,15,1.0,0.26666666666666666,0.42105263157894735,53
syn_topological,4,TPC-DI__Joinable__prospect_vertical_70_ac2_ev,342,15,1.0,0.9333333333333333,0.9655172413793104,53
syn_topological,4,ChEMBL__View-Unionable__assays_both_0_30_ec_ev,210,6,1.0,0.5,0.6666666666666666,53
syn_topological,4,OpenData__Unionable__miller2_horizontal_0_ac1_av,2601,51,1.0,0.6470588235294118,0.7857142857142857,53
syn_topological,4,TPC-DI__View-Unionable__prospect_both_0_70_ac3_av,342,15,1.0,0.3333333333333333,0.5,53
syn_topological,4,TPC-DI__View-Unionable__prospect_both_0_70_ac4_av,342,15,0.5,0.06666666666666667,0.11764705882352941,53
syn_topological,4,ChEMBL__Joinable__assays_vertical_30_ac1_ev,210,6,1.0,0.8333333333333334,0.9090909090909091,53
syn_topological,4,TPC-DI__Joinable__prospect_vertical_70_ec_ev,342,15,1.0,0.6,0.75,53
syn_topological,4,TPC-DI__View-Unionable__prospect_both_0_70_ac4_ev,342,15,1.0,0.4666666666666667,0.6363636363636364,53
syn_topological,4,ChEMBL__Joinable__assays_vertical_30_ac2_ev,210,6,1.0,0.8333333333333334,0.9090909090909091,53
syn_topological,4,ChEMBL__View-Unionable__assays_both_0_50_ac2_ev,289,11,1.0,0.5454545454545454,0.7058823529411765,53
syn_topological,4,ChEMBL__Joinable__assays_vertical_30_ac3_ev,210,6,1.0,1.0,1.0,53
syn_topological,4,TPC-DI__Semantically-Joinable__prospect_both_50_1_ac3_av,132,1,0.0,0.0,0.0,53
syn_topological,4,ChEMBL__Joinable__assays_vertical_30_ac5_ev,210,6,1.0,0.6666666666666666,0.8,53
syn_topological,4,OpenData__Unionable__miller2_horizontal_0_ac5_ev,2601,51,1.0,0.5098039215686274,0.6753246753246753,53
syn_topological,4,TPC-DI__Semantically-Joinable__prospect_both_50_1_ec_av,132,1,0.0,0.0,0.0,53
syn_topological,4,ChEMBL__Joinable__assays_vertical_50_ac2_ev,289,11,1.0,0.8181818181818182,0.9,53
syn_topological,4,ChEMBL__View-Unionable__assays_both_0_50_ac5_ev,289,11,1.0,0.36363636363636365,0.5333333333333333,53
syn_topological,4,Wikidata__Musicians__Musicians_unionable,400,19,0.8421052631578947,0.8421052631578947,0.8421052631578947,53
syn_topological,4,ChEMBL__Joinable__assays_vertical_50_ac5_ev,289,11,1.0,0.5454545454545454,0.7058823529411765,53
syn_topological,4,TPC-DI__Semantically-Joinable__prospect_both_50_30_ac4_av,196,6,1.0,0.3333333333333333,0.5,53
syn_topological,4,OpenData__Unionable__miller2_horizontal_100_ac2_av,2601,51,1.0,0.8627450980392157,0.9263157894736842,53
syn_topological,4,TPC-DI__Semantically-Joinable__prospect_both_50_30_ac5_av,196,6,0.0,0.0,0.0,53
syn_topological,4,ChEMBL__View-Unionable__assays_both_0_70_ac2_ev,380,16,1.0,0.5,0.6666666666666666,53
syn_topological,4,TPC-DI__Semantically-Joinable__prospect_both_50_50_ac1_av,272,11,1.0,0.2727272727272727,0.42857142857142855,53
syn_topological,4,ChEMBL__Joinable__assays_vertical_70_ac3_ev,380,16,1.0,0.8125,0.896551724137931,53
syn_topological,4,ChEMBL__View-Unionable__assays_both_0_70_ac3_av,380,16,1.0,0.1875,0.3157894736842105,53
syn_topological,4,TPC-DI__Semantically-Joinable__prospect_both_50_50_ac2_av,272,11,1.0,0.18181818181818182,0.3076923076923077,53
syn_topological,4,ChEMBL__Joinable__assays_vertical_70_ac4_ev,380,16,1.0,0.8125,0.896551724137931,53
syn_topological,4,ChEMBL__View-Unionable__assays_both_0_70_ac3_ev,380,16,1.0,0.5,0.6666666666666666,53
syn_topological,4,ChEMBL__View-Unionable__assays_both_0_70_ac4_ev,380,16,1.0,0.4375,0.6086956521739131,53
syn_topological,4,OpenData__Unionable__miller2_horizontal_100_ac5_av,2601,51,1.0,0.5098039215686274,0.6753246753246753,53
syn_topological,4,TPC-DI__Semantically-Joinable__prospect_both_50_50_ac5_av,272,11,0.0,0.0,0.0,53
syn_topological,4,ChEMBL__Semantically-Joinable__assays_both_50_1_ac1_av,144,1,0.0,0.0,0.0,53
syn_topological,4,OpenData__Unionable__miller2_horizontal_100_ac5_ev,2601,51,1.0,0.5098039215686274,0.6753246753246753,53
syn_topological,4,ChEMBL__Semantically-Joinable__assays_both_50_1_ac3_av,144,1,0.0,0.0,0.0,53
syn_topological,4,ChEMBL__View-Unionable__assays_both_0_70_ec_av,380,16,0.0,0.0,0.0,53
syn_topological,4,OpenData__Unionable__miller2_horizontal_100_ec_ev,2601,51,1.0,0.4117647058823529,0.5833333333333334,53
syn_topological,4,ChEMBL__Semantically-Joinable__assays_both_50_1_ac4_av,144,1,0.0,0.0,0.0,53
syn_topological,4,OpenData__Unionable__miller2_horizontal_50_ac1_av,2601,51,1.0,0.7647058823529411,0.8666666666666667,53
syn_topological,4,ChEMBL__Semantically-Joinable__assays_both_50_1_ac5_av,144,1,0.0,0.0,0.0,53
syn_topological,4,TPC-DI__Semantically-Joinable__prospect_both_50_70_ac4_av,342,15,0.5,0.06666666666666667,0.11764705882352941,53
syn_topological,4,ChEMBL__Semantically-Joinable__assays_both_50_1_ec_av,144,1,0.0,0.0,0.0,53
syn_topological,4,OpenData__Unionable__miller2_horizontal_50_ac2_av,2601,51,0.9772727272727273,0.8431372549019608,0.9052631578947369,53
syn_topological,4,TPC-DI__Semantically-Joinable__prospect_both_50_70_ac5_av,342,15,1.0,0.06666666666666667,0.125,53
syn_topological,4,OpenData__Unionable__miller2_horizontal_50_ac2_ev,2601,51,1.0,0.8823529411764706,0.9375,53
syn_topological,4,TPC-DI__Semantically-Joinable__prospect_both_50_70_ec_av,342,15,1.0,0.06666666666666667,0.125,53
syn_topological,4,TPC-DI__Semantically-Joinable__prospect_vertical_1_ac1_av,132,1,1.0,1.0,1.0,53
syn_topological,4,ChEMBL__Semantically-Joinable__assays_both_50_30_ac3_av,210,6,1.0,0.16666666666666666,0.2857142857142857,53
syn_topological,4,Magellan__itunes_amazon,81,9,1.0,0.5555555555555556,0.7142857142857143,53
syn_topological,4,Magellan__walmart_amazon,36,6,1.0,0.3333333333333333,0.5,53
syn_topological,4,OpenData__Unionable__miller2_horizontal_50_ac4_ev,2601,51,0.9767441860465116,0.8235294117647058,0.8936170212765957,53
syn_topological,4,OpenData__Joinable__miller2_both_50_1_ac2_ev,676,1,1.0,1.0,1.0,53
syn_topological,4,OpenData__Unionable__miller2_horizontal_50_ac5_ev,2601,51,1.0,0.5098039215686274,0.6753246753246753,53
syn_topological,4,TPC-DI__Semantically-Joinable__prospect_vertical_1_ec_av,132,1,1.0,1.0,1.0,53
syn_topological,4,OpenData__Joinable__miller2_both_50_1_ac4_ev,676,1,0.0,0.0,0.0,53
syn_topological,4,TPC-DI__Semantically-Joinable__prospect_vertical_30_ac2_av,196,6,0.8,0.6666666666666666,0.7272727272727273,53
syn_topological,4,OpenData__View -Unionable__miller2_both_0_1_ac1_av,676,1,1.0,1.0,1.0,53
syn_topological,4,ChEMBL__Semantically-Joinable__assays_both_50_50_ac5_av,289,11,1.0,0.18181818181818182,0.3076923076923077,53
syn_topological,4,OpenData__View -Unionable__miller2_both_0_1_ac1_ev,676,1,0.0,0.0,0.0,53
syn_topological,4,ChEMBL__Semantically-Joinable__assays_both_50_50_ec_av,289,11,1.0,0.09090909090909091,0.16666666666666666,53
syn_topological,4,ChEMBL__Semantically-Joinable__assays_both_50_70_ac1_av,380,16,1.0,0.25,0.4,53
syn_topological,4,TPC-DI__Semantically-Joinable__prospect_vertical_30_ec_av,196,6,0.8,0.6666666666666666,0.7272727272727273,53
syn_topological,4,OpenData__Joinable__miller2_both_50_30_ac3_ev,1089,15,1.0,0.6,0.75,53
syn_topological,4,OpenData__Joinable__miller2_both_50_30_ac5_ev,1089,15,1.0,0.5333333333333333,0.6956521739130435,53
syn_topological,4,OpenData__View -Unionable__miller2_both_0_1_ac4_ev,676,1,0.0,0.0,0.0,53
syn_topological,4,OpenData__View -Unionable__miller2_both_0_1_ac5_av,676,1,0.0,0.0,0.0,53
syn_topological,4,ChEMBL__Semantically-Joinable__assays_vertical_1_ac2_av,144,1,1.0,1.0,1.0,53
syn_topological,4,OpenData__View -Unionable__miller2_both_0_30_ac1_av,1089,15,1.0,0.26666666666666666,0.42105263157894735,53
syn_topological,4,ChEMBL__Semantically-Joinable__assays_vertical_1_ac5_av,144,1,1.0,1.0,1.0,53
syn_topological,4,OpenData__View -Unionable__miller2_both_0_30_ac2_av,1089,15,1.0,0.4,0.5714285714285714,53
syn_topological,4,OpenData__Joinable__miller2_both_50_70_ac3_ev,1849,35,1.0,0.7142857142857143,0.8333333333333334,53
syn_topological,4,TPC-DI__Unionable__prospect_horizontal_0_ac1_av,484,22,1.0,0.5909090909090909,0.7428571428571429,53
syn_topological,4,TPC-DI__Unionable__prospect_horizontal_0_ac1_ev,484,22,1.0,0.5909090909090909,0.7428571428571429,53
syn_topological,4,OpenData__Joinable__miller2_both_50_70_ac5_ev,1849,35,1.0,0.5714285714285714,0.7272727272727273,53
syn_topological,4,OpenData__Joinable__miller2_vertical_1_ac1_ev,676,1,0.0,0.0,0.0,53
syn_topological,4,ChEMBL__Semantically-Joinable__assays_vertical_50_ac1_av,289,11,1.0,0.45454545454545453,0.625,53
syn_topological,4,ChEMBL__Semantically-Joinable__assays_vertical_50_ac2_av,289,11,1.0,0.5454545454545454,0.7058823529411765,53
syn_topological,4,TPC-DI__Unionable__prospect_horizontal_0_ac4_av,484,22,1.0,0.5454545454545454,0.7058823529411765,53
syn_topological,4,TPC-DI__Unionable__prospect_horizontal_0_ac4_ev,484,22,1.0,0.5,0.6666666666666666,53
syn_topological,4,OpenData__View -Unionable__miller2_both_0_50_ac1_av,1444,25,1.0,0.44,0.6111111111111112,53
syn_topological,4,TPC-DI__Unionable__prospect_horizontal_0_ac5_ev,484,22,1.0,0.5,0.6666666666666666,53
syn_topological,4,OpenData__Joinable__miller2_vertical_30_ac1_ev,1089,15,1.0,0.8666666666666667,0.9285714285714286,53
syn_topological,4,OpenData__View -Unionable__miller2_both_0_50_ac2_av,1444,25,1.0,0.6,0.75,53
syn_topological,4,OpenData__Joinable__miller2_vertical_30_ac2_ev,1089,15,0.9333333333333333,0.9333333333333333,0.9333333333333333,53
syn_topological,4,TPC-DI__Unionable__prospect_horizontal_100_ac1_ev,484,22,1.0,0.5909090909090909,0.7428571428571429,53
syn_topological,4,ChEMBL__Semantically-Joinable__assays_vertical_70_ac4_av,380,16,1.0,0.5625,0.72,53
syn_topological,4,OpenData__Joinable__miller2_vertical_30_ac5_ev,1089,15,1.0,0.4666666666666667,0.6363636363636364,53
syn_topological,4,OpenData__Joinable__miller2_vertical_30_ec_ev,1089,15,1.0,0.26666666666666666,0.42105263157894735,53
syn_topological,4,OpenData__View -Unionable__miller2_both_0_50_ac4_ev,1444,25,0.9545454545454546,0.84,0.8936170212765957,53
syn_topological,4,TPC-DI__Unionable__prospect_horizontal_100_ac2_ev,484,22,1.0,0.5909090909090909,0.7428571428571429,53
syn_topological,4,OpenData__Joinable__miller2_vertical_50_ac1_ev,1444,25,1.0,0.96,0.9795918367346939,53
syn_topological,4,OpenData__View -Unionable__miller2_both_0_50_ac5_av,1444,25,1.0,0.16,0.27586206896551724,53
syn_topological,4,OpenData__View -Unionable__miller2_both_0_50_ac5_ev,1444,25,1.0,0.4,0.5714285714285714,53
syn_topological,4,ChEMBL__Unionable__assays_horizontal_0_ac1_ev,529,23,1.0,0.4782608695652174,0.6470588235294118,53
syn_topological,4,ChEMBL__Unionable__assays_horizontal_0_ac2_ev,529,23,1.0,0.6086956521739131,0.7567567567567568,53
syn_topological,4,OpenData__Joinable__miller2_vertical_50_ec_ev,1444,25,1.0,0.28,0.4375,53
syn_topological,4,OpenData__View -Unionable__miller2_both_0_70_ac1_ev,1849,35,1.0,0.8571428571428571,0.9230769230769231,53
syn_topological,4,OpenData__View -Unionable__miller2_both_0_70_ac2_ev,1849,35,1.0,0.8571428571428571,0.9230769230769231,53
syn_topological,4,OpenData__Joinable__miller2_vertical_70_ac4_ev,1849,35,0.9117647058823529,0.8857142857142857,0.8985507246376812,53
syn_topological,4,TPC-DI__Unionable__prospect_horizontal_50_ac1_ev,484,22,1.0,0.5909090909090909,0.7428571428571429,53
syn_topological,4,ChEMBL__Unionable__assays_horizontal_0_ac5_ev,529,23,1.0,0.43478260869565216,0.6060606060606061,53
syn_topological,4,OpenData__View -Unionable__miller2_both_0_70_ac5_av,1849,35,1.0,0.22857142857142856,0.37209302325581395,53
syn_topological,4,TPC-DI__Unionable__prospect_horizontal_50_ac3_ev,484,22,1.0,0.5,0.6666666666666666,53
syn_topological,4,ChEMBL__Unionable__assays_horizontal_100_ac1_ev,529,23,1.0,0.4782608695652174,0.6470588235294118,53
syn_topological,4,OpenData__Semantically-Joinable__miller2_both_50_1_ac3_av,676,1,0.0,0.0,0.0,53
syn_topological,4,OpenData__View -Unionable__miller2_both_0_70_ec_av,1849,35,1.0,0.05714285714285714,0.10810810810810811,53
syn_topological,4,OpenData__Semantically-Joinable__miller2_both_50_1_ac4_av,676,1,0.0,0.0,0.0,53
syn_topological,4,ChEMBL__Unionable__assays_horizontal_100_ac2_ev,529,23,1.0,0.5652173913043478,0.7222222222222222,53
syn_topological,4,TPC-DI__Joinable__prospect_both_50_1_ac1_ev,132,1,0.0,0.0,0.0,53
syn_topological,4,TPC-DI__Joinable__prospect_both_50_1_ac2_ev,132,1,0.0,0.0,0.0,53
syn_topological,4,OpenData__Semantically-Joinable__miller2_both_50_30_ac1_av,1089,15,1.0,0.4666666666666667,0.6363636363636364,53
syn_topological,4,TPC-DI__Unionable__prospect_horizontal_50_ec_av,484,22,1.0,0.22727272727272727,0.37037037037037035,53
syn_topological,4,OpenData__Semantically-Joinable__miller2_both_50_30_ac2_av,1089,15,1.0,0.5333333333333333,0.6956521739130435,53
syn_topological,4,TPC-DI__Joinable__prospect_both_50_1_ac4_ev,132,1,0.0,0.0,0.0,53
syn_topological,4,TPC-DI__Unionable__prospect_horizontal_50_ec_ev,484,22,1.0,0.22727272727272727,0.37037037037037035,53
syn_topological,4,TPC-DI__Joinable__prospect_both_50_1_ec_ev,132,1,0.0,0.0,0.0,53
syn_topological,4,OpenData__Semantically-Joinable__miller2_both_50_30_ac5_av,1089,15,1.0,0.2,0.3333333333333333,53
syn_topological,4,TPC-DI__Joinable__prospect_both_50_30_ac2_ev,196,6,1.0,0.3333333333333333,0.5,53
syn_topological,4,TPC-DI__View-Unionable__prospect_both_0_1_ac2_ev,132,1,0.0,0.0,0.0,53
syn_topological,4,ChEMBL__Unionable__assays_horizontal_100_ec_ev,529,23,1.0,0.34782608695652173,0.5161290322580645,53
syn_topological,4,OpenData__Semantically-Joinable__miller2_both_50_50_ac1_av,1444,25,1.0,0.44,0.6111111111111112,53
syn_topological,4,ChEMBL__Unionable__assays_horizontal_50_ac1_av,529,23,1.0,0.4782608695652174,0.6470588235294118,53
syn_topological,4,TPC-DI__Joinable__prospect_both_50_30_ac4_ev,196,6,1.0,0.5,0.6666666666666666,53
syn_topological,4,ChEMBL__Unionable__assays_horizontal_50_ac1_ev,529,23,1.0,0.4782608695652174,0.6470588235294118,53
syn_topological,4,OpenData__Semantically-Joinable__miller2_both_50_50_ac3_av,1444,25,1.0,0.28,0.4375,53
syn_topological,4,TPC-DI__Joinable__prospect_both_50_30_ec_ev,196,6,0.0,0.0,0.0,53
syn_topological,4,OpenData__Semantically-Joinable__miller2_both_50_50_ac5_av,1444,25,1.0,0.2,0.3333333333333333,53
syn_topological,4,ChEMBL__Unionable__assays_horizontal_50_ac3_av,529,23,1.0,0.391304347826087,0.5625,53
syn_topological,4,ChEMBL__Unionable__assays_horizontal_50_ac3_ev,529,23,1.0,0.391304347826087,0.5625,53
syn_topological,4,TPC-DI__View-Unionable__prospect_both_0_30_ac1_av,196,6,0.0,0.0,0.0,53
syn_topological,5,ChEMBL__Unionable__assays_horizontal_50_ec_av,529,23,1.0,0.391304347826087,0.5625,53
syn_topological,5,TPC-DI__Joinable__prospect_both_50_70_ac2_ev,342,15,1.0,0.8,0.8888888888888888,53
syn_topological,5,ChEMBL__Unionable__assays_horizontal_50_ec_ev,529,23,1.0,0.391304347826087,0.5625,53
syn_topological,5,TPC-DI__Joinable__prospect_both_50_70_ac3_ev,342,15,1.0,0.5333333333333333,0.6956521739130435,53
syn_topological,5,TPC-DI__Joinable__prospect_both_50_70_ac4_ev,342,15,1.0,0.6666666666666666,0.8,53
syn_topological,5,ChEMBL__Joinable__assays_both_50_1_ec_ev,144,1,0.0,0.0,0.0,53
syn_topological,5,ChEMBL__Joinable__assays_both_50_30_ac1_ev,210,6,1.0,0.5,0.6666666666666666,53
syn_topological,5,OpenData__Semantically-Joinable__miller2_vertical_1_ac5_av,676,1,1.0,1.0,1.0,53
syn_topological,5,TPC-DI__View-Unionable__prospect_both_0_30_ac5_av,196,6,1.0,0.16666666666666666,0.2857142857142857,53
syn_topological,5,ChEMBL__Joinable__assays_both_50_30_ac4_ev,210,6,1.0,0.6666666666666666,0.8,53
syn_topological,5,ChEMBL__View-Unionable__assays_both_0_1_ac3_ev,144,1,0.0,0.0,0.0,53
syn_topological,5,ChEMBL__Joinable__assays_both_50_30_ac5_ev,210,6,1.0,0.3333333333333333,0.5,53
syn_topological,5,ChEMBL__View-Unionable__assays_both_0_1_ac5_av,144,1,0.0,0.0,0.0,53
syn_topological,5,ChEMBL__Joinable__assays_both_50_50_ac2_ev,289,11,1.0,0.6363636363636364,0.7777777777777778,53
syn_topological,5,TPC-DI__Joinable__prospect_vertical_30_ac1_ev,196,6,1.0,1.0,1.0,53
syn_topological,5,OpenData__Semantically-Joinable__miller2_vertical_30_ec_av,1089,15,1.0,0.4666666666666667,0.6363636363636364,53
syn_topological,5,ChEMBL__View-Unionable__assays_both_0_1_ec_ev,144,1,0.0,0.0,0.0,53
syn_topological,5,TPC-DI__View-Unionable__prospect_both_0_50_ac3_av,272,11,1.0,0.5454545454545454,0.7058823529411765,53
syn_topological,5,ChEMBL__Joinable__assays_both_50_50_ac5_ev,289,11,1.0,0.45454545454545453,0.625,53
syn_topological,5,TPC-DI__Joinable__prospect_vertical_30_ac5_ev,196,6,1.0,0.8333333333333334,0.9090909090909091,53
syn_topological,5,TPC-DI__View-Unionable__prospect_both_0_50_ac4_av,272,11,1.0,0.36363636363636365,0.5333333333333333,53
syn_topological,5,ChEMBL__Joinable__assays_both_50_70_ac1_ev,380,16,1.0,0.375,0.5454545454545454,53
syn_topological,5,TPC-DI__View-Unionable__prospect_both_0_50_ac4_ev,272,11,1.0,0.7272727272727273,0.8421052631578947,53
syn_topological,5,ChEMBL__Joinable__assays_both_50_70_ac2_ev,380,16,1.0,0.5625,0.72,53
syn_topological,5,TPC-DI__View-Unionable__prospect_both_0_50_ac5_av,272,11,1.0,0.2727272727272727,0.42857142857142855,53
syn_topological,5,ChEMBL__View-Unionable__assays_both_0_30_ac3_av,210,6,0.0,0.0,0.0,53
syn_topological,5,OpenData__Semantically-Joinable__miller2_vertical_50_ec_av,1444,25,1.0,0.36,0.5294117647058824,53
syn_topological,5,TPC-DI__Joinable__prospect_vertical_50_ac2_ev,272,11,1.0,1.0,1.0,53
syn_topological,5,TPC-DI__View-Unionable__prospect_both_0_50_ac5_ev,272,11,1.0,0.5454545454545454,0.7058823529411765,53
syn_topological,5,TPC-DI__Joinable__prospect_vertical_50_ac3_ev,272,11,1.0,0.9090909090909091,0.9523809523809523,53
syn_topological,5,ChEMBL__View-Unionable__assays_both_0_30_ac4_av,210,6,0.0,0.0,0.0,53
syn_topological,5,OpenData__Semantically-Joinable__miller2_vertical_70_ac3_av,1849,35,1.0,0.3142857142857143,0.4782608695652174,53
syn_topological,5,ChEMBL__View-Unionable__assays_both_0_30_ac5_av,210,6,1.0,0.16666666666666666,0.2857142857142857,53
syn_topological,5,TPC-DI__View-Unionable__prospect_both_0_70_ac1_ev,342,15,1.0,0.4,0.5714285714285714,53
syn_topological,5,ChEMBL__Joinable__assays_vertical_1_ac3_ev,144,1,1.0,1.0,1.0,53
syn_topological,5,ChEMBL__Joinable__assays_vertical_1_ac4_ev,144,1,1.0,1.0,1.0,53
syn_topological,5,TPC-DI__Joinable__prospect_vertical_70_ac3_ev,342,15,1.0,1.0,1.0,53
syn_topological,5,ChEMBL__Joinable__assays_vertical_1_ac5_ev,144,1,1.0,1.0,1.0,53
syn_topological,5,OpenData__Unionable__miller2_horizontal_0_ac3_av,2601,51,1.0,0.5882352941176471,0.7407407407407407,53
syn_topological,5,TPC-DI__Semantically-Joinable__prospect_both_50_1_ac1_av,132,1,0.0,0.0,0.0,53
syn_topological,5,OpenData__Unionable__miller2_horizontal_0_ac3_ev,2601,51,1.0,0.5882352941176471,0.7407407407407407,53
syn_topological,5,ChEMBL__Joinable__assays_vertical_30_ac4_ev,210,6,1.0,1.0,1.0,53
syn_topological,5,TPC-DI__Semantically-Joinable__prospect_both_50_1_ac4_av,132,1,0.0,0.0,0.0,53
syn_topological,5,TPC-DI__View-Unionable__prospect_both_0_70_ec_ev,342,15,1.0,0.26666666666666666,0.42105263157894735,53
syn_topological,5,TPC-DI__Semantically-Joinable__prospect_both_50_1_ac5_av,132,1,0.0,0.0,0.0,53
syn_topological,5,Wikidata__Musicians__Musicians_joinable,169,6,1.0,0.8333333333333334,0.9090909090909091,53
syn_topological,5,ChEMBL__View-Unionable__assays_both_0_50_ac5_av,289,11,1.0,0.09090909090909091,0.16666666666666666,53
syn_topological,5,TPC-DI__Semantically-Joinable__prospect_both_50_30_ac1_av,196,6,1.0,0.16666666666666666,0.2857142857142857,53
syn_topological,5,OpenData__Unionable__miller2_horizontal_100_ac1_av,2601,51,1.0,0.7254901960784313,0.8409090909090909,53
syn_topological,5,ChEMBL__Joinable__assays_vertical_70_ac1_ev,380,16,1.0,0.8125,0.896551724137931,53
syn_topological,5,ChEMBL__Joinable__assays_vertical_70_ac2_ev,380,16,1.0,0.9375,0.967741935483871,53
syn_topological,5,TPC-DI__Semantically-Joinable__prospect_both_50_50_ac3_av,272,11,1.0,0.36363636363636365,0.5333333333333333,53
syn_topological,5,ChEMBL__Joinable__assays_vertical_70_ac5_ev,380,16,1.0,0.6875,0.8148148148148148,53
syn_topological,5,ChEMBL__View-Unionable__assays_both_0_70_ac4_av,380,16,1.0,0.5,0.6666666666666666,53
syn_topological,5,OpenData__Unionable__miller2_horizontal_100_ec_av,2601,51,1.0,0.5686274509803921,0.725,53
syn_topological,5,ChEMBL__View-Unionable__assays_both_0_70_ec_ev,380,16,1.0,0.5,0.6666666666666666,53
syn_topological,5,OpenData__Unionable__miller2_horizontal_50_ac1_ev,2601,51,1.0,0.7254901960784313,0.8409090909090909,53
syn_topological,5,Magellan__beeradvo_ratebeer,25,5,1.0,0.6,0.75,53
syn_topological,5,OpenData__Unionable__miller2_horizontal_50_ac3_ev,2601,51,1.0,0.5882352941176471,0.7407407407407407,53
syn_topological,5,ChEMBL__Semantically-Joinable__assays_both_50_30_ac4_av,210,6,1.0,0.6666666666666666,0.8,53
syn_topological,5,ChEMBL__Semantically-Joinable__assays_both_50_30_ec_av,210,6,0.0,0.0,0.0,53
syn_topological,5,TPC-DI__Semantically-Joinable__prospect_vertical_1_ac5_av,132,1,0.0,0.0,0.0,53
syn_topological,5,ChEMBL__Semantically-Joinable__assays_both_50_50_ac1_av,289,11,1.0,0.09090909090909091,0.16666666666666666,53
syn_topological,5,TPC-DI__Semantically-Joinable__prospect_vertical_30_ac1_av,196,6,1.0,0.5,0.6666666666666666,53
syn_topological,5,OpenData__Joinable__miller2_both_50_1_ac5_ev,676,1,1.0,1.0,1.0,53
syn_topological,5,TPC-DI__Semantically-Joinable__prospect_vertical_30_ac3_av,196,6,1.0,0.6666666666666666,0.8,53
syn_topological,5,OpenData__Joinable__miller2_both_50_30_ac2_ev,1089,15,1.0,1.0,1.0,53
syn_topological,5,OpenData__Joinable__miller2_both_50_30_ac4_ev,1089,15,1.0,0.8,0.8888888888888888,53
syn_topological,5,ChEMBL__Semantically-Joinable__assays_both_50_70_ac5_av,380,16,1.0,0.3125,0.47619047619047616,53
syn_topological,5,OpenData__Joinable__miller2_both_50_50_ac1_ev,1444,25,1.0,0.68,0.8095238095238095,53
syn_topological,5,OpenData__View -Unionable__miller2_both_0_1_ec_av,676,1,0.0,0.0,0.0,53
syn_topological,5,ChEMBL__Semantically-Joinable__assays_vertical_1_ac3_av,144,1,1.0,1.0,1.0,53
syn_topological,5,OpenData__View -Unionable__miller2_both_0_1_ec_ev,676,1,0.0,0.0,0.0,53
syn_topological,5,OpenData__Joinable__miller2_both_50_50_ec_ev,1444,25,1.0,0.64,0.7804878048780488,53
syn_topological,5,TPC-DI__Semantically-Joinable__prospect_vertical_70_ac5_av,342,15,1.0,0.4,0.5714285714285714,53
syn_topological,5,ChEMBL__Semantically-Joinable__assays_vertical_30_ac1_av,210,6,1.0,0.6666666666666666,0.8,53
syn_topological,5,ChEMBL__Semantically-Joinable__assays_vertical_30_ac2_av,210,6,1.0,0.5,0.6666666666666666,53
syn_topological,5,OpenData__Joinable__miller2_both_50_70_ac4_ev,1849,35,1.0,0.8857142857142857,0.9393939393939394,53
syn_topological,5,OpenData__View -Unionable__miller2_both_0_30_ac3_ev,1089,15,1.0,0.7333333333333333,0.8461538461538461,53
syn_topological,5,ChEMBL__Semantically-Joinable__assays_vertical_30_ac4_av,210,6,1.0,0.5,0.6666666666666666,53
syn_topological,5,OpenData__View -Unionable__miller2_both_0_30_ac4_ev,1089,15,1.0,0.9333333333333333,0.9655172413793104,53
syn_topological,5,OpenData__View -Unionable__miller2_both_0_30_ac5_ev,1089,15,1.0,0.4666666666666667,0.6363636363636364,53
syn_topological,5,ChEMBL__Semantically-Joinable__assays_vertical_70_ec_av,380,16,1.0,0.1875,0.3157894736842105,53
syn_topological,5,TPC-DI__Unionable__prospect_horizontal_100_ac3_av,484,22,1.0,0.5454545454545454,0.7058823529411765,53
syn_topological,5,TPC-DI__Unionable__prospect_horizontal_100_ac3_ev,484,22,1.0,0.5454545454545454,0.7058823529411765,53
syn_topological,5,OpenData__Joinable__miller2_vertical_50_ac4_ev,1444,25,0.9583333333333334,0.92,0.9387755102040817,53
syn_topological,5,OpenData__View -Unionable__miller2_both_0_70_ac2_av,1849,35,1.0,0.6,0.75,53
syn_topological,5,ChEMBL__Unionable__assays_horizontal_0_ac4_av,529,23,1.0,0.4782608695652174,0.6470588235294118,53
syn_topological,5,TPC-DI__Unionable__prospect_horizontal_100_ec_ev,484,22,1.0,0.4090909090909091,0.5806451612903226,53
syn_topological,5,OpenData__Joinable__miller2_vertical_70_ac3_ev,1849,35,1.0,0.6857142857142857,0.8135593220338984,53
syn_topological,5,OpenData__Joinable__miller2_vertical_70_ec_ev,1849,35,1.0,0.7714285714285715,0.8709677419354839,53
syn_topological,5,TPC-DI__Unionable__prospect_horizontal_50_ac3_av,484,22,1.0,0.5454545454545454,0.7058823529411765,53
syn_topological,5,OpenData__Semantically-Joinable__miller2_both_50_1_ac2_av,676,1,1.0,1.0,1.0,53
syn_topological,5,ChEMBL__Unionable__assays_horizontal_100_ac3_av,529,23,1.0,0.391304347826087,0.5625,53
syn_topological,5,TPC-DI__Joinable__prospect_both_50_1_ac5_ev,132,1,0.0,0.0,0.0,53
syn_topological,5,TPC-DI__View-Unionable__prospect_both_0_1_ac1_av,132,1,0.0,0.0,0.0,53
syn_topological,5,TPC-DI__View-Unionable__prospect_both_0_1_ac2_av,132,1,0.0,0.0,0.0,53
syn_topological,5,ChEMBL__Unionable__assays_horizontal_100_ec_av,529,23,1.0,0.391304347826087,0.5625,53
syn_topological,5,TPC-DI__View-Unionable__prospect_both_0_1_ac4_av,132,1,0.0,0.0,0.0,53
syn_topological,5,ChEMBL__Unionable__assays_horizontal_50_ac2_ev,529,23,1.0,0.782608695652174,0.8780487804878049,53
syn_topological,5,TPC-DI__View-Unionable__prospect_both_0_1_ec_av,132,1,0.0,0.0,0.0,53
syn_topological,5,ChEMBL__Unionable__assays_horizontal_50_ac4_av,529,23,1.0,0.6521739130434783,0.7894736842105263,53
syn_topological,5,OpenData__Semantically-Joinable__miller2_both_50_70_ac2_av,1849,35,1.0,0.5714285714285714,0.7272727272727273,53
syn_topological,5,TPC-DI__Joinable__prospect_both_50_50_ac5_ev,272,11,1.0,0.45454545454545453,0.625,53
distance_topological,0,ChEMBL__Unionable__assays_horizontal_50_ac5_av,529,23,1.0,0.34782608695652173,0.5161290322580645,38
distance_topological,0,OpenData__Semantically-Joinable__miller2_both_50_70_ac4_av,1849,35,1.0,0.14285714285714285,0.25,38
distance_topological,0,TPC-DI__Joinable__prospect_both_50_50_ec_ev,272,11,1.0,0.7272727272727273,0.8421052631578947,38
distance_topological,0,TPC-DI__View-Unionable__prospect_both_0_30_ac1_ev,196,6,1.0,0.5,0.6666666666666666,38
distance_topological,0,ChEMBL__Joinable__assays_both_50_1_ac2_ev,144,1,0.0,0.0,0.0,38
distance_topological,0,ChEMBL__Unionable__assays_horizontal_50_ac5_ev,529,23,1.0,0.34782608695652173,0.5161290322580645,38
distance_topological,0,ChEMBL__Joinable__assays_both_50_1_ac3_ev,144,1,0.0,0.0,0.0,38
distance_topological,0,TPC-DI__View-Unionable__prospect_both_0_30_ac2_ev,196,6,1.0,0.5,0.6666666666666666,38
distance_topological,0,OpenData__Semantically-Joinable__miller2_vertical_1_ac4_av,676,1,0.0,0.0,0.0,38
distance_topological,0,TPC-DI__Joinable__prospect_both_50_70_ec_ev,342,15,1.0,0.8,0.8888888888888888,38
distance_topological,0,ChEMBL__View-Unionable__assays_both_0_1_ac2_ev,144,1,0.0,0.0,0.0,38
distance_topological,0,TPC-DI__Joinable__prospect_vertical_1_ac2_ev,132,1,1.0,1.0,1.0,38
distance_topological,0,TPC-DI__View-Unionable__prospect_both_0_30_ec_av,196,6,1.0,0.6666666666666666,0.8,38
distance_topological,0,OpenData__Semantically-Joinable__miller2_vertical_30_ac2_av,1089,15,0.6666666666666666,0.13333333333333333,0.2222222222222222,38
distance_topological,0,ChEMBL__Joinable__assays_both_50_30_ec_ev,210,6,1.0,0.5,0.6666666666666666,38
distance_topological,0,TPC-DI__View-Unionable__prospect_both_0_50_ac1_av,272,11,1.0,0.36363636363636365,0.5333333333333333,38
distance_topological,0,TPC-DI__Joinable__prospect_vertical_1_ec_ev,132,1,1.0,1.0,1.0,38
distance_topological,0,TPC-DI__View-Unionable__prospect_both_0_50_ac1_ev,272,11,1.0,0.36363636363636365,0.5333333333333333,38
distance_topological,0,ChEMBL__View-Unionable__assays_both_0_30_ac1_av,210,6,0.0,0.0,0.0,38
distance_topological,0,OpenData__Semantically-Joinable__miller2_vertical_50_ac3_av,1444,25,1.0,0.08,0.14814814814814814,38
distance_topological,0,ChEMBL__View-Unionable__assays_both_0_30_ac2_av,210,6,1.0,0.3333333333333333,0.5,38
distance_topological,0,OpenData__Semantically-Joinable__miller2_vertical_50_ac4_av,1444,25,0.75,0.12,0.20689655172413793,38
distance_topological,0,OpenData__Semantically-Joinable__miller2_vertical_50_ac5_av,1444,25,0.0,0.0,0.0,38
distance_topological,0,TPC-DI__Joinable__prospect_vertical_50_ac1_ev,272,11,1.0,0.7272727272727273,0.8421052631578947,38
distance_topological,0,ChEMBL__Joinable__assays_both_50_70_ac3_ev,380,16,1.0,0.25,0.4,38
distance_topological,0,ChEMBL__Joinable__assays_both_50_70_ac4_ev,380,16,1.0,0.375,0.5454545454545454,38
distance_topological,0,OpenData__Semantically-Joinable__miller2_vertical_70_ac2_av,1849,35,0.7272727272727273,0.22857142857142856,0.34782608695652173,38
distance_topological,0,ChEMBL__Joinable__assays_both_50_70_ec_ev,380,16,1.0,0.625,0.7692307692307693,38
distance_topological,0,TPC-DI__Joinable__prospect_vertical_50_ac5_ev,272,11,1.0,0.36363636363636365,0.5333333333333333,38
distance_topological,0,OpenData__Semantically-Joinable__miller2_vertical_70_ac4_av,1849,35,1.0,0.08571428571428572,0.15789473684210525,38
distance_topological,0,TPC-DI__Joinable__prospect_vertical_50_ec_ev,272,11,1.0,0.9090909090909091,0.9523809523809523,38
distance_topological,0,TPC-DI__Joinable__prospect_vertical_70_ac1_ev,342,15,1.0,0.7333333333333333,0.8461538461538461,38
distance_topological,0,ChEMBL__View-Unionable__assays_both_0_30_ec_av,210,6,1.0,0.3333333333333333,0.5,38
distance_topological,0,OpenData__Unionable__miller2_horizontal_0_ac1_ev,2601,51,1.0,0.27450980392156865,0.4307692307692308,38
distance_topological,0,TPC-DI__Joinable__prospect_vertical_70_ac4_ev,342,15,1.0,0.5333333333333333,0.6956521739130435,38
distance_topological,0,TPC-DI__View-Unionable__prospect_both_0_70_ac3_ev,342,15,1.0,0.2,0.3333333333333333,38
distance_topological,0,ChEMBL__Joinable__assays_vertical_1_ec_ev,144,1,0.0,0.0,0.0,38
distance_topological,0,OpenData__Unionable__miller2_horizontal_0_ac2_av,2601,51,1.0,0.37254901960784315,0.5428571428571428,38
distance_topological,0,TPC-DI__View-Unionable__prospect_both_0_70_ac4_ev,342,15,0.8,0.26666666666666666,0.4,38
distance_topological,0,ChEMBL__Joinable__assays_vertical_30_ac3_ev,210,6,1.0,0.6666666666666666,0.8,38
distance_topological,0,ChEMBL__View-Unionable__assays_both_0_50_ac3_av,289,11,1.0,0.09090909090909091,0.16666666666666666,38
distance_topological,0,TPC-DI__View-Unionable__prospect_both_0_70_ac5_ev,342,15,1.0,0.2,0.3333333333333333,38
distance_topological,0,ChEMBL__View-Unionable__assays_both_0_50_ac3_ev,289,11,1.0,0.36363636363636365,0.5333333333333333,38
distance_topological,0,ChEMBL__Joinable__assays_vertical_30_ec_ev,210,6,1.0,0.6666666666666666,0.8,38
distance_topological,0,ChEMBL__View-Unionable__assays_both_0_50_ac4_ev,289,11,1.0,0.36363636363636365,0.5333333333333333,38
distance_topological,0,ChEMBL__Joinable__assays_vertical_50_ac2_ev,289,11,1.0,0.18181818181818182,0.3076923076923077,38
distance_topological,0,Wikidata__Musicians__Musicians_unionable,400,19,0.8888888888888888,0.8421052631578947,0.8648648648648649,38
distance_topological,0,ChEMBL__Joinable__assays_vertical_50_ac4_ev,289,11,1.0,0.2727272727272727,0.42857142857142855,38
distance_topological,0,ChEMBL__View-Unionable__assays_both_0_50_ec_ev,289,11,1.0,0.45454545454545453,0.625,38
distance_topological,0,ChEMBL__View-Unionable__assays_both_0_70_ac1_av,380,16,1.0,0.3125,0.47619047619047616,38
distance_topological,0,OpenData__Unionable__miller2_horizontal_100_ac1_ev,2601,51,1.0,0.27450980392156865,0.4307692307692308,38
distance_topological,0,ChEMBL__Joinable__assays_vertical_50_ec_ev,289,11,1.0,0.45454545454545453,0.625,38
distance_topological,0,ChEMBL__View-Unionable__assays_both_0_70_ac2_av,380,16,1.0,0.1875,0.3157894736842105,38
distance_topological,0,TPC-DI__Semantically-Joinable__prospect_both_50_50_ac1_av,272,11,1.0,0.36363636363636365,0.5333333333333333,38
distance_topological,0,ChEMBL__Joinable__assays_vertical_70_ac3_ev,380,16,1.0,0.375,0.5454545454545454,38
distance_topological,0,OpenData__Unionable__miller2_horizontal_100_ac3_ev,2601,51,1.0,0.13725490196078433,0.2413793103448276,38
distance_topological,0,ChEMBL__View-Unionable__assays_both_0_70_ac3_ev,380,16,1.0,0.3125,0.47619047619047616,38
distance_topological,0,OpenData__Unionable__miller2_horizontal_100_ac4_ev,2601,51,1.0,0.35294117647058826,0.5217391304347826,38
distance_topological,0,TPC-DI__Semantically-Joinable__prospect_both_50_50_ac4_av,272,11,1.0,0.18181818181818182,0.3076923076923077,38
distance_topological,0,ChEMBL__Joinable__assays_vertical_70_ec_ev,380,16,1.0,0.6875,0.8148148148148148,38
distance_topological,0,ChEMBL__View-Unionable__assays_both_0_70_ac4_ev,380,16,1.0,0.5625,0.72,38
distance_topological,0,TPC-DI__Semantically-Joinable__prospect_both_50_50_ac5_av,272,11,1.0,0.18181818181818182,0.3076923076923077,38
distance_topological,0,ChEMBL__View-Unionable__assays_both_0_70_ac5_av,380,16,1.0,0.125,0.2222222222222222,38
distance_topological,0,OpenData__Unionable__miller2_horizontal_100_ac5_ev,2601,51,1.0,0.19607843137254902,0.32786885245901637,38
distance_topological,0,ChEMBL__Semantically-Joinable__assays_both_50_1_ac2_av,144,1,0.0,0.0,0.0,38
distance_topological,0,ChEMBL__View-Unionable__assays_both_0_70_ac5_ev,380,16,1.0,0.4375,0.6086956521739131,38
distance_topological,0,TPC-DI__Semantically-Joinable__prospect_both_50_70_ac1_av,342,15,1.0,0.4666666666666667,0.6363636363636364,38
distance_topological,0,ChEMBL__View-Unionable__assays_both_0_70_ec_av,380,16,0.9,0.5625,0.6923076923076923,38
distance_topological,0,ChEMBL__Semantically-Joinable__assays_both_50_1_ac4_av,144,1,0.0,0.0,0.0,38
distance_topological,0,OpenData__Unionable__miller2_horizontal_50_ac1_av,2601,51,1.0,0.27450980392156865,0.4307692307692308,38
distance_topological,0,ChEMBL__Semantically-Joinable__assays_both_50_1_ec_av,144,1,0.0,0.0,0.0,38
distance_topological,0,TPC-DI__Semantically-Joinable__prospect_both_50_70_ac5_av,342,15,0.0,0.0,0.0,38
distance_topological,0,ChEMBL__Semantically-Joinable__assays_both_50_30_ac1_av,210,6,1.0,0.3333333333333333,0.5,38
distance_topological,0,Magellan__dblp_acm,25,5,1.0,0.8,0.8888888888888888,38
distance_topological,0,ChEMBL__Semantically-Joinable__assays_both_50_30_ac2_av,210,6,1.0,0.16666666666666666,0.2857142857142857,38
distance_topological,0,Magellan__dblp_scholar,25,5,1.0,0.4,0.5714285714285714,38
distance_topological,0,OpenData__Unionable__miller2_horizontal_50_ac3_av,2601,51,1.0,0.13725490196078433,0.2413793103448276,38
distance_topological,0,TPC-DI__Semantically-Joinable__prospect_vertical_1_ac2_av,132,1,1.0,1.0,1.0,38
distance_topological,0,OpenData__Unionable__miller2_horizontal_50_ac4_av,2601,51,1.0,0.4117647058823529,0.5833333333333334,38
distance_topological,0,TPC-DI__Semantically-Joinable__prospect_vertical_1_ac4_av,132,1,1.0,1.0,1.0,38
distance_topological,0,OpenData__Joinable__miller2_both_50_1_ac1_ev,676,1,0.0,0.0,0.0,38
distance_topological,0,OpenData__Joinable__miller2_both_50_1_ac2_ev,676,1,0.0,0.0,0.0,38
distance_topological,0,OpenData__Unionable__miller2_horizontal_50_ac5_ev,2601,51,1.0,0.19607843137254902,0.32786885245901637,38
distance_topological,0,TPC-DI__Semantically-Joinable__prospect_vertical_1_ec_av,132,1,1.0,1.0,1.0,38
distance_topological,0,ChEMBL__Semantically-Joinable__assays_both_50_50_ac2_av,289,11,1.0,0.18181818181818182,0.3076923076923077,38
distance_topological,0,OpenData__Joinable__miller2_both_50_1_ac3_ev,676,1,0.0,0.0,0.0,38
distance_topological,0,OpenData__Unionable__miller2_horizontal_50_ec_ev,2601,51,1.0,0.7647058823529411,0.8666666666666667,38
distance_topological,0,ChEMBL__Semantically-Joinable__assays_both_50_50_ac5_av,289,11,0.5,0.09090909090909091,0.15384615384615385,38
distance_topological,0,ChEMBL__Semantically-Joinable__assays_both_50_50_ec_av,289,11,1.0,0.5454545454545454,0.7058823529411765,38
distance_topological,0,TPC-DI__Semantically-Joinable__prospect_vertical_30_ac5_av,196,6,1.0,0.16666666666666666,0.2857142857142857,38
distance_topological,0,OpenData__View -Unionable__miller2_both_0_1_ac2_ev,676,1,0.0,0.0,0.0,38
distance_topological,0,OpenData__View -Unionable__miller2_both_0_1_ac3_av,676,1,0.0,0.0,0.0,38
distance_topological,0,TPC-DI__Semantically-Joinable__prospect_vertical_50_ac1_av,272,11,1.0,0.36363636363636365,0.5333333333333333,38
distance_topological,0,TPC-DI__Semantically-Joinable__prospect_vertical_50_ac2_av,272,11,1.0,0.45454545454545453,0.625,38
distance_topological,0,OpenData__Joinable__miller2_both_50_30_ec_ev,1089,15,1.0,0.7333333333333333,0.8461538461538461,38
distance_topological,0,TPC-DI__Semantically-Joinable__prospect_vertical_50_ac4_av,272,11,1.0,0.09090909090909091,0.16666666666666666,38
distance_topological,0,TPC-DI__Semantically-Joinable__prospect_vertical_50_ec_av,272,11,1.0,0.8181818181818182,0.9,38
distance_topological,0,TPC-DI__Semantically-Joinable__prospect_vertical_70_ac2_av,342,15,0.75,0.4,0.5217391304347826,38
distance_topological,0,OpenData__Joinable__miller2_both_50_50_ac5_ev,1444,25,1.0,0.04,0.07692307692307693,38
distance_topological,0,ChEMBL__Semantically-Joinable__assays_vertical_1_ac5_av,144,1,0.0,0.0,0.0,38
distance_topological,0,OpenData__Joinable__miller2_both_50_70_ac1_ev,1849,35,1.0,0.3142857142857143,0.4782608695652174,38
distance_topological,0,OpenData__View -Unionable__miller2_both_0_30_ac3_av,1089,15,0.0,0.0,0.0,38
distance_topological,0,TPC-DI__Unionable__prospect_horizontal_0_ac1_av,484,22,1.0,0.5,0.6666666666666666,38
distance_topological,0,OpenData__Joinable__miller2_both_50_70_ac5_ev,1849,35,1.0,0.2,0.3333333333333333,38
distance_topological,0,OpenData__View -Unionable__miller2_both_0_30_ac4_av,1089,15,1.0,0.06666666666666667,0.125,38
distance_topological,0,ChEMBL__Semantically-Joinable__assays_vertical_30_ac5_av,210,6,1.0,0.16666666666666666,0.2857142857142857,38
distance_topological,0,TPC-DI__Unionable__prospect_horizontal_0_ac2_ev,484,22,1.0,0.5454545454545454,0.7058823529411765,38
distance_topological,0,ChEMBL__Semantically-Joinable__assays_vertical_30_ec_av,210,6,1.0,0.5,0.6666666666666666,38
distance_topological,0,OpenData__View -Unionable__miller2_both_0_30_ac5_av,1089,15,0.0,0.0,0.0,38
distance_topological,0,TPC-DI__Unionable__prospect_horizontal_0_ac3_av,484,22,1.0,0.18181818181818182,0.3076923076923077,38
distance_topological,0,TPC-DI__Unionable__prospect_horizontal_0_ac4_av,484,22,0.9090909090909091,0.45454545454545453,0.6060606060606061,38
distance_topological,0,OpenData__Joinable__miller2_vertical_1_ac4_ev,676,1,0.0,0.0,0.0,38
distance_topological,0,ChEMBL__Semantically-Joinable__assays_vertical_50_ac4_av,289,11,1.0,0.2727272727272727,0.42857142857142855,38
distance_topological,0,ChEMBL__Semantically-Joinable__assays_vertical_50_ac5_av,289,11,1.0,0.2727272727272727,0.42857142857142855,38
distance_topological,0,OpenData__View -Unionable__miller2_both_0_50_ac2_av,1444,25,1.0,0.12,0.21428571428571427,38
distance_topological,0,OpenData__Joinable__miller2_vertical_30_ac2_ev,1089,15,0.9,0.6,0.72,38
distance_topological,0,OpenData__View -Unionable__miller2_both_0_50_ac2_ev,1444,25,1.0,0.32,0.48484848484848486,38
distance_topological,0,TPC-DI__Unionable__prospect_horizontal_0_ec_ev,484,22,1.0,0.7272727272727273,0.8421052631578947,38
distance_topological,0,ChEMBL__Semantically-Joinable__assays_vertical_70_ac2_av,380,16,0.8333333333333334,0.3125,0.45454545454545453,38
distance_topological,0,OpenData__Joinable__miller2_vertical_30_ac3_ev,1089,15,1.0,0.3333333333333333,0.5,38
distance_topological,0,OpenData__View -Unionable__miller2_both_0_50_ac3_ev,1444,25,1.0,0.16,0.27586206896551724,38
distance_topological,0,TPC-DI__Unionable__prospect_horizontal_100_ac2_ev,484,22,1.0,0.5,0.6666666666666666,38
distance_topological,0,OpenData__Joinable__miller2_vertical_50_ac1_ev,1444,25,1.0,0.52,0.6842105263157895,38
distance_topological,0,OpenData__View -Unionable__miller2_both_0_50_ac5_av,1444,25,0.0,0.0,0.0,38
distance_topological,0,ChEMBL__Unionable__assays_horizontal_0_ac1_av,529,23,1.0,0.391304347826087,0.5625,38
distance_topological,0,OpenData__View -Unionable__miller2_both_0_50_ac5_ev,1444,25,1.0,0.12,0.21428571428571427,38
distance_topological,0,OpenData__Joinable__miller2_vertical_50_ac3_ev,1444,25,1.0,0.32,0.48484848484848486,38
distance_topological,0,OpenData__View -Unionable__miller2_both_0_50_ec_av,1444,25,1.0,0.64,0.7804878048780488,38
distance_topological,0,ChEMBL__Unionable__assays_horizontal_0_ac2_av,529,23,1.0,0.30434782608695654,0.4666666666666667,38
distance_topological,0,ChEMBL__Unionable__assays_horizontal_0_ac2_ev,529,23,0.9090909090909091,0.43478260869565216,0.5882352941176471,38
distance_topological,0,TPC-DI__Unionable__prospect_horizontal_100_ac5_av,484,22,1.0,0.22727272727272727,0.37037037037037035,38
distance_topological,0,ChEMBL__Unionable__assays_horizontal_0_ac3_av,529,23,1.0,0.21739130434782608,0.35714285714285715,38
distance_topological,0,OpenData__Joinable__miller2_vertical_50_ec_ev,1444,25,1.0,0.76,0.8636363636363636,38
distance_topological,0,OpenData__Joinable__miller2_vertical_70_ac2_ev,1849,35,0.8636363636363636,0.5428571428571428,0.6666666666666666,38
distance_topological,0,ChEMBL__Unionable__assays_horizontal_0_ac4_ev,529,23,1.0,0.5217391304347826,0.6857142857142857,38
distance_topological,0,OpenData__Joinable__miller2_vertical_70_ac4_ev,1849,35,0.8823529411764706,0.42857142857142855,0.5769230769230769,38
distance_topological,0,OpenData__View -Unionable__miller2_both_0_70_ac3_ev,1849,35,1.0,0.17142857142857143,0.2926829268292683,38
distance_topological,0,TPC-DI__Unionable__prospect_horizontal_50_ac1_ev,484,22,1.0,0.5,0.6666666666666666,38
distance_topological,0,OpenData__View -Unionable__miller2_both_0_70_ac4_av,1849,35,1.0,0.14285714285714285,0.25,38
distance_topological,0,ChEMBL__Unionable__assays_horizontal_0_ec_ev,529,23,1.0,0.6086956521739131,0.7567567567567568,38
distance_topological,0,OpenData__Semantically-Joinable__miller2_both_50_1_ac1_av,676,1,0.0,0.0,0.0,38
distance_topological,0,TPC-DI__Unionable__prospect_horizontal_50_ac3_ev,484,22,1.0,0.18181818181818182,0.3076923076923077,38
distance_topological,0,OpenData__Semantically-Joinable__miller2_both_50_1_ac4_av,676,1,0.0,0.0,0.0,38
distance_topological,0,OpenData__View -Unionable__miller2_both_0_70_ec_ev,1849,35,1.0,0.8,0.8888888888888888,38
distance_topological,0,TPC-DI__Unionable__prospect_horizontal_50_ac4_ev,484,22,0.875,0.3181818181818182,0.4666666666666667,38
distance_topological,0,OpenData__Semantically-Joinable__miller2_both_50_1_ac5_av,676,1,0.0,0.0,0.0,38
distance_topological,0,TPC-DI__Unionable__prospect_horizontal_50_ac5_av,484,22,1.0,0.22727272727272727,0.37037037037037035,38
distance_topological,0,OpenData__Semantically-Joinable__miller2_both_50_1_ec_av,676,1,1.0,1.0,1.0,38
distance_topological,0,TPC-DI__Joinable__prospect_both_50_1_ac2_ev,132,1,0.0,0.0,0.0,38
distance_topological,0,ChEMBL__Unionable__assays_horizontal_100_ac4_av,529,23,1.0,0.5217391304347826,0.6857142857142857,38
distance_topological,0,TPC-DI__Joinable__prospect_both_50_1_ac4_ev,132,1,1.0,1.0,1.0,38
distance_topological,0,TPC-DI__View-Unionable__prospect_both_0_1_ac1_ev,132,1,1.0,1.0,1.0,38
distance_topological,0,OpenData__Semantically-Joinable__miller2_both_50_30_ec_av,1089,15,1.0,0.5333333333333333,0.6956521739130435,38
distance_topological,0,TPC-DI__Joinable__prospect_both_50_30_ac2_ev,196,6,1.0,0.3333333333333333,0.5,38
distance_topological,0,ChEMBL__Unionable__assays_horizontal_100_ec_ev,529,23,1.0,0.6086956521739131,0.7567567567567568,38
distance_topological,0,OpenData__Semantically-Joinable__miller2_both_50_50_ac1_av,1444,25,0.0,0.0,0.0,38
distance_topological,0,TPC-DI__Joinable__prospect_both_50_30_ac3_ev,196,6,1.0,0.16666666666666666,0.2857142857142857,38
distance_topological,0,TPC-DI__View-Unionable__prospect_both_0_1_ac3_av,132,1,0.0,0.0,0.0,38
distance_topological,0,OpenData__Semantically-Joinable__miller2_both_50_50_ac2_av,1444,25,1.0,0.04,0.07692307692307693,38
distance_topological,0,TPC-DI__Joinable__prospect_both_50_30_ac5_ev,196,6,1.0,0.5,0.6666666666666666,38
distance_topological,0,TPC-DI__Joinable__prospect_both_50_30_ec_ev,196,6,1.0,0.8333333333333334,0.9090909090909091,38
distance_topological,0,TPC-DI__View-Unionable__prospect_both_0_1_ac4_ev,132,1,1.0,1.0,1.0,38
distance_topological,0,TPC-DI__View-Unionable__prospect_both_0_1_ac5_av,132,1,1.0,1.0,1.0,38
distance_topological,0,ChEMBL__Unionable__assays_horizontal_50_ac3_av,529,23,1.0,0.21739130434782608,0.35714285714285715,38
distance_topological,0,TPC-DI__View-Unionable__prospect_both_0_1_ec_ev,132,1,1.0,1.0,1.0,38
distance_topological,0,TPC-DI__View-Unionable__prospect_both_0_30_ac1_av,196,6,1.0,0.3333333333333333,0.5,38
distance_topological,1,ChEMBL__Joinable__assays_both_50_1_ac1_ev,144,1,1.0,1.0,1.0,38
distance_topological,1,OpenData__Semantically-Joinable__miller2_both_50_70_ac4_av,1849,35,1.0,0.05714285714285714,0.10810810810810811,38
distance_topological,1,TPC-DI__View-Unionable__prospect_both_0_30_ac1_ev,196,6,1.0,0.16666666666666666,0.2857142857142857,38
distance_topological,1,ChEMBL__Joinable__assays_both_50_1_ac2_ev,144,1,0.0,0.0,0.0,38
distance_topological,1,ChEMBL__Unionable__assays_horizontal_50_ac5_ev,529,23,1.0,0.30434782608695654,0.4666666666666667,38
distance_topological,1,TPC-DI__View-Unionable__prospect_both_0_30_ac2_av,196,6,1.0,0.16666666666666666,0.2857142857142857,38
distance_topological,1,ChEMBL__Joinable__assays_both_50_1_ac3_ev,144,1,0.0,0.0,0.0,38
distance_topological,1,OpenData__Semantically-Joinable__miller2_both_50_70_ec_av,1849,35,1.0,0.5142857142857142,0.6792452830188679,38
distance_topological,1,ChEMBL__Joinable__assays_both_50_1_ac5_ev,144,1,0.0,0.0,0.0,38
distance_topological,1,TPC-DI__View-Unionable__prospect_both_0_30_ac3_ev,196,6,1.0,0.16666666666666666,0.2857142857142857,38
distance_topological,1,OpenData__Semantically-Joinable__miller2_vertical_1_ac3_av,676,1,0.0,0.0,0.0,38
distance_topological,1,ChEMBL__View-Unionable__assays_both_0_1_ac2_ev,144,1,0.0,0.0,0.0,38
distance_topological,1,TPC-DI__Joinable__prospect_vertical_1_ac3_ev,132,1,0.0,0.0,0.0,38
distance_topological,1,TPC-DI__Joinable__prospect_vertical_1_ac4_ev,132,1,1.0,1.0,1.0,38
distance_topological,1,ChEMBL__Joinable__assays_both_50_30_ec_ev,210,6,1.0,0.8333333333333334,0.9090909090909091,38
distance_topological,1,OpenData__Semantically-Joinable__miller2_vertical_30_ac3_av,1089,15,1.0,0.13333333333333333,0.23529411764705882,38
distance_topological,1,TPC-DI__View-Unionable__prospect_both_0_50_ac1_av,272,11,1.0,0.2727272727272727,0.42857142857142855,38
distance_topological,1,ChEMBL__Joinable__assays_both_50_50_ac1_ev,289,11,1.0,0.5454545454545454,0.7058823529411765,38
distance_topological,1,OpenData__Semantically-Joinable__miller2_vertical_30_ac4_av,1089,15,1.0,0.13333333333333333,0.23529411764705882,38
distance_topological,1,TPC-DI__Joinable__prospect_vertical_1_ec_ev,132,1,1.0,1.0,1.0,38
distance_topological,1,TPC-DI__View-Unionable__prospect_both_0_50_ac1_ev,272,11,1.0,0.2727272727272727,0.42857142857142855,38
distance_topological,1,ChEMBL__View-Unionable__assays_both_0_1_ac5_ev,144,1,0.0,0.0,0.0,38
distance_topological,1,OpenData__Semantically-Joinable__miller2_vertical_30_ac5_av,1089,15,1.0,0.06666666666666667,0.125,38
distance_topological,1,TPC-DI__View-Unionable__prospect_both_0_50_ac2_ev,272,11,1.0,0.18181818181818182,0.3076923076923077,38
distance_topological,1,ChEMBL__View-Unionable__assays_both_0_30_ac1_av,210,6,1.0,0.16666666666666666,0.2857142857142857,38
distance_topological,1,ChEMBL__View-Unionable__assays_both_0_30_ac1_ev,210,6,1.0,0.5,0.6666666666666666,38
distance_topological,1,OpenData__Semantically-Joinable__miller2_vertical_50_ac3_av,1444,25,1.0,0.16,0.27586206896551724,38
distance_topological,1,TPC-DI__Joinable__prospect_vertical_30_ec_ev,196,6,1.0,1.0,1.0,38
distance_topological,1,ChEMBL__View-Unionable__assays_both_0_30_ac2_ev,210,6,1.0,0.3333333333333333,0.5,38
distance_topological,1,TPC-DI__Joinable__prospect_vertical_50_ac1_ev,272,11,1.0,0.7272727272727273,0.8421052631578947,38
distance_topological,1,OpenData__Semantically-Joinable__miller2_vertical_70_ac1_av,1849,35,1.0,0.14285714285714285,0.25,38
distance_topological,1,TPC-DI__View-Unionable__prospect_both_0_50_ec_av,272,11,1.0,0.7272727272727273,0.8421052631578947,38
distance_topological,1,ChEMBL__Joinable__assays_both_50_70_ec_ev,380,16,1.0,0.6875,0.8148148148148148,38
distance_topological,1,TPC-DI__Joinable__prospect_vertical_50_ac5_ev,272,11,1.0,0.2727272727272727,0.42857142857142855,38
distance_topological,1,ChEMBL__Joinable__assays_vertical_1_ac1_ev,144,1,1.0,1.0,1.0,38
distance_topological,1,ChEMBL__Joinable__assays_vertical_1_ac2_ev,144,1,0.0,0.0,0.0,38
distance_topological,1,TPC-DI__View-Unionable__prospect_both_0_70_ac2_av,342,15,1.0,0.13333333333333333,0.23529411764705882,38
distance_topological,1,ChEMBL__View-Unionable__assays_both_0_30_ec_av,210,6,1.0,0.3333333333333333,0.5,38
distance_topological,1,OpenData__Semantically-Joinable__miller2_vertical_70_ec_av,1849,35,0.8421052631578947,0.45714285714285713,0.5925925925925926,38
distance_topological,1,TPC-DI__View-Unionable__prospect_both_0_70_ac2_ev,342,15,0.8571428571428571,0.4,0.5454545454545454,38
distance_topological,1,ChEMBL__View-Unionable__assays_both_0_30_ec_ev,210,6,1.0,0.8333333333333334,0.9090909090909091,38
distance_topological,1,OpenData__Unionable__miller2_horizontal_0_ac1_ev,2601,51,1.0,0.23529411764705882,0.38095238095238093,38
distance_topological,1,TPC-DI__Joinable__prospect_vertical_70_ac5_ev,342,15,1.0,0.4666666666666667,0.6363636363636364,38
distance_topological,1,OpenData__Unionable__miller2_horizontal_0_ac2_ev,2601,51,1.0,0.37254901960784315,0.5428571428571428,38
distance_topological,1,TPC-DI__Joinable__prospect_vertical_70_ec_ev,342,15,1.0,0.9333333333333333,0.9655172413793104,38
distance_topological,1,TPC-DI__View-Unionable__prospect_both_0_70_ac5_av,342,15,1.0,0.06666666666666667,0.125,38
distance_topological,1,ChEMBL__Joinable__assays_vertical_30_ac3_ev,210,6,1.0,0.5,0.6666666666666666,38
distance_topological,1,TPC-DI__View-Unionable__prospect_both_0_70_ac5_ev,342,15,1.0,0.13333333333333333,0.23529411764705882,38
distance_topological,1,OpenData__Unionable__miller2_horizontal_0_ac4_av,2601,51,1.0,0.19607843137254902,0.32786885245901637,38
distance_topological,1,TPC-DI__Semantically-Joinable__prospect_both_50_1_ac3_av,132,1,0.0,0.0,0.0,38
distance_topological,1,ChEMBL__Joinable__assays_vertical_30_ac5_ev,210,6,1.0,0.3333333333333333,0.5,38
distance_topological,1,OpenData__Unionable__miller2_horizontal_0_ac4_ev,2601,51,1.0,0.27450980392156865,0.4307692307692308,38
distance_topological,1,ChEMBL__Joinable__assays_vertical_30_ec_ev,210,6,1.0,0.6666666666666666,0.8,38
distance_topological,1,ChEMBL__Joinable__assays_vertical_50_ac1_ev,289,11,1.0,0.5454545454545454,0.7058823529411765,38
distance_topological,1,Wikidata__Musicians__Musicians_semjoinable,196,8,1.0,0.75,0.8571428571428571,38
distance_topological,1,ChEMBL__View-Unionable__assays_both_0_50_ac5_ev,289,11,1.0,0.2727272727272727,0.42857142857142855,38
distance_topological,1,OpenData__Unionable__miller2_horizontal_0_ec_av,2601,51,0.8431372549019608,0.8431372549019608,0.8431372549019608,38
distance_topological,1,ChEMBL__View-Unionable__assays_both_0_50_ec_av,289,11,0.875,0.6363636363636364,0.7368421052631579,38
distance_topological,1,TPC-DI__Semantically-Joinable__prospect_both_50_30_ac3_av,196,6,0.0,0.0,0.0,38
distance_topological,1,TPC-DI__Semantically-Joinable__prospect_both_50_30_ac4_av,196,6,1.0,0.3333333333333333,0.5,38
distance_topological,1,OpenData__Unionable__miller2_horizontal_100_ac2_ev,2601,51,1.0,0.3333333333333333,0.5,38
distance_topological,1,TPC-DI__Semantically-Joinable__prospect_both_50_30_ec_av,196,6,1.0,0.5,0.6666666666666666,38
distance_topological,1,ChEMBL__Joinable__assays_vertical_70_ac3_ev,380,16,1.0,0.25,0.4,38
distance_topological,1,ChEMBL__View-Unionable__assays_both_0_70_ac3_av,380,16,1.0,0.125,0.2222222222222222,38
distance_topological,1,ChEMBL__Joinable__assays_vertical_70_ac4_ev,380,16,1.0,0.4375,0.6086956521739131,38
distance_topological,1,OpenData__Unionable__miller2_horizontal_100_ac4_av,2601,51,1.0,0.29411764705882354,0.45454545454545453,38
distance_topological,1,ChEMBL__View-Unionable__assays_both_0_70_ac4_ev,380,16,1.0,0.375,0.5454545454545454,38
distance_topological,1,OpenData__Unionable__miller2_horizontal_100_ac5_av,2601,51,1.0,0.11764705882352941,0.21052631578947367,38
distance_topological,1,ChEMBL__View-Unionable__assays_both_0_70_ac5_av,380,16,1.0,0.125,0.2222222222222222,38
distance_topological,1,OpenData__Unionable__miller2_horizontal_100_ac5_ev,2601,51,1.0,0.11764705882352941,0.21052631578947367,38
distance_topological,1,TPC-DI__Semantically-Joinable__prospect_both_50_50_ec_av,272,11,1.0,0.7272727272727273,0.8421052631578947,38
distance_topological,1,ChEMBL__View-Unionable__assays_both_0_70_ac5_ev,380,16,1.0,0.375,0.5454545454545454,38
distance_topological,1,ChEMBL__View-Unionable__assays_both_0_70_ec_av,380,16,0.9,0.5625,0.6923076923076923,38
distance_topological,1,OpenData__Unionable__miller2_horizontal_100_ec_ev,2601,51,1.0,0.7647058823529411,0.8666666666666667,38
distance_topological,1,ChEMBL__Semantically-Joinable__assays_both_50_1_ac4_av,144,1,0.0,0.0,0.0,38
distance_topological,1,TPC-DI__Semantically-Joinable__prospect_both_50_70_ac4_av,342,15,1.0,0.13333333333333333,0.23529411764705882,38
distance_topological,1,ChEMBL__Semantically-Joinable__assays_both_50_30_ac1_av,210,6,1.0,0.3333333333333333,0.5,38
distance_topological,1,Magellan__dblp_acm,25,5,1.0,0.6,0.75,38
distance_topological,1,OpenData__Unionable__miller2_horizontal_50_ac2_ev,2601,51,1.0,0.4117647058823529,0.5833333333333334,38
distance_topological,1,Magellan__fodors_zagats,49,7,1.0,1.0,1.0,38
distance_topological,1,TPC-DI__Semantically-Joinable__prospect_vertical_1_ac3_av,132,1,1.0,1.0,1.0,38
distance_topological,1,ChEMBL__Semantically-Joinable__assays_both_50_50_ac3_av,289,11,1.0,0.09090909090909091,0.16666666666666666,38
distance_topological,1,TPC-DI__Semantically-Joinable__prospect_vertical_30_ac2_av,196,6,1.0,0.5,0.6666666666666666,38
distance_topological,1,OpenData__Joinable__miller2_both_50_1_ec_ev,676,1,0.0,0.0,0.0,38
distance_topological,1,OpenData__View -Unionable__miller2_both_0_1_ac1_ev,676,1,0.0,0.0,0.0,38
distance_topological,1,TPC-DI__Semantically-Joinable__prospect_vertical_30_ac4_av,196,6,1.0,0.3333333333333333,0.5,38
distance_topological,1,OpenData__Joinable__miller2_both_50_30_ac1_ev,1089,15,1.0,0.26666666666666666,0.42105263157894735,38
distance_topological,1,TPC-DI__Semantically-Joinable__prospect_vertical_30_ac5_av,196,6,1.0,0.16666666666666666,0.2857142857142857,38
distance_topological,1,ChEMBL__Semantically-Joinable__assays_both_50_70_ac1_av,380,16,1.0,0.375,0.5454545454545454,38
distance_topological,1,ChEMBL__Semantically-Joinable__assays_both_50_70_ac2_av,380,16,1.0,0.25,0.4,38
distance_topological,1,TPC-DI__Semantically-Joinable__prospect_vertical_50_ac1_av,272,11,1.0,0.2727272727272727,0.42857142857142855,38
distance_topological,1,OpenData__View -Unionable__miller2_both_0_1_ac3_ev,676,1,0.0,0.0,0.0,38
distance_topological,1,ChEMBL__Semantically-Joinable__assays_both_50_70_ac4_av,380,16,1.0,0.1875,0.3157894736842105,38
distance_topological,1,OpenData__View -Unionable__miller2_both_0_1_ac4_av,676,1,0.0,0.0,0.0,38
distance_topological,1,TPC-DI__Semantically-Joinable__prospect_vertical_50_ac3_av,272,11,1.0,0.18181818181818182,0.3076923076923077,38
distance_topological,1,OpenData__Joinable__miller2_both_50_30_ec_ev,1089,15,1.0,0.7333333333333333,0.8461538461538461,38
distance_topological,1,OpenData__View -Unionable__miller2_both_0_1_ac4_ev,676,1,0.0,0.0,0.0,38
distance_topological,1,ChEMBL__Semantically-Joinable__assays_both_50_70_ec_av,380,16,1.0,0.5625,0.72,38
distance_topological,1,ChEMBL__Semantically-Joinable__assays_vertical_1_ac1_av,144,1,1.0,1.0,1.0,38
distance_topological,1,OpenData__View -Unionable__miller2_both_0_1_ac5_ev,676,1,0.0,0.0,0.0,38
distance_topological,1,OpenData__Joinable__miller2_both_50_50_ac3_ev,1444,25,1.0,0.2,0.3333333333333333,38
distance_topological,1,TPC-DI__Semantically-Joinable__prospect_vertical_70_ac1_av,342,15,1.0,0.4,0.5714285714285714,38
distance_topological,1,OpenData__Joinable__miller2_both_50_50_ac5_ev,1444,25,1.0,0.04,0.07692307692307693,38
distance_topological,1,OpenData__View -Unionable__miller2_both_0_30_ac1_ev,1089,15,1.0,0.26666666666666666,0.42105263157894735,38
distance_topological,1,OpenData__View -Unionable__miller2_both_0_30_ac2_av,1089,15,0.0,0.0,0.0,38
distance_topological,1,OpenData__Joinable__miller2_both_50_70_ac2_ev,1849,35,0.9375,0.42857142857142855,0.5882352941176471,38
distance_topological,1,TPC-DI__Semantically-Joinable__prospect_vertical_70_ec_av,342,15,1.0,0.7333333333333333,0.8461538461538461,38
distance_topological,1,OpenData__Joinable__miller2_both_50_70_ac3_ev,1849,35,1.0,0.14285714285714285,0.25,38
distance_topological,1,OpenData__View -Unionable__miller2_both_0_30_ac3_av,1089,15,0.0,0.0,0.0,38
distance_topological,1,TPC-DI__Unionable__prospect_horizontal_0_ac1_av,484,22,1.0,0.36363636363636365,0.5333333333333333,38
distance_topological,1,OpenData__Joinable__miller2_both_50_70_ac5_ev,1849,35,1.0,0.11428571428571428,0.20512820512820512,38
distance_topological,1,TPC-DI__Unionable__prospect_horizontal_0_ac2_av,484,22,1.0,0.2727272727272727,0.42857142857142855,38
distance_topological,1,ChEMBL__Semantically-Joinable__assays_vertical_30_ac5_av,210,6,1.0,0.16666666666666666,0.2857142857142857,38
distance_topological,1,OpenData__Joinable__miller2_both_50_70_ec_ev,1849,35,1.0,0.7714285714285715,0.8709677419354839,38
distance_topological,1,ChEMBL__Semantically-Joinable__assays_vertical_50_ac1_av,289,11,1.0,0.45454545454545453,0.625,38
distance_topological,1,TPC-DI__Unionable__prospect_horizontal_0_ac3_ev,484,22,1.0,0.22727272727272727,0.37037037037037035,38
distance_topological,1,ChEMBL__Semantically-Joinable__assays_vertical_50_ac2_av,289,11,1.0,0.2727272727272727,0.42857142857142855,38
distance_topological,1,OpenData__View -Unionable__miller2_both_0_30_ec_av,1089,15,1.0,0.6666666666666666,0.8,38
distance_topological,1,TPC-DI__Unionable__prospect_horizontal_0_ac4_av,484,22,1.0,0.13636363636363635,0.24,38
distance_topological,1,OpenData__View -Unionable__miller2_both_0_30_ec_ev,1089,15,1.0,0.5333333333333333,0.6956521739130435,38
distance_topological,1,TPC-DI__Unionable__prospect_horizontal_0_ac4_ev,484,22,1.0,0.18181818181818182,0.3076923076923077,38
distance_topological,1,OpenData__Joinable__miller2_vertical_1_ac5_ev,676,1,0.0,0.0,0.0,38
distance_topological,1,TPC-DI__Unionable__prospect_horizontal_0_ac5_ev,484,22,1.0,0.13636363636363635,0.24,38
distance_topological,1,ChEMBL__Semantically-Joinable__assays_vertical_50_ec_av,289,11,1.0,0.5454545454545454,0.7058823529411765,38
distance_topological,1,OpenData__View -Unionable__miller2_both_0_50_ac2_av,1444,25,0.8,0.16,0.26666666666666666,38
distance_topological,1,ChEMBL__Semantically-Joinable__assays_vertical_70_ac1_av,380,16,1.0,0.4375,0.6086956521739131,38
distance_topological,1,ChEMBL__Semantically-Joinable__assays_vertical_70_ac2_av,380,16,0.8,0.25,0.38095238095238093,38
distance_topological,1,OpenData__Joinable__miller2_vertical_30_ac3_ev,1089,15,1.0,0.26666666666666666,0.42105263157894735,38
distance_topological,1,OpenData__Joinable__miller2_vertical_30_ac4_ev,1089,15,1.0,0.5333333333333333,0.6956521739130435,38
distance_topological,1,TPC-DI__Unionable__prospect_horizontal_100_ac2_av,484,22,1.0,0.36363636363636365,0.5333333333333333,38
distance_topological,1,ChEMBL__Semantically-Joinable__assays_vertical_70_ac5_av,380,16,1.0,0.125,0.2222222222222222,38
distance_topological,1,TPC-DI__Unionable__prospect_horizontal_100_ac2_ev,484,22,0.875,0.3181818181818182,0.4666666666666667,38
distance_topological,1,OpenData__Joinable__miller2_vertical_50_ac1_ev,1444,25,1.0,0.44,0.6111111111111112,38
distance_topological,1,OpenData__View -Unionable__miller2_both_0_50_ac5_ev,1444,25,1.0,0.04,0.07692307692307693,38
distance_topological,1,TPC-DI__Unionable__prospect_horizontal_100_ac4_ev,484,22,1.0,0.22727272727272727,0.37037037037037035,38
distance_topological,1,ChEMBL__Unionable__assays_horizontal_0_ac3_av,529,23,1.0,0.17391304347826086,0.2962962962962963,38
distance_topological,1,ChEMBL__Unionable__assays_horizontal_0_ac3_ev,529,23,1.0,0.17391304347826086,0.2962962962962963,38
distance_topological,1,OpenData__Joinable__miller2_vertical_70_ac4_ev,1849,35,1.0,0.37142857142857144,0.5416666666666666,38
distance_topological,1,OpenData__View -Unionable__miller2_both_0_70_ac4_av,1849,35,1.0,0.08571428571428572,0.15789473684210525,38
distance_topological,1,TPC-DI__Unionable__prospect_horizontal_50_ac2_ev,484,22,1.0,0.36363636363636365,0.5333333333333333,38
distance_topological,1,OpenData__View -Unionable__miller2_both_0_70_ac5_ev,1849,35,1.0,0.14285714285714285,0.25,38
distance_topological,1,OpenData__View -Unionable__miller2_both_0_70_ec_av,1849,35,0.8846153846153846,0.6571428571428571,0.7540983606557377,38
distance_topological,1,TPC-DI__Unionable__prospect_horizontal_50_ac4_av,484,22,1.0,0.2727272727272727,0.42857142857142855,38
distance_topological,1,ChEMBL__Unionable__assays_horizontal_100_ac2_av,529,23,1.0,0.391304347826087,0.5625,38
distance_topological,1,OpenData__Semantically-Joinable__miller2_both_50_1_ac5_av,676,1,0.0,0.0,0.0,38
distance_topological,1,TPC-DI__Joinable__prospect_both_50_1_ac3_ev,132,1,0.0,0.0,0.0,38
distance_topological,1,ChEMBL__Unionable__assays_horizontal_100_ac4_av,529,23,0.875,0.30434782608695654,0.45161290322580644,38
distance_topological,1,ChEMBL__Unionable__assays_horizontal_100_ac4_ev,529,23,0.875,0.30434782608695654,0.45161290322580644,38
distance_topological,1,OpenData__Semantically-Joinable__miller2_both_50_30_ac3_av,1089,15,1.0,0.06666666666666667,0.125,38
distance_topological,1,ChEMBL__Unionable__assays_horizontal_100_ac5_av,529,23,1.0,0.30434782608695654,0.4666666666666667,38
distance_topological,1,TPC-DI__Joinable__prospect_both_50_1_ec_ev,132,1,1.0,1.0,1.0,38
distance_topological,1,ChEMBL__Unionable__assays_horizontal_100_ac5_ev,529,23,1.0,0.30434782608695654,0.4666666666666667,38
distance_topological,1,OpenData__Semantically-Joinable__miller2_both_50_30_ac5_av,1089,15,0.0,0.0,0.0,38
distance_topological,1,TPC-DI__Joinable__prospect_both_50_30_ac2_ev,196,6,1.0,0.3333333333333333,0.5,38
distance_topological,1,TPC-DI__View-Unionable__prospect_both_0_1_ac2_ev,132,1,1.0,1.0,1.0,38
distance_topological,1,ChEMBL__Unionable__assays_horizontal_100_ec_ev,529,23,1.0,0.6521739130434783,0.7894736842105263,38
distance_topological,1,TPC-DI__View-Unionable__prospect_both_0_1_ac3_av,132,1,0.0,0.0,0.0,38
distance_topological,1,TPC-DI__Joinable__prospect_both_50_30_ac4_ev,196,6,1.0,0.16666666666666666,0.2857142857142857,38
distance_topological,1,ChEMBL__Unionable__assays_horizontal_50_ac2_av,529,23,1.0,0.391304347826087,0.5625,38
distance_topological,1,TPC-DI__Joinable__prospect_both_50_50_ac1_ev,272,11,1.0,0.2727272727272727,0.42857142857142855,38
distance_topological,1,TPC-DI__View-Unionable__prospect_both_0_1_ac5_av,132,1,1.0,1.0,1.0,38
distance_topological,1,OpenData__Semantically-Joinable__miller2_both_50_50_ec_av,1444,25,0.8823529411764706,0.6,0.7142857142857143,38
distance_topological,1,OpenData__Semantically-Joinable__miller2_both_50_70_ac1_av,1849,35,1.0,0.14285714285714285,0.25,38
distance_topological,1,TPC-DI__Joinable__prospect_both_50_50_ac3_ev,272,11,1.0,0.36363636363636365,0.5333333333333333,38
distance_topological,1,ChEMBL__Unionable__assays_horizontal_50_ac4_ev,529,23,1.0,0.34782608695652173,0.5161290322580645,38
distance_topological,1,OpenData__Semantically-Joinable__miller2_both_50_70_ac3_av,1849,35,1.0,0.02857142857142857,0.05555555555555555,38
distance_topological,2,OpenData__Semantically-Joinable__miller2_both_50_70_ac4_av,1849,35,1.0,0.08571428571428572,0.15789473684210525,38
distance_topological,2,ChEMBL__Joinable__assays_both_50_1_ac2_ev,144,1,0.0,0.0,0.0,38
distance_topological,2,TPC-DI__Joinable__prospect_both_50_70_ac1_ev,342,15,1.0,0.3333333333333333,0.5,38
distance_topological,2,TPC-DI__View-Unionable__prospect_both_0_30_ac2_av,196,6,0.0,0.0,0.0,38
distance_topological,2,ChEMBL__Joinable__assays_both_50_1_ac4_ev,144,1,0.0,0.0,0.0,38
distance_topological,2,ChEMBL__View-Unionable__assays_both_0_1_ac1_av,144,1,1.0,1.0,1.0,38
distance_topological,2,OpenData__Semantically-Joinable__miller2_vertical_1_ac2_av,676,1,0.0,0.0,0.0,38
distance_topological,2,TPC-DI__View-Unionable__prospect_both_0_30_ac3_ev,196,6,0.0,0.0,0.0,38
distance_topological,2,ChEMBL__Joinable__assays_both_50_30_ac2_ev,210,6,1.0,0.16666666666666666,0.2857142857142857,38
distance_topological,2,ChEMBL__View-Unionable__assays_both_0_1_ac3_av,144,1,0.0,0.0,0.0,38
distance_topological,2,TPC-DI__Joinable__prospect_vertical_1_ac2_ev,132,1,1.0,1.0,1.0,38
distance_topological,2,OpenData__Semantically-Joinable__miller2_vertical_30_ac1_av,1089,15,1.0,0.26666666666666666,0.42105263157894735,38
distance_topological,2,TPC-DI__Joinable__prospect_vertical_1_ac3_ev,132,1,1.0,1.0,1.0,38
distance_topological,2,ChEMBL__View-Unionable__assays_both_0_1_ac4_av,144,1,0.0,0.0,0.0,38
distance_topological,2,ChEMBL__View-Unionable__assays_both_0_1_ac4_ev,144,1,0.0,0.0,0.0,38
distance_topological,2,ChEMBL__Joinable__assays_both_50_50_ac3_ev,289,11,1.0,0.09090909090909091,0.16666666666666666,38
distance_topological,2,ChEMBL__View-Unionable__assays_both_0_1_ec_av,144,1,1.0,1.0,1.0,38
distance_topological,2,OpenData__Semantically-Joinable__miller2_vertical_50_ac1_av,1444,25,0.75,0.12,0.20689655172413793,38
distance_topological,2,TPC-DI__Joinable__prospect_vertical_30_ac3_ev,196,6,1.0,0.5,0.6666666666666666,38
distance_topological,2,TPC-DI__Joinable__prospect_vertical_30_ac4_ev,196,6,1.0,0.5,0.6666666666666666,38
distance_topological,2,TPC-DI__View-Unionable__prospect_both_0_50_ac3_ev,272,11,1.0,0.18181818181818182,0.3076923076923077,38
distance_topological,2,OpenData__Semantically-Joinable__miller2_vertical_50_ac4_av,1444,25,0.5,0.04,0.07407407407407407,38
distance_topological,2,TPC-DI__Joinable__prospect_vertical_30_ec_ev,196,6,1.0,0.8333333333333334,0.9090909090909091,38
distance_topological,2,OpenData__Semantically-Joinable__miller2_vertical_50_ac5_av,1444,25,0.0,0.0,0.0,38
distance_topological,2,ChEMBL__Joinable__assays_both_50_70_ac4_ev,380,16,1.0,0.1875,0.3157894736842105,38
distance_topological,2,TPC-DI__View-Unionable__prospect_both_0_50_ec_av,272,11,0.875,0.6363636363636364,0.7368421052631579,38
distance_topological,2,ChEMBL__Joinable__assays_both_50_70_ac5_ev,380,16,1.0,0.3125,0.47619047619047616,38
distance_topological,2,OpenData__Semantically-Joinable__miller2_vertical_70_ac2_av,1849,35,0.75,0.17142857142857143,0.27906976744186046,38
distance_topological,2,TPC-DI__View-Unionable__prospect_both_0_50_ec_ev,272,11,1.0,0.7272727272727273,0.8421052631578947,38
distance_topological,2,ChEMBL__Joinable__assays_both_50_70_ec_ev,380,16,1.0,0.9375,0.967741935483871,38
distance_topological,2,OpenData__Semantically-Joinable__miller2_vertical_70_ac4_av,1849,35,0.0,0.0,0.0,38
distance_topological,2,ChEMBL__Joinable__assays_vertical_1_ac2_ev,144,1,0.0,0.0,0.0,38
distance_topological,2,OpenData__Semantically-Joinable__miller2_vertical_70_ac5_av,1849,35,1.0,0.02857142857142857,0.05555555555555555,38
distance_topological,2,ChEMBL__View-Unionable__assays_both_0_30_ec_av,210,6,1.0,0.5,0.6666666666666666,38
distance_topological,2,TPC-DI__View-Unionable__prospect_both_0_70_ac2_ev,342,15,1.0,0.26666666666666666,0.42105263157894735,38
distance_topological,2,ChEMBL__View-Unionable__assays_both_0_30_ec_ev,210,6,1.0,0.8333333333333334,0.9090909090909091,38
distance_topological,2,OpenData__Unionable__miller2_horizontal_0_ac1_av,2601,51,0.9166666666666666,0.21568627450980393,0.3492063492063492,38
distance_topological,2,ChEMBL__View-Unionable__assays_both_0_50_ac1_av,289,11,1.0,0.45454545454545453,0.625,38
distance_topological,2,TPC-DI__Joinable__prospect_vertical_70_ac4_ev,342,15,1.0,0.4666666666666667,0.6363636363636364,38
distance_topological,2,TPC-DI__View-Unionable__prospect_both_0_70_ac3_ev,342,15,1.0,0.13333333333333333,0.23529411764705882,38
distance_topological,2,ChEMBL__Joinable__assays_vertical_1_ec_ev,144,1,1.0,1.0,1.0,38
distance_topological,2,ChEMBL__View-Unionable__assays_both_0_50_ac1_ev,289,11,1.0,0.5454545454545454,0.7058823529411765,38
distance_topological,2,TPC-DI__View-Unionable__prospect_both_0_70_ac4_av,342,15,1.0,0.13333333333333333,0.23529411764705882,38
distance_topological,2,ChEMBL__View-Unionable__assays_both_0_50_ac2_av,289,11,1.0,0.18181818181818182,0.3076923076923077,38
distance_topological,2,OpenData__Unionable__miller2_horizontal_0_ac2_ev,2601,51,1.0,0.37254901960784315,0.5428571428571428,38
distance_topological,2,TPC-DI__Joinable__prospect_vertical_70_ec_ev,342,15,1.0,0.8666666666666667,0.9285714285714286,38
distance_topological,2,TPC-DI__View-Unionable__prospect_both_0_70_ac4_ev,342,15,0.0,0.0,0.0,38
distance_topological,2,TPC-DI__Semantically-Joinable__prospect_both_50_1_ac2_av,132,1,0.0,0.0,0.0,38
distance_topological,2,OpenData__Unionable__miller2_horizontal_0_ac4_av,2601,51,1.0,0.13725490196078433,0.2413793103448276,38
distance_topological,2,ChEMBL__Joinable__assays_vertical_30_ec_ev,210,6,1.0,1.0,1.0,38
distance_topological,2,ChEMBL__View-Unionable__assays_both_0_50_ac4_ev,289,11,1.0,0.2727272727272727,0.42857142857142855,38
distance_topological,2,ChEMBL__Joinable__assays_vertical_50_ac1_ev,289,11,1.0,0.6363636363636364,0.7777777777777778,38
distance_topological,2,Wikidata__Musicians__Musicians_semjoinable,196,8,1.0,0.875,0.9333333333333333,38
distance_topological,2,ChEMBL__View-Unionable__assays_both_0_50_ac5_ev,289,11,1.0,0.36363636363636365,0.5333333333333333,38
distance_topological,2,ChEMBL__Joinable__assays_vertical_50_ac3_ev,289,11,1.0,0.45454545454545453,0.625,38
distance_topological,2,OpenData__Unionable__miller2_horizontal_0_ec_ev,2601,51,1.0,0.9019607843137255,0.9484536082474226,38
distance_topological,2,TPC-DI__Semantically-Joinable__prospect_both_50_30_ac2_av,196,6,0.0,0.0,0.0,38
distance_topological,2,ChEMBL__Joinable__assays_vertical_50_ac4_ev,289,11,1.0,0.2727272727272727,0.42857142857142855,38
distance_topological,2,ChEMBL__View-Unionable__assays_both_0_50_ec_ev,289,11,1.0,0.8181818181818182,0.9,38
distance_topological,2,TPC-DI__Semantically-Joinable__prospect_both_50_30_ac3_av,196,6,0.0,0.0,0.0,38
distance_topological,2,ChEMBL__View-Unionable__assays_both_0_70_ac1_av,380,16,1.0,0.375,0.5454545454545454,38
distance_topological,2,OpenData__Unionable__miller2_horizontal_100_ac2_av,2601,51,1.0,0.39215686274509803,0.5633802816901409,38
distance_topological,2,ChEMBL__Joinable__assays_vertical_70_ac3_ev,380,16,1.0,0.3125,0.47619047619047616,38
distance_topological,2,OpenData__Unionable__miller2_horizontal_100_ac3_ev,2601,51,1.0,0.11764705882352941,0.21052631578947367,38
distance_topological,2,TPC-DI__Semantically-Joinable__prospect_both_50_50_ac2_av,272,11,0.3333333333333333,0.09090909090909091,0.14285714285714285,38
distance_topological,2,OpenData__Unionable__miller2_horizontal_100_ac4_av,2601,51,1.0,0.13725490196078433,0.2413793103448276,38
distance_topological,2,OpenData__Unionable__miller2_horizontal_100_ac4_ev,2601,51,1.0,0.21568627450980393,0.3548387096774194,38
distance_topological,2,ChEMBL__Semantically-Joinable__assays_both_50_1_ac1_av,144,1,1.0,1.0,1.0,38
distance_topological,2,TPC-DI__Semantically-Joinable__prospect_both_50_50_ec_av,272,11,1.0,0.6363636363636364,0.7777777777777778,38
distance_topological,2,TPC-DI__Semantically-Joinable__prospect_both_50_70_ac2_av,342,15,0.7142857142857143,0.3333333333333333,0.45454545454545453,38
distance_topological,2,TPC-DI__Semantically-Joinable__prospect_both_50_70_ac3_av,342,15,0.0,0.0,0.0,38
distance_topological,2,Magellan__amazon_google_exp,16,4,1.0,0.5,0.6666666666666666,38
distance_topological,2,TPC-DI__Semantically-Joinable__prospect_both_50_70_ac5_av,342,15,0.0,0.0,0.0,38
distance_topological,2,Magellan__dblp_acm,25,5,1.0,0.6,0.75,38
distance_topological,2,TPC-DI__Semantically-Joinable__prospect_vertical_1_ac1_av,132,1,1.0,1.0,1.0,38
distance_topological,2,OpenData__Unionable__miller2_horizontal_50_ac4_av,2601,51,1.0,0.23529411764705882,0.38095238095238093,38
distance_topological,2,TPC-DI__Semantically-Joinable__prospect_vertical_1_ac3_av,132,1,1.0,1.0,1.0,38
distance_topological,2,ChEMBL__Semantically-Joinable__assays_both_50_30_ac5_av,210,6,1.0,0.16666666666666666,0.2857142857142857,38
distance_topological,2,OpenData__Unionable__miller2_horizontal_50_ac5_av,2601,51,1.0,0.11764705882352941,0.21052631578947367,38
distance_topological,2,OpenData__Joinable__miller2_both_50_1_ac2_ev,676,1,0.0,0.0,0.0,38
distance_topological,2,ChEMBL__Semantically-Joinable__assays_both_50_50_ac2_av,289,11,1.0,0.18181818181818182,0.3076923076923077,38
distance_topological,2,OpenData__Unionable__miller2_horizontal_50_ec_av,2601,51,1.0,0.9019607843137255,0.9484536082474226,38
distance_topological,2,ChEMBL__Semantically-Joinable__assays_both_50_50_ac4_av,289,11,1.0,0.2727272727272727,0.42857142857142855,38
distance_topological,2,OpenData__View -Unionable__miller2_both_0_1_ac1_ev,676,1,0.0,0.0,0.0,38
distance_topological,2,ChEMBL__Semantically-Joinable__assays_both_50_50_ec_av,289,11,1.0,0.8181818181818182,0.9,38
distance_topological,2,OpenData__Joinable__miller2_both_50_30_ac1_ev,1089,15,1.0,0.3333333333333333,0.5,38
distance_topological,2,OpenData__View -Unionable__miller2_both_0_1_ac2_ev,676,1,0.0,0.0,0.0,38
distance_topological,2,OpenData__View -Unionable__miller2_both_0_1_ac3_av,676,1,0.0,0.0,0.0,38
distance_topological,2,TPC-DI__Semantically-Joinable__prospect_vertical_50_ac2_av,272,11,1.0,0.36363636363636365,0.5333333333333333,38
distance_topological,2,ChEMBL__Semantically-Joinable__assays_both_50_70_ac4_av,380,16,1.0,0.0625,0.11764705882352941,38
distance_topological,2,OpenData__View -Unionable__miller2_both_0_1_ac4_av,676,1,0.0,0.0,0.0,38
distance_topological,2,TPC-DI__Semantically-Joinable__prospect_vertical_50_ac3_av,272,11,0.0,0.0,0.0,38
distance_topological,2,OpenData__Joinable__miller2_both_50_30_ec_ev,1089,15,1.0,0.8,0.8888888888888888,38
distance_topological,2,TPC-DI__Semantically-Joinable__prospect_vertical_50_ac4_av,272,11,1.0,0.09090909090909091,0.16666666666666666,38
distance_topological,2,OpenData__View -Unionable__miller2_both_0_1_ac5_av,676,1,0.0,0.0,0.0,38
distance_topological,2,ChEMBL__Semantically-Joinable__assays_vertical_1_ac2_av,144,1,0.0,0.0,0.0,38
distance_topological,2,OpenData__Joinable__miller2_both_50_50_ac4_ev,1444,25,1.0,0.12,0.21428571428571427,38
distance_topological,2,TPC-DI__Semantically-Joinable__prospect_vertical_70_ac3_av,342,15,1.0,0.2,0.3333333333333333,38
distance_topological,2,ChEMBL__Semantically-Joinable__assays_vertical_1_ac5_av,144,1,0.0,0.0,0.0,38
distance_topological,2,OpenData__View -Unionable__miller2_both_0_30_ac1_ev,1089,15,1.0,0.26666666666666666,0.42105263157894735,38
distance_topological,2,OpenData__Joinable__miller2_both_50_70_ac2_ev,1849,35,1.0,0.34285714285714286,0.5106382978723404,38
distance_topological,2,OpenData__View -Unionable__miller2_both_0_30_ac2_ev,1089,15,1.0,0.4666666666666667,0.6363636363636364,38
distance_topological,2,ChEMBL__Semantically-Joinable__assays_vertical_30_ac3_av,210,6,0.0,0.0,0.0,38
distance_topological,2,TPC-DI__Unionable__prospect_horizontal_0_ac1_ev,484,22,1.0,0.3181818181818182,0.4827586206896552,38
distance_topological,2,OpenData__Joinable__miller2_both_50_70_ac5_ev,1849,35,1.0,0.11428571428571428,0.20512820512820512,38
distance_topological,2,OpenData__View -Unionable__miller2_both_0_30_ac4_av,1089,15,0.0,0.0,0.0,38
distance_topological,2,TPC-DI__Unionable__prospect_horizontal_0_ac2_av,484,22,1.0,0.22727272727272727,0.37037037037037035,38
distance_topological,2,ChEMBL__Semantically-Joinable__assays_vertical_30_ec_av,210,6,1.0,0.8333333333333334,0.9090909090909091,38
distance_topological,2,TPC-DI__Unionable__prospect_horizontal_0_ac3_av,484,22,1.0,0.13636363636363635,0.24,38
distance_topological,2,OpenData__Joinable__miller2_vertical_1_ac2_ev,676,1,0.0,0.0,0.0,38
distance_topological,2,TPC-DI__Unionable__prospect_horizontal_0_ac4_av,484,22,1.0,0.09090909090909091,0.16666666666666666,38
distance_topological,2,TPC-DI__Unionable__prospect_horizontal_0_ac4_ev,484,22,1.0,0.13636363636363635,0.24,38
distance_topological,2,OpenData__Joinable__miller2_vertical_1_ac5_ev,676,1,0.0,0.0,0.0,38
distance_topological,2,TPC-DI__Unionable__prospect_horizontal_0_ac5_av,484,22,1.0,0.09090909090909091,0.16666666666666666,38
distance_topological,2,OpenData__Joinable__miller2_vertical_1_ec_ev,676,1,1.0,1.0,1.0,38
distance_topological,2,OpenData__View -Unionable__miller2_both_0_50_ac1_ev,1444,25,1.0,0.16,0.27586206896551724,38
distance_topological,2,OpenData__View -Unionable__miller2_both_0_50_ac2_av,1444,25,1.0,0.08,0.14814814814814814,38
distance_topological,2,ChEMBL__Semantically-Joinable__assays_vertical_70_ac1_av,380,16,1.0,0.4375,0.6086956521739131,38
distance_topological,2,ChEMBL__Semantically-Joinable__assays_vertical_70_ac2_av,380,16,1.0,0.125,0.2222222222222222,38
distance_topological,2,OpenData__Joinable__miller2_vertical_30_ac3_ev,1089,15,1.0,0.26666666666666666,0.42105263157894735,38
distance_topological,2,OpenData__View -Unionable__miller2_both_0_50_ac3_av,1444,25,1.0,0.04,0.07692307692307693,38
distance_topological,2,TPC-DI__Unionable__prospect_horizontal_100_ac1_av,484,22,1.0,0.3181818181818182,0.4827586206896552,38
distance_topological,2,ChEMBL__Semantically-Joinable__assays_vertical_70_ac3_av,380,16,1.0,0.125,0.2222222222222222,38
distance_topological,2,OpenData__View -Unionable__miller2_both_0_50_ac3_ev,1444,25,1.0,0.16,0.27586206896551724,38
distance_topological,2,ChEMBL__Semantically-Joinable__assays_vertical_70_ac4_av,380,16,0.7142857142857143,0.3125,0.43478260869565216,38
distance_topological,2,OpenData__Joinable__miller2_vertical_30_ac5_ev,1089,15,1.0,0.06666666666666667,0.125,38
distance_topological,2,ChEMBL__Semantically-Joinable__assays_vertical_70_ac5_av,380,16,0.6666666666666666,0.125,0.21052631578947367,38
distance_topological,2,OpenData__Joinable__miller2_vertical_50_ac2_ev,1444,25,1.0,0.44,0.6111111111111112,38
distance_topological,2,ChEMBL__Unionable__assays_horizontal_0_ac1_ev,529,23,1.0,0.5652173913043478,0.7222222222222222,38
distance_topological,2,TPC-DI__Unionable__prospect_horizontal_100_ac4_av,484,22,1.0,0.13636363636363635,0.24,38
distance_topological,2,OpenData__View -Unionable__miller2_both_0_50_ec_ev,1444,25,1.0,1.0,1.0,38
distance_topological,2,ChEMBL__Unionable__assays_horizontal_0_ac2_ev,529,23,1.0,0.34782608695652173,0.5161290322580645,38
distance_topological,2,OpenData__Joinable__miller2_vertical_70_ac1_ev,1849,35,1.0,0.45714285714285713,0.6274509803921569,38
distance_topological,2,OpenData__Joinable__miller2_vertical_70_ac2_ev,1849,35,1.0,0.4857142857142857,0.6538461538461539,38
distance_topological,2,OpenData__View -Unionable__miller2_both_0_70_ac2_ev,1849,35,1.0,0.34285714285714286,0.5106382978723404,38
distance_topological,2,ChEMBL__Unionable__assays_horizontal_0_ac4_ev,529,23,1.0,0.391304347826087,0.5625,38
distance_topological,2,TPC-DI__Unionable__prospect_horizontal_50_ac1_av,484,22,1.0,0.3181818181818182,0.4827586206896552,38
distance_topological,2,ChEMBL__Unionable__assays_horizontal_0_ac5_av,529,23,0.875,0.30434782608695654,0.45161290322580644,38
distance_topological,2,OpenData__Joinable__miller2_vertical_70_ac4_ev,1849,35,1.0,0.4,0.5714285714285714,38
distance_topological,2,ChEMBL__Unionable__assays_horizontal_0_ac5_ev,529,23,1.0,0.30434782608695654,0.4666666666666667,38
distance_topological,2,ChEMBL__Unionable__assays_horizontal_0_ec_av,529,23,0.95,0.8260869565217391,0.8837209302325582,38
distance_topological,2,OpenData__View -Unionable__miller2_both_0_70_ac5_ev,1849,35,1.0,0.14285714285714285,0.25,38
distance_topological,2,ChEMBL__Unionable__assays_horizontal_100_ac1_ev,529,23,1.0,0.5652173913043478,0.7222222222222222,38
distance_topological,2,TPC-DI__Unionable__prospect_horizontal_50_ac4_av,484,22,1.0,0.22727272727272727,0.37037037037037035,38
distance_topological,2,ChEMBL__Unionable__assays_horizontal_100_ac2_av,529,23,1.0,0.30434782608695654,0.4666666666666667,38
distance_topological,2,TPC-DI__Unionable__prospect_horizontal_50_ac4_ev,484,22,1.0,0.13636363636363635,0.24,38
distance_topological,2,ChEMBL__Unionable__assays_horizontal_100_ac2_ev,529,23,1.0,0.2608695652173913,0.41379310344827586,38
distance_topological,2,OpenData__Semantically-Joinable__miller2_both_50_1_ec_av,676,1,1.0,1.0,1.0,38
distance_topological,2,ChEMBL__Unionable__assays_horizontal_100_ac4_av,529,23,1.0,0.30434782608695654,0.4666666666666667,38
distance_topological,2,OpenData__Semantically-Joinable__miller2_both_50_30_ac2_av,1089,15,1.0,0.06666666666666667,0.125,38
distance_topological,2,TPC-DI__Joinable__prospect_both_50_1_ec_ev,132,1,1.0,1.0,1.0,38
distance_topological,2,OpenData__Semantically-Joinable__miller2_both_50_30_ac5_av,1089,15,0.0,0.0,0.0,38
distance_topological,2,OpenData__Semantically-Joinable__miller2_both_50_30_ec_av,1089,15,1.0,0.6666666666666666,0.8,38
distance_topological,2,TPC-DI__View-Unionable__prospect_both_0_1_ac2_ev,132,1,0.0,0.0,0.0,38
distance_topological,2,TPC-DI__Joinable__prospect_both_50_30_ac3_ev,196,6,0.0,0.0,0.0,38
distance_topological,2,TPC-DI__View-Unionable__prospect_both_0_1_ac3_ev,132,1,0.0,0.0,0.0,38
distance_topological,2,ChEMBL__Unionable__assays_horizontal_50_ac2_av,529,23,1.0,0.2608695652173913,0.41379310344827586,38
distance_topological,2,OpenData__Semantically-Joinable__miller2_both_50_50_ac4_av,1444,25,1.0,0.08,0.14814814814814814,38
distance_topological,2,TPC-DI__Joinable__prospect_both_50_30_ec_ev,196,6,1.0,0.6666666666666666,0.8,38
distance_topological,2,TPC-DI__View-Unionable__prospect_both_0_1_ac4_ev,132,1,0.0,0.0,0.0,38
distance_topological,2,TPC-DI__Joinable__prospect_both_50_50_ac1_ev,272,11,1.0,0.18181818181818182,0.3076923076923077,38
distance_topological,2,TPC-DI__Joinable__prospect_both_50_50_ac2_ev,272,11,1.0,0.18181818181818182,0.3076923076923077,38
distance_topological,2,TPC-DI__View-Unionable__prospect_both_0_1_ac5_ev,132,1,0.0,0.0,0.0,38
distance_topological,2,OpenData__Semantically-Joinable__miller2_both_50_70_ac1_av,1849,35,1.0,0.17142857142857143,0.2926829268292683,38
distance_topological,2,TPC-DI__Joinable__prospect_both_50_50_ac4_ev,272,11,1.0,0.09090909090909091,0.16666666666666666,38
distance_topological,2,TPC-DI__View-Unionable__prospect_both_0_30_ac1_av,196,6,1.0,0.3333333333333333,0.5,38
distance_topological,3,ChEMBL__Unionable__assays_horizontal_50_ac5_ev,529,23,1.0,0.30434782608695654,0.4666666666666667,38
distance_topological,3,OpenData__Semantically-Joinable__miller2_both_50_70_ac5_av,1849,35,0.0,0.0,0.0,38
distance_topological,3,OpenData__Semantically-Joinable__miller2_both_50_70_ec_av,1849,35,1.0,0.6285714285714286,0.7719298245614035,38
distance_topological,3,TPC-DI__View-Unionable__prospect_both_0_30_ac3_av,196,6,0.0,0.0,0.0,38
distance_topological,3,ChEMBL__Joinable__assays_both_50_1_ac5_ev,144,1,0.0,0.0,0.0,38
distance_topological,3,TPC-DI__Joinable__prospect_both_50_70_ac5_ev,342,15,1.0,0.4,0.5714285714285714,38
distance_topological,3,TPC-DI__View-Unionable__prospect_both_0_30_ac4_ev,196,6,1.0,0.5,0.6666666666666666,38
distance_topological,3,TPC-DI__Joinable__prospect_vertical_1_ac1_ev,132,1,1.0,1.0,1.0,38
distance_topological,3,ChEMBL__Joinable__assays_both_50_30_ac3_ev,210,6,1.0,0.3333333333333333,0.5,38
distance_topological,3,TPC-DI__View-Unionable__prospect_both_0_30_ac5_ev,196,6,1.0,0.16666666666666666,0.2857142857142857,38
distance_topological,3,TPC-DI__Joinable__prospect_vertical_1_ac3_ev,132,1,1.0,1.0,1.0,38
distance_topological,3,OpenData__Semantically-Joinable__miller2_vertical_30_ac2_av,1089,15,1.0,0.13333333333333333,0.23529411764705882,38
distance_topological,3,TPC-DI__View-Unionable__prospect_both_0_30_ec_ev,196,6,1.0,0.5,0.6666666666666666,38
distance_topological,3,ChEMBL__View-Unionable__assays_both_0_1_ac4_ev,144,1,0.0,0.0,0.0,38
distance_topological,3,ChEMBL__Joinable__assays_both_50_50_ac1_ev,289,11,1.0,0.5454545454545454,0.7058823529411765,38
distance_topological,3,OpenData__Semantically-Joinable__miller2_vertical_30_ac4_av,1089,15,1.0,0.2,0.3333333333333333,38
distance_topological,3,TPC-DI__View-Unionable__prospect_both_0_50_ac2_av,272,11,0.6666666666666666,0.18181818181818182,0.2857142857142857,38
distance_topological,3,ChEMBL__Joinable__assays_both_50_50_ac3_ev,289,11,1.0,0.2727272727272727,0.42857142857142855,38
distance_topological,3,TPC-DI__View-Unionable__prospect_both_0_50_ac2_ev,272,11,1.0,0.18181818181818182,0.3076923076923077,38
distance_topological,3,ChEMBL__Joinable__assays_both_50_50_ac4_ev,289,11,1.0,0.36363636363636365,0.5333333333333333,38
distance_topological,3,OpenData__Semantically-Joinable__miller2_vertical_50_ac1_av,1444,25,0.8333333333333334,0.2,0.3225806451612903,38
distance_topological,3,TPC-DI__Joinable__prospect_vertical_30_ac3_ev,196,6,1.0,0.5,0.6666666666666666,38
distance_topological,3,ChEMBL__View-Unionable__assays_both_0_30_ac1_av,210,6,1.0,0.16666666666666666,0.2857142857142857,38
distance_topological,3,OpenData__Semantically-Joinable__miller2_vertical_50_ac2_av,1444,25,0.6666666666666666,0.16,0.25806451612903225,38
distance_topological,3,TPC-DI__Joinable__prospect_vertical_30_ac4_ev,196,6,1.0,0.6666666666666666,0.8,38
distance_topological,3,TPC-DI__View-Unionable__prospect_both_0_50_ac3_ev,272,11,1.0,0.36363636363636365,0.5333333333333333,38
distance_topological,3,ChEMBL__Joinable__assays_both_50_50_ec_ev,289,11,1.0,0.6363636363636364,0.7777777777777778,38
distance_topological,3,ChEMBL__View-Unionable__assays_both_0_30_ac2_av,210,6,1.0,0.3333333333333333,0.5,38
distance_topological,3,OpenData__Semantically-Joinable__miller2_vertical_50_ac5_av,1444,25,1.0,0.04,0.07692307692307693,38
distance_topological,3,ChEMBL__View-Unionable__assays_both_0_30_ac3_ev,210,6,0.0,0.0,0.0,38
distance_topological,3,ChEMBL__Joinable__assays_both_50_70_ac5_ev,380,16,1.0,0.25,0.4,38
distance_topological,3,OpenData__Semantically-Joinable__miller2_vertical_70_ac2_av,1849,35,0.6666666666666666,0.22857142857142856,0.3404255319148936,38
distance_topological,3,TPC-DI__Joinable__prospect_vertical_50_ac4_ev,272,11,1.0,0.45454545454545453,0.625,38
distance_topological,3,ChEMBL__Joinable__assays_both_50_70_ec_ev,380,16,1.0,0.8125,0.896551724137931,38
distance_topological,3,ChEMBL__View-Unionable__assays_both_0_30_ac4_ev,210,6,1.0,0.3333333333333333,0.5,38
distance_topological,3,TPC-DI__Joinable__prospect_vertical_50_ac5_ev,272,11,1.0,0.2727272727272727,0.42857142857142855,38
distance_topological,3,ChEMBL__Joinable__assays_vertical_1_ac1_ev,144,1,1.0,1.0,1.0,38
distance_topological,3,ChEMBL__View-Unionable__assays_both_0_30_ac5_ev,210,6,1.0,0.16666666666666666,0.2857142857142857,38
distance_topological,3,TPC-DI__View-Unionable__prospect_both_0_70_ac2_av,342,15,0.5,0.2,0.2857142857142857,38
distance_topological,3,TPC-DI__View-Unionable__prospect_both_0_70_ac3_av,342,15,1.0,0.13333333333333333,0.23529411764705882,38
distance_topological,3,TPC-DI__Joinable__prospect_vertical_70_ac4_ev,342,15,1.0,0.4,0.5714285714285714,38
distance_topological,3,TPC-DI__View-Unionable__prospect_both_0_70_ac3_ev,342,15,1.0,0.26666666666666666,0.42105263157894735,38
distance_topological,3,OpenData__Unionable__miller2_horizontal_0_ac2_av,2601,51,0.9615384615384616,0.49019607843137253,0.6493506493506493,38
distance_topological,3,ChEMBL__Joinable__assays_vertical_30_ac1_ev,210,6,1.0,0.8333333333333334,0.9090909090909091,38
distance_topological,3,OpenData__Unionable__miller2_horizontal_0_ac2_ev,2601,51,0.9642857142857143,0.5294117647058824,0.6835443037974683,38
distance_topological,3,TPC-DI__Joinable__prospect_vertical_70_ec_ev,342,15,1.0,0.9333333333333333,0.9655172413793104,38
distance_topological,3,TPC-DI__View-Unionable__prospect_both_0_70_ac4_ev,342,15,0.8571428571428571,0.4,0.5454545454545454,38
distance_topological,3,ChEMBL__Joinable__assays_vertical_30_ac2_ev,210,6,1.0,0.16666666666666666,0.2857142857142857,38
distance_topological,3,ChEMBL__View-Unionable__assays_both_0_50_ac3_ev,289,11,1.0,0.36363636363636365,0.5333333333333333,38
distance_topological,3,TPC-DI__View-Unionable__prospect_both_0_70_ec_av,342,15,1.0,0.8,0.8888888888888888,38
distance_topological,3,ChEMBL__Joinable__assays_vertical_30_ac5_ev,210,6,1.0,0.3333333333333333,0.5,38
distance_topological,3,ChEMBL__View-Unionable__assays_both_0_50_ac4_av,289,11,0.8,0.36363636363636365,0.5,38
distance_topological,3,ChEMBL__View-Unionable__assays_both_0_50_ac4_ev,289,11,1.0,0.2727272727272727,0.42857142857142855,38
distance_topological,3,OpenData__Unionable__miller2_horizontal_0_ac5_av,2601,51,1.0,0.21568627450980393,0.3548387096774194,38
distance_topological,3,OpenData__Unionable__miller2_horizontal_0_ec_av,2601,51,0.7419354838709677,0.9019607843137255,0.8141592920353983,38
distance_topological,3,ChEMBL__Joinable__assays_vertical_50_ac3_ev,289,11,1.0,0.6363636363636364,0.7777777777777778,38
distance_topological,3,TPC-DI__Semantically-Joinable__prospect_both_50_30_ac2_av,196,6,1.0,0.5,0.6666666666666666,38
distance_topological,3,Wikidata__Musicians__Musicians_viewunion,169,5,0.6666666666666666,0.8,0.7272727272727273,38
distance_topological,3,TPC-DI__Semantically-Joinable__prospect_both_50_30_ac3_av,196,6,0.0,0.0,0.0,38
distance_topological,3,OpenData__Unionable__miller2_horizontal_100_ac1_ev,2601,51,1.0,0.4117647058823529,0.5833333333333334,38
distance_topological,3,TPC-DI__Semantically-Joinable__prospect_both_50_30_ac4_av,196,6,1.0,0.16666666666666666,0.2857142857142857,38
distance_topological,3,ChEMBL__View-Unionable__assays_both_0_70_ac1_ev,380,16,1.0,0.5625,0.72,38
distance_topological,3,OpenData__Unionable__miller2_horizontal_100_ac2_av,2601,51,0.9354838709677419,0.5686274509803921,0.7073170731707317,38
distance_topological,3,ChEMBL__View-Unionable__assays_both_0_70_ac2_av,380,16,1.0,0.1875,0.3157894736842105,38
distance_topological,3,OpenData__Unionable__miller2_horizontal_100_ac3_av,2601,51,1.0,0.17647058823529413,0.3,38
distance_topological,3,TPC-DI__Semantically-Joinable__prospect_both_50_50_ac1_av,272,11,1.0,0.6363636363636364,0.7777777777777778,38
distance_topological,3,ChEMBL__Joinable__assays_vertical_70_ac3_ev,380,16,1.0,0.5,0.6666666666666666,38
distance_topological,3,ChEMBL__Joinable__assays_vertical_70_ec_ev,380,16,1.0,0.9375,0.967741935483871,38
distance_topological,3,ChEMBL__View-Unionable__assays_both_0_70_ac4_ev,380,16,1.0,0.4375,0.6086956521739131,38
distance_topological,3,ChEMBL__View-Unionable__assays_both_0_70_ac5_av,380,16,0.5,0.0625,0.1111111111111111,38
distance_topological,3,OpenData__Unionable__miller2_horizontal_100_ac5_ev,2601,51,1.0,0.21568627450980393,0.3548387096774194,38
distance_topological,3,TPC-DI__Semantically-Joinable__prospect_both_50_70_ac1_av,342,15,1.0,0.4,0.5714285714285714,38
distance_topological,3,ChEMBL__View-Unionable__assays_both_0_70_ec_av,380,16,0.9230769230769231,0.75,0.8275862068965517,38
distance_topological,3,OpenData__Unionable__miller2_horizontal_100_ec_ev,2601,51,1.0,0.9019607843137255,0.9484536082474226,38
distance_topological,3,TPC-DI__Semantically-Joinable__prospect_both_50_70_ac2_av,342,15,0.6666666666666666,0.4,0.5,38
distance_topological,3,ChEMBL__Semantically-Joinable__assays_both_50_1_ac4_av,144,1,0.0,0.0,0.0,38
distance_topological,3,OpenData__Unionable__miller2_horizontal_50_ac1_av,2601,51,1.0,0.4117647058823529,0.5833333333333334,38
distance_topological,3,TPC-DI__Semantically-Joinable__prospect_both_50_70_ac4_av,342,15,1.0,0.2,0.3333333333333333,38
distance_topological,3,ChEMBL__Semantically-Joinable__assays_both_50_1_ec_av,144,1,1.0,1.0,1.0,38
distance_topological,3,TPC-DI__Semantically-Joinable__prospect_both_50_70_ac5_av,342,15,1.0,0.13333333333333333,0.23529411764705882,38
distance_topological,3,Magellan__fodors_zagats,49,7,0.875,1.0,0.9333333333333333,38
distance_topological,3,Magellan__itunes_amazon,81,9,1.0,0.6666666666666666,0.8,38
distance_topological,3,TPC-DI__Semantically-Joinable__prospect_vertical_1_ac3_av,132,1,1.0,1.0,1.0,38
distance_topological,3,OpenData__Joinable__miller2_both_50_1_ac1_ev,676,1,0.0,0.0,0.0,38
distance_topological,3,TPC-DI__Semantically-Joinable__prospect_vertical_1_ec_av,132,1,1.0,1.0,1.0,38
distance_topological,3,OpenData__Joinable__miller2_both_50_1_ac3_ev,676,1,0.0,0.0,0.0,38
distance_topological,3,OpenData__Unionable__miller2_horizontal_50_ec_av,2601,51,1.0,0.9019607843137255,0.9484536082474226,38
distance_topological,3,ChEMBL__Semantically-Joinable__assays_both_50_50_ac3_av,289,11,1.0,0.2727272727272727,0.42857142857142855,38
distance_topological,3,ChEMBL__Semantically-Joinable__assays_both_50_50_ac4_av,289,11,0.75,0.2727272727272727,0.4,38
distance_topological,3,OpenData__View -Unionable__miller2_both_0_1_ac1_ev,676,1,0.0,0.0,0.0,38
distance_topological,3,ChEMBL__Semantically-Joinable__assays_both_50_50_ec_av,289,11,0.8888888888888888,0.7272727272727273,0.8,38
distance_topological,3,OpenData__View -Unionable__miller2_both_0_1_ac2_av,676,1,0.0,0.0,0.0,38
distance_topological,3,TPC-DI__Semantically-Joinable__prospect_vertical_30_ac5_av,196,6,1.0,0.16666666666666666,0.2857142857142857,38
distance_topological,3,ChEMBL__Semantically-Joinable__assays_both_50_70_ac1_av,380,16,1.0,0.4375,0.6086956521739131,38
distance_topological,3,OpenData__View -Unionable__miller2_both_0_1_ac2_ev,676,1,0.0,0.0,0.0,38
distance_topological,3,ChEMBL__Semantically-Joinable__assays_both_50_70_ac2_av,380,16,0.8,0.25,0.38095238095238093,38
distance_topological,3,ChEMBL__Semantically-Joinable__assays_both_50_70_ac3_av,380,16,1.0,0.1875,0.3157894736842105,38
distance_topological,3,ChEMBL__Semantically-Joinable__assays_both_50_70_ec_av,380,16,0.9230769230769231,0.75,0.8275862068965517,38
distance_topological,3,OpenData__View -Unionable__miller2_both_0_1_ac5_av,676,1,0.0,0.0,0.0,38
distance_topological,3,TPC-DI__Semantically-Joinable__prospect_vertical_50_ac5_av,272,11,1.0,0.18181818181818182,0.3076923076923077,38
distance_topological,3,ChEMBL__Semantically-Joinable__assays_vertical_1_ac1_av,144,1,1.0,1.0,1.0,38
distance_topological,3,OpenData__Joinable__miller2_both_50_50_ac2_ev,1444,25,1.0,0.52,0.6842105263157895,38
distance_topological,3,ChEMBL__Semantically-Joinable__assays_vertical_1_ac4_av,144,1,0.0,0.0,0.0,38
distance_topological,3,ChEMBL__Semantically-Joinable__assays_vertical_1_ac5_av,144,1,0.0,0.0,0.0,38
distance_topological,3,TPC-DI__Semantically-Joinable__prospect_vertical_70_ac4_av,342,15,1.0,0.13333333333333333,0.23529411764705882,38
distance_topological,3,ChEMBL__Semantically-Joinable__assays_vertical_1_ec_av,144,1,1.0,1.0,1.0,38
distance_topological,3,OpenData__Joinable__miller2_both_50_70_ac1_ev,1849,35,1.0,0.4857142857142857,0.6538461538461539,38
distance_topological,3,TPC-DI__Semantically-Joinable__prospect_vertical_70_ec_av,342,15,0.8461538461538461,0.7333333333333333,0.7857142857142857,38
distance_topological,3,OpenData__Joinable__miller2_both_50_70_ac3_ev,1849,35,1.0,0.2,0.3333333333333333,38
distance_topological,3,OpenData__View -Unionable__miller2_both_0_30_ac4_av,1089,15,1.0,0.2,0.3333333333333333,38
distance_topological,3,OpenData__Joinable__miller2_both_50_70_ec_ev,1849,35,1.0,0.9142857142857143,0.9552238805970149,38
distance_topological,3,TPC-DI__Unionable__prospect_horizontal_0_ac2_ev,484,22,0.9,0.4090909090909091,0.5625,38
distance_topological,3,OpenData__Joinable__miller2_vertical_1_ac2_ev,676,1,0.0,0.0,0.0,38
distance_topological,3,OpenData__Joinable__miller2_vertical_1_ac3_ev,676,1,0.0,0.0,0.0,38
distance_topological,3,TPC-DI__Unionable__prospect_horizontal_0_ac4_av,484,22,1.0,0.2727272727272727,0.42857142857142855,38
distance_topological,3,ChEMBL__Semantically-Joinable__assays_vertical_50_ac3_av,289,11,1.0,0.18181818181818182,0.3076923076923077,38
distance_topological,3,OpenData__Joinable__miller2_vertical_1_ec_ev,676,1,1.0,1.0,1.0,38
distance_topological,3,TPC-DI__Unionable__prospect_horizontal_0_ac5_ev,484,22,1.0,0.3181818181818182,0.4827586206896552,38
distance_topological,3,OpenData__View -Unionable__miller2_both_0_50_ac2_av,1444,25,1.0,0.16,0.27586206896551724,38
distance_topological,3,TPC-DI__Unionable__prospect_horizontal_0_ec_av,484,22,1.0,0.7272727272727273,0.8421052631578947,38
distance_topological,3,OpenData__Joinable__miller2_vertical_30_ac2_ev,1089,15,0.9090909090909091,0.6666666666666666,0.7692307692307693,38
distance_topological,3,TPC-DI__Unionable__prospect_horizontal_0_ec_ev,484,22,1.0,0.7272727272727273,0.8421052631578947,38
distance_topological,3,OpenData__Joinable__miller2_vertical_30_ac3_ev,1089,15,1.0,0.4666666666666667,0.6363636363636364,38
distance_topological,3,OpenData__View -Unionable__miller2_both_0_50_ac3_av,1444,25,0.5,0.04,0.07407407407407407,38
distance_topological,3,OpenData__View -Unionable__miller2_both_0_50_ac4_av,1444,25,1.0,0.32,0.48484848484848486,38
distance_topological,3,TPC-DI__Unionable__prospect_horizontal_100_ac2_av,484,22,1.0,0.5,0.6666666666666666,38
distance_topological,3,OpenData__Joinable__miller2_vertical_30_ec_ev,1089,15,0.9375,1.0,0.967741935483871,38
distance_topological,3,OpenData__View -Unionable__miller2_both_0_50_ac5_av,1444,25,0.0,0.0,0.0,38
distance_topological,3,OpenData__View -Unionable__miller2_both_0_50_ac5_ev,1444,25,1.0,0.2,0.3333333333333333,38
distance_topological,3,ChEMBL__Unionable__assays_horizontal_0_ac2_ev,529,23,0.8888888888888888,0.34782608695652173,0.5,38
distance_topological,3,OpenData__Joinable__miller2_vertical_50_ac5_ev,1444,25,1.0,0.32,0.48484848484848486,38
distance_topological,3,OpenData__View -Unionable__miller2_both_0_70_ac1_av,1849,35,1.0,0.22857142857142856,0.37209302325581395,38
distance_topological,3,OpenData__Joinable__miller2_vertical_50_ec_ev,1444,25,1.0,1.0,1.0,38
distance_topological,3,TPC-DI__Unionable__prospect_horizontal_100_ac5_ev,484,22,1.0,0.3181818181818182,0.4827586206896552,38
distance_topological,3,TPC-DI__Unionable__prospect_horizontal_100_ec_av,484,22,1.0,0.7272727272727273,0.8421052631578947,38
distance_topological,3,ChEMBL__Unionable__assays_horizontal_0_ac4_ev,529,23,1.0,0.391304347826087,0.5625,38
distance_topological,3,OpenData__View -Unionable__miller2_both_0_70_ac3_av,1849,35,0.5,0.02857142857142857,0.05405405405405406,38
distance_topological,3,OpenData__Joinable__miller2_vertical_70_ac5_ev,1849,35,1.0,0.2857142857142857,0.4444444444444444,38
distance_topological,3,OpenData__View -Unionable__miller2_both_0_70_ac4_av,1849,35,1.0,0.22857142857142856,0.37209302325581395,38
distance_topological,3,TPC-DI__Unionable__prospect_horizontal_50_ac2_av,484,22,0.7777777777777778,0.3181818181818182,0.45161290322580644,38
distance_topological,3,ChEMBL__Unionable__assays_horizontal_0_ec_av,529,23,0.9411764705882353,0.6956521739130435,0.8,38
distance_topological,3,OpenData__View -Unionable__miller2_both_0_70_ac4_ev,1849,35,1.0,0.4857142857142857,0.6538461538461539,38
distance_topological,3,TPC-DI__Unionable__prospect_horizontal_50_ac2_ev,484,22,1.0,0.45454545454545453,0.625,38
distance_topological,3,OpenData__Semantically-Joinable__miller2_both_50_1_ac1_av,676,1,0.0,0.0,0.0,38
distance_topological,3,ChEMBL__Unionable__assays_horizontal_100_ac1_av,529,23,1.0,0.5652173913043478,0.7222222222222222,38
distance_topological,3,ChEMBL__Unionable__assays_horizontal_100_ac2_av,529,23,1.0,0.34782608695652173,0.5161290322580645,38
distance_topological,3,OpenData__View -Unionable__miller2_both_0_70_ec_ev,1849,35,1.0,0.9428571428571428,0.9705882352941176,38
distance_topological,3,ChEMBL__Unionable__assays_horizontal_100_ac2_ev,529,23,1.0,0.21739130434782608,0.35714285714285715,38
distance_topological,3,OpenData__Semantically-Joinable__miller2_both_50_1_ac5_av,676,1,0.0,0.0,0.0,38
distance_topological,3,TPC-DI__Unionable__prospect_horizontal_50_ac5_ev,484,22,1.0,0.3181818181818182,0.4827586206896552,38
distance_topological,3,ChEMBL__Unionable__assays_horizontal_100_ac3_ev,529,23,1.0,0.21739130434782608,0.35714285714285715,38
distance_topological,3,TPC-DI__Joinable__prospect_both_50_1_ac3_ev,132,1,0.0,0.0,0.0,38
distance_topological,3,ChEMBL__Unionable__assays_horizontal_100_ac4_ev,529,23,0.9,0.391304347826087,0.5454545454545454,38
distance_topological,3,OpenData__Semantically-Joinable__miller2_both_50_30_ac4_av,1089,15,1.0,0.26666666666666666,0.42105263157894735,38
distance_topological,3,TPC-DI__Joinable__prospect_both_50_30_ac1_ev,196,6,1.0,0.8333333333333334,0.9090909090909091,38
distance_topological,3,OpenData__Semantically-Joinable__miller2_both_50_50_ac1_av,1444,25,1.0,0.08,0.14814814814814814,38
distance_topological,3,TPC-DI__Joinable__prospect_both_50_30_ac4_ev,196,6,1.0,0.6666666666666666,0.8,38
distance_topological,3,TPC-DI__View-Unionable__prospect_both_0_1_ac3_ev,132,1,0.0,0.0,0.0,38
distance_topological,3,ChEMBL__Unionable__assays_horizontal_50_ac1_ev,529,23,1.0,0.5652173913043478,0.7222222222222222,38
distance_topological,3,OpenData__Semantically-Joinable__miller2_both_50_50_ac3_av,1444,25,0.5,0.04,0.07407407407407407,38
distance_topological,3,TPC-DI__Joinable__prospect_both_50_30_ac5_ev,196,6,1.0,0.6666666666666666,0.8,38
distance_topological,3,OpenData__Semantically-Joinable__miller2_both_50_50_ac4_av,1444,25,1.0,0.2,0.3333333333333333,38
distance_topological,3,TPC-DI__Joinable__prospect_both_50_30_ec_ev,196,6,1.0,0.6666666666666666,0.8,38
distance_topological,3,TPC-DI__View-Unionable__prospect_both_0_1_ac5_av,132,1,1.0,1.0,1.0,38
distance_topological,3,ChEMBL__Unionable__assays_horizontal_50_ac3_ev,529,23,1.0,0.21739130434782608,0.35714285714285715,38
distance_topological,3,OpenData__Semantically-Joinable__miller2_both_50_70_ac3_av,1849,35,1.0,0.02857142857142857,0.05555555555555555,38
distance_topological,4,ChEMBL__Joinable__assays_both_50_1_ac2_ev,144,1,0.0,0.0,0.0,38
distance_topological,4,ChEMBL__Unionable__assays_horizontal_50_ac5_ev,529,23,1.0,0.34782608695652173,0.5161290322580645,38
distance_topological,4,TPC-DI__View-Unionable__prospect_both_0_30_ac2_av,196,6,1.0,0.16666666666666666,0.2857142857142857,38
distance_topological,4,ChEMBL__Joinable__assays_both_50_1_ac3_ev,144,1,0.0,0.0,0.0,38
distance_topological,4,OpenData__Semantically-Joinable__miller2_vertical_1_ac1_av,676,1,0.0,0.0,0.0,38
distance_topological,4,ChEMBL__View-Unionable__assays_both_0_1_ac1_ev,144,1,0.0,0.0,0.0,38
distance_topological,4,TPC-DI__View-Unionable__prospect_both_0_30_ac4_av,196,6,1.0,0.3333333333333333,0.5,38
distance_topological,4,ChEMBL__View-Unionable__assays_both_0_1_ac2_av,144,1,0.0,0.0,0.0,38
distance_topological,4,OpenData__Semantically-Joinable__miller2_vertical_1_ac4_av,676,1,0.0,0.0,0.0,38
distance_topological,4,TPC-DI__Joinable__prospect_both_50_70_ec_ev,342,15,1.0,0.6666666666666666,0.8,38
distance_topological,4,ChEMBL__Joinable__assays_both_50_30_ac3_ev,210,6,1.0,0.16666666666666666,0.2857142857142857,38
distance_topological,4,OpenData__Semantically-Joinable__miller2_vertical_1_ec_av,676,1,0.0,0.0,0.0,38
distance_topological,4,TPC-DI__View-Unionable__prospect_both_0_30_ac5_ev,196,6,1.0,0.16666666666666666,0.2857142857142857,38
distance_topological,4,TPC-DI__Joinable__prospect_vertical_1_ac3_ev,132,1,1.0,1.0,1.0,38
distance_topological,4,TPC-DI__View-Unionable__prospect_both_0_30_ec_av,196,6,1.0,0.6666666666666666,0.8,38
distance_topological,4,TPC-DI__Joinable__prospect_vertical_1_ac5_ev,132,1,1.0,1.0,1.0,38
distance_topological,4,TPC-DI__View-Unionable__prospect_both_0_50_ac1_av,272,11,1.0,0.2727272727272727,0.42857142857142855,38
distance_topological,4,ChEMBL__Joinable__assays_both_50_50_ac1_ev,289,11,1.0,0.45454545454545453,0.625,38
distance_topological,4,TPC-DI__Joinable__prospect_vertical_1_ec_ev,132,1,1.0,1.0,1.0,38
distance_topological,4,ChEMBL__View-Unionable__assays_both_0_1_ec_av,144,1,0.0,0.0,0.0,38
distance_topological,4,TPC-DI__Joinable__prospect_vertical_30_ac2_ev,196,6,0.8,0.6666666666666666,0.7272727272727273,38
distance_topological,4,TPC-DI__View-Unionable__prospect_both_0_50_ac2_ev,272,11,1.0,0.36363636363636365,0.5333333333333333,38
distance_topological,4,ChEMBL__Joinable__assays_both_50_50_ac4_ev,289,11,1.0,0.2727272727272727,0.42857142857142855,38
distance_topological,4,OpenData__Semantically-Joinable__miller2_vertical_50_ac2_av,1444,25,0.6666666666666666,0.16,0.25806451612903225,38
distance_topological,4,TPC-DI__View-Unionable__prospect_both_0_50_ac3_ev,272,11,1.0,0.36363636363636365,0.5333333333333333,38
distance_topological,4,ChEMBL__View-Unionable__assays_both_0_30_ac1_ev,210,6,1.0,0.3333333333333333,0.5,38
distance_topological,4,ChEMBL__View-Unionable__assays_both_0_30_ac2_av,210,6,1.0,0.16666666666666666,0.2857142857142857,38
distance_topological,4,OpenData__Semantically-Joinable__miller2_vertical_50_ac4_av,1444,25,0.5,0.08,0.13793103448275862,38
distance_topological,4,ChEMBL__View-Unionable__assays_both_0_30_ac2_ev,210,6,1.0,0.16666666666666666,0.2857142857142857,38
distance_topological,4,OpenData__Semantically-Joinable__miller2_vertical_70_ac1_av,1849,35,1.0,0.17142857142857143,0.2926829268292683,38
distance_topological,4,ChEMBL__Joinable__assays_both_50_70_ac5_ev,380,16,1.0,0.3125,0.47619047619047616,38
distance_topological,4,OpenData__Semantically-Joinable__miller2_vertical_70_ac2_av,1849,35,0.5,0.14285714285714285,0.2222222222222222,38
distance_topological,4,ChEMBL__Joinable__assays_both_50_70_ec_ev,380,16,1.0,0.5625,0.72,38
distance_topological,4,TPC-DI__View-Unionable__prospect_both_0_70_ac1_av,342,15,0.875,0.4666666666666667,0.6086956521739131,38
distance_topological,4,ChEMBL__View-Unionable__assays_both_0_30_ac5_ev,210,6,1.0,0.16666666666666666,0.2857142857142857,38
distance_topological,4,TPC-DI__View-Unionable__prospect_both_0_70_ac2_av,342,15,0.5,0.2,0.2857142857142857,38
distance_topological,4,TPC-DI__Joinable__prospect_vertical_70_ac2_ev,342,15,0.9090909090909091,0.6666666666666666,0.7692307692307693,38
distance_topological,4,ChEMBL__View-Unionable__assays_both_0_30_ec_ev,210,6,1.0,0.6666666666666666,0.8,38
distance_topological,4,OpenData__Unionable__miller2_horizontal_0_ac1_av,2601,51,1.0,0.29411764705882354,0.45454545454545453,38
distance_topological,4,TPC-DI__View-Unionable__prospect_both_0_70_ac3_av,342,15,1.0,0.13333333333333333,0.23529411764705882,38
distance_topological,4,TPC-DI__View-Unionable__prospect_both_0_70_ac4_av,342,15,1.0,0.13333333333333333,0.23529411764705882,38
distance_topological,4,ChEMBL__Joinable__assays_vertical_30_ac1_ev,210,6,1.0,0.5,0.6666666666666666,38
distance_topological,4,TPC-DI__Joinable__prospect_vertical_70_ec_ev,342,15,1.0,0.8,0.8888888888888888,38
distance_topological,4,TPC-DI__View-Unionable__prospect_both_0_70_ac4_ev,342,15,0.8,0.26666666666666666,0.4,38
distance_topological,4,ChEMBL__Joinable__assays_vertical_30_ac2_ev,210,6,1.0,0.16666666666666666,0.2857142857142857,38
distance_topological,4,ChEMBL__View-Unionable__assays_both_0_50_ac2_ev,289,11,1.0,0.36363636363636365,0.5333333333333333,38
distance_topological,4,ChEMBL__Joinable__assays_vertical_30_ac3_ev,210,6,1.0,0.8333333333333334,0.9090909090909091,38
distance_topological,4,TPC-DI__Semantically-Joinable__prospect_both_50_1_ac3_av,132,1,0.0,0.0,0.0,38
distance_topological,4,ChEMBL__Joinable__assays_vertical_30_ac5_ev,210,6,1.0,0.3333333333333333,0.5,38
distance_topological,4,OpenData__Unionable__miller2_horizontal_0_ac5_ev,2601,51,1.0,0.23529411764705882,0.38095238095238093,38
distance_topological,4,TPC-DI__Semantically-Joinable__prospect_both_50_1_ec_av,132,1,1.0,1.0,1.0,38
distance_topological,4,ChEMBL__Joinable__assays_vertical_50_ac2_ev,289,11,1.0,0.2727272727272727,0.42857142857142855,38
distance_topological,4,ChEMBL__View-Unionable__assays_both_0_50_ac5_ev,289,11,1.0,0.2727272727272727,0.42857142857142855,38
distance_topological,4,Wikidata__Musicians__Musicians_unionable,400,19,0.8888888888888888,0.8421052631578947,0.8648648648648649,38
distance_topological,4,ChEMBL__Joinable__assays_vertical_50_ac5_ev,289,11,1.0,0.09090909090909091,0.16666666666666666,38
distance_topological,4,TPC-DI__Semantically-Joinable__prospect_both_50_30_ac4_av,196,6,1.0,0.16666666666666666,0.2857142857142857,38
distance_topological,4,OpenData__Unionable__miller2_horizontal_100_ac2_av,2601,51,0.9411764705882353,0.3137254901960784,0.47058823529411764,38
distance_topological,4,TPC-DI__Semantically-Joinable__prospect_both_50_30_ac5_av,196,6,1.0,0.3333333333333333,0.5,38
distance_topological,4,ChEMBL__View-Unionable__assays_both_0_70_ac2_ev,380,16,1.0,0.1875,0.3157894736842105,38
distance_topological,4,TPC-DI__Semantically-Joinable__prospect_both_50_50_ac1_av,272,11,1.0,0.36363636363636365,0.5333333333333333,38
distance_topological,4,ChEMBL__Joinable__assays_vertical_70_ac3_ev,380,16,1.0,0.375,0.5454545454545454,38
distance_topological,4,ChEMBL__View-Unionable__assays_both_0_70_ac3_av,380,16,1.0,0.1875,0.3157894736842105,38
distance_topological,4,TPC-DI__Semantically-Joinable__prospect_both_50_50_ac2_av,272,11,0.6666666666666666,0.18181818181818182,0.2857142857142857,38
distance_topological,4,ChEMBL__Joinable__assays_vertical_70_ac4_ev,380,16,1.0,0.5625,0.72,38
distance_topological,4,ChEMBL__View-Unionable__assays_both_0_70_ac3_ev,380,16,1.0,0.25,0.4,38
distance_topological,4,ChEMBL__View-Unionable__assays_both_0_70_ac4_ev,380,16,1.0,0.375,0.5454545454545454,38
distance_topological,4,OpenData__Unionable__miller2_horizontal_100_ac5_av,2601,51,1.0,0.23529411764705882,0.38095238095238093,38
distance_topological,4,TPC-DI__Semantically-Joinable__prospect_both_50_50_ac5_av,272,11,0.6666666666666666,0.18181818181818182,0.2857142857142857,38
distance_topological,4,ChEMBL__Semantically-Joinable__assays_both_50_1_ac1_av,144,1,0.0,0.0,0.0,38
distance_topological,4,OpenData__Unionable__miller2_horizontal_100_ac5_ev,2601,51,1.0,0.23529411764705882,0.38095238095238093,38
distance_topological,4,ChEMBL__Semantically-Joinable__assays_both_50_1_ac3_av,144,1,0.0,0.0,0.0,38
distance_topological,4,ChEMBL__View-Unionable__assays_both_0_70_ec_av,380,16,1.0,0.375,0.5454545454545454,38
distance_topological,4,OpenData__Unionable__miller2_horizontal_100_ec_ev,2601,51,1.0,0.6078431372549019,0.7560975609756098,38
distance_topological,4,ChEMBL__Semantically-Joinable__assays_both_50_1_ac4_av,144,1,0.0,0.0,0.0,38
distance_topological,4,OpenData__Unionable__miller2_horizontal_50_ac1_av,2601,51,1.0,0.29411764705882354,0.45454545454545453,38
distance_topological,4,ChEMBL__Semantically-Joinable__assays_both_50_1_ac5_av,144,1,0.0,0.0,0.0,38
distance_topological,4,TPC-DI__Semantically-Joinable__prospect_both_50_70_ac4_av,342,15,1.0,0.13333333333333333,0.23529411764705882,38
distance_topological,4,ChEMBL__Semantically-Joinable__assays_both_50_1_ec_av,144,1,0.0,0.0,0.0,38
distance_topological,4,OpenData__Unionable__miller2_horizontal_50_ac2_av,2601,51,0.9545454545454546,0.4117647058823529,0.5753424657534246,38
distance_topological,4,TPC-DI__Semantically-Joinable__prospect_both_50_70_ac5_av,342,15,1.0,0.06666666666666667,0.125,38
distance_topological,4,OpenData__Unionable__miller2_horizontal_50_ac2_ev,2601,51,0.95,0.37254901960784315,0.5352112676056338,38
distance_topological,4,TPC-DI__Semantically-Joinable__prospect_both_50_70_ec_av,342,15,0.8333333333333334,0.6666666666666666,0.7407407407407407,38
distance_topological,4,TPC-DI__Semantically-Joinable__prospect_vertical_1_ac1_av,132,1,1.0,1.0,1.0,38
distance_topological,4,ChEMBL__Semantically-Joinable__assays_both_50_30_ac3_av,210,6,1.0,0.16666666666666666,0.2857142857142857,38
distance_topological,4,Magellan__itunes_amazon,81,9,1.0,0.6666666666666666,0.8,38
distance_topological,4,Magellan__walmart_amazon,36,6,1.0,0.5,0.6666666666666666,38
distance_topological,4,OpenData__Unionable__miller2_horizontal_50_ac4_ev,2601,51,0.9583333333333334,0.45098039215686275,0.6133333333333333,38
distance_topological,4,OpenData__Joinable__miller2_both_50_1_ac2_ev,676,1,0.0,0.0,0.0,38
distance_topological,4,OpenData__Unionable__miller2_horizontal_50_ac5_ev,2601,51,1.0,0.23529411764705882,0.38095238095238093,38
distance_topological,4,TPC-DI__Semantically-Joinable__prospect_vertical_1_ec_av,132,1,1.0,1.0,1.0,38
distance_topological,4,OpenData__Joinable__miller2_both_50_1_ac4_ev,676,1,0.0,0.0,0.0,38
distance_topological,4,TPC-DI__Semantically-Joinable__prospect_vertical_30_ac2_av,196,6,1.0,0.5,0.6666666666666666,38
distance_topological,4,OpenData__View -Unionable__miller2_both_0_1_ac1_av,676,1,0.0,0.0,0.0,38
distance_topological,4,ChEMBL__Semantically-Joinable__assays_both_50_50_ac5_av,289,11,0.0,0.0,0.0,38
distance_topological,4,OpenData__View -Unionable__miller2_both_0_1_ac1_ev,676,1,0.0,0.0,0.0,38
distance_topological,4,ChEMBL__Semantically-Joinable__assays_both_50_50_ec_av,289,11,1.0,0.45454545454545453,0.625,38
distance_topological,4,ChEMBL__Semantically-Joinable__assays_both_50_70_ac1_av,380,16,0.8,0.25,0.38095238095238093,38
distance_topological,4,TPC-DI__Semantically-Joinable__prospect_vertical_30_ec_av,196,6,1.0,0.8333333333333334,0.9090909090909091,38
distance_topological,4,OpenData__Joinable__miller2_both_50_30_ac3_ev,1089,15,0.0,0.0,0.0,38
distance_topological,4,OpenData__Joinable__miller2_both_50_30_ac5_ev,1089,15,1.0,0.4666666666666667,0.6363636363636364,38
distance_topological,4,OpenData__View -Unionable__miller2_both_0_1_ac4_ev,676,1,0.0,0.0,0.0,38
distance_topological,4,OpenData__View -Unionable__miller2_both_0_1_ac5_av,676,1,0.0,0.0,0.0,38
distance_topological,4,ChEMBL__Semantically-Joinable__assays_vertical_1_ac2_av,144,1,0.0,0.0,0.0,38
distance_topological,4,OpenData__View -Unionable__miller2_both_0_30_ac1_av,1089,15,1.0,0.06666666666666667,0.125,38
distance_topological,4,ChEMBL__Semantically-Joinable__assays_vertical_1_ac5_av,144,1,0.0,0.0,0.0,38
distance_topological,4,OpenData__View -Unionable__miller2_both_0_30_ac2_av,1089,15,0.0,0.0,0.0,38
distance_topological,4,OpenData__Joinable__miller2_both_50_70_ac3_ev,1849,35,1.0,0.17142857142857143,0.2926829268292683,38
distance_topological,4,TPC-DI__Unionable__prospect_horizontal_0_ac1_av,484,22,1.0,0.5454545454545454,0.7058823529411765,38
distance_topological,4,TPC-DI__Unionable__prospect_horizontal_0_ac1_ev,484,22,1.0,0.5454545454545454,0.7058823529411765,38
distance_topological,4,OpenData__Joinable__miller2_both_50_70_ac5_ev,1849,35,1.0,0.22857142857142856,0.37209302325581395,38
distance_topological,4,OpenData__Joinable__miller2_vertical_1_ac1_ev,676,1,0.0,0.0,0.0,38
distance_topological,4,ChEMBL__Semantically-Joinable__assays_vertical_50_ac1_av,289,11,1.0,0.36363636363636365,0.5333333333333333,38
distance_topological,4,ChEMBL__Semantically-Joinable__assays_vertical_50_ac2_av,289,11,1.0,0.2727272727272727,0.42857142857142855,38
distance_topological,4,TPC-DI__Unionable__prospect_horizontal_0_ac4_av,484,22,1.0,0.36363636363636365,0.5333333333333333,38
distance_topological,4,TPC-DI__Unionable__prospect_horizontal_0_ac4_ev,484,22,1.0,0.45454545454545453,0.625,38
distance_topological,4,OpenData__View -Unionable__miller2_both_0_50_ac1_av,1444,25,1.0,0.08,0.14814814814814814,38
distance_topological,4,TPC-DI__Unionable__prospect_horizontal_0_ac5_ev,484,22,1.0,0.3181818181818182,0.4827586206896552,38
distance_topological,4,OpenData__Joinable__miller2_vertical_30_ac1_ev,1089,15,1.0,0.5333333333333333,0.6956521739130435,38
distance_topological,4,OpenData__View -Unionable__miller2_both_0_50_ac2_av,1444,25,0.75,0.12,0.20689655172413793,38
distance_topological,4,OpenData__Joinable__miller2_vertical_30_ac2_ev,1089,15,0.875,0.4666666666666667,0.6086956521739131,38
distance_topological,4,TPC-DI__Unionable__prospect_horizontal_100_ac1_ev,484,22,1.0,0.5454545454545454,0.7058823529411765,38
distance_topological,4,ChEMBL__Semantically-Joinable__assays_vertical_70_ac4_av,380,16,0.6666666666666666,0.25,0.36363636363636365,38
distance_topological,4,OpenData__Joinable__miller2_vertical_30_ac5_ev,1089,15,1.0,0.06666666666666667,0.125,38
distance_topological,4,OpenData__Joinable__miller2_vertical_30_ec_ev,1089,15,1.0,0.5333333333333333,0.6956521739130435,38
distance_topological,4,OpenData__View -Unionable__miller2_both_0_50_ac4_ev,1444,25,1.0,0.48,0.6486486486486487,38
distance_topological,4,TPC-DI__Unionable__prospect_horizontal_100_ac2_ev,484,22,1.0,0.45454545454545453,0.625,38
distance_topological,4,OpenData__Joinable__miller2_vertical_50_ac1_ev,1444,25,1.0,0.52,0.6842105263157895,38
distance_topological,4,OpenData__View -Unionable__miller2_both_0_50_ac5_av,1444,25,0.0,0.0,0.0,38
distance_topological,4,OpenData__View -Unionable__miller2_both_0_50_ac5_ev,1444,25,1.0,0.16,0.27586206896551724,38
distance_topological,4,ChEMBL__Unionable__assays_horizontal_0_ac1_ev,529,23,1.0,0.391304347826087,0.5625,38
distance_topological,4,ChEMBL__Unionable__assays_horizontal_0_ac2_ev,529,23,0.875,0.30434782608695654,0.45161290322580644,38
distance_topological,4,OpenData__Joinable__miller2_vertical_50_ec_ev,1444,25,1.0,0.56,0.717948717948718,38
distance_topological,4,OpenData__View -Unionable__miller2_both_0_70_ac1_ev,1849,35,1.0,0.37142857142857144,0.5416666666666666,38
distance_topological,4,OpenData__View -Unionable__miller2_both_0_70_ac2_ev,1849,35,0.9166666666666666,0.3142857142857143,0.46808510638297873,38
distance_topological,4,OpenData__Joinable__miller2_vertical_70_ac4_ev,1849,35,1.0,0.42857142857142855,0.6,38
distance_topological,4,TPC-DI__Unionable__prospect_horizontal_50_ac1_ev,484,22,1.0,0.5454545454545454,0.7058823529411765,38
distance_topological,4,ChEMBL__Unionable__assays_horizontal_0_ac5_ev,529,23,1.0,0.34782608695652173,0.5161290322580645,38
distance_topological,4,OpenData__View -Unionable__miller2_both_0_70_ac5_av,1849,35,0.6666666666666666,0.05714285714285714,0.10526315789473684,38
distance_topological,4,TPC-DI__Unionable__prospect_horizontal_50_ac3_ev,484,22,1.0,0.22727272727272727,0.37037037037037035,38
distance_topological,4,ChEMBL__Unionable__assays_horizontal_100_ac1_ev,529,23,1.0,0.391304347826087,0.5625,38
distance_topological,4,OpenData__Semantically-Joinable__miller2_both_50_1_ac3_av,676,1,0.0,0.0,0.0,38
distance_topological,4,OpenData__View -Unionable__miller2_both_0_70_ec_av,1849,35,1.0,0.42857142857142855,0.6,38
distance_topological,4,OpenData__Semantically-Joinable__miller2_both_50_1_ac4_av,676,1,0.0,0.0,0.0,38
distance_topological,4,ChEMBL__Unionable__assays_horizontal_100_ac2_ev,529,23,1.0,0.30434782608695654,0.4666666666666667,38
distance_topological,4,TPC-DI__Joinable__prospect_both_50_1_ac1_ev,132,1,1.0,1.0,1.0,38
distance_topological,4,TPC-DI__Joinable__prospect_both_50_1_ac2_ev,132,1,1.0,1.0,1.0,38
distance_topological,4,OpenData__Semantically-Joinable__miller2_both_50_30_ac1_av,1089,15,1.0,0.06666666666666667,0.125,38
distance_topological,4,TPC-DI__Unionable__prospect_horizontal_50_ec_av,484,22,1.0,0.6818181818181818,0.8108108108108109,38
distance_topological,4,OpenData__Semantically-Joinable__miller2_both_50_30_ac2_av,1089,15,1.0,0.06666666666666667,0.125,38
distance_topological,4,TPC-DI__Joinable__prospect_both_50_1_ac4_ev,132,1,1.0,1.0,1.0,38
distance_topological,4,TPC-DI__Unionable__prospect_horizontal_50_ec_ev,484,22,1.0,0.6818181818181818,0.8108108108108109,38
distance_topological,4,TPC-DI__Joinable__prospect_both_50_1_ec_ev,132,1,1.0,1.0,1.0,38
distance_topological,4,OpenData__Semantically-Joinable__miller2_both_50_30_ac5_av,1089,15,1.0,0.06666666666666667,0.125,38
distance_topological,4,TPC-DI__Joinable__prospect_both_50_30_ac2_ev,196,6,1.0,0.3333333333333333,0.5,38
distance_topological,4,TPC-DI__View-Unionable__prospect_both_0_1_ac2_ev,132,1,1.0,1.0,1.0,38
distance_topological,4,ChEMBL__Unionable__assays_horizontal_100_ec_ev,529,23,1.0,0.4782608695652174,0.6470588235294118,38
distance_topological,4,OpenData__Semantically-Joinable__miller2_both_50_50_ac1_av,1444,25,1.0,0.08,0.14814814814814814,38
distance_topological,4,ChEMBL__Unionable__assays_horizontal_50_ac1_av,529,23,1.0,0.391304347826087,0.5625,38
distance_topological,4,TPC-DI__Joinable__prospect_both_50_30_ac4_ev,196,6,1.0,0.5,0.6666666666666666,38
distance_topological,4,ChEMBL__Unionable__assays_horizontal_50_ac1_ev,529,23,1.0,0.391304347826087,0.5625,38
distance_topological,4,OpenData__Semantically-Joinable__miller2_both_50_50_ac3_av,1444,25,1.0,0.04,0.07692307692307693,38
distance_topological,4,TPC-DI__Joinable__prospect_both_50_30_ec_ev,196,6,1.0,0.6666666666666666,0.8,38
distance_topological,4,OpenData__Semantically-Joinable__miller2_both_50_50_ac5_av,1444,25,1.0,0.04,0.07692307692307693,38
distance_topological,4,ChEMBL__Unionable__assays_horizontal_50_ac3_av,529,23,1.0,0.17391304347826086,0.2962962962962963,38
distance_topological,4,ChEMBL__Unionable__assays_horizontal_50_ac3_ev,529,23,1.0,0.17391304347826086,0.2962962962962963,38
distance_topological,4,TPC-DI__View-Unionable__prospect_both_0_30_ac1_av,196,6,0.5,0.3333333333333333,0.4,38
distance_topological,5,ChEMBL__Unionable__assays_horizontal_50_ec_av,529,23,1.0,0.5652173913043478,0.7222222222222222,38
distance_topological,5,TPC-DI__Joinable__prospect_both_50_70_ac2_ev,342,15,1.0,0.5333333333333333,0.6956521739130435,38
distance_topological,5,ChEMBL__Unionable__assays_horizontal_50_ec_ev,529,23,1.0,0.5652173913043478,0.7222222222222222,38
distance_topological,5,TPC-DI__Joinable__prospect_both_50_70_ac3_ev,342,15,1.0,0.26666666666666666,0.42105263157894735,38
distance_topological,5,TPC-DI__Joinable__prospect_both_50_70_ac4_ev,342,15,1.0,0.6666666666666666,0.8,38
distance_topological,5,ChEMBL__Joinable__assays_both_50_1_ec_ev,144,1,0.0,0.0,0.0,38
distance_topological,5,ChEMBL__Joinable__assays_both_50_30_ac1_ev,210,6,1.0,0.5,0.6666666666666666,38
distance_topological,5,OpenData__Semantically-Joinable__miller2_vertical_1_ac5_av,676,1,0.0,0.0,0.0,38
distance_topological,5,TPC-DI__View-Unionable__prospect_both_0_30_ac5_av,196,6,1.0,0.16666666666666666,0.2857142857142857,38
distance_topological,5,ChEMBL__Joinable__assays_both_50_30_ac4_ev,210,6,1.0,0.5,0.6666666666666666,38
distance_topological,5,ChEMBL__View-Unionable__assays_both_0_1_ac3_ev,144,1,0.0,0.0,0.0,38
distance_topological,5,ChEMBL__Joinable__assays_both_50_30_ac5_ev,210,6,1.0,0.3333333333333333,0.5,38
distance_topological,5,ChEMBL__View-Unionable__assays_both_0_1_ac5_av,144,1,0.0,0.0,0.0,38
distance_topological,5,ChEMBL__Joinable__assays_both_50_50_ac2_ev,289,11,1.0,0.18181818181818182,0.3076923076923077,38
distance_topological,5,TPC-DI__Joinable__prospect_vertical_30_ac1_ev,196,6,1.0,1.0,1.0,38
distance_topological,5,OpenData__Semantically-Joinable__miller2_vertical_30_ec_av,1089,15,1.0,0.6,0.75,38
distance_topological,5,ChEMBL__View-Unionable__assays_both_0_1_ec_ev,144,1,0.0,0.0,0.0,38
distance_topological,5,TPC-DI__View-Unionable__prospect_both_0_50_ac3_av,272,11,1.0,0.18181818181818182,0.3076923076923077,38
distance_topological,5,ChEMBL__Joinable__assays_both_50_50_ac5_ev,289,11,1.0,0.2727272727272727,0.42857142857142855,38
distance_topological,5,TPC-DI__Joinable__prospect_vertical_30_ac5_ev,196,6,1.0,0.5,0.6666666666666666,38
distance_topological,5,TPC-DI__View-Unionable__prospect_both_0_50_ac4_av,272,11,1.0,0.18181818181818182,0.3076923076923077,38
distance_topological,5,ChEMBL__Joinable__assays_both_50_70_ac1_ev,380,16,1.0,0.3125,0.47619047619047616,38
distance_topological,5,TPC-DI__View-Unionable__prospect_both_0_50_ac4_ev,272,11,1.0,0.6363636363636364,0.7777777777777778,38
distance_topological,5,ChEMBL__Joinable__assays_both_50_70_ac2_ev,380,16,1.0,0.4375,0.6086956521739131,38
distance_topological,5,TPC-DI__View-Unionable__prospect_both_0_50_ac5_av,272,11,1.0,0.2727272727272727,0.42857142857142855,38
distance_topological,5,ChEMBL__View-Unionable__assays_both_0_30_ac3_av,210,6,0.0,0.0,0.0,38
distance_topological,5,OpenData__Semantically-Joinable__miller2_vertical_50_ec_av,1444,25,1.0,0.6,0.75,38
distance_topological,5,TPC-DI__Joinable__prospect_vertical_50_ac2_ev,272,11,1.0,0.6363636363636364,0.7777777777777778,38
distance_topological,5,TPC-DI__View-Unionable__prospect_both_0_50_ac5_ev,272,11,1.0,0.09090909090909091,0.16666666666666666,38
distance_topological,5,TPC-DI__Joinable__prospect_vertical_50_ac3_ev,272,11,0.875,0.6363636363636364,0.7368421052631579,38
distance_topological,5,ChEMBL__View-Unionable__assays_both_0_30_ac4_av,210,6,1.0,0.16666666666666666,0.2857142857142857,38
distance_topological,5,OpenData__Semantically-Joinable__miller2_vertical_70_ac3_av,1849,35,0.6,0.08571428571428572,0.15,38
distance_topological,5,ChEMBL__View-Unionable__assays_both_0_30_ac5_av,210,6,0.0,0.0,0.0,38
distance_topological,5,TPC-DI__View-Unionable__prospect_both_0_70_ac1_ev,342,15,1.0,0.5333333333333333,0.6956521739130435,38
distance_topological,5,ChEMBL__Joinable__assays_vertical_1_ac3_ev,144,1,0.0,0.0,0.0,38
distance_topological,5,ChEMBL__Joinable__assays_vertical_1_ac4_ev,144,1,0.0,0.0,0.0,38
distance_topological,5,TPC-DI__Joinable__prospect_vertical_70_ac3_ev,342,15,0.9230769230769231,0.8,0.8571428571428571,38
distance_topological,5,ChEMBL__Joinable__assays_vertical_1_ac5_ev,144,1,0.0,0.0,0.0,38
distance_topological,5,OpenData__Unionable__miller2_horizontal_0_ac3_av,2601,51,1.0,0.23529411764705882,0.38095238095238093,38
distance_topological,5,TPC-DI__Semantically-Joinable__prospect_both_50_1_ac1_av,132,1,1.0,1.0,1.0,38
distance_topological,5,OpenData__Unionable__miller2_horizontal_0_ac3_ev,2601,51,1.0,0.23529411764705882,0.38095238095238093,38
distance_topological,5,ChEMBL__Joinable__assays_vertical_30_ac4_ev,210,6,1.0,0.5,0.6666666666666666,38
distance_topological,5,TPC-DI__Semantically-Joinable__prospect_both_50_1_ac4_av,132,1,0.0,0.0,0.0,38
distance_topological,5,TPC-DI__View-Unionable__prospect_both_0_70_ec_ev,342,15,1.0,0.7333333333333333,0.8461538461538461,38
distance_topological,5,TPC-DI__Semantically-Joinable__prospect_both_50_1_ac5_av,132,1,1.0,1.0,1.0,38
distance_topological,5,Wikidata__Musicians__Musicians_joinable,169,6,1.0,0.8333333333333334,0.9090909090909091,38
distance_topological,5,ChEMBL__View-Unionable__assays_both_0_50_ac5_av,289,11,1.0,0.09090909090909091,0.16666666666666666,38
distance_topological,5,TPC-DI__Semantically-Joinable__prospect_both_50_30_ac1_av,196,6,1.0,0.5,0.6666666666666666,38
distance_topological,5,OpenData__Unionable__miller2_horizontal_100_ac1_av,2601,51,1.0,0.45098039215686275,0.6216216216216216,38
distance_topological,5,ChEMBL__Joinable__assays_vertical_70_ac1_ev,380,16,1.0,0.75,0.8571428571428571,38
distance_topological,5,ChEMBL__Joinable__assays_vertical_70_ac2_ev,380,16,1.0,0.5,0.6666666666666666,38
distance_topological,5,TPC-DI__Semantically-Joinable__prospect_both_50_50_ac3_av,272,11,0.6666666666666666,0.18181818181818182,0.2857142857142857,38
distance_topological,5,ChEMBL__Joinable__assays_vertical_70_ac5_ev,380,16,1.0,0.4375,0.6086956521739131,38
distance_topological,5,ChEMBL__View-Unionable__assays_both_0_70_ac4_av,380,16,0.6666666666666666,0.25,0.36363636363636365,38
distance_topological,5,OpenData__Unionable__miller2_horizontal_100_ec_av,2601,51,1.0,0.803921568627451,0.8913043478260869,38
distance_topological,5,ChEMBL__View-Unionable__assays_both_0_70_ec_ev,380,16,1.0,0.5,0.6666666666666666,38
distance_topological,5,OpenData__Unionable__miller2_horizontal_50_ac1_ev,2601,51,1.0,0.45098039215686275,0.6216216216216216,38
distance_topological,5,Magellan__beeradvo_ratebeer,25,5,0.8,0.8,0.8,38
distance_topological,5,OpenData__Unionable__miller2_horizontal_50_ac3_ev,2601,51,1.0,0.23529411764705882,0.38095238095238093,38
distance_topological,5,ChEMBL__Semantically-Joinable__assays_both_50_30_ac4_av,210,6,1.0,0.6666666666666666,0.8,38
distance_topological,5,ChEMBL__Semantically-Joinable__assays_both_50_30_ec_av,210,6,1.0,0.5,0.6666666666666666,38
distance_topological,5,TPC-DI__Semantically-Joinable__prospect_vertical_1_ac5_av,132,1,0.0,0.0,0.0,38
distance_topological,5,ChEMBL__Semantically-Joinable__assays_both_50_50_ac1_av,289,11,1.0,0.36363636363636365,0.5333333333333333,38
distance_topological,5,TPC-DI__Semantically-Joinable__prospect_vertical_30_ac1_av,196,6,1.0,0.5,0.6666666666666666,38
distance_topological,5,OpenData__Joinable__miller2_both_50_1_ac5_ev,676,1,0.0,0.0,0.0,38
distance_topological,5,TPC-DI__Semantically-Joinable__prospect_vertical_30_ac3_av,196,6,1.0,0.5,0.6666666666666666,38
distance_topological,5,OpenData__Joinable__miller2_both_50_30_ac2_ev,1089,15,1.0,0.4,0.5714285714285714,38
distance_topological,5,OpenData__Joinable__miller2_both_50_30_ac4_ev,1089,15,1.0,0.26666666666666666,0.42105263157894735,38
distance_topological,5,ChEMBL__Semantically-Joinable__assays_both_50_70_ac5_av,380,16,1.0,0.1875,0.3157894736842105,38
distance_topological,5,OpenData__Joinable__miller2_both_50_50_ac1_ev,1444,25,1.0,0.56,0.717948717948718,38
distance_topological,5,OpenData__View -Unionable__miller2_both_0_1_ec_av,676,1,1.0,1.0,1.0,38
distance_topological,5,ChEMBL__Semantically-Joinable__assays_vertical_1_ac3_av,144,1,0.0,0.0,0.0,38
distance_topological,5,OpenData__View -Unionable__miller2_both_0_1_ec_ev,676,1,1.0,1.0,1.0,38
distance_topological,5,OpenData__Joinable__miller2_both_50_50_ec_ev,1444,25,1.0,0.8,0.8888888888888888,38
distance_topological,5,TPC-DI__Semantically-Joinable__prospect_vertical_70_ac5_av,342,15,1.0,0.2,0.3333333333333333,38
distance_topological,5,ChEMBL__Semantically-Joinable__assays_vertical_30_ac1_av,210,6,1.0,0.5,0.6666666666666666,38
distance_topological,5,ChEMBL__Semantically-Joinable__assays_vertical_30_ac2_av,210,6,1.0,0.16666666666666666,0.2857142857142857,38
distance_topological,5,OpenData__Joinable__miller2_both_50_70_ac4_ev,1849,35,1.0,0.4,0.5714285714285714,38
distance_topological,5,OpenData__View -Unionable__miller2_both_0_30_ac3_ev,1089,15,1.0,0.4,0.5714285714285714,38
distance_topological,5,ChEMBL__Semantically-Joinable__assays_vertical_30_ac4_av,210,6,1.0,0.16666666666666666,0.2857142857142857,38
distance_topological,5,OpenData__View -Unionable__miller2_both_0_30_ac4_ev,1089,15,1.0,0.6,0.75,38
distance_topological,5,OpenData__View -Unionable__miller2_both_0_30_ac5_ev,1089,15,1.0,0.13333333333333333,0.23529411764705882,38
distance_topological,5,ChEMBL__Semantically-Joinable__assays_vertical_70_ec_av,380,16,1.0,0.5625,0.72,38
distance_topological,5,TPC-DI__Unionable__prospect_horizontal_100_ac3_av,484,22,1.0,0.3181818181818182,0.4827586206896552,38
distance_topological,5,TPC-DI__Unionable__prospect_horizontal_100_ac3_ev,484,22,1.0,0.3181818181818182,0.4827586206896552,38
distance_topological,5,OpenData__Joinable__miller2_vertical_50_ac4_ev,1444,25,0.9090909090909091,0.4,0.5555555555555556,38
distance_topological,5,OpenData__View -Unionable__miller2_both_0_70_ac2_av,1849,35,0.9,0.2571428571428571,0.4,38
distance_topological,5,ChEMBL__Unionable__assays_horizontal_0_ac4_av,529,23,0.9166666666666666,0.4782608695652174,0.6285714285714286,38
distance_topological,5,TPC-DI__Unionable__prospect_horizontal_100_ec_ev,484,22,1.0,0.8181818181818182,0.9,38
distance_topological,5,OpenData__Joinable__miller2_vertical_70_ac3_ev,1849,35,1.0,0.42857142857142855,0.6,38
distance_topological,5,OpenData__Joinable__miller2_vertical_70_ec_ev,1849,35,0.9411764705882353,0.9142857142857143,0.927536231884058,38
distance_topological,5,TPC-DI__Unionable__prospect_horizontal_50_ac3_av,484,22,1.0,0.3181818181818182,0.4827586206896552,38
distance_topological,5,OpenData__Semantically-Joinable__miller2_both_50_1_ac2_av,676,1,0.0,0.0,0.0,38
distance_topological,5,ChEMBL__Unionable__assays_horizontal_100_ac3_av,529,23,1.0,0.17391304347826086,0.2962962962962963,38
distance_topological,5,TPC-DI__Joinable__prospect_both_50_1_ac5_ev,132,1,0.0,0.0,0.0,38
distance_topological,5,TPC-DI__View-Unionable__prospect_both_0_1_ac1_av,132,1,1.0,1.0,1.0,38
distance_topological,5,TPC-DI__View-Unionable__prospect_both_0_1_ac2_av,132,1,1.0,1.0,1.0,38
distance_topological,5,ChEMBL__Unionable__assays_horizontal_100_ec_av,529,23,1.0,0.5652173913043478,0.7222222222222222,38
distance_topological,5,TPC-DI__View-Unionable__prospect_both_0_1_ac4_av,132,1,1.0,1.0,1.0,38
distance_topological,5,ChEMBL__Unionable__assays_horizontal_50_ac2_ev,529,23,1.0,0.34782608695652173,0.5161290322580645,38
distance_topological,5,TPC-DI__View-Unionable__prospect_both_0_1_ec_av,132,1,1.0,1.0,1.0,38
distance_topological,5,ChEMBL__Unionable__assays_horizontal_50_ac4_av,529,23,1.0,0.5217391304347826,0.6857142857142857,38
distance_topological,5,OpenData__Semantically-Joinable__miller2_both_50_70_ac2_av,1849,35,0.8571428571428571,0.17142857142857143,0.2857142857142857,38
distance_topological,5,TPC-DI__Joinable__prospect_both_50_50_ac5_ev,272,11,1.0,0.18181818181818182,0.3076923076923077,38
pearson085_rf_importance_k10,0,ChEMBL__Unionable__assays_horizontal_50_ac5_av,529,23,1.0,0.34782608695652173,0.5161290322580645,10
pearson085_rf_importance_k10,0,OpenData__Semantically-Joinable__miller2_both_50_70_ac4_av,1849,35,1.0,0.2571428571428571,0.4090909090909091,10
pearson085_rf_importance_k10,0,TPC-DI__Joinable__prospect_both_50_50_ec_ev,272,11,1.0,0.36363636363636365,0.5333333333333333,10
pearson085_rf_importance_k10,0,TPC-DI__View-Unionable__prospect_both_0_30_ac1_ev,196,6,1.0,0.5,0.6666666666666666,10
pearson085_rf_importance_k10,0,ChEMBL__Joinable__assays_both_50_1_ac2_ev,144,1,0.0,0.0,0.0,10
pearson085_rf_importance_k10,0,ChEMBL__Unionable__assays_horizontal_50_ac5_ev,529,23,1.0,0.34782608695652173,0.5161290322580645,10
pearson085_rf_importance_k10,0,ChEMBL__Joinable__assays_both_50_1_ac3_ev,144,1,0.0,0.0,0.0,10
pearson085_rf_importance_k10,0,TPC-DI__View-Unionable__prospect_both_0_30_ac2_ev,196,6,1.0,0.5,0.6666666666666666,10
pearson085_rf_importance_k10,0,OpenData__Semantically-Joinable__miller2_vertical_1_ac4_av,676,1,0.0,0.0,0.0,10
pearson085_rf_importance_k10,0,TPC-DI__Joinable__prospect_both_50_70_ec_ev,342,15,1.0,0.4666666666666667,0.6363636363636364,10
pearson085_rf_importance_k10,0,ChEMBL__View-Unionable__assays_both_0_1_ac2_ev,144,1,0.0,0.0,0.0,10
pearson085_rf_importance_k10,0,TPC-DI__Joinable__prospect_vertical_1_ac2_ev,132,1,1.0,1.0,1.0,10
pearson085_rf_importance_k10,0,TPC-DI__View-Unionable__prospect_both_0_30_ec_av,196,6,1.0,0.3333333333333333,0.5,10
pearson085_rf_importance_k10,0,OpenData__Semantically-Joinable__miller2_vertical_30_ac2_av,1089,15,0.9,0.6,0.72,10
pearson085_rf_importance_k10,0,ChEMBL__Joinable__assays_both_50_30_ec_ev,210,6,1.0,0.3333333333333333,0.5,10
pearson085_rf_importance_k10,0,TPC-DI__View-Unionable__prospect_both_0_50_ac1_av,272,11,1.0,0.18181818181818182,0.3076923076923077,10
pearson085_rf_importance_k10,0,TPC-DI__Joinable__prospect_vertical_1_ec_ev,132,1,1.0,1.0,1.0,10
pearson085_rf_importance_k10,0,TPC-DI__View-Unionable__prospect_both_0_50_ac1_ev,272,11,1.0,0.36363636363636365,0.5333333333333333,10
pearson085_rf_importance_k10,0,ChEMBL__View-Unionable__assays_both_0_30_ac1_av,210,6,1.0,0.16666666666666666,0.2857142857142857,10
pearson085_rf_importance_k10,0,OpenData__Semantically-Joinable__miller2_vertical_50_ac3_av,1444,25,1.0,0.32,0.48484848484848486,10
pearson085_rf_importance_k10,0,ChEMBL__View-Unionable__assays_both_0_30_ac2_av,210,6,1.0,0.16666666666666666,0.2857142857142857,10
pearson085_rf_importance_k10,0,OpenData__Semantically-Joinable__miller2_vertical_50_ac4_av,1444,25,1.0,0.24,0.3870967741935484,10
pearson085_rf_importance_k10,0,OpenData__Semantically-Joinable__miller2_vertical_50_ac5_av,1444,25,1.0,0.12,0.21428571428571427,10
pearson085_rf_importance_k10,0,TPC-DI__Joinable__prospect_vertical_50_ac1_ev,272,11,1.0,0.9090909090909091,0.9523809523809523,10
pearson085_rf_importance_k10,0,ChEMBL__Joinable__assays_both_50_70_ac3_ev,380,16,1.0,0.375,0.5454545454545454,10
pearson085_rf_importance_k10,0,ChEMBL__Joinable__assays_both_50_70_ac4_ev,380,16,1.0,0.5625,0.72,10
pearson085_rf_importance_k10,0,OpenData__Semantically-Joinable__miller2_vertical_70_ac2_av,1849,35,0.9375,0.42857142857142855,0.5882352941176471,10
pearson085_rf_importance_k10,0,ChEMBL__Joinable__assays_both_50_70_ec_ev,380,16,1.0,0.625,0.7692307692307693,10
pearson085_rf_importance_k10,0,TPC-DI__Joinable__prospect_vertical_50_ac5_ev,272,11,1.0,1.0,1.0,10
pearson085_rf_importance_k10,0,OpenData__Semantically-Joinable__miller2_vertical_70_ac4_av,1849,35,0.7777777777777778,0.2,0.3181818181818182,10
pearson085_rf_importance_k10,0,TPC-DI__Joinable__prospect_vertical_50_ec_ev,272,11,1.0,1.0,1.0,10
pearson085_rf_importance_k10,0,TPC-DI__Joinable__prospect_vertical_70_ac1_ev,342,15,1.0,1.0,1.0,10
pearson085_rf_importance_k10,0,ChEMBL__View-Unionable__assays_both_0_30_ec_av,210,6,1.0,0.16666666666666666,0.2857142857142857,10
pearson085_rf_importance_k10,0,OpenData__Unionable__miller2_horizontal_0_ac1_ev,2601,51,1.0,0.5490196078431373,0.7088607594936709,10
pearson085_rf_importance_k10,0,TPC-DI__Joinable__prospect_vertical_70_ac4_ev,342,15,1.0,0.9333333333333333,0.9655172413793104,10
pearson085_rf_importance_k10,0,TPC-DI__View-Unionable__prospect_both_0_70_ac3_ev,342,15,1.0,0.3333333333333333,0.5,10
pearson085_rf_importance_k10,0,ChEMBL__Joinable__assays_vertical_1_ec_ev,144,1,1.0,1.0,1.0,10
pearson085_rf_importance_k10,0,OpenData__Unionable__miller2_horizontal_0_ac2_av,2601,51,0.9285714285714286,0.7647058823529411,0.8387096774193549,10
pearson085_rf_importance_k10,0,TPC-DI__View-Unionable__prospect_both_0_70_ac4_ev,342,15,1.0,0.4666666666666667,0.6363636363636364,10
pearson085_rf_importance_k10,0,ChEMBL__Joinable__assays_vertical_30_ac3_ev,210,6,1.0,1.0,1.0,10
pearson085_rf_importance_k10,0,ChEMBL__View-Unionable__assays_both_0_50_ac3_av,289,11,0.0,0.0,0.0,10
pearson085_rf_importance_k10,0,TPC-DI__View-Unionable__prospect_both_0_70_ac5_ev,342,15,1.0,0.4666666666666667,0.6363636363636364,10
pearson085_rf_importance_k10,0,ChEMBL__View-Unionable__assays_both_0_50_ac3_ev,289,11,1.0,0.45454545454545453,0.625,10
pearson085_rf_importance_k10,0,ChEMBL__Joinable__assays_vertical_30_ec_ev,210,6,1.0,1.0,1.0,10
pearson085_rf_importance_k10,0,ChEMBL__View-Unionable__assays_both_0_50_ac4_ev,289,11,1.0,0.2727272727272727,0.42857142857142855,10
pearson085_rf_importance_k10,0,ChEMBL__Joinable__assays_vertical_50_ac2_ev,289,11,1.0,0.9090909090909091,0.9523809523809523,10
pearson085_rf_importance_k10,0,Wikidata__Musicians__Musicians_unionable,400,19,0.9444444444444444,0.8947368421052632,0.918918918918919,10
pearson085_rf_importance_k10,0,ChEMBL__Joinable__assays_vertical_50_ac4_ev,289,11,1.0,0.7272727272727273,0.8421052631578947,10
pearson085_rf_importance_k10,0,ChEMBL__View-Unionable__assays_both_0_50_ec_ev,289,11,1.0,0.6363636363636364,0.7777777777777778,10
pearson085_rf_importance_k10,0,ChEMBL__View-Unionable__assays_both_0_70_ac1_av,380,16,1.0,0.125,0.2222222222222222,10
pearson085_rf_importance_k10,0,OpenData__Unionable__miller2_horizontal_100_ac1_ev,2601,51,1.0,0.5490196078431373,0.7088607594936709,10
pearson085_rf_importance_k10,0,ChEMBL__Joinable__assays_vertical_50_ec_ev,289,11,1.0,0.9090909090909091,0.9523809523809523,10
pearson085_rf_importance_k10,0,ChEMBL__View-Unionable__assays_both_0_70_ac2_av,380,16,1.0,0.25,0.4,10
pearson085_rf_importance_k10,0,TPC-DI__Semantically-Joinable__prospect_both_50_50_ac1_av,272,11,1.0,0.2727272727272727,0.42857142857142855,10
pearson085_rf_importance_k10,0,ChEMBL__Joinable__assays_vertical_70_ac3_ev,380,16,1.0,0.8125,0.896551724137931,10
pearson085_rf_importance_k10,0,OpenData__Unionable__miller2_horizontal_100_ac3_ev,2601,51,1.0,0.47058823529411764,0.64,10
pearson085_rf_importance_k10,0,ChEMBL__View-Unionable__assays_both_0_70_ac3_ev,380,16,1.0,0.375,0.5454545454545454,10
pearson085_rf_importance_k10,0,OpenData__Unionable__miller2_horizontal_100_ac4_ev,2601,51,1.0,0.6470588235294118,0.7857142857142857,10
pearson085_rf_importance_k10,0,TPC-DI__Semantically-Joinable__prospect_both_50_50_ac4_av,272,11,1.0,0.09090909090909091,0.16666666666666666,10
pearson085_rf_importance_k10,0,ChEMBL__Joinable__assays_vertical_70_ec_ev,380,16,1.0,1.0,1.0,10
pearson085_rf_importance_k10,0,ChEMBL__View-Unionable__assays_both_0_70_ac4_ev,380,16,1.0,0.3125,0.47619047619047616,10
pearson085_rf_importance_k10,0,TPC-DI__Semantically-Joinable__prospect_both_50_50_ac5_av,272,11,1.0,0.09090909090909091,0.16666666666666666,10
pearson085_rf_importance_k10,0,ChEMBL__View-Unionable__assays_both_0_70_ac5_av,380,16,0.0,0.0,0.0,10
pearson085_rf_importance_k10,0,OpenData__Unionable__miller2_horizontal_100_ac5_ev,2601,51,1.0,0.37254901960784315,0.5428571428571428,10
pearson085_rf_importance_k10,0,ChEMBL__Semantically-Joinable__assays_both_50_1_ac2_av,144,1,0.0,0.0,0.0,10
pearson085_rf_importance_k10,0,ChEMBL__View-Unionable__assays_both_0_70_ac5_ev,380,16,1.0,0.375,0.5454545454545454,10
pearson085_rf_importance_k10,0,TPC-DI__Semantically-Joinable__prospect_both_50_70_ac1_av,342,15,1.0,0.2,0.3333333333333333,10
pearson085_rf_importance_k10,0,ChEMBL__View-Unionable__assays_both_0_70_ec_av,380,16,1.0,0.25,0.4,10
pearson085_rf_importance_k10,0,ChEMBL__Semantically-Joinable__assays_both_50_1_ac4_av,144,1,0.0,0.0,0.0,10
pearson085_rf_importance_k10,0,OpenData__Unionable__miller2_horizontal_50_ac1_av,2601,51,1.0,0.5490196078431373,0.7088607594936709,10
pearson085_rf_importance_k10,0,ChEMBL__Semantically-Joinable__assays_both_50_1_ec_av,144,1,0.0,0.0,0.0,10
pearson085_rf_importance_k10,0,TPC-DI__Semantically-Joinable__prospect_both_50_70_ac5_av,342,15,1.0,0.2,0.3333333333333333,10
pearson085_rf_importance_k10,0,ChEMBL__Semantically-Joinable__assays_both_50_30_ac1_av,210,6,0.0,0.0,0.0,10
pearson085_rf_importance_k10,0,Magellan__dblp_acm,25,5,1.0,0.8,0.8888888888888888,10
pearson085_rf_importance_k10,0,ChEMBL__Semantically-Joinable__assays_both_50_30_ac2_av,210,6,1.0,0.16666666666666666,0.2857142857142857,10
pearson085_rf_importance_k10,0,Magellan__dblp_scholar,25,5,1.0,0.4,0.5714285714285714,10
pearson085_rf_importance_k10,0,OpenData__Unionable__miller2_horizontal_50_ac3_av,2601,51,1.0,0.47058823529411764,0.64,10
pearson085_rf_importance_k10,0,TPC-DI__Semantically-Joinable__prospect_vertical_1_ac2_av,132,1,1.0,1.0,1.0,10
pearson085_rf_importance_k10,0,OpenData__Unionable__miller2_horizontal_50_ac4_av,2601,51,1.0,0.6470588235294118,0.7857142857142857,10
pearson085_rf_importance_k10,0,TPC-DI__Semantically-Joinable__prospect_vertical_1_ac4_av,132,1,1.0,1.0,1.0,10
pearson085_rf_importance_k10,0,OpenData__Joinable__miller2_both_50_1_ac1_ev,676,1,1.0,1.0,1.0,10
pearson085_rf_importance_k10,0,OpenData__Joinable__miller2_both_50_1_ac2_ev,676,1,1.0,1.0,1.0,10
pearson085_rf_importance_k10,0,OpenData__Unionable__miller2_horizontal_50_ac5_ev,2601,51,1.0,0.37254901960784315,0.5428571428571428,10
pearson085_rf_importance_k10,0,TPC-DI__Semantically-Joinable__prospect_vertical_1_ec_av,132,1,1.0,1.0,1.0,10
pearson085_rf_importance_k10,0,ChEMBL__Semantically-Joinable__assays_both_50_50_ac2_av,289,11,1.0,0.18181818181818182,0.3076923076923077,10
pearson085_rf_importance_k10,0,OpenData__Joinable__miller2_both_50_1_ac3_ev,676,1,1.0,1.0,1.0,10
pearson085_rf_importance_k10,0,OpenData__Unionable__miller2_horizontal_50_ec_ev,2601,51,1.0,0.6862745098039216,0.813953488372093,10
pearson085_rf_importance_k10,0,ChEMBL__Semantically-Joinable__assays_both_50_50_ac5_av,289,11,0.0,0.0,0.0,10
pearson085_rf_importance_k10,0,ChEMBL__Semantically-Joinable__assays_both_50_50_ec_av,289,11,1.0,0.18181818181818182,0.3076923076923077,10
pearson085_rf_importance_k10,0,TPC-DI__Semantically-Joinable__prospect_vertical_30_ac5_av,196,6,1.0,0.3333333333333333,0.5,10
pearson085_rf_importance_k10,0,OpenData__View -Unionable__miller2_both_0_1_ac2_ev,676,1,1.0,1.0,1.0,10
pearson085_rf_importance_k10,0,OpenData__View -Unionable__miller2_both_0_1_ac3_av,676,1,0.0,0.0,0.0,10
pearson085_rf_importance_k10,0,TPC-DI__Semantically-Joinable__prospect_vertical_50_ac1_av,272,11,1.0,0.36363636363636365,0.5333333333333333,10
pearson085_rf_importance_k10,0,TPC-DI__Semantically-Joinable__prospect_vertical_50_ac2_av,272,11,0.8333333333333334,0.45454545454545453,0.5882352941176471,10
pearson085_rf_importance_k10,0,OpenData__Joinable__miller2_both_50_30_ec_ev,1089,15,1.0,0.8,0.8888888888888888,10
pearson085_rf_importance_k10,0,TPC-DI__Semantically-Joinable__prospect_vertical_50_ac4_av,272,11,1.0,0.2727272727272727,0.42857142857142855,10
pearson085_rf_importance_k10,0,TPC-DI__Semantically-Joinable__prospect_vertical_50_ec_av,272,11,1.0,0.5454545454545454,0.7058823529411765,10
pearson085_rf_importance_k10,0,TPC-DI__Semantically-Joinable__prospect_vertical_70_ac2_av,342,15,0.7142857142857143,0.3333333333333333,0.45454545454545453,10
pearson085_rf_importance_k10,0,OpenData__Joinable__miller2_both_50_50_ac5_ev,1444,25,1.0,0.32,0.48484848484848486,10
pearson085_rf_importance_k10,0,ChEMBL__Semantically-Joinable__assays_vertical_1_ac5_av,144,1,1.0,1.0,1.0,10
pearson085_rf_importance_k10,0,OpenData__Joinable__miller2_both_50_70_ac1_ev,1849,35,1.0,0.5714285714285714,0.7272727272727273,10
pearson085_rf_importance_k10,0,OpenData__View -Unionable__miller2_both_0_30_ac3_av,1089,15,1.0,0.26666666666666666,0.42105263157894735,10
pearson085_rf_importance_k10,0,TPC-DI__Unionable__prospect_horizontal_0_ac1_av,484,22,1.0,0.45454545454545453,0.625,10
pearson085_rf_importance_k10,0,OpenData__Joinable__miller2_both_50_70_ac5_ev,1849,35,1.0,0.4,0.5714285714285714,10
pearson085_rf_importance_k10,0,OpenData__View -Unionable__miller2_both_0_30_ac4_av,1089,15,1.0,0.2,0.3333333333333333,10
pearson085_rf_importance_k10,0,ChEMBL__Semantically-Joinable__assays_vertical_30_ac5_av,210,6,1.0,0.3333333333333333,0.5,10
pearson085_rf_importance_k10,0,TPC-DI__Unionable__prospect_horizontal_0_ac2_ev,484,22,1.0,0.5909090909090909,0.7428571428571429,10
pearson085_rf_importance_k10,0,ChEMBL__Semantically-Joinable__assays_vertical_30_ec_av,210,6,1.0,0.3333333333333333,0.5,10
pearson085_rf_importance_k10,0,OpenData__View -Unionable__miller2_both_0_30_ac5_av,1089,15,1.0,0.06666666666666667,0.125,10
pearson085_rf_importance_k10,0,TPC-DI__Unionable__prospect_horizontal_0_ac3_av,484,22,1.0,0.4090909090909091,0.5806451612903226,10
pearson085_rf_importance_k10,0,TPC-DI__Unionable__prospect_horizontal_0_ac4_av,484,22,1.0,0.45454545454545453,0.625,10
pearson085_rf_importance_k10,0,OpenData__Joinable__miller2_vertical_1_ac4_ev,676,1,0.0,0.0,0.0,10
pearson085_rf_importance_k10,0,ChEMBL__Semantically-Joinable__assays_vertical_50_ac4_av,289,11,1.0,0.36363636363636365,0.5333333333333333,10
pearson085_rf_importance_k10,0,ChEMBL__Semantically-Joinable__assays_vertical_50_ac5_av,289,11,1.0,0.36363636363636365,0.5333333333333333,10
pearson085_rf_importance_k10,0,OpenData__View -Unionable__miller2_both_0_50_ac2_av,1444,25,1.0,0.44,0.6111111111111112,10
pearson085_rf_importance_k10,0,OpenData__Joinable__miller2_vertical_30_ac2_ev,1089,15,1.0,0.9333333333333333,0.9655172413793104,10
pearson085_rf_importance_k10,0,OpenData__View -Unionable__miller2_both_0_50_ac2_ev,1444,25,1.0,0.88,0.9361702127659575,10
pearson085_rf_importance_k10,0,TPC-DI__Unionable__prospect_horizontal_0_ec_ev,484,22,1.0,0.45454545454545453,0.625,10
pearson085_rf_importance_k10,0,ChEMBL__Semantically-Joinable__assays_vertical_70_ac2_av,380,16,1.0,0.5,0.6666666666666666,10
pearson085_rf_importance_k10,0,OpenData__Joinable__miller2_vertical_30_ac3_ev,1089,15,1.0,0.8666666666666667,0.9285714285714286,10
pearson085_rf_importance_k10,0,OpenData__View -Unionable__miller2_both_0_50_ac3_ev,1444,25,1.0,0.52,0.6842105263157895,10
pearson085_rf_importance_k10,0,TPC-DI__Unionable__prospect_horizontal_100_ac2_ev,484,22,1.0,0.5454545454545454,0.7058823529411765,10
pearson085_rf_importance_k10,0,OpenData__Joinable__miller2_vertical_50_ac1_ev,1444,25,1.0,0.96,0.9795918367346939,10
pearson085_rf_importance_k10,0,OpenData__View -Unionable__miller2_both_0_50_ac5_av,1444,25,1.0,0.08,0.14814814814814814,10
pearson085_rf_importance_k10,0,ChEMBL__Unionable__assays_horizontal_0_ac1_av,529,23,1.0,0.4782608695652174,0.6470588235294118,10
pearson085_rf_importance_k10,0,OpenData__View -Unionable__miller2_both_0_50_ac5_ev,1444,25,1.0,0.4,0.5714285714285714,10
pearson085_rf_importance_k10,0,OpenData__Joinable__miller2_vertical_50_ac3_ev,1444,25,1.0,0.64,0.7804878048780488,10
pearson085_rf_importance_k10,0,OpenData__View -Unionable__miller2_both_0_50_ec_av,1444,25,1.0,0.28,0.4375,10
pearson085_rf_importance_k10,0,ChEMBL__Unionable__assays_horizontal_0_ac2_av,529,23,1.0,0.5217391304347826,0.6857142857142857,10
pearson085_rf_importance_k10,0,ChEMBL__Unionable__assays_horizontal_0_ac2_ev,529,23,1.0,0.6956521739130435,0.8205128205128205,10
pearson085_rf_importance_k10,0,TPC-DI__Unionable__prospect_horizontal_100_ac5_av,484,22,1.0,0.45454545454545453,0.625,10
pearson085_rf_importance_k10,0,ChEMBL__Unionable__assays_horizontal_0_ac3_av,529,23,1.0,0.30434782608695654,0.4666666666666667,10
pearson085_rf_importance_k10,0,OpenData__Joinable__miller2_vertical_50_ec_ev,1444,25,1.0,1.0,1.0,10
pearson085_rf_importance_k10,0,OpenData__Joinable__miller2_vertical_70_ac2_ev,1849,35,0.9714285714285714,0.9714285714285714,0.9714285714285714,10
pearson085_rf_importance_k10,0,ChEMBL__Unionable__assays_horizontal_0_ac4_ev,529,23,1.0,0.5217391304347826,0.6857142857142857,10
pearson085_rf_importance_k10,0,OpenData__Joinable__miller2_vertical_70_ac4_ev,1849,35,0.9642857142857143,0.7714285714285715,0.8571428571428571,10
pearson085_rf_importance_k10,0,OpenData__View -Unionable__miller2_both_0_70_ac3_ev,1849,35,1.0,0.42857142857142855,0.6,10
pearson085_rf_importance_k10,0,TPC-DI__Unionable__prospect_horizontal_50_ac1_ev,484,22,1.0,0.45454545454545453,0.625,10
pearson085_rf_importance_k10,0,OpenData__View -Unionable__miller2_both_0_70_ac4_av,1849,35,1.0,0.2,0.3333333333333333,10
pearson085_rf_importance_k10,0,ChEMBL__Unionable__assays_horizontal_0_ec_ev,529,23,1.0,0.6086956521739131,0.7567567567567568,10
pearson085_rf_importance_k10,0,OpenData__Semantically-Joinable__miller2_both_50_1_ac1_av,676,1,0.0,0.0,0.0,10
pearson085_rf_importance_k10,0,TPC-DI__Unionable__prospect_horizontal_50_ac3_ev,484,22,1.0,0.4090909090909091,0.5806451612903226,10
pearson085_rf_importance_k10,0,OpenData__Semantically-Joinable__miller2_both_50_1_ac4_av,676,1,0.0,0.0,0.0,10
pearson085_rf_importance_k10,0,OpenData__View -Unionable__miller2_both_0_70_ec_ev,1849,35,1.0,0.6571428571428571,0.7931034482758621,10
pearson085_rf_importance_k10,0,TPC-DI__Unionable__prospect_horizontal_50_ac4_ev,484,22,1.0,0.5454545454545454,0.7058823529411765,10
pearson085_rf_importance_k10,0,OpenData__Semantically-Joinable__miller2_both_50_1_ac5_av,676,1,0.0,0.0,0.0,10
pearson085_rf_importance_k10,0,TPC-DI__Unionable__prospect_horizontal_50_ac5_av,484,22,1.0,0.45454545454545453,0.625,10
pearson085_rf_importance_k10,0,OpenData__Semantically-Joinable__miller2_both_50_1_ec_av,676,1,0.0,0.0,0.0,10
pearson085_rf_importance_k10,0,TPC-DI__Joinable__prospect_both_50_1_ac2_ev,132,1,0.0,0.0,0.0,10
pearson085_rf_importance_k10,0,ChEMBL__Unionable__assays_horizontal_100_ac4_av,529,23,1.0,0.391304347826087,0.5625,10
pearson085_rf_importance_k10,0,TPC-DI__Joinable__prospect_both_50_1_ac4_ev,132,1,0.0,0.0,0.0,10
pearson085_rf_importance_k10,0,TPC-DI__View-Unionable__prospect_both_0_1_ac1_ev,132,1,0.0,0.0,0.0,10
pearson085_rf_importance_k10,0,OpenData__Semantically-Joinable__miller2_both_50_30_ec_av,1089,15,1.0,0.4,0.5714285714285714,10
pearson085_rf_importance_k10,0,TPC-DI__Joinable__prospect_both_50_30_ac2_ev,196,6,1.0,0.5,0.6666666666666666,10
pearson085_rf_importance_k10,0,ChEMBL__Unionable__assays_horizontal_100_ec_ev,529,23,1.0,0.6086956521739131,0.7567567567567568,10
pearson085_rf_importance_k10,0,OpenData__Semantically-Joinable__miller2_both_50_50_ac1_av,1444,25,1.0,0.28,0.4375,10
pearson085_rf_importance_k10,0,TPC-DI__Joinable__prospect_both_50_30_ac3_ev,196,6,1.0,0.3333333333333333,0.5,10
pearson085_rf_importance_k10,0,TPC-DI__View-Unionable__prospect_both_0_1_ac3_av,132,1,0.0,0.0,0.0,10
pearson085_rf_importance_k10,0,OpenData__Semantically-Joinable__miller2_both_50_50_ac2_av,1444,25,0.8333333333333334,0.4,0.5405405405405406,10
pearson085_rf_importance_k10,0,TPC-DI__Joinable__prospect_both_50_30_ac5_ev,196,6,1.0,0.6666666666666666,0.8,10
pearson085_rf_importance_k10,0,TPC-DI__Joinable__prospect_both_50_30_ec_ev,196,6,1.0,0.16666666666666666,0.2857142857142857,10
pearson085_rf_importance_k10,0,TPC-DI__View-Unionable__prospect_both_0_1_ac4_ev,132,1,0.0,0.0,0.0,10
pearson085_rf_importance_k10,0,TPC-DI__View-Unionable__prospect_both_0_1_ac5_av,132,1,0.0,0.0,0.0,10
pearson085_rf_importance_k10,0,ChEMBL__Unionable__assays_horizontal_50_ac3_av,529,23,1.0,0.30434782608695654,0.4666666666666667,10
pearson085_rf_importance_k10,0,TPC-DI__View-Unionable__prospect_both_0_1_ec_ev,132,1,0.0,0.0,0.0,10
pearson085_rf_importance_k10,0,TPC-DI__View-Unionable__prospect_both_0_30_ac1_av,196,6,1.0,0.16666666666666666,0.2857142857142857,10
pearson085_rf_importance_k10,1,ChEMBL__Joinable__assays_both_50_1_ac1_ev,144,1,0.0,0.0,0.0,10
pearson085_rf_importance_k10,1,OpenData__Semantically-Joinable__miller2_both_50_70_ac4_av,1849,35,1.0,0.2857142857142857,0.4444444444444444,10
pearson085_rf_importance_k10,1,TPC-DI__View-Unionable__prospect_both_0_30_ac1_ev,196,6,1.0,0.3333333333333333,0.5,10
pearson085_rf_importance_k10,1,ChEMBL__Joinable__assays_both_50_1_ac2_ev,144,1,0.0,0.0,0.0,10
pearson085_rf_importance_k10,1,ChEMBL__Unionable__assays_horizontal_50_ac5_ev,529,23,1.0,0.391304347826087,0.5625,10
pearson085_rf_importance_k10,1,TPC-DI__View-Unionable__prospect_both_0_30_ac2_av,196,6,1.0,0.5,0.6666666666666666,10
pearson085_rf_importance_k10,1,ChEMBL__Joinable__assays_both_50_1_ac3_ev,144,1,0.0,0.0,0.0,10
pearson085_rf_importance_k10,1,OpenData__Semantically-Joinable__miller2_both_50_70_ec_av,1849,35,1.0,0.4,0.5714285714285714,10
pearson085_rf_importance_k10,1,ChEMBL__Joinable__assays_both_50_1_ac5_ev,144,1,0.0,0.0,0.0,10
pearson085_rf_importance_k10,1,TPC-DI__View-Unionable__prospect_both_0_30_ac3_ev,196,6,1.0,0.5,0.6666666666666666,10
pearson085_rf_importance_k10,1,OpenData__Semantically-Joinable__miller2_vertical_1_ac3_av,676,1,1.0,1.0,1.0,10
pearson085_rf_importance_k10,1,ChEMBL__View-Unionable__assays_both_0_1_ac2_ev,144,1,0.0,0.0,0.0,10
pearson085_rf_importance_k10,1,TPC-DI__Joinable__prospect_vertical_1_ac3_ev,132,1,1.0,1.0,1.0,10
pearson085_rf_importance_k10,1,TPC-DI__Joinable__prospect_vertical_1_ac4_ev,132,1,1.0,1.0,1.0,10
pearson085_rf_importance_k10,1,ChEMBL__Joinable__assays_both_50_30_ec_ev,210,6,1.0,0.5,0.6666666666666666,10
pearson085_rf_importance_k10,1,OpenData__Semantically-Joinable__miller2_vertical_30_ac3_av,1089,15,1.0,0.5333333333333333,0.6956521739130435,10
pearson085_rf_importance_k10,1,TPC-DI__View-Unionable__prospect_both_0_50_ac1_av,272,11,1.0,0.36363636363636365,0.5333333333333333,10
pearson085_rf_importance_k10,1,ChEMBL__Joinable__assays_both_50_50_ac1_ev,289,11,1.0,0.5454545454545454,0.7058823529411765,10
pearson085_rf_importance_k10,1,OpenData__Semantically-Joinable__miller2_vertical_30_ac4_av,1089,15,1.0,0.4666666666666667,0.6363636363636364,10
pearson085_rf_importance_k10,1,TPC-DI__Joinable__prospect_vertical_1_ec_ev,132,1,1.0,1.0,1.0,10
pearson085_rf_importance_k10,1,TPC-DI__View-Unionable__prospect_both_0_50_ac1_ev,272,11,1.0,0.36363636363636365,0.5333333333333333,10
pearson085_rf_importance_k10,1,ChEMBL__View-Unionable__assays_both_0_1_ac5_ev,144,1,0.0,0.0,0.0,10
pearson085_rf_importance_k10,1,OpenData__Semantically-Joinable__miller2_vertical_30_ac5_av,1089,15,1.0,0.13333333333333333,0.23529411764705882,10
pearson085_rf_importance_k10,1,TPC-DI__View-Unionable__prospect_both_0_50_ac2_ev,272,11,1.0,0.18181818181818182,0.3076923076923077,10
pearson085_rf_importance_k10,1,ChEMBL__View-Unionable__assays_both_0_30_ac1_av,210,6,1.0,0.16666666666666666,0.2857142857142857,10
pearson085_rf_importance_k10,1,ChEMBL__View-Unionable__assays_both_0_30_ac1_ev,210,6,1.0,0.3333333333333333,0.5,10
pearson085_rf_importance_k10,1,OpenData__Semantically-Joinable__miller2_vertical_50_ac3_av,1444,25,1.0,0.4,0.5714285714285714,10
pearson085_rf_importance_k10,1,TPC-DI__Joinable__prospect_vertical_30_ec_ev,196,6,1.0,1.0,1.0,10
pearson085_rf_importance_k10,1,ChEMBL__View-Unionable__assays_both_0_30_ac2_ev,210,6,1.0,0.5,0.6666666666666666,10
pearson085_rf_importance_k10,1,TPC-DI__Joinable__prospect_vertical_50_ac1_ev,272,11,1.0,1.0,1.0,10
pearson085_rf_importance_k10,1,OpenData__Semantically-Joinable__miller2_vertical_70_ac1_av,1849,35,1.0,0.45714285714285713,0.6274509803921569,10
pearson085_rf_importance_k10,1,TPC-DI__View-Unionable__prospect_both_0_50_ec_av,272,11,1.0,0.5454545454545454,0.7058823529411765,10
pearson085_rf_importance_k10,1,ChEMBL__Joinable__assays_both_50_70_ec_ev,380,16,1.0,0.6875,0.8148148148148148,10
pearson085_rf_importance_k10,1,TPC-DI__Joinable__prospect_vertical_50_ac5_ev,272,11,1.0,1.0,1.0,10
pearson085_rf_importance_k10,1,ChEMBL__Joinable__assays_vertical_1_ac1_ev,144,1,1.0,1.0,1.0,10
pearson085_rf_importance_k10,1,ChEMBL__Joinable__assays_vertical_1_ac2_ev,144,1,1.0,1.0,1.0,10
pearson085_rf_importance_k10,1,TPC-DI__View-Unionable__prospect_both_0_70_ac2_av,342,15,1.0,0.2,0.3333333333333333,10
pearson085_rf_importance_k10,1,ChEMBL__View-Unionable__assays_both_0_30_ec_av,210,6,1.0,0.3333333333333333,0.5,10
pearson085_rf_importance_k10,1,OpenData__Semantically-Joinable__miller2_vertical_70_ec_av,1849,35,1.0,0.5714285714285714,0.7272727272727273,10
pearson085_rf_importance_k10,1,TPC-DI__View-Unionable__prospect_both_0_70_ac2_ev,342,15,1.0,0.6,0.75,10
pearson085_rf_importance_k10,1,ChEMBL__View-Unionable__assays_both_0_30_ec_ev,210,6,1.0,0.5,0.6666666666666666,10
pearson085_rf_importance_k10,1,OpenData__Unionable__miller2_horizontal_0_ac1_ev,2601,51,1.0,0.6078431372549019,0.7560975609756098,10
pearson085_rf_importance_k10,1,TPC-DI__Joinable__prospect_vertical_70_ac5_ev,342,15,1.0,1.0,1.0,10
pearson085_rf_importance_k10,1,OpenData__Unionable__miller2_horizontal_0_ac2_ev,2601,51,1.0,0.8431372549019608,0.9148936170212766,10
pearson085_rf_importance_k10,1,TPC-DI__Joinable__prospect_vertical_70_ec_ev,342,15,1.0,1.0,1.0,10
pearson085_rf_importance_k10,1,TPC-DI__View-Unionable__prospect_both_0_70_ac5_av,342,15,1.0,0.2,0.3333333333333333,10
pearson085_rf_importance_k10,1,ChEMBL__Joinable__assays_vertical_30_ac3_ev,210,6,1.0,1.0,1.0,10
pearson085_rf_importance_k10,1,TPC-DI__View-Unionable__prospect_both_0_70_ac5_ev,342,15,1.0,0.3333333333333333,0.5,10
pearson085_rf_importance_k10,1,OpenData__Unionable__miller2_horizontal_0_ac4_av,2601,51,1.0,0.47058823529411764,0.64,10
pearson085_rf_importance_k10,1,TPC-DI__Semantically-Joinable__prospect_both_50_1_ac3_av,132,1,0.0,0.0,0.0,10
pearson085_rf_importance_k10,1,ChEMBL__Joinable__assays_vertical_30_ac5_ev,210,6,1.0,0.6666666666666666,0.8,10
pearson085_rf_importance_k10,1,OpenData__Unionable__miller2_horizontal_0_ac4_ev,2601,51,1.0,0.5882352941176471,0.7407407407407407,10
pearson085_rf_importance_k10,1,ChEMBL__Joinable__assays_vertical_30_ec_ev,210,6,1.0,1.0,1.0,10
pearson085_rf_importance_k10,1,ChEMBL__Joinable__assays_vertical_50_ac1_ev,289,11,1.0,0.9090909090909091,0.9523809523809523,10
pearson085_rf_importance_k10,1,Wikidata__Musicians__Musicians_semjoinable,196,8,1.0,0.75,0.8571428571428571,10
pearson085_rf_importance_k10,1,ChEMBL__View-Unionable__assays_both_0_50_ac5_ev,289,11,1.0,0.2727272727272727,0.42857142857142855,10
pearson085_rf_importance_k10,1,OpenData__Unionable__miller2_horizontal_0_ec_av,2601,51,0.9387755102040817,0.9019607843137255,0.92,10
pearson085_rf_importance_k10,1,ChEMBL__View-Unionable__assays_both_0_50_ec_av,289,11,1.0,0.2727272727272727,0.42857142857142855,10
pearson085_rf_importance_k10,1,TPC-DI__Semantically-Joinable__prospect_both_50_30_ac3_av,196,6,0.0,0.0,0.0,10
pearson085_rf_importance_k10,1,TPC-DI__Semantically-Joinable__prospect_both_50_30_ac4_av,196,6,1.0,0.16666666666666666,0.2857142857142857,10
pearson085_rf_importance_k10,1,OpenData__Unionable__miller2_horizontal_100_ac2_ev,2601,51,1.0,0.8627450980392157,0.9263157894736842,10
pearson085_rf_importance_k10,1,TPC-DI__Semantically-Joinable__prospect_both_50_30_ec_av,196,6,1.0,0.3333333333333333,0.5,10
pearson085_rf_importance_k10,1,ChEMBL__Joinable__assays_vertical_70_ac3_ev,380,16,1.0,0.8125,0.896551724137931,10
pearson085_rf_importance_k10,1,ChEMBL__View-Unionable__assays_both_0_70_ac3_av,380,16,1.0,0.0625,0.11764705882352941,10
pearson085_rf_importance_k10,1,ChEMBL__Joinable__assays_vertical_70_ac4_ev,380,16,1.0,0.875,0.9333333333333333,10
pearson085_rf_importance_k10,1,OpenData__Unionable__miller2_horizontal_100_ac4_av,2601,51,1.0,0.6274509803921569,0.7710843373493976,10
pearson085_rf_importance_k10,1,ChEMBL__View-Unionable__assays_both_0_70_ac4_ev,380,16,1.0,0.3125,0.47619047619047616,10
pearson085_rf_importance_k10,1,OpenData__Unionable__miller2_horizontal_100_ac5_av,2601,51,1.0,0.3333333333333333,0.5,10
pearson085_rf_importance_k10,1,ChEMBL__View-Unionable__assays_both_0_70_ac5_av,380,16,1.0,0.1875,0.3157894736842105,10
pearson085_rf_importance_k10,1,OpenData__Unionable__miller2_horizontal_100_ac5_ev,2601,51,1.0,0.3333333333333333,0.5,10
pearson085_rf_importance_k10,1,TPC-DI__Semantically-Joinable__prospect_both_50_50_ec_av,272,11,1.0,0.2727272727272727,0.42857142857142855,10
pearson085_rf_importance_k10,1,ChEMBL__View-Unionable__assays_both_0_70_ac5_ev,380,16,1.0,0.4375,0.6086956521739131,10
pearson085_rf_importance_k10,1,ChEMBL__View-Unionable__assays_both_0_70_ec_av,380,16,1.0,0.4375,0.6086956521739131,10
pearson085_rf_importance_k10,1,OpenData__Unionable__miller2_horizontal_100_ec_ev,2601,51,1.0,0.8823529411764706,0.9375,10
pearson085_rf_importance_k10,1,ChEMBL__Semantically-Joinable__assays_both_50_1_ac4_av,144,1,0.0,0.0,0.0,10
pearson085_rf_importance_k10,1,TPC-DI__Semantically-Joinable__prospect_both_50_70_ac4_av,342,15,1.0,0.2,0.3333333333333333,10
pearson085_rf_importance_k10,1,ChEMBL__Semantically-Joinable__assays_both_50_30_ac1_av,210,6,1.0,0.3333333333333333,0.5,10
pearson085_rf_importance_k10,1,Magellan__dblp_acm,25,5,1.0,1.0,1.0,10
pearson085_rf_importance_k10,1,OpenData__Unionable__miller2_horizontal_50_ac2_ev,2601,51,1.0,0.8627450980392157,0.9263157894736842,10
pearson085_rf_importance_k10,1,Magellan__fodors_zagats,49,7,1.0,0.5714285714285714,0.7272727272727273,10
pearson085_rf_importance_k10,1,TPC-DI__Semantically-Joinable__prospect_vertical_1_ac3_av,132,1,1.0,1.0,1.0,10
pearson085_rf_importance_k10,1,ChEMBL__Semantically-Joinable__assays_both_50_50_ac3_av,289,11,1.0,0.09090909090909091,0.16666666666666666,10
pearson085_rf_importance_k10,1,TPC-DI__Semantically-Joinable__prospect_vertical_30_ac2_av,196,6,0.8,0.6666666666666666,0.7272727272727273,10
pearson085_rf_importance_k10,1,OpenData__Joinable__miller2_both_50_1_ec_ev,676,1,1.0,1.0,1.0,10
pearson085_rf_importance_k10,1,OpenData__View -Unionable__miller2_both_0_1_ac1_ev,676,1,1.0,1.0,1.0,10
pearson085_rf_importance_k10,1,TPC-DI__Semantically-Joinable__prospect_vertical_30_ac4_av,196,6,1.0,0.6666666666666666,0.8,10
pearson085_rf_importance_k10,1,OpenData__Joinable__miller2_both_50_30_ac1_ev,1089,15,1.0,0.5333333333333333,0.6956521739130435,10
pearson085_rf_importance_k10,1,TPC-DI__Semantically-Joinable__prospect_vertical_30_ac5_av,196,6,1.0,0.5,0.6666666666666666,10
pearson085_rf_importance_k10,1,ChEMBL__Semantically-Joinable__assays_both_50_70_ac1_av,380,16,1.0,0.1875,0.3157894736842105,10
pearson085_rf_importance_k10,1,ChEMBL__Semantically-Joinable__assays_both_50_70_ac2_av,380,16,1.0,0.5,0.6666666666666666,10
pearson085_rf_importance_k10,1,TPC-DI__Semantically-Joinable__prospect_vertical_50_ac1_av,272,11,1.0,0.45454545454545453,0.625,10
pearson085_rf_importance_k10,1,OpenData__View -Unionable__miller2_both_0_1_ac3_ev,676,1,1.0,1.0,1.0,10
pearson085_rf_importance_k10,1,ChEMBL__Semantically-Joinable__assays_both_50_70_ac4_av,380,16,1.0,0.25,0.4,10
pearson085_rf_importance_k10,1,OpenData__View -Unionable__miller2_both_0_1_ac4_av,676,1,1.0,1.0,1.0,10
pearson085_rf_importance_k10,1,TPC-DI__Semantically-Joinable__prospect_vertical_50_ac3_av,272,11,1.0,0.5454545454545454,0.7058823529411765,10
pearson085_rf_importance_k10,1,OpenData__Joinable__miller2_both_50_30_ec_ev,1089,15,1.0,0.8666666666666667,0.9285714285714286,10
pearson085_rf_importance_k10,1,OpenData__View -Unionable__miller2_both_0_1_ac4_ev,676,1,1.0,1.0,1.0,10
pearson085_rf_importance_k10,1,ChEMBL__Semantically-Joinable__assays_both_50_70_ec_av,380,16,1.0,0.375,0.5454545454545454,10
pearson085_rf_importance_k10,1,ChEMBL__Semantically-Joinable__assays_vertical_1_ac1_av,144,1,1.0,1.0,1.0,10
pearson085_rf_importance_k10,1,OpenData__View -Unionable__miller2_both_0_1_ac5_ev,676,1,0.0,0.0,0.0,10
pearson085_rf_importance_k10,1,OpenData__Joinable__miller2_both_50_50_ac3_ev,1444,25,1.0,0.64,0.7804878048780488,10
pearson085_rf_importance_k10,1,TPC-DI__Semantically-Joinable__prospect_vertical_70_ac1_av,342,15,0.8571428571428571,0.4,0.5454545454545454,10
pearson085_rf_importance_k10,1,OpenData__Joinable__miller2_both_50_50_ac5_ev,1444,25,1.0,0.28,0.4375,10
pearson085_rf_importance_k10,1,OpenData__View -Unionable__miller2_both_0_30_ac1_ev,1089,15,1.0,0.7333333333333333,0.8461538461538461,10
pearson085_rf_importance_k10,1,OpenData__View -Unionable__miller2_both_0_30_ac2_av,1089,15,1.0,0.4,0.5714285714285714,10
pearson085_rf_importance_k10,1,OpenData__Joinable__miller2_both_50_70_ac2_ev,1849,35,0.9666666666666667,0.8285714285714286,0.8923076923076924,10
pearson085_rf_importance_k10,1,TPC-DI__Semantically-Joinable__prospect_vertical_70_ec_av,342,15,1.0,0.7333333333333333,0.8461538461538461,10
pearson085_rf_importance_k10,1,OpenData__Joinable__miller2_both_50_70_ac3_ev,1849,35,1.0,0.4857142857142857,0.6538461538461539,10
pearson085_rf_importance_k10,1,OpenData__View -Unionable__miller2_both_0_30_ac3_av,1089,15,1.0,0.3333333333333333,0.5,10
pearson085_rf_importance_k10,1,TPC-DI__Unionable__prospect_horizontal_0_ac1_av,484,22,1.0,0.45454545454545453,0.625,10
pearson085_rf_importance_k10,1,OpenData__Joinable__miller2_both_50_70_ac5_ev,1849,35,1.0,0.4,0.5714285714285714,10
pearson085_rf_importance_k10,1,TPC-DI__Unionable__prospect_horizontal_0_ac2_av,484,22,1.0,0.4090909090909091,0.5806451612903226,10
pearson085_rf_importance_k10,1,ChEMBL__Semantically-Joinable__assays_vertical_30_ac5_av,210,6,1.0,0.3333333333333333,0.5,10
pearson085_rf_importance_k10,1,OpenData__Joinable__miller2_both_50_70_ec_ev,1849,35,1.0,0.9428571428571428,0.9705882352941176,10
pearson085_rf_importance_k10,1,ChEMBL__Semantically-Joinable__assays_vertical_50_ac1_av,289,11,1.0,0.6363636363636364,0.7777777777777778,10
pearson085_rf_importance_k10,1,TPC-DI__Unionable__prospect_horizontal_0_ac3_ev,484,22,1.0,0.36363636363636365,0.5333333333333333,10
pearson085_rf_importance_k10,1,ChEMBL__Semantically-Joinable__assays_vertical_50_ac2_av,289,11,1.0,0.6363636363636364,0.7777777777777778,10
pearson085_rf_importance_k10,1,OpenData__View -Unionable__miller2_both_0_30_ec_av,1089,15,1.0,0.4666666666666667,0.6363636363636364,10
pearson085_rf_importance_k10,1,TPC-DI__Unionable__prospect_horizontal_0_ac4_av,484,22,1.0,0.5,0.6666666666666666,10
pearson085_rf_importance_k10,1,OpenData__View -Unionable__miller2_both_0_30_ec_ev,1089,15,1.0,0.8,0.8888888888888888,10
pearson085_rf_importance_k10,1,TPC-DI__Unionable__prospect_horizontal_0_ac4_ev,484,22,1.0,0.4090909090909091,0.5806451612903226,10
pearson085_rf_importance_k10,1,OpenData__Joinable__miller2_vertical_1_ac5_ev,676,1,0.0,0.0,0.0,10
pearson085_rf_importance_k10,1,TPC-DI__Unionable__prospect_horizontal_0_ac5_ev,484,22,1.0,0.36363636363636365,0.5333333333333333,10
pearson085_rf_importance_k10,1,ChEMBL__Semantically-Joinable__assays_vertical_50_ec_av,289,11,1.0,0.6363636363636364,0.7777777777777778,10
pearson085_rf_importance_k10,1,OpenData__View -Unionable__miller2_both_0_50_ac2_av,1444,25,1.0,0.56,0.717948717948718,10
pearson085_rf_importance_k10,1,ChEMBL__Semantically-Joinable__assays_vertical_70_ac1_av,380,16,1.0,0.5,0.6666666666666666,10
pearson085_rf_importance_k10,1,ChEMBL__Semantically-Joinable__assays_vertical_70_ac2_av,380,16,1.0,0.5625,0.72,10
pearson085_rf_importance_k10,1,OpenData__Joinable__miller2_vertical_30_ac3_ev,1089,15,1.0,0.8,0.8888888888888888,10
pearson085_rf_importance_k10,1,OpenData__Joinable__miller2_vertical_30_ac4_ev,1089,15,1.0,1.0,1.0,10
pearson085_rf_importance_k10,1,TPC-DI__Unionable__prospect_horizontal_100_ac2_av,484,22,1.0,0.5454545454545454,0.7058823529411765,10
pearson085_rf_importance_k10,1,ChEMBL__Semantically-Joinable__assays_vertical_70_ac5_av,380,16,1.0,0.4375,0.6086956521739131,10
pearson085_rf_importance_k10,1,TPC-DI__Unionable__prospect_horizontal_100_ac2_ev,484,22,1.0,0.5,0.6666666666666666,10
pearson085_rf_importance_k10,1,OpenData__Joinable__miller2_vertical_50_ac1_ev,1444,25,1.0,1.0,1.0,10
pearson085_rf_importance_k10,1,OpenData__View -Unionable__miller2_both_0_50_ac5_ev,1444,25,1.0,0.4,0.5714285714285714,10
pearson085_rf_importance_k10,1,TPC-DI__Unionable__prospect_horizontal_100_ac4_ev,484,22,1.0,0.36363636363636365,0.5333333333333333,10
pearson085_rf_importance_k10,1,ChEMBL__Unionable__assays_horizontal_0_ac3_av,529,23,1.0,0.34782608695652173,0.5161290322580645,10
pearson085_rf_importance_k10,1,ChEMBL__Unionable__assays_horizontal_0_ac3_ev,529,23,1.0,0.34782608695652173,0.5161290322580645,10
pearson085_rf_importance_k10,1,OpenData__Joinable__miller2_vertical_70_ac4_ev,1849,35,0.967741935483871,0.8571428571428571,0.9090909090909091,10
pearson085_rf_importance_k10,1,OpenData__View -Unionable__miller2_both_0_70_ac4_av,1849,35,1.0,0.2857142857142857,0.4444444444444444,10
pearson085_rf_importance_k10,1,TPC-DI__Unionable__prospect_horizontal_50_ac2_ev,484,22,1.0,0.45454545454545453,0.625,10
pearson085_rf_importance_k10,1,OpenData__View -Unionable__miller2_both_0_70_ac5_ev,1849,35,1.0,0.3142857142857143,0.4782608695652174,10
pearson085_rf_importance_k10,1,OpenData__View -Unionable__miller2_both_0_70_ec_av,1849,35,1.0,0.5142857142857142,0.6792452830188679,10
pearson085_rf_importance_k10,1,TPC-DI__Unionable__prospect_horizontal_50_ac4_av,484,22,1.0,0.45454545454545453,0.625,10
pearson085_rf_importance_k10,1,ChEMBL__Unionable__assays_horizontal_100_ac2_av,529,23,1.0,0.5217391304347826,0.6857142857142857,10
pearson085_rf_importance_k10,1,OpenData__Semantically-Joinable__miller2_both_50_1_ac5_av,676,1,0.0,0.0,0.0,10
pearson085_rf_importance_k10,1,TPC-DI__Joinable__prospect_both_50_1_ac3_ev,132,1,0.0,0.0,0.0,10
pearson085_rf_importance_k10,1,ChEMBL__Unionable__assays_horizontal_100_ac4_av,529,23,1.0,0.43478260869565216,0.6060606060606061,10
pearson085_rf_importance_k10,1,ChEMBL__Unionable__assays_horizontal_100_ac4_ev,529,23,1.0,0.5217391304347826,0.6857142857142857,10
pearson085_rf_importance_k10,1,OpenData__Semantically-Joinable__miller2_both_50_30_ac3_av,1089,15,1.0,0.2,0.3333333333333333,10
pearson085_rf_importance_k10,1,ChEMBL__Unionable__assays_horizontal_100_ac5_av,529,23,1.0,0.391304347826087,0.5625,10
pearson085_rf_importance_k10,1,TPC-DI__Joinable__prospect_both_50_1_ec_ev,132,1,0.0,0.0,0.0,10
pearson085_rf_importance_k10,1,ChEMBL__Unionable__assays_horizontal_100_ac5_ev,529,23,1.0,0.391304347826087,0.5625,10
pearson085_rf_importance_k10,1,OpenData__Semantically-Joinable__miller2_both_50_30_ac5_av,1089,15,0.0,0.0,0.0,10
pearson085_rf_importance_k10,1,TPC-DI__Joinable__prospect_both_50_30_ac2_ev,196,6,1.0,0.3333333333333333,0.5,10
pearson085_rf_importance_k10,1,TPC-DI__View-Unionable__prospect_both_0_1_ac2_ev,132,1,0.0,0.0,0.0,10
pearson085_rf_importance_k10,1,ChEMBL__Unionable__assays_horizontal_100_ec_ev,529,23,1.0,0.6956521739130435,0.8205128205128205,10
pearson085_rf_importance_k10,1,TPC-DI__View-Unionable__prospect_both_0_1_ac3_av,132,1,0.0,0.0,0.0,10
pearson085_rf_importance_k10,1,TPC-DI__Joinable__prospect_both_50_30_ac4_ev,196,6,1.0,0.3333333333333333,0.5,10
pearson085_rf_importance_k10,1,ChEMBL__Unionable__assays_horizontal_50_ac2_av,529,23,1.0,0.5217391304347826,0.6857142857142857,10
pearson085_rf_importance_k10,1,TPC-DI__Joinable__prospect_both_50_50_ac1_ev,272,11,1.0,0.36363636363636365,0.5333333333333333,10
pearson085_rf_importance_k10,1,TPC-DI__View-Unionable__prospect_both_0_1_ac5_av,132,1,0.0,0.0,0.0,10
pearson085_rf_importance_k10,1,OpenData__Semantically-Joinable__miller2_both_50_50_ec_av,1444,25,1.0,0.48,0.6486486486486487,10
pearson085_rf_importance_k10,1,OpenData__Semantically-Joinable__miller2_both_50_70_ac1_av,1849,35,1.0,0.34285714285714286,0.5106382978723404,10
pearson085_rf_importance_k10,1,TPC-DI__Joinable__prospect_both_50_50_ac3_ev,272,11,1.0,0.36363636363636365,0.5333333333333333,10
pearson085_rf_importance_k10,1,ChEMBL__Unionable__assays_horizontal_50_ac4_ev,529,23,1.0,0.391304347826087,0.5625,10
pearson085_rf_importance_k10,1,OpenData__Semantically-Joinable__miller2_both_50_70_ac3_av,1849,35,1.0,0.14285714285714285,0.25,10
pearson085_rf_importance_k10,2,OpenData__Semantically-Joinable__miller2_both_50_70_ac4_av,1849,35,1.0,0.2857142857142857,0.4444444444444444,10
pearson085_rf_importance_k10,2,ChEMBL__Joinable__assays_both_50_1_ac2_ev,144,1,0.0,0.0,0.0,10
pearson085_rf_importance_k10,2,TPC-DI__Joinable__prospect_both_50_70_ac1_ev,342,15,1.0,0.3333333333333333,0.5,10
pearson085_rf_importance_k10,2,TPC-DI__View-Unionable__prospect_both_0_30_ac2_av,196,6,1.0,0.3333333333333333,0.5,10
pearson085_rf_importance_k10,2,ChEMBL__Joinable__assays_both_50_1_ac4_ev,144,1,0.0,0.0,0.0,10
pearson085_rf_importance_k10,2,ChEMBL__View-Unionable__assays_both_0_1_ac1_av,144,1,0.0,0.0,0.0,10
pearson085_rf_importance_k10,2,OpenData__Semantically-Joinable__miller2_vertical_1_ac2_av,676,1,1.0,1.0,1.0,10
pearson085_rf_importance_k10,2,TPC-DI__View-Unionable__prospect_both_0_30_ac3_ev,196,6,1.0,0.3333333333333333,0.5,10
pearson085_rf_importance_k10,2,ChEMBL__Joinable__assays_both_50_30_ac2_ev,210,6,1.0,0.3333333333333333,0.5,10
pearson085_rf_importance_k10,2,ChEMBL__View-Unionable__assays_both_0_1_ac3_av,144,1,0.0,0.0,0.0,10
pearson085_rf_importance_k10,2,TPC-DI__Joinable__prospect_vertical_1_ac2_ev,132,1,1.0,1.0,1.0,10
pearson085_rf_importance_k10,2,OpenData__Semantically-Joinable__miller2_vertical_30_ac1_av,1089,15,1.0,0.3333333333333333,0.5,10
pearson085_rf_importance_k10,2,TPC-DI__Joinable__prospect_vertical_1_ac3_ev,132,1,1.0,1.0,1.0,10
pearson085_rf_importance_k10,2,ChEMBL__View-Unionable__assays_both_0_1_ac4_av,144,1,0.0,0.0,0.0,10
pearson085_rf_importance_k10,2,ChEMBL__View-Unionable__assays_both_0_1_ac4_ev,144,1,0.0,0.0,0.0,10
pearson085_rf_importance_k10,2,ChEMBL__Joinable__assays_both_50_50_ac3_ev,289,11,1.0,0.36363636363636365,0.5333333333333333,10
pearson085_rf_importance_k10,2,ChEMBL__View-Unionable__assays_both_0_1_ec_av,144,1,0.0,0.0,0.0,10
pearson085_rf_importance_k10,2,OpenData__Semantically-Joinable__miller2_vertical_50_ac1_av,1444,25,1.0,0.52,0.6842105263157895,10
pearson085_rf_importance_k10,2,TPC-DI__Joinable__prospect_vertical_30_ac3_ev,196,6,1.0,1.0,1.0,10
pearson085_rf_importance_k10,2,TPC-DI__Joinable__prospect_vertical_30_ac4_ev,196,6,1.0,1.0,1.0,10
pearson085_rf_importance_k10,2,TPC-DI__View-Unionable__prospect_both_0_50_ac3_ev,272,11,1.0,0.45454545454545453,0.625,10
pearson085_rf_importance_k10,2,OpenData__Semantically-Joinable__miller2_vertical_50_ac4_av,1444,25,1.0,0.36,0.5294117647058824,10
pearson085_rf_importance_k10,2,TPC-DI__Joinable__prospect_vertical_30_ec_ev,196,6,1.0,1.0,1.0,10
pearson085_rf_importance_k10,2,OpenData__Semantically-Joinable__miller2_vertical_50_ac5_av,1444,25,1.0,0.12,0.21428571428571427,10
pearson085_rf_importance_k10,2,ChEMBL__Joinable__assays_both_50_70_ac4_ev,380,16,1.0,0.5,0.6666666666666666,10
pearson085_rf_importance_k10,2,TPC-DI__View-Unionable__prospect_both_0_50_ec_av,272,11,1.0,0.6363636363636364,0.7777777777777778,10
pearson085_rf_importance_k10,2,ChEMBL__Joinable__assays_both_50_70_ac5_ev,380,16,1.0,0.3125,0.47619047619047616,10
pearson085_rf_importance_k10,2,OpenData__Semantically-Joinable__miller2_vertical_70_ac2_av,1849,35,0.9333333333333333,0.4,0.56,10
pearson085_rf_importance_k10,2,TPC-DI__View-Unionable__prospect_both_0_50_ec_ev,272,11,1.0,0.6363636363636364,0.7777777777777778,10
pearson085_rf_importance_k10,2,ChEMBL__Joinable__assays_both_50_70_ec_ev,380,16,1.0,0.875,0.9333333333333333,10
pearson085_rf_importance_k10,2,OpenData__Semantically-Joinable__miller2_vertical_70_ac4_av,1849,35,0.8888888888888888,0.22857142857142856,0.36363636363636365,10
pearson085_rf_importance_k10,2,ChEMBL__Joinable__assays_vertical_1_ac2_ev,144,1,1.0,1.0,1.0,10
pearson085_rf_importance_k10,2,OpenData__Semantically-Joinable__miller2_vertical_70_ac5_av,1849,35,1.0,0.14285714285714285,0.25,10
pearson085_rf_importance_k10,2,ChEMBL__View-Unionable__assays_both_0_30_ec_av,210,6,1.0,0.3333333333333333,0.5,10
pearson085_rf_importance_k10,2,TPC-DI__View-Unionable__prospect_both_0_70_ac2_ev,342,15,1.0,0.6666666666666666,0.8,10
pearson085_rf_importance_k10,2,ChEMBL__View-Unionable__assays_both_0_30_ec_ev,210,6,1.0,0.6666666666666666,0.8,10
pearson085_rf_importance_k10,2,OpenData__Unionable__miller2_horizontal_0_ac1_av,2601,51,0.9545454545454546,0.4117647058823529,0.5753424657534246,10
pearson085_rf_importance_k10,2,ChEMBL__View-Unionable__assays_both_0_50_ac1_av,289,11,1.0,0.18181818181818182,0.3076923076923077,10
pearson085_rf_importance_k10,2,TPC-DI__Joinable__prospect_vertical_70_ac4_ev,342,15,1.0,0.9333333333333333,0.9655172413793104,10
pearson085_rf_importance_k10,2,TPC-DI__View-Unionable__prospect_both_0_70_ac3_ev,342,15,1.0,0.26666666666666666,0.42105263157894735,10
pearson085_rf_importance_k10,2,ChEMBL__Joinable__assays_vertical_1_ec_ev,144,1,1.0,1.0,1.0,10
pearson085_rf_importance_k10,2,ChEMBL__View-Unionable__assays_both_0_50_ac1_ev,289,11,1.0,0.6363636363636364,0.7777777777777778,10
pearson085_rf_importance_k10,2,TPC-DI__View-Unionable__prospect_both_0_70_ac4_av,342,15,1.0,0.13333333333333333,0.23529411764705882,10
pearson085_rf_importance_k10,2,ChEMBL__View-Unionable__assays_both_0_50_ac2_av,289,11,1.0,0.09090909090909091,0.16666666666666666,10
pearson085_rf_importance_k10,2,OpenData__Unionable__miller2_horizontal_0_ac2_ev,2601,51,1.0,0.7647058823529411,0.8666666666666667,10
pearson085_rf_importance_k10,2,TPC-DI__Joinable__prospect_vertical_70_ec_ev,342,15,1.0,1.0,1.0,10
pearson085_rf_importance_k10,2,TPC-DI__View-Unionable__prospect_both_0_70_ac4_ev,342,15,1.0,0.26666666666666666,0.42105263157894735,10
pearson085_rf_importance_k10,2,TPC-DI__Semantically-Joinable__prospect_both_50_1_ac2_av,132,1,0.0,0.0,0.0,10
pearson085_rf_importance_k10,2,OpenData__Unionable__miller2_horizontal_0_ac4_av,2601,51,1.0,0.47058823529411764,0.64,10
pearson085_rf_importance_k10,2,ChEMBL__Joinable__assays_vertical_30_ec_ev,210,6,1.0,1.0,1.0,10
pearson085_rf_importance_k10,2,ChEMBL__View-Unionable__assays_both_0_50_ac4_ev,289,11,1.0,0.45454545454545453,0.625,10
pearson085_rf_importance_k10,2,ChEMBL__Joinable__assays_vertical_50_ac1_ev,289,11,1.0,0.9090909090909091,0.9523809523809523,10
pearson085_rf_importance_k10,2,Wikidata__Musicians__Musicians_semjoinable,196,8,1.0,0.75,0.8571428571428571,10
pearson085_rf_importance_k10,2,ChEMBL__View-Unionable__assays_both_0_50_ac5_ev,289,11,1.0,0.2727272727272727,0.42857142857142855,10
pearson085_rf_importance_k10,2,ChEMBL__Joinable__assays_vertical_50_ac3_ev,289,11,1.0,0.9090909090909091,0.9523809523809523,10
pearson085_rf_importance_k10,2,OpenData__Unionable__miller2_horizontal_0_ec_ev,2601,51,1.0,0.9019607843137255,0.9484536082474226,10
pearson085_rf_importance_k10,2,TPC-DI__Semantically-Joinable__prospect_both_50_30_ac2_av,196,6,0.0,0.0,0.0,10
pearson085_rf_importance_k10,2,ChEMBL__Joinable__assays_vertical_50_ac4_ev,289,11,1.0,0.7272727272727273,0.8421052631578947,10
pearson085_rf_importance_k10,2,ChEMBL__View-Unionable__assays_both_0_50_ec_ev,289,11,1.0,0.7272727272727273,0.8421052631578947,10
pearson085_rf_importance_k10,2,TPC-DI__Semantically-Joinable__prospect_both_50_30_ac3_av,196,6,1.0,0.16666666666666666,0.2857142857142857,10
pearson085_rf_importance_k10,2,ChEMBL__View-Unionable__assays_both_0_70_ac1_av,380,16,1.0,0.25,0.4,10
pearson085_rf_importance_k10,2,OpenData__Unionable__miller2_horizontal_100_ac2_av,2601,51,1.0,0.7254901960784313,0.8409090909090909,10
pearson085_rf_importance_k10,2,ChEMBL__Joinable__assays_vertical_70_ac3_ev,380,16,1.0,0.8125,0.896551724137931,10
pearson085_rf_importance_k10,2,OpenData__Unionable__miller2_horizontal_100_ac3_ev,2601,51,1.0,0.47058823529411764,0.64,10
pearson085_rf_importance_k10,2,TPC-DI__Semantically-Joinable__prospect_both_50_50_ac2_av,272,11,1.0,0.2727272727272727,0.42857142857142855,10
pearson085_rf_importance_k10,2,OpenData__Unionable__miller2_horizontal_100_ac4_av,2601,51,1.0,0.6862745098039216,0.813953488372093,10
pearson085_rf_importance_k10,2,OpenData__Unionable__miller2_horizontal_100_ac4_ev,2601,51,0.9722222222222222,0.6862745098039216,0.8045977011494253,10
pearson085_rf_importance_k10,2,ChEMBL__Semantically-Joinable__assays_both_50_1_ac1_av,144,1,0.0,0.0,0.0,10
pearson085_rf_importance_k10,2,TPC-DI__Semantically-Joinable__prospect_both_50_50_ec_av,272,11,1.0,0.36363636363636365,0.5333333333333333,10
pearson085_rf_importance_k10,2,TPC-DI__Semantically-Joinable__prospect_both_50_70_ac2_av,342,15,0.7777777777777778,0.4666666666666667,0.5833333333333334,10
pearson085_rf_importance_k10,2,TPC-DI__Semantically-Joinable__prospect_both_50_70_ac3_av,342,15,1.0,0.26666666666666666,0.42105263157894735,10
pearson085_rf_importance_k10,2,Magellan__amazon_google_exp,16,4,1.0,0.75,0.8571428571428571,10
pearson085_rf_importance_k10,2,TPC-DI__Semantically-Joinable__prospect_both_50_70_ac5_av,342,15,1.0,0.13333333333333333,0.23529411764705882,10
pearson085_rf_importance_k10,2,Magellan__dblp_acm,25,5,1.0,0.8,0.8888888888888888,10
pearson085_rf_importance_k10,2,TPC-DI__Semantically-Joinable__prospect_vertical_1_ac1_av,132,1,1.0,1.0,1.0,10
pearson085_rf_importance_k10,2,OpenData__Unionable__miller2_horizontal_50_ac4_av,2601,51,1.0,0.6862745098039216,0.813953488372093,10
pearson085_rf_importance_k10,2,TPC-DI__Semantically-Joinable__prospect_vertical_1_ac3_av,132,1,1.0,1.0,1.0,10
pearson085_rf_importance_k10,2,ChEMBL__Semantically-Joinable__assays_both_50_30_ac5_av,210,6,1.0,0.16666666666666666,0.2857142857142857,10
pearson085_rf_importance_k10,2,OpenData__Unionable__miller2_horizontal_50_ac5_av,2601,51,1.0,0.2549019607843137,0.40625,10
pearson085_rf_importance_k10,2,OpenData__Joinable__miller2_both_50_1_ac2_ev,676,1,0.0,0.0,0.0,10
pearson085_rf_importance_k10,2,ChEMBL__Semantically-Joinable__assays_both_50_50_ac2_av,289,11,1.0,0.09090909090909091,0.16666666666666666,10
pearson085_rf_importance_k10,2,OpenData__Unionable__miller2_horizontal_50_ec_av,2601,51,1.0,0.9019607843137255,0.9484536082474226,10
pearson085_rf_importance_k10,2,ChEMBL__Semantically-Joinable__assays_both_50_50_ac4_av,289,11,1.0,0.36363636363636365,0.5333333333333333,10
pearson085_rf_importance_k10,2,OpenData__View -Unionable__miller2_both_0_1_ac1_ev,676,1,1.0,1.0,1.0,10
pearson085_rf_importance_k10,2,ChEMBL__Semantically-Joinable__assays_both_50_50_ec_av,289,11,1.0,0.5454545454545454,0.7058823529411765,10
pearson085_rf_importance_k10,2,OpenData__Joinable__miller2_both_50_30_ac1_ev,1089,15,1.0,0.5333333333333333,0.6956521739130435,10
pearson085_rf_importance_k10,2,OpenData__View -Unionable__miller2_both_0_1_ac2_ev,676,1,0.0,0.0,0.0,10
pearson085_rf_importance_k10,2,OpenData__View -Unionable__miller2_both_0_1_ac3_av,676,1,1.0,1.0,1.0,10
pearson085_rf_importance_k10,2,TPC-DI__Semantically-Joinable__prospect_vertical_50_ac2_av,272,11,1.0,0.5454545454545454,0.7058823529411765,10
pearson085_rf_importance_k10,2,ChEMBL__Semantically-Joinable__assays_both_50_70_ac4_av,380,16,1.0,0.25,0.4,10
pearson085_rf_importance_k10,2,OpenData__View -Unionable__miller2_both_0_1_ac4_av,676,1,1.0,1.0,1.0,10
pearson085_rf_importance_k10,2,TPC-DI__Semantically-Joinable__prospect_vertical_50_ac3_av,272,11,1.0,0.36363636363636365,0.5333333333333333,10
pearson085_rf_importance_k10,2,OpenData__Joinable__miller2_both_50_30_ec_ev,1089,15,1.0,0.8666666666666667,0.9285714285714286,10
pearson085_rf_importance_k10,2,TPC-DI__Semantically-Joinable__prospect_vertical_50_ac4_av,272,11,1.0,0.2727272727272727,0.42857142857142855,10
pearson085_rf_importance_k10,2,OpenData__View -Unionable__miller2_both_0_1_ac5_av,676,1,1.0,1.0,1.0,10
pearson085_rf_importance_k10,2,ChEMBL__Semantically-Joinable__assays_vertical_1_ac2_av,144,1,1.0,1.0,1.0,10
pearson085_rf_importance_k10,2,OpenData__Joinable__miller2_both_50_50_ac4_ev,1444,25,1.0,0.64,0.7804878048780488,10
pearson085_rf_importance_k10,2,TPC-DI__Semantically-Joinable__prospect_vertical_70_ac3_av,342,15,1.0,0.4666666666666667,0.6363636363636364,10
pearson085_rf_importance_k10,2,ChEMBL__Semantically-Joinable__assays_vertical_1_ac5_av,144,1,1.0,1.0,1.0,10
pearson085_rf_importance_k10,2,OpenData__View -Unionable__miller2_both_0_30_ac1_ev,1089,15,1.0,0.6666666666666666,0.8,10
pearson085_rf_importance_k10,2,OpenData__Joinable__miller2_both_50_70_ac2_ev,1849,35,0.9230769230769231,0.6857142857142857,0.7868852459016393,10
pearson085_rf_importance_k10,2,OpenData__View -Unionable__miller2_both_0_30_ac2_ev,1089,15,1.0,0.6,0.75,10
pearson085_rf_importance_k10,2,ChEMBL__Semantically-Joinable__assays_vertical_30_ac3_av,210,6,1.0,0.3333333333333333,0.5,10
pearson085_rf_importance_k10,2,TPC-DI__Unionable__prospect_horizontal_0_ac1_ev,484,22,1.0,0.45454545454545453,0.625,10
pearson085_rf_importance_k10,2,OpenData__Joinable__miller2_both_50_70_ac5_ev,1849,35,1.0,0.2857142857142857,0.4444444444444444,10
pearson085_rf_importance_k10,2,OpenData__View -Unionable__miller2_both_0_30_ac4_av,1089,15,1.0,0.26666666666666666,0.42105263157894735,10
pearson085_rf_importance_k10,2,TPC-DI__Unionable__prospect_horizontal_0_ac2_av,484,22,1.0,0.6818181818181818,0.8108108108108109,10
pearson085_rf_importance_k10,2,ChEMBL__Semantically-Joinable__assays_vertical_30_ec_av,210,6,1.0,0.5,0.6666666666666666,10
pearson085_rf_importance_k10,2,TPC-DI__Unionable__prospect_horizontal_0_ac3_av,484,22,1.0,0.36363636363636365,0.5333333333333333,10
pearson085_rf_importance_k10,2,OpenData__Joinable__miller2_vertical_1_ac2_ev,676,1,0.0,0.0,0.0,10
pearson085_rf_importance_k10,2,TPC-DI__Unionable__prospect_horizontal_0_ac4_av,484,22,1.0,0.36363636363636365,0.5333333333333333,10
pearson085_rf_importance_k10,2,TPC-DI__Unionable__prospect_horizontal_0_ac4_ev,484,22,1.0,0.36363636363636365,0.5333333333333333,10
pearson085_rf_importance_k10,2,OpenData__Joinable__miller2_vertical_1_ac5_ev,676,1,0.0,0.0,0.0,10
pearson085_rf_importance_k10,2,TPC-DI__Unionable__prospect_horizontal_0_ac5_av,484,22,1.0,0.2727272727272727,0.42857142857142855,10
pearson085_rf_importance_k10,2,OpenData__Joinable__miller2_vertical_1_ec_ev,676,1,1.0,1.0,1.0,10
pearson085_rf_importance_k10,2,OpenData__View -Unionable__miller2_both_0_50_ac1_ev,1444,25,1.0,0.56,0.717948717948718,10
pearson085_rf_importance_k10,2,OpenData__View -Unionable__miller2_both_0_50_ac2_av,1444,25,1.0,0.4,0.5714285714285714,10
pearson085_rf_importance_k10,2,ChEMBL__Semantically-Joinable__assays_vertical_70_ac1_av,380,16,1.0,0.5625,0.72,10
pearson085_rf_importance_k10,2,ChEMBL__Semantically-Joinable__assays_vertical_70_ac2_av,380,16,1.0,0.4375,0.6086956521739131,10
pearson085_rf_importance_k10,2,OpenData__Joinable__miller2_vertical_30_ac3_ev,1089,15,1.0,0.8666666666666667,0.9285714285714286,10
pearson085_rf_importance_k10,2,OpenData__View -Unionable__miller2_both_0_50_ac3_av,1444,25,1.0,0.24,0.3870967741935484,10
pearson085_rf_importance_k10,2,TPC-DI__Unionable__prospect_horizontal_100_ac1_av,484,22,1.0,0.45454545454545453,0.625,10
pearson085_rf_importance_k10,2,ChEMBL__Semantically-Joinable__assays_vertical_70_ac3_av,380,16,1.0,0.25,0.4,10
pearson085_rf_importance_k10,2,OpenData__View -Unionable__miller2_both_0_50_ac3_ev,1444,25,1.0,0.48,0.6486486486486487,10
pearson085_rf_importance_k10,2,ChEMBL__Semantically-Joinable__assays_vertical_70_ac4_av,380,16,1.0,0.5,0.6666666666666666,10
pearson085_rf_importance_k10,2,OpenData__Joinable__miller2_vertical_30_ac5_ev,1089,15,1.0,0.3333333333333333,0.5,10
pearson085_rf_importance_k10,2,ChEMBL__Semantically-Joinable__assays_vertical_70_ac5_av,380,16,1.0,0.375,0.5454545454545454,10
pearson085_rf_importance_k10,2,OpenData__Joinable__miller2_vertical_50_ac2_ev,1444,25,1.0,0.68,0.8095238095238095,10
pearson085_rf_importance_k10,2,ChEMBL__Unionable__assays_horizontal_0_ac1_ev,529,23,1.0,0.6086956521739131,0.7567567567567568,10
pearson085_rf_importance_k10,2,TPC-DI__Unionable__prospect_horizontal_100_ac4_av,484,22,1.0,0.3181818181818182,0.4827586206896552,10
pearson085_rf_importance_k10,2,OpenData__View -Unionable__miller2_both_0_50_ec_ev,1444,25,1.0,0.96,0.9795918367346939,10
pearson085_rf_importance_k10,2,ChEMBL__Unionable__assays_horizontal_0_ac2_ev,529,23,1.0,0.5652173913043478,0.7222222222222222,10
pearson085_rf_importance_k10,2,OpenData__Joinable__miller2_vertical_70_ac1_ev,1849,35,1.0,0.9142857142857143,0.9552238805970149,10
pearson085_rf_importance_k10,2,OpenData__Joinable__miller2_vertical_70_ac2_ev,1849,35,0.96875,0.8857142857142857,0.9253731343283582,10
pearson085_rf_importance_k10,2,OpenData__View -Unionable__miller2_both_0_70_ac2_ev,1849,35,1.0,0.7142857142857143,0.8333333333333334,10
pearson085_rf_importance_k10,2,ChEMBL__Unionable__assays_horizontal_0_ac4_ev,529,23,1.0,0.6086956521739131,0.7567567567567568,10
pearson085_rf_importance_k10,2,TPC-DI__Unionable__prospect_horizontal_50_ac1_av,484,22,1.0,0.45454545454545453,0.625,10
pearson085_rf_importance_k10,2,ChEMBL__Unionable__assays_horizontal_0_ac5_av,529,23,1.0,0.391304347826087,0.5625,10
pearson085_rf_importance_k10,2,OpenData__Joinable__miller2_vertical_70_ac4_ev,1849,35,0.9642857142857143,0.7714285714285715,0.8571428571428571,10
pearson085_rf_importance_k10,2,ChEMBL__Unionable__assays_horizontal_0_ac5_ev,529,23,1.0,0.391304347826087,0.5625,10
pearson085_rf_importance_k10,2,ChEMBL__Unionable__assays_horizontal_0_ec_av,529,23,1.0,0.782608695652174,0.8780487804878049,10
pearson085_rf_importance_k10,2,OpenData__View -Unionable__miller2_both_0_70_ac5_ev,1849,35,1.0,0.3142857142857143,0.4782608695652174,10
pearson085_rf_importance_k10,2,ChEMBL__Unionable__assays_horizontal_100_ac1_ev,529,23,1.0,0.6086956521739131,0.7567567567567568,10
pearson085_rf_importance_k10,2,TPC-DI__Unionable__prospect_horizontal_50_ac4_av,484,22,1.0,0.36363636363636365,0.5333333333333333,10
pearson085_rf_importance_k10,2,ChEMBL__Unionable__assays_horizontal_100_ac2_av,529,23,1.0,0.5652173913043478,0.7222222222222222,10
pearson085_rf_importance_k10,2,TPC-DI__Unionable__prospect_horizontal_50_ac4_ev,484,22,1.0,0.3181818181818182,0.4827586206896552,10
pearson085_rf_importance_k10,2,ChEMBL__Unionable__assays_horizontal_100_ac2_ev,529,23,1.0,0.5652173913043478,0.7222222222222222,10
pearson085_rf_importance_k10,2,OpenData__Semantically-Joinable__miller2_both_50_1_ec_av,676,1,0.0,0.0,0.0,10
pearson085_rf_importance_k10,2,ChEMBL__Unionable__assays_horizontal_100_ac4_av,529,23,1.0,0.4782608695652174,0.6470588235294118,10
pearson085_rf_importance_k10,2,OpenData__Semantically-Joinable__miller2_both_50_30_ac2_av,1089,15,1.0,0.4,0.5714285714285714,10
pearson085_rf_importance_k10,2,TPC-DI__Joinable__prospect_both_50_1_ec_ev,132,1,0.0,0.0,0.0,10
pearson085_rf_importance_k10,2,OpenData__Semantically-Joinable__miller2_both_50_30_ac5_av,1089,15,1.0,0.06666666666666667,0.125,10
pearson085_rf_importance_k10,2,OpenData__Semantically-Joinable__miller2_both_50_30_ec_av,1089,15,1.0,0.5333333333333333,0.6956521739130435,10
pearson085_rf_importance_k10,2,TPC-DI__View-Unionable__prospect_both_0_1_ac2_ev,132,1,0.0,0.0,0.0,10
pearson085_rf_importance_k10,2,TPC-DI__Joinable__prospect_both_50_30_ac3_ev,196,6,1.0,0.16666666666666666,0.2857142857142857,10
pearson085_rf_importance_k10,2,TPC-DI__View-Unionable__prospect_both_0_1_ac3_ev,132,1,0.0,0.0,0.0,10
pearson085_rf_importance_k10,2,ChEMBL__Unionable__assays_horizontal_50_ac2_av,529,23,1.0,0.5652173913043478,0.7222222222222222,10
pearson085_rf_importance_k10,2,OpenData__Semantically-Joinable__miller2_both_50_50_ac4_av,1444,25,0.8,0.32,0.45714285714285713,10
pearson085_rf_importance_k10,2,TPC-DI__Joinable__prospect_both_50_30_ec_ev,196,6,1.0,0.3333333333333333,0.5,10
pearson085_rf_importance_k10,2,TPC-DI__View-Unionable__prospect_both_0_1_ac4_ev,132,1,0.0,0.0,0.0,10
pearson085_rf_importance_k10,2,TPC-DI__Joinable__prospect_both_50_50_ac1_ev,272,11,1.0,0.36363636363636365,0.5333333333333333,10
pearson085_rf_importance_k10,2,TPC-DI__Joinable__prospect_both_50_50_ac2_ev,272,11,1.0,0.7272727272727273,0.8421052631578947,10
pearson085_rf_importance_k10,2,TPC-DI__View-Unionable__prospect_both_0_1_ac5_ev,132,1,0.0,0.0,0.0,10
pearson085_rf_importance_k10,2,OpenData__Semantically-Joinable__miller2_both_50_70_ac1_av,1849,35,1.0,0.3142857142857143,0.4782608695652174,10
pearson085_rf_importance_k10,2,TPC-DI__Joinable__prospect_both_50_50_ac4_ev,272,11,1.0,0.36363636363636365,0.5333333333333333,10
pearson085_rf_importance_k10,2,TPC-DI__View-Unionable__prospect_both_0_30_ac1_av,196,6,1.0,0.16666666666666666,0.2857142857142857,10
pearson085_rf_importance_k10,3,ChEMBL__Unionable__assays_horizontal_50_ac5_ev,529,23,1.0,0.34782608695652173,0.5161290322580645,10
pearson085_rf_importance_k10,3,OpenData__Semantically-Joinable__miller2_both_50_70_ac5_av,1849,35,1.0,0.14285714285714285,0.25,10
pearson085_rf_importance_k10,3,OpenData__Semantically-Joinable__miller2_both_50_70_ec_av,1849,35,0.9090909090909091,0.2857142857142857,0.43478260869565216,10
pearson085_rf_importance_k10,3,TPC-DI__View-Unionable__prospect_both_0_30_ac3_av,196,6,1.0,0.3333333333333333,0.5,10
pearson085_rf_importance_k10,3,ChEMBL__Joinable__assays_both_50_1_ac5_ev,144,1,0.0,0.0,0.0,10
pearson085_rf_importance_k10,3,TPC-DI__Joinable__prospect_both_50_70_ac5_ev,342,15,1.0,0.4,0.5714285714285714,10
pearson085_rf_importance_k10,3,TPC-DI__View-Unionable__prospect_both_0_30_ac4_ev,196,6,1.0,0.8333333333333334,0.9090909090909091,10
pearson085_rf_importance_k10,3,TPC-DI__Joinable__prospect_vertical_1_ac1_ev,132,1,1.0,1.0,1.0,10
pearson085_rf_importance_k10,3,ChEMBL__Joinable__assays_both_50_30_ac3_ev,210,6,1.0,0.3333333333333333,0.5,10
pearson085_rf_importance_k10,3,TPC-DI__View-Unionable__prospect_both_0_30_ac5_ev,196,6,1.0,0.5,0.6666666666666666,10
pearson085_rf_importance_k10,3,TPC-DI__Joinable__prospect_vertical_1_ac3_ev,132,1,1.0,1.0,1.0,10
pearson085_rf_importance_k10,3,OpenData__Semantically-Joinable__miller2_vertical_30_ac2_av,1089,15,0.875,0.4666666666666667,0.6086956521739131,10
pearson085_rf_importance_k10,3,TPC-DI__View-Unionable__prospect_both_0_30_ec_ev,196,6,1.0,0.16666666666666666,0.2857142857142857,10
pearson085_rf_importance_k10,3,ChEMBL__View-Unionable__assays_both_0_1_ac4_ev,144,1,0.0,0.0,0.0,10
pearson085_rf_importance_k10,3,ChEMBL__Joinable__assays_both_50_50_ac1_ev,289,11,1.0,0.6363636363636364,0.7777777777777778,10
pearson085_rf_importance_k10,3,OpenData__Semantically-Joinable__miller2_vertical_30_ac4_av,1089,15,1.0,0.3333333333333333,0.5,10
pearson085_rf_importance_k10,3,TPC-DI__View-Unionable__prospect_both_0_50_ac2_av,272,11,0.8,0.36363636363636365,0.5,10
pearson085_rf_importance_k10,3,ChEMBL__Joinable__assays_both_50_50_ac3_ev,289,11,1.0,0.45454545454545453,0.625,10
pearson085_rf_importance_k10,3,TPC-DI__View-Unionable__prospect_both_0_50_ac2_ev,272,11,1.0,0.36363636363636365,0.5333333333333333,10
pearson085_rf_importance_k10,3,ChEMBL__Joinable__assays_both_50_50_ac4_ev,289,11,1.0,0.5454545454545454,0.7058823529411765,10
pearson085_rf_importance_k10,3,OpenData__Semantically-Joinable__miller2_vertical_50_ac1_av,1444,25,1.0,0.48,0.6486486486486487,10
pearson085_rf_importance_k10,3,TPC-DI__Joinable__prospect_vertical_30_ac3_ev,196,6,1.0,1.0,1.0,10
pearson085_rf_importance_k10,3,ChEMBL__View-Unionable__assays_both_0_30_ac1_av,210,6,1.0,0.16666666666666666,0.2857142857142857,10
pearson085_rf_importance_k10,3,OpenData__Semantically-Joinable__miller2_vertical_50_ac2_av,1444,25,0.9285714285714286,0.52,0.6666666666666666,10
pearson085_rf_importance_k10,3,TPC-DI__Joinable__prospect_vertical_30_ac4_ev,196,6,1.0,1.0,1.0,10
pearson085_rf_importance_k10,3,TPC-DI__View-Unionable__prospect_both_0_50_ac3_ev,272,11,1.0,0.45454545454545453,0.625,10
pearson085_rf_importance_k10,3,ChEMBL__Joinable__assays_both_50_50_ec_ev,289,11,1.0,0.5454545454545454,0.7058823529411765,10
pearson085_rf_importance_k10,3,ChEMBL__View-Unionable__assays_both_0_30_ac2_av,210,6,0.0,0.0,0.0,10
pearson085_rf_importance_k10,3,OpenData__Semantically-Joinable__miller2_vertical_50_ac5_av,1444,25,1.0,0.12,0.21428571428571427,10
pearson085_rf_importance_k10,3,ChEMBL__View-Unionable__assays_both_0_30_ac3_ev,210,6,1.0,0.5,0.6666666666666666,10
pearson085_rf_importance_k10,3,ChEMBL__Joinable__assays_both_50_70_ac5_ev,380,16,1.0,0.25,0.4,10
pearson085_rf_importance_k10,3,OpenData__Semantically-Joinable__miller2_vertical_70_ac2_av,1849,35,0.9285714285714286,0.37142857142857144,0.5306122448979592,10
pearson085_rf_importance_k10,3,TPC-DI__Joinable__prospect_vertical_50_ac4_ev,272,11,1.0,0.8181818181818182,0.9,10
pearson085_rf_importance_k10,3,ChEMBL__Joinable__assays_both_50_70_ec_ev,380,16,1.0,0.5625,0.72,10
pearson085_rf_importance_k10,3,ChEMBL__View-Unionable__assays_both_0_30_ac4_ev,210,6,1.0,0.5,0.6666666666666666,10
pearson085_rf_importance_k10,3,TPC-DI__Joinable__prospect_vertical_50_ac5_ev,272,11,1.0,0.9090909090909091,0.9523809523809523,10
pearson085_rf_importance_k10,3,ChEMBL__Joinable__assays_vertical_1_ac1_ev,144,1,1.0,1.0,1.0,10
pearson085_rf_importance_k10,3,ChEMBL__View-Unionable__assays_both_0_30_ac5_ev,210,6,1.0,0.3333333333333333,0.5,10
pearson085_rf_importance_k10,3,TPC-DI__View-Unionable__prospect_both_0_70_ac2_av,342,15,1.0,0.26666666666666666,0.42105263157894735,10
pearson085_rf_importance_k10,3,TPC-DI__View-Unionable__prospect_both_0_70_ac3_av,342,15,1.0,0.2,0.3333333333333333,10
pearson085_rf_importance_k10,3,TPC-DI__Joinable__prospect_vertical_70_ac4_ev,342,15,1.0,0.8666666666666667,0.9285714285714286,10
pearson085_rf_importance_k10,3,TPC-DI__View-Unionable__prospect_both_0_70_ac3_ev,342,15,1.0,0.4666666666666667,0.6363636363636364,10
pearson085_rf_importance_k10,3,OpenData__Unionable__miller2_horizontal_0_ac2_av,2601,51,0.95,0.7450980392156863,0.8351648351648352,10
pearson085_rf_importance_k10,3,ChEMBL__Joinable__assays_vertical_30_ac1_ev,210,6,1.0,0.8333333333333334,0.9090909090909091,10
pearson085_rf_importance_k10,3,OpenData__Unionable__miller2_horizontal_0_ac2_ev,2601,51,1.0,0.8431372549019608,0.9148936170212766,10
pearson085_rf_importance_k10,3,TPC-DI__Joinable__prospect_vertical_70_ec_ev,342,15,1.0,1.0,1.0,10
pearson085_rf_importance_k10,3,TPC-DI__View-Unionable__prospect_both_0_70_ac4_ev,342,15,1.0,0.4666666666666667,0.6363636363636364,10
pearson085_rf_importance_k10,3,ChEMBL__Joinable__assays_vertical_30_ac2_ev,210,6,1.0,0.6666666666666666,0.8,10
pearson085_rf_importance_k10,3,ChEMBL__View-Unionable__assays_both_0_50_ac3_ev,289,11,1.0,0.45454545454545453,0.625,10
pearson085_rf_importance_k10,3,TPC-DI__View-Unionable__prospect_both_0_70_ec_av,342,15,0.8,0.5333333333333333,0.64,10
pearson085_rf_importance_k10,3,ChEMBL__Joinable__assays_vertical_30_ac5_ev,210,6,1.0,0.6666666666666666,0.8,10
pearson085_rf_importance_k10,3,ChEMBL__View-Unionable__assays_both_0_50_ac4_av,289,11,1.0,0.5454545454545454,0.7058823529411765,10
pearson085_rf_importance_k10,3,ChEMBL__View-Unionable__assays_both_0_50_ac4_ev,289,11,1.0,0.2727272727272727,0.42857142857142855,10
pearson085_rf_importance_k10,3,OpenData__Unionable__miller2_horizontal_0_ac5_av,2601,51,1.0,0.43137254901960786,0.6027397260273972,10
pearson085_rf_importance_k10,3,OpenData__Unionable__miller2_horizontal_0_ec_av,2601,51,0.9375,0.8823529411764706,0.9090909090909091,10
pearson085_rf_importance_k10,3,ChEMBL__Joinable__assays_vertical_50_ac3_ev,289,11,1.0,0.8181818181818182,0.9,10
pearson085_rf_importance_k10,3,TPC-DI__Semantically-Joinable__prospect_both_50_30_ac2_av,196,6,1.0,0.3333333333333333,0.5,10
pearson085_rf_importance_k10,3,Wikidata__Musicians__Musicians_viewunion,169,5,0.625,1.0,0.7692307692307693,10
pearson085_rf_importance_k10,3,TPC-DI__Semantically-Joinable__prospect_both_50_30_ac3_av,196,6,1.0,0.16666666666666666,0.2857142857142857,10
pearson085_rf_importance_k10,3,OpenData__Unionable__miller2_horizontal_100_ac1_ev,2601,51,1.0,0.7254901960784313,0.8409090909090909,10
pearson085_rf_importance_k10,3,TPC-DI__Semantically-Joinable__prospect_both_50_30_ac4_av,196,6,1.0,0.16666666666666666,0.2857142857142857,10
pearson085_rf_importance_k10,3,ChEMBL__View-Unionable__assays_both_0_70_ac1_ev,380,16,1.0,0.6875,0.8148148148148148,10
pearson085_rf_importance_k10,3,OpenData__Unionable__miller2_horizontal_100_ac2_av,2601,51,1.0,0.7647058823529411,0.8666666666666667,10
pearson085_rf_importance_k10,3,ChEMBL__View-Unionable__assays_both_0_70_ac2_av,380,16,1.0,0.1875,0.3157894736842105,10
pearson085_rf_importance_k10,3,OpenData__Unionable__miller2_horizontal_100_ac3_av,2601,51,1.0,0.49019607843137253,0.6578947368421053,10
pearson085_rf_importance_k10,3,TPC-DI__Semantically-Joinable__prospect_both_50_50_ac1_av,272,11,1.0,0.45454545454545453,0.625,10
pearson085_rf_importance_k10,3,ChEMBL__Joinable__assays_vertical_70_ac3_ev,380,16,1.0,0.6875,0.8148148148148148,10
pearson085_rf_importance_k10,3,ChEMBL__Joinable__assays_vertical_70_ec_ev,380,16,1.0,0.9375,0.967741935483871,10
pearson085_rf_importance_k10,3,ChEMBL__View-Unionable__assays_both_0_70_ac4_ev,380,16,1.0,0.3125,0.47619047619047616,10
pearson085_rf_importance_k10,3,ChEMBL__View-Unionable__assays_both_0_70_ac5_av,380,16,1.0,0.1875,0.3157894736842105,10
pearson085_rf_importance_k10,3,OpenData__Unionable__miller2_horizontal_100_ac5_ev,2601,51,1.0,0.45098039215686275,0.6216216216216216,10
pearson085_rf_importance_k10,3,TPC-DI__Semantically-Joinable__prospect_both_50_70_ac1_av,342,15,1.0,0.2,0.3333333333333333,10
pearson085_rf_importance_k10,3,ChEMBL__View-Unionable__assays_both_0_70_ec_av,380,16,1.0,0.375,0.5454545454545454,10
pearson085_rf_importance_k10,3,OpenData__Unionable__miller2_horizontal_100_ec_ev,2601,51,1.0,0.803921568627451,0.8913043478260869,10
pearson085_rf_importance_k10,3,TPC-DI__Semantically-Joinable__prospect_both_50_70_ac2_av,342,15,0.8,0.5333333333333333,0.64,10
pearson085_rf_importance_k10,3,ChEMBL__Semantically-Joinable__assays_both_50_1_ac4_av,144,1,0.0,0.0,0.0,10
pearson085_rf_importance_k10,3,OpenData__Unionable__miller2_horizontal_50_ac1_av,2601,51,1.0,0.7254901960784313,0.8409090909090909,10
pearson085_rf_importance_k10,3,TPC-DI__Semantically-Joinable__prospect_both_50_70_ac4_av,342,15,0.8333333333333334,0.3333333333333333,0.47619047619047616,10
pearson085_rf_importance_k10,3,ChEMBL__Semantically-Joinable__assays_both_50_1_ec_av,144,1,0.0,0.0,0.0,10
pearson085_rf_importance_k10,3,TPC-DI__Semantically-Joinable__prospect_both_50_70_ac5_av,342,15,1.0,0.3333333333333333,0.5,10
pearson085_rf_importance_k10,3,Magellan__fodors_zagats,49,7,0.8333333333333334,0.7142857142857143,0.7692307692307693,10
pearson085_rf_importance_k10,3,Magellan__itunes_amazon,81,9,1.0,0.5555555555555556,0.7142857142857143,10
pearson085_rf_importance_k10,3,TPC-DI__Semantically-Joinable__prospect_vertical_1_ac3_av,132,1,1.0,1.0,1.0,10
pearson085_rf_importance_k10,3,OpenData__Joinable__miller2_both_50_1_ac1_ev,676,1,1.0,1.0,1.0,10
pearson085_rf_importance_k10,3,TPC-DI__Semantically-Joinable__prospect_vertical_1_ec_av,132,1,1.0,1.0,1.0,10
pearson085_rf_importance_k10,3,OpenData__Joinable__miller2_both_50_1_ac3_ev,676,1,0.0,0.0,0.0,10
pearson085_rf_importance_k10,3,OpenData__Unionable__miller2_horizontal_50_ec_av,2601,51,1.0,0.803921568627451,0.8913043478260869,10
pearson085_rf_importance_k10,3,ChEMBL__Semantically-Joinable__assays_both_50_50_ac3_av,289,11,0.0,0.0,0.0,10
pearson085_rf_importance_k10,3,ChEMBL__Semantically-Joinable__assays_both_50_50_ac4_av,289,11,1.0,0.18181818181818182,0.3076923076923077,10
pearson085_rf_importance_k10,3,OpenData__View -Unionable__miller2_both_0_1_ac1_ev,676,1,1.0,1.0,1.0,10
pearson085_rf_importance_k10,3,ChEMBL__Semantically-Joinable__assays_both_50_50_ec_av,289,11,1.0,0.2727272727272727,0.42857142857142855,10
pearson085_rf_importance_k10,3,OpenData__View -Unionable__miller2_both_0_1_ac2_av,676,1,0.0,0.0,0.0,10
pearson085_rf_importance_k10,3,TPC-DI__Semantically-Joinable__prospect_vertical_30_ac5_av,196,6,1.0,0.5,0.6666666666666666,10
pearson085_rf_importance_k10,3,ChEMBL__Semantically-Joinable__assays_both_50_70_ac1_av,380,16,1.0,0.1875,0.3157894736842105,10
pearson085_rf_importance_k10,3,OpenData__View -Unionable__miller2_both_0_1_ac2_ev,676,1,0.0,0.0,0.0,10
pearson085_rf_importance_k10,3,ChEMBL__Semantically-Joinable__assays_both_50_70_ac2_av,380,16,1.0,0.4375,0.6086956521739131,10
pearson085_rf_importance_k10,3,ChEMBL__Semantically-Joinable__assays_both_50_70_ac3_av,380,16,0.0,0.0,0.0,10
pearson085_rf_importance_k10,3,ChEMBL__Semantically-Joinable__assays_both_50_70_ec_av,380,16,1.0,0.3125,0.47619047619047616,10
pearson085_rf_importance_k10,3,OpenData__View -Unionable__miller2_both_0_1_ac5_av,676,1,0.0,0.0,0.0,10
pearson085_rf_importance_k10,3,TPC-DI__Semantically-Joinable__prospect_vertical_50_ac5_av,272,11,1.0,0.2727272727272727,0.42857142857142855,10
pearson085_rf_importance_k10,3,ChEMBL__Semantically-Joinable__assays_vertical_1_ac1_av,144,1,1.0,1.0,1.0,10
pearson085_rf_importance_k10,3,OpenData__Joinable__miller2_both_50_50_ac2_ev,1444,25,1.0,0.88,0.9361702127659575,10
pearson085_rf_importance_k10,3,ChEMBL__Semantically-Joinable__assays_vertical_1_ac4_av,144,1,1.0,1.0,1.0,10
pearson085_rf_importance_k10,3,ChEMBL__Semantically-Joinable__assays_vertical_1_ac5_av,144,1,1.0,1.0,1.0,10
pearson085_rf_importance_k10,3,TPC-DI__Semantically-Joinable__prospect_vertical_70_ac4_av,342,15,0.8333333333333334,0.3333333333333333,0.47619047619047616,10
pearson085_rf_importance_k10,3,ChEMBL__Semantically-Joinable__assays_vertical_1_ec_av,144,1,1.0,1.0,1.0,10
pearson085_rf_importance_k10,3,OpenData__Joinable__miller2_both_50_70_ac1_ev,1849,35,1.0,0.7428571428571429,0.8524590163934426,10
pearson085_rf_importance_k10,3,TPC-DI__Semantically-Joinable__prospect_vertical_70_ec_av,342,15,1.0,0.6,0.75,10
pearson085_rf_importance_k10,3,OpenData__Joinable__miller2_both_50_70_ac3_ev,1849,35,1.0,0.5428571428571428,0.7037037037037037,10
pearson085_rf_importance_k10,3,OpenData__View -Unionable__miller2_both_0_30_ac4_av,1089,15,1.0,0.26666666666666666,0.42105263157894735,10
pearson085_rf_importance_k10,3,OpenData__Joinable__miller2_both_50_70_ec_ev,1849,35,1.0,0.8571428571428571,0.9230769230769231,10
pearson085_rf_importance_k10,3,TPC-DI__Unionable__prospect_horizontal_0_ac2_ev,484,22,1.0,0.5,0.6666666666666666,10
pearson085_rf_importance_k10,3,OpenData__Joinable__miller2_vertical_1_ac2_ev,676,1,0.0,0.0,0.0,10
pearson085_rf_importance_k10,3,OpenData__Joinable__miller2_vertical_1_ac3_ev,676,1,0.0,0.0,0.0,10
pearson085_rf_importance_k10,3,TPC-DI__Unionable__prospect_horizontal_0_ac4_av,484,22,1.0,0.5454545454545454,0.7058823529411765,10
pearson085_rf_importance_k10,3,ChEMBL__Semantically-Joinable__assays_vertical_50_ac3_av,289,11,1.0,0.18181818181818182,0.3076923076923077,10
pearson085_rf_importance_k10,3,OpenData__Joinable__miller2_vertical_1_ec_ev,676,1,1.0,1.0,1.0,10
pearson085_rf_importance_k10,3,TPC-DI__Unionable__prospect_horizontal_0_ac5_ev,484,22,1.0,0.45454545454545453,0.625,10
pearson085_rf_importance_k10,3,OpenData__View -Unionable__miller2_both_0_50_ac2_av,1444,25,1.0,0.52,0.6842105263157895,10
pearson085_rf_importance_k10,3,TPC-DI__Unionable__prospect_horizontal_0_ec_av,484,22,1.0,0.5,0.6666666666666666,10
pearson085_rf_importance_k10,3,OpenData__Joinable__miller2_vertical_30_ac2_ev,1089,15,1.0,0.8666666666666667,0.9285714285714286,10
pearson085_rf_importance_k10,3,TPC-DI__Unionable__prospect_horizontal_0_ec_ev,484,22,1.0,0.5,0.6666666666666666,10
pearson085_rf_importance_k10,3,OpenData__Joinable__miller2_vertical_30_ac3_ev,1089,15,1.0,0.7333333333333333,0.8461538461538461,10
pearson085_rf_importance_k10,3,OpenData__View -Unionable__miller2_both_0_50_ac3_av,1444,25,1.0,0.2,0.3333333333333333,10
pearson085_rf_importance_k10,3,OpenData__View -Unionable__miller2_both_0_50_ac4_av,1444,25,1.0,0.28,0.4375,10
pearson085_rf_importance_k10,3,TPC-DI__Unionable__prospect_horizontal_100_ac2_av,484,22,1.0,0.4090909090909091,0.5806451612903226,10
pearson085_rf_importance_k10,3,OpenData__Joinable__miller2_vertical_30_ec_ev,1089,15,1.0,1.0,1.0,10
pearson085_rf_importance_k10,3,OpenData__View -Unionable__miller2_both_0_50_ac5_av,1444,25,1.0,0.12,0.21428571428571427,10
pearson085_rf_importance_k10,3,OpenData__View -Unionable__miller2_both_0_50_ac5_ev,1444,25,1.0,0.44,0.6111111111111112,10
pearson085_rf_importance_k10,3,ChEMBL__Unionable__assays_horizontal_0_ac2_ev,529,23,1.0,0.6086956521739131,0.7567567567567568,10
pearson085_rf_importance_k10,3,OpenData__Joinable__miller2_vertical_50_ac5_ev,1444,25,1.0,0.6,0.75,10
pearson085_rf_importance_k10,3,OpenData__View -Unionable__miller2_both_0_70_ac1_av,1849,35,1.0,0.42857142857142855,0.6,10
pearson085_rf_importance_k10,3,OpenData__Joinable__miller2_vertical_50_ec_ev,1444,25,1.0,1.0,1.0,10
pearson085_rf_importance_k10,3,TPC-DI__Unionable__prospect_horizontal_100_ac5_ev,484,22,1.0,0.45454545454545453,0.625,10
pearson085_rf_importance_k10,3,TPC-DI__Unionable__prospect_horizontal_100_ec_av,484,22,1.0,0.5,0.6666666666666666,10
pearson085_rf_importance_k10,3,ChEMBL__Unionable__assays_horizontal_0_ac4_ev,529,23,1.0,0.5217391304347826,0.6857142857142857,10
pearson085_rf_importance_k10,3,OpenData__View -Unionable__miller2_both_0_70_ac3_av,1849,35,1.0,0.17142857142857143,0.2926829268292683,10
pearson085_rf_importance_k10,3,OpenData__Joinable__miller2_vertical_70_ac5_ev,1849,35,1.0,0.6285714285714286,0.7719298245614035,10
pearson085_rf_importance_k10,3,OpenData__View -Unionable__miller2_both_0_70_ac4_av,1849,35,0.9333333333333333,0.4,0.56,10
pearson085_rf_importance_k10,3,TPC-DI__Unionable__prospect_horizontal_50_ac2_av,484,22,1.0,0.5,0.6666666666666666,10
pearson085_rf_importance_k10,3,ChEMBL__Unionable__assays_horizontal_0_ec_av,529,23,1.0,0.6086956521739131,0.7567567567567568,10
pearson085_rf_importance_k10,3,OpenData__View -Unionable__miller2_both_0_70_ac4_ev,1849,35,1.0,0.8,0.8888888888888888,10
pearson085_rf_importance_k10,3,TPC-DI__Unionable__prospect_horizontal_50_ac2_ev,484,22,1.0,0.5454545454545454,0.7058823529411765,10
pearson085_rf_importance_k10,3,OpenData__Semantically-Joinable__miller2_both_50_1_ac1_av,676,1,1.0,1.0,1.0,10
pearson085_rf_importance_k10,3,ChEMBL__Unionable__assays_horizontal_100_ac1_av,529,23,1.0,0.5652173913043478,0.7222222222222222,10
pearson085_rf_importance_k10,3,ChEMBL__Unionable__assays_horizontal_100_ac2_av,529,23,1.0,0.5652173913043478,0.7222222222222222,10
pearson085_rf_importance_k10,3,OpenData__View -Unionable__miller2_both_0_70_ec_ev,1849,35,1.0,0.8,0.8888888888888888,10
pearson085_rf_importance_k10,3,ChEMBL__Unionable__assays_horizontal_100_ac2_ev,529,23,1.0,0.5217391304347826,0.6857142857142857,10
pearson085_rf_importance_k10,3,OpenData__Semantically-Joinable__miller2_both_50_1_ac5_av,676,1,0.0,0.0,0.0,10
pearson085_rf_importance_k10,3,TPC-DI__Unionable__prospect_horizontal_50_ac5_ev,484,22,1.0,0.45454545454545453,0.625,10
pearson085_rf_importance_k10,3,ChEMBL__Unionable__assays_horizontal_100_ac3_ev,529,23,1.0,0.34782608695652173,0.5161290322580645,10
pearson085_rf_importance_k10,3,TPC-DI__Joinable__prospect_both_50_1_ac3_ev,132,1,0.0,0.0,0.0,10
pearson085_rf_importance_k10,3,ChEMBL__Unionable__assays_horizontal_100_ac4_ev,529,23,1.0,0.43478260869565216,0.6060606060606061,10
pearson085_rf_importance_k10,3,OpenData__Semantically-Joinable__miller2_both_50_30_ac4_av,1089,15,1.0,0.5333333333333333,0.6956521739130435,10
pearson085_rf_importance_k10,3,TPC-DI__Joinable__prospect_both_50_30_ac1_ev,196,6,1.0,0.5,0.6666666666666666,10
pearson085_rf_importance_k10,3,OpenData__Semantically-Joinable__miller2_both_50_50_ac1_av,1444,25,1.0,0.4,0.5714285714285714,10
pearson085_rf_importance_k10,3,TPC-DI__Joinable__prospect_both_50_30_ac4_ev,196,6,1.0,0.6666666666666666,0.8,10
pearson085_rf_importance_k10,3,TPC-DI__View-Unionable__prospect_both_0_1_ac3_ev,132,1,0.0,0.0,0.0,10
pearson085_rf_importance_k10,3,ChEMBL__Unionable__assays_horizontal_50_ac1_ev,529,23,1.0,0.5652173913043478,0.7222222222222222,10
pearson085_rf_importance_k10,3,OpenData__Semantically-Joinable__miller2_both_50_50_ac3_av,1444,25,1.0,0.2,0.3333333333333333,10
pearson085_rf_importance_k10,3,TPC-DI__Joinable__prospect_both_50_30_ac5_ev,196,6,1.0,0.5,0.6666666666666666,10
pearson085_rf_importance_k10,3,OpenData__Semantically-Joinable__miller2_both_50_50_ac4_av,1444,25,0.9166666666666666,0.44,0.5945945945945946,10
pearson085_rf_importance_k10,3,TPC-DI__Joinable__prospect_both_50_30_ec_ev,196,6,1.0,0.3333333333333333,0.5,10
pearson085_rf_importance_k10,3,TPC-DI__View-Unionable__prospect_both_0_1_ac5_av,132,1,0.0,0.0,0.0,10
pearson085_rf_importance_k10,3,ChEMBL__Unionable__assays_horizontal_50_ac3_ev,529,23,1.0,0.34782608695652173,0.5161290322580645,10
pearson085_rf_importance_k10,3,OpenData__Semantically-Joinable__miller2_both_50_70_ac3_av,1849,35,1.0,0.2,0.3333333333333333,10
pearson085_rf_importance_k10,4,ChEMBL__Joinable__assays_both_50_1_ac2_ev,144,1,0.0,0.0,0.0,10
pearson085_rf_importance_k10,4,ChEMBL__Unionable__assays_horizontal_50_ac5_ev,529,23,1.0,0.391304347826087,0.5625,10
pearson085_rf_importance_k10,4,TPC-DI__View-Unionable__prospect_both_0_30_ac2_av,196,6,0.0,0.0,0.0,10
pearson085_rf_importance_k10,4,ChEMBL__Joinable__assays_both_50_1_ac3_ev,144,1,0.0,0.0,0.0,10
pearson085_rf_importance_k10,4,OpenData__Semantically-Joinable__miller2_vertical_1_ac1_av,676,1,0.0,0.0,0.0,10
pearson085_rf_importance_k10,4,ChEMBL__View-Unionable__assays_both_0_1_ac1_ev,144,1,0.0,0.0,0.0,10
pearson085_rf_importance_k10,4,TPC-DI__View-Unionable__prospect_both_0_30_ac4_av,196,6,1.0,0.3333333333333333,0.5,10
pearson085_rf_importance_k10,4,ChEMBL__View-Unionable__assays_both_0_1_ac2_av,144,1,0.0,0.0,0.0,10
pearson085_rf_importance_k10,4,OpenData__Semantically-Joinable__miller2_vertical_1_ac4_av,676,1,0.0,0.0,0.0,10
pearson085_rf_importance_k10,4,TPC-DI__Joinable__prospect_both_50_70_ec_ev,342,15,1.0,0.26666666666666666,0.42105263157894735,10
pearson085_rf_importance_k10,4,ChEMBL__Joinable__assays_both_50_30_ac3_ev,210,6,1.0,0.16666666666666666,0.2857142857142857,10
pearson085_rf_importance_k10,4,OpenData__Semantically-Joinable__miller2_vertical_1_ec_av,676,1,0.0,0.0,0.0,10
pearson085_rf_importance_k10,4,TPC-DI__View-Unionable__prospect_both_0_30_ac5_ev,196,6,1.0,0.3333333333333333,0.5,10
pearson085_rf_importance_k10,4,TPC-DI__Joinable__prospect_vertical_1_ac3_ev,132,1,1.0,1.0,1.0,10
pearson085_rf_importance_k10,4,TPC-DI__View-Unionable__prospect_both_0_30_ec_av,196,6,1.0,0.16666666666666666,0.2857142857142857,10
pearson085_rf_importance_k10,4,TPC-DI__Joinable__prospect_vertical_1_ac5_ev,132,1,1.0,1.0,1.0,10
pearson085_rf_importance_k10,4,TPC-DI__View-Unionable__prospect_both_0_50_ac1_av,272,11,1.0,0.18181818181818182,0.3076923076923077,10
pearson085_rf_importance_k10,4,ChEMBL__Joinable__assays_both_50_50_ac1_ev,289,11,1.0,0.36363636363636365,0.5333333333333333,10
pearson085_rf_importance_k10,4,TPC-DI__Joinable__prospect_vertical_1_ec_ev,132,1,1.0,1.0,1.0,10
pearson085_rf_importance_k10,4,ChEMBL__View-Unionable__assays_both_0_1_ec_av,144,1,0.0,0.0,0.0,10
pearson085_rf_importance_k10,4,TPC-DI__Joinable__prospect_vertical_30_ac2_ev,196,6,1.0,1.0,1.0,10
pearson085_rf_importance_k10,4,TPC-DI__View-Unionable__prospect_both_0_50_ac2_ev,272,11,1.0,0.36363636363636365,0.5333333333333333,10
pearson085_rf_importance_k10,4,ChEMBL__Joinable__assays_both_50_50_ac4_ev,289,11,1.0,0.5454545454545454,0.7058823529411765,10
pearson085_rf_importance_k10,4,OpenData__Semantically-Joinable__miller2_vertical_50_ac2_av,1444,25,0.9166666666666666,0.44,0.5945945945945946,10
pearson085_rf_importance_k10,4,TPC-DI__View-Unionable__prospect_both_0_50_ac3_ev,272,11,1.0,0.45454545454545453,0.625,10
pearson085_rf_importance_k10,4,ChEMBL__View-Unionable__assays_both_0_30_ac1_ev,210,6,1.0,0.5,0.6666666666666666,10
pearson085_rf_importance_k10,4,ChEMBL__View-Unionable__assays_both_0_30_ac2_av,210,6,0.0,0.0,0.0,10
pearson085_rf_importance_k10,4,OpenData__Semantically-Joinable__miller2_vertical_50_ac4_av,1444,25,1.0,0.4,0.5714285714285714,10
pearson085_rf_importance_k10,4,ChEMBL__View-Unionable__assays_both_0_30_ac2_ev,210,6,1.0,0.5,0.6666666666666666,10
pearson085_rf_importance_k10,4,OpenData__Semantically-Joinable__miller2_vertical_70_ac1_av,1849,35,1.0,0.42857142857142855,0.6,10
pearson085_rf_importance_k10,4,ChEMBL__Joinable__assays_both_50_70_ac5_ev,380,16,1.0,0.3125,0.47619047619047616,10
pearson085_rf_importance_k10,4,OpenData__Semantically-Joinable__miller2_vertical_70_ac2_av,1849,35,0.9285714285714286,0.37142857142857144,0.5306122448979592,10
pearson085_rf_importance_k10,4,ChEMBL__Joinable__assays_both_50_70_ec_ev,380,16,1.0,0.375,0.5454545454545454,10
pearson085_rf_importance_k10,4,TPC-DI__View-Unionable__prospect_both_0_70_ac1_av,342,15,1.0,0.2,0.3333333333333333,10
pearson085_rf_importance_k10,4,ChEMBL__View-Unionable__assays_both_0_30_ac5_ev,210,6,1.0,0.3333333333333333,0.5,10
pearson085_rf_importance_k10,4,TPC-DI__View-Unionable__prospect_both_0_70_ac2_av,342,15,1.0,0.2,0.3333333333333333,10
pearson085_rf_importance_k10,4,TPC-DI__Joinable__prospect_vertical_70_ac2_ev,342,15,1.0,0.9333333333333333,0.9655172413793104,10
pearson085_rf_importance_k10,4,ChEMBL__View-Unionable__assays_both_0_30_ec_ev,210,6,1.0,0.3333333333333333,0.5,10
pearson085_rf_importance_k10,4,OpenData__Unionable__miller2_horizontal_0_ac1_av,2601,51,0.9655172413793104,0.5490196078431373,0.7,10
pearson085_rf_importance_k10,4,TPC-DI__View-Unionable__prospect_both_0_70_ac3_av,342,15,1.0,0.2,0.3333333333333333,10
pearson085_rf_importance_k10,4,TPC-DI__View-Unionable__prospect_both_0_70_ac4_av,342,15,1.0,0.06666666666666667,0.125,10
pearson085_rf_importance_k10,4,ChEMBL__Joinable__assays_vertical_30_ac1_ev,210,6,1.0,0.8333333333333334,0.9090909090909091,10
pearson085_rf_importance_k10,4,TPC-DI__Joinable__prospect_vertical_70_ec_ev,342,15,1.0,0.8,0.8888888888888888,10
pearson085_rf_importance_k10,4,TPC-DI__View-Unionable__prospect_both_0_70_ac4_ev,342,15,1.0,0.26666666666666666,0.42105263157894735,10
pearson085_rf_importance_k10,4,ChEMBL__Joinable__assays_vertical_30_ac2_ev,210,6,1.0,0.6666666666666666,0.8,10
pearson085_rf_importance_k10,4,ChEMBL__View-Unionable__assays_both_0_50_ac2_ev,289,11,1.0,0.6363636363636364,0.7777777777777778,10
pearson085_rf_importance_k10,4,ChEMBL__Joinable__assays_vertical_30_ac3_ev,210,6,1.0,1.0,1.0,10
pearson085_rf_importance_k10,4,TPC-DI__Semantically-Joinable__prospect_both_50_1_ac3_av,132,1,0.0,0.0,0.0,10
pearson085_rf_importance_k10,4,ChEMBL__Joinable__assays_vertical_30_ac5_ev,210,6,1.0,0.6666666666666666,0.8,10
pearson085_rf_importance_k10,4,OpenData__Unionable__miller2_horizontal_0_ac5_ev,2601,51,1.0,0.49019607843137253,0.6578947368421053,10
pearson085_rf_importance_k10,4,TPC-DI__Semantically-Joinable__prospect_both_50_1_ec_av,132,1,0.0,0.0,0.0,10
pearson085_rf_importance_k10,4,ChEMBL__Joinable__assays_vertical_50_ac2_ev,289,11,1.0,0.8181818181818182,0.9,10
pearson085_rf_importance_k10,4,ChEMBL__View-Unionable__assays_both_0_50_ac5_ev,289,11,1.0,0.2727272727272727,0.42857142857142855,10
pearson085_rf_importance_k10,4,Wikidata__Musicians__Musicians_unionable,400,19,0.9444444444444444,0.8947368421052632,0.918918918918919,10
pearson085_rf_importance_k10,4,ChEMBL__Joinable__assays_vertical_50_ac5_ev,289,11,1.0,0.5454545454545454,0.7058823529411765,10
pearson085_rf_importance_k10,4,TPC-DI__Semantically-Joinable__prospect_both_50_30_ac4_av,196,6,1.0,0.16666666666666666,0.2857142857142857,10
pearson085_rf_importance_k10,4,OpenData__Unionable__miller2_horizontal_100_ac2_av,2601,51,1.0,0.7450980392156863,0.8539325842696629,10
pearson085_rf_importance_k10,4,TPC-DI__Semantically-Joinable__prospect_both_50_30_ac5_av,196,6,0.0,0.0,0.0,10
pearson085_rf_importance_k10,4,ChEMBL__View-Unionable__assays_both_0_70_ac2_ev,380,16,1.0,0.375,0.5454545454545454,10
pearson085_rf_importance_k10,4,TPC-DI__Semantically-Joinable__prospect_both_50_50_ac1_av,272,11,1.0,0.18181818181818182,0.3076923076923077,10
pearson085_rf_importance_k10,4,ChEMBL__Joinable__assays_vertical_70_ac3_ev,380,16,1.0,0.8125,0.896551724137931,10
pearson085_rf_importance_k10,4,ChEMBL__View-Unionable__assays_both_0_70_ac3_av,380,16,1.0,0.125,0.2222222222222222,10
pearson085_rf_importance_k10,4,TPC-DI__Semantically-Joinable__prospect_both_50_50_ac2_av,272,11,1.0,0.09090909090909091,0.16666666666666666,10
pearson085_rf_importance_k10,4,ChEMBL__Joinable__assays_vertical_70_ac4_ev,380,16,1.0,0.8125,0.896551724137931,10
pearson085_rf_importance_k10,4,ChEMBL__View-Unionable__assays_both_0_70_ac3_ev,380,16,1.0,0.375,0.5454545454545454,10
pearson085_rf_importance_k10,4,ChEMBL__View-Unionable__assays_both_0_70_ac4_ev,380,16,1.0,0.375,0.5454545454545454,10
pearson085_rf_importance_k10,4,OpenData__Unionable__miller2_horizontal_100_ac5_av,2601,51,1.0,0.49019607843137253,0.6578947368421053,10
pearson085_rf_importance_k10,4,TPC-DI__Semantically-Joinable__prospect_both_50_50_ac5_av,272,11,0.0,0.0,0.0,10
pearson085_rf_importance_k10,4,ChEMBL__Semantically-Joinable__assays_both_50_1_ac1_av,144,1,0.0,0.0,0.0,10
pearson085_rf_importance_k10,4,OpenData__Unionable__miller2_horizontal_100_ac5_ev,2601,51,1.0,0.49019607843137253,0.6578947368421053,10
pearson085_rf_importance_k10,4,ChEMBL__Semantically-Joinable__assays_both_50_1_ac3_av,144,1,0.0,0.0,0.0,10
pearson085_rf_importance_k10,4,ChEMBL__View-Unionable__assays_both_0_70_ec_av,380,16,1.0,0.0625,0.11764705882352941,10
pearson085_rf_importance_k10,4,OpenData__Unionable__miller2_horizontal_100_ec_ev,2601,51,1.0,0.49019607843137253,0.6578947368421053,10
pearson085_rf_importance_k10,4,ChEMBL__Semantically-Joinable__assays_both_50_1_ac4_av,144,1,0.0,0.0,0.0,10
pearson085_rf_importance_k10,4,OpenData__Unionable__miller2_horizontal_50_ac1_av,2601,51,1.0,0.7058823529411765,0.8275862068965517,10
pearson085_rf_importance_k10,4,ChEMBL__Semantically-Joinable__assays_both_50_1_ac5_av,144,1,0.0,0.0,0.0,10
pearson085_rf_importance_k10,4,TPC-DI__Semantically-Joinable__prospect_both_50_70_ac4_av,342,15,1.0,0.06666666666666667,0.125,10
pearson085_rf_importance_k10,4,ChEMBL__Semantically-Joinable__assays_both_50_1_ec_av,144,1,0.0,0.0,0.0,10
pearson085_rf_importance_k10,4,OpenData__Unionable__miller2_horizontal_50_ac2_av,2601,51,1.0,0.7254901960784313,0.8409090909090909,10
pearson085_rf_importance_k10,4,TPC-DI__Semantically-Joinable__prospect_both_50_70_ac5_av,342,15,0.0,0.0,0.0,10
pearson085_rf_importance_k10,4,OpenData__Unionable__miller2_horizontal_50_ac2_ev,2601,51,1.0,0.8235294117647058,0.9032258064516129,10
pearson085_rf_importance_k10,4,TPC-DI__Semantically-Joinable__prospect_both_50_70_ec_av,342,15,1.0,0.06666666666666667,0.125,10
pearson085_rf_importance_k10,4,TPC-DI__Semantically-Joinable__prospect_vertical_1_ac1_av,132,1,1.0,1.0,1.0,10
pearson085_rf_importance_k10,4,ChEMBL__Semantically-Joinable__assays_both_50_30_ac3_av,210,6,1.0,0.16666666666666666,0.2857142857142857,10
pearson085_rf_importance_k10,4,Magellan__itunes_amazon,81,9,1.0,0.3333333333333333,0.5,10
pearson085_rf_importance_k10,4,Magellan__walmart_amazon,36,6,1.0,0.5,0.6666666666666666,10
pearson085_rf_importance_k10,4,OpenData__Unionable__miller2_horizontal_50_ac4_ev,2601,51,1.0,0.7450980392156863,0.8539325842696629,10
pearson085_rf_importance_k10,4,OpenData__Joinable__miller2_both_50_1_ac2_ev,676,1,0.0,0.0,0.0,10
pearson085_rf_importance_k10,4,OpenData__Unionable__miller2_horizontal_50_ac5_ev,2601,51,1.0,0.49019607843137253,0.6578947368421053,10
pearson085_rf_importance_k10,4,TPC-DI__Semantically-Joinable__prospect_vertical_1_ec_av,132,1,1.0,1.0,1.0,10
pearson085_rf_importance_k10,4,OpenData__Joinable__miller2_both_50_1_ac4_ev,676,1,0.0,0.0,0.0,10
pearson085_rf_importance_k10,4,TPC-DI__Semantically-Joinable__prospect_vertical_30_ac2_av,196,6,0.8,0.6666666666666666,0.7272727272727273,10
pearson085_rf_importance_k10,4,OpenData__View -Unionable__miller2_both_0_1_ac1_av,676,1,0.0,0.0,0.0,10
pearson085_rf_importance_k10,4,ChEMBL__Semantically-Joinable__assays_both_50_50_ac5_av,289,11,1.0,0.09090909090909091,0.16666666666666666,10
pearson085_rf_importance_k10,4,OpenData__View -Unionable__miller2_both_0_1_ac1_ev,676,1,1.0,1.0,1.0,10
pearson085_rf_importance_k10,4,ChEMBL__Semantically-Joinable__assays_both_50_50_ec_av,289,11,1.0,0.18181818181818182,0.3076923076923077,10
pearson085_rf_importance_k10,4,ChEMBL__Semantically-Joinable__assays_both_50_70_ac1_av,380,16,1.0,0.125,0.2222222222222222,10
pearson085_rf_importance_k10,4,TPC-DI__Semantically-Joinable__prospect_vertical_30_ec_av,196,6,0.7142857142857143,0.8333333333333334,0.7692307692307693,10
pearson085_rf_importance_k10,4,OpenData__Joinable__miller2_both_50_30_ac3_ev,1089,15,1.0,0.4666666666666667,0.6363636363636364,10
pearson085_rf_importance_k10,4,OpenData__Joinable__miller2_both_50_30_ac5_ev,1089,15,1.0,0.4,0.5714285714285714,10
pearson085_rf_importance_k10,4,OpenData__View -Unionable__miller2_both_0_1_ac4_ev,676,1,0.0,0.0,0.0,10
pearson085_rf_importance_k10,4,OpenData__View -Unionable__miller2_both_0_1_ac5_av,676,1,0.0,0.0,0.0,10
pearson085_rf_importance_k10,4,ChEMBL__Semantically-Joinable__assays_vertical_1_ac2_av,144,1,1.0,1.0,1.0,10
pearson085_rf_importance_k10,4,OpenData__View -Unionable__miller2_both_0_30_ac1_av,1089,15,1.0,0.3333333333333333,0.5,10
pearson085_rf_importance_k10,4,ChEMBL__Semantically-Joinable__assays_vertical_1_ac5_av,144,1,1.0,1.0,1.0,10
pearson085_rf_importance_k10,4,OpenData__View -Unionable__miller2_both_0_30_ac2_av,1089,15,1.0,0.26666666666666666,0.42105263157894735,10
pearson085_rf_importance_k10,4,OpenData__Joinable__miller2_both_50_70_ac3_ev,1849,35,1.0,0.6285714285714286,0.7719298245614035,10
pearson085_rf_importance_k10,4,TPC-DI__Unionable__prospect_horizontal_0_ac1_av,484,22,1.0,0.4090909090909091,0.5806451612903226,10
pearson085_rf_importance_k10,4,TPC-DI__Unionable__prospect_horizontal_0_ac1_ev,484,22,1.0,0.4090909090909091,0.5806451612903226,10
pearson085_rf_importance_k10,4,OpenData__Joinable__miller2_both_50_70_ac5_ev,1849,35,1.0,0.5142857142857142,0.6792452830188679,10
pearson085_rf_importance_k10,4,OpenData__Joinable__miller2_vertical_1_ac1_ev,676,1,1.0,1.0,1.0,10
pearson085_rf_importance_k10,4,ChEMBL__Semantically-Joinable__assays_vertical_50_ac1_av,289,11,1.0,0.36363636363636365,0.5333333333333333,10
pearson085_rf_importance_k10,4,ChEMBL__Semantically-Joinable__assays_vertical_50_ac2_av,289,11,1.0,0.6363636363636364,0.7777777777777778,10
pearson085_rf_importance_k10,4,TPC-DI__Unionable__prospect_horizontal_0_ac4_av,484,22,1.0,0.36363636363636365,0.5333333333333333,10
pearson085_rf_importance_k10,4,TPC-DI__Unionable__prospect_horizontal_0_ac4_ev,484,22,1.0,0.3181818181818182,0.4827586206896552,10
pearson085_rf_importance_k10,4,OpenData__View -Unionable__miller2_both_0_50_ac1_av,1444,25,1.0,0.32,0.48484848484848486,10
pearson085_rf_importance_k10,4,TPC-DI__Unionable__prospect_horizontal_0_ac5_ev,484,22,1.0,0.2727272727272727,0.42857142857142855,10
pearson085_rf_importance_k10,4,OpenData__Joinable__miller2_vertical_30_ac1_ev,1089,15,1.0,1.0,1.0,10
pearson085_rf_importance_k10,4,OpenData__View -Unionable__miller2_both_0_50_ac2_av,1444,25,1.0,0.36,0.5294117647058824,10
pearson085_rf_importance_k10,4,OpenData__Joinable__miller2_vertical_30_ac2_ev,1089,15,1.0,0.8666666666666667,0.9285714285714286,10
pearson085_rf_importance_k10,4,TPC-DI__Unionable__prospect_horizontal_100_ac1_ev,484,22,1.0,0.4090909090909091,0.5806451612903226,10
pearson085_rf_importance_k10,4,ChEMBL__Semantically-Joinable__assays_vertical_70_ac4_av,380,16,1.0,0.4375,0.6086956521739131,10
pearson085_rf_importance_k10,4,OpenData__Joinable__miller2_vertical_30_ac5_ev,1089,15,1.0,0.4666666666666667,0.6363636363636364,10
pearson085_rf_importance_k10,4,OpenData__Joinable__miller2_vertical_30_ec_ev,1089,15,1.0,0.4666666666666667,0.6363636363636364,10
pearson085_rf_importance_k10,4,OpenData__View -Unionable__miller2_both_0_50_ac4_ev,1444,25,1.0,0.76,0.8636363636363636,10
pearson085_rf_importance_k10,4,TPC-DI__Unionable__prospect_horizontal_100_ac2_ev,484,22,1.0,0.4090909090909091,0.5806451612903226,10
pearson085_rf_importance_k10,4,OpenData__Joinable__miller2_vertical_50_ac1_ev,1444,25,1.0,1.0,1.0,10
pearson085_rf_importance_k10,4,OpenData__View -Unionable__miller2_both_0_50_ac5_av,1444,25,1.0,0.16,0.27586206896551724,10
pearson085_rf_importance_k10,4,OpenData__View -Unionable__miller2_both_0_50_ac5_ev,1444,25,1.0,0.48,0.6486486486486487,10
pearson085_rf_importance_k10,4,ChEMBL__Unionable__assays_horizontal_0_ac1_ev,529,23,1.0,0.43478260869565216,0.6060606060606061,10
pearson085_rf_importance_k10,4,ChEMBL__Unionable__assays_horizontal_0_ac2_ev,529,23,1.0,0.6086956521739131,0.7567567567567568,10
pearson085_rf_importance_k10,4,OpenData__Joinable__miller2_vertical_50_ec_ev,1444,25,1.0,0.48,0.6486486486486487,10
pearson085_rf_importance_k10,4,OpenData__View -Unionable__miller2_both_0_70_ac1_ev,1849,35,1.0,0.7714285714285715,0.8709677419354839,10
pearson085_rf_importance_k10,4,OpenData__View -Unionable__miller2_both_0_70_ac2_ev,1849,35,1.0,0.7142857142857143,0.8333333333333334,10
pearson085_rf_importance_k10,4,OpenData__Joinable__miller2_vertical_70_ac4_ev,1849,35,0.9666666666666667,0.8285714285714286,0.8923076923076924,10
pearson085_rf_importance_k10,4,TPC-DI__Unionable__prospect_horizontal_50_ac1_ev,484,22,1.0,0.4090909090909091,0.5806451612903226,10
pearson085_rf_importance_k10,4,ChEMBL__Unionable__assays_horizontal_0_ac5_ev,529,23,1.0,0.391304347826087,0.5625,10
pearson085_rf_importance_k10,4,OpenData__View -Unionable__miller2_both_0_70_ac5_av,1849,35,1.0,0.2,0.3333333333333333,10
pearson085_rf_importance_k10,4,TPC-DI__Unionable__prospect_horizontal_50_ac3_ev,484,22,1.0,0.3181818181818182,0.4827586206896552,10
pearson085_rf_importance_k10,4,ChEMBL__Unionable__assays_horizontal_100_ac1_ev,529,23,1.0,0.43478260869565216,0.6060606060606061,10
pearson085_rf_importance_k10,4,OpenData__Semantically-Joinable__miller2_both_50_1_ac3_av,676,1,0.0,0.0,0.0,10
pearson085_rf_importance_k10,4,OpenData__View -Unionable__miller2_both_0_70_ec_av,1849,35,1.0,0.08571428571428572,0.15789473684210525,10
pearson085_rf_importance_k10,4,OpenData__Semantically-Joinable__miller2_both_50_1_ac4_av,676,1,0.0,0.0,0.0,10
pearson085_rf_importance_k10,4,ChEMBL__Unionable__assays_horizontal_100_ac2_ev,529,23,1.0,0.4782608695652174,0.6470588235294118,10
pearson085_rf_importance_k10,4,TPC-DI__Joinable__prospect_both_50_1_ac1_ev,132,1,0.0,0.0,0.0,10
pearson085_rf_importance_k10,4,TPC-DI__Joinable__prospect_both_50_1_ac2_ev,132,1,0.0,0.0,0.0,10
pearson085_rf_importance_k10,4,OpenData__Semantically-Joinable__miller2_both_50_30_ac1_av,1089,15,1.0,0.2,0.3333333333333333,10
pearson085_rf_importance_k10,4,TPC-DI__Unionable__prospect_horizontal_50_ec_av,484,22,1.0,0.2727272727272727,0.42857142857142855,10
pearson085_rf_importance_k10,4,OpenData__Semantically-Joinable__miller2_both_50_30_ac2_av,1089,15,1.0,0.3333333333333333,0.5,10
pearson085_rf_importance_k10,4,TPC-DI__Joinable__prospect_both_50_1_ac4_ev,132,1,0.0,0.0,0.0,10
pearson085_rf_importance_k10,4,TPC-DI__Unionable__prospect_horizontal_50_ec_ev,484,22,1.0,0.2727272727272727,0.42857142857142855,10
pearson085_rf_importance_k10,4,TPC-DI__Joinable__prospect_both_50_1_ec_ev,132,1,0.0,0.0,0.0,10
pearson085_rf_importance_k10,4,OpenData__Semantically-Joinable__miller2_both_50_30_ac5_av,1089,15,1.0,0.06666666666666667,0.125,10
pearson085_rf_importance_k10,4,TPC-DI__Joinable__prospect_both_50_30_ac2_ev,196,6,1.0,0.5,0.6666666666666666,10
pearson085_rf_importance_k10,4,TPC-DI__View-Unionable__prospect_both_0_1_ac2_ev,132,1,0.0,0.0,0.0,10
pearson085_rf_importance_k10,4,ChEMBL__Unionable__assays_horizontal_100_ec_ev,529,23,1.0,0.30434782608695654,0.4666666666666667,10
pearson085_rf_importance_k10,4,OpenData__Semantically-Joinable__miller2_both_50_50_ac1_av,1444,25,1.0,0.4,0.5714285714285714,10
pearson085_rf_importance_k10,4,ChEMBL__Unionable__assays_horizontal_50_ac1_av,529,23,1.0,0.43478260869565216,0.6060606060606061,10
pearson085_rf_importance_k10,4,TPC-DI__Joinable__prospect_both_50_30_ac4_ev,196,6,1.0,0.3333333333333333,0.5,10
pearson085_rf_importance_k10,4,ChEMBL__Unionable__assays_horizontal_50_ac1_ev,529,23,1.0,0.43478260869565216,0.6060606060606061,10
pearson085_rf_importance_k10,4,OpenData__Semantically-Joinable__miller2_both_50_50_ac3_av,1444,25,1.0,0.32,0.48484848484848486,10
pearson085_rf_importance_k10,4,TPC-DI__Joinable__prospect_both_50_30_ec_ev,196,6,0.0,0.0,0.0,10
pearson085_rf_importance_k10,4,OpenData__Semantically-Joinable__miller2_both_50_50_ac5_av,1444,25,1.0,0.16,0.27586206896551724,10
pearson085_rf_importance_k10,4,ChEMBL__Unionable__assays_horizontal_50_ac3_av,529,23,1.0,0.34782608695652173,0.5161290322580645,10
pearson085_rf_importance_k10,4,ChEMBL__Unionable__assays_horizontal_50_ac3_ev,529,23,1.0,0.34782608695652173,0.5161290322580645,10
pearson085_rf_importance_k10,4,TPC-DI__View-Unionable__prospect_both_0_30_ac1_av,196,6,0.0,0.0,0.0,10
pearson085_rf_importance_k10,5,ChEMBL__Unionable__assays_horizontal_50_ec_av,529,23,1.0,0.6086956521739131,0.7567567567567568,10
pearson085_rf_importance_k10,5,TPC-DI__Joinable__prospect_both_50_70_ac2_ev,342,15,1.0,0.8666666666666667,0.9285714285714286,10
pearson085_rf_importance_k10,5,ChEMBL__Unionable__assays_horizontal_50_ec_ev,529,23,1.0,0.6086956521739131,0.7567567567567568,10
pearson085_rf_importance_k10,5,TPC-DI__Joinable__prospect_both_50_70_ac3_ev,342,15,1.0,0.6,0.75,10
pearson085_rf_importance_k10,5,TPC-DI__Joinable__prospect_both_50_70_ac4_ev,342,15,1.0,0.6,0.75,10
pearson085_rf_importance_k10,5,ChEMBL__Joinable__assays_both_50_1_ec_ev,144,1,0.0,0.0,0.0,10
pearson085_rf_importance_k10,5,ChEMBL__Joinable__assays_both_50_30_ac1_ev,210,6,1.0,0.6666666666666666,0.8,10
pearson085_rf_importance_k10,5,OpenData__Semantically-Joinable__miller2_vertical_1_ac5_av,676,1,1.0,1.0,1.0,10
pearson085_rf_importance_k10,5,TPC-DI__View-Unionable__prospect_both_0_30_ac5_av,196,6,1.0,0.16666666666666666,0.2857142857142857,10
pearson085_rf_importance_k10,5,ChEMBL__Joinable__assays_both_50_30_ac4_ev,210,6,1.0,0.6666666666666666,0.8,10
pearson085_rf_importance_k10,5,ChEMBL__View-Unionable__assays_both_0_1_ac3_ev,144,1,0.0,0.0,0.0,10
pearson085_rf_importance_k10,5,ChEMBL__Joinable__assays_both_50_30_ac5_ev,210,6,1.0,0.3333333333333333,0.5,10
pearson085_rf_importance_k10,5,ChEMBL__View-Unionable__assays_both_0_1_ac5_av,144,1,0.0,0.0,0.0,10
pearson085_rf_importance_k10,5,ChEMBL__Joinable__assays_both_50_50_ac2_ev,289,11,1.0,0.7272727272727273,0.8421052631578947,10
pearson085_rf_importance_k10,5,TPC-DI__Joinable__prospect_vertical_30_ac1_ev,196,6,1.0,1.0,1.0,10
pearson085_rf_importance_k10,5,OpenData__Semantically-Joinable__miller2_vertical_30_ec_av,1089,15,1.0,0.6,0.75,10
pearson085_rf_importance_k10,5,ChEMBL__View-Unionable__assays_both_0_1_ec_ev,144,1,0.0,0.0,0.0,10
pearson085_rf_importance_k10,5,TPC-DI__View-Unionable__prospect_both_0_50_ac3_av,272,11,1.0,0.5454545454545454,0.7058823529411765,10
pearson085_rf_importance_k10,5,ChEMBL__Joinable__assays_both_50_50_ac5_ev,289,11,1.0,0.45454545454545453,0.625,10
pearson085_rf_importance_k10,5,TPC-DI__Joinable__prospect_vertical_30_ac5_ev,196,6,1.0,1.0,1.0,10
pearson085_rf_importance_k10,5,TPC-DI__View-Unionable__prospect_both_0_50_ac4_av,272,11,1.0,0.45454545454545453,0.625,10
pearson085_rf_importance_k10,5,ChEMBL__Joinable__assays_both_50_70_ac1_ev,380,16,1.0,0.5,0.6666666666666666,10
pearson085_rf_importance_k10,5,TPC-DI__View-Unionable__prospect_both_0_50_ac4_ev,272,11,1.0,0.7272727272727273,0.8421052631578947,10
pearson085_rf_importance_k10,5,ChEMBL__Joinable__assays_both_50_70_ac2_ev,380,16,1.0,0.5625,0.72,10
pearson085_rf_importance_k10,5,TPC-DI__View-Unionable__prospect_both_0_50_ac5_av,272,11,1.0,0.2727272727272727,0.42857142857142855,10
pearson085_rf_importance_k10,5,ChEMBL__View-Unionable__assays_both_0_30_ac3_av,210,6,1.0,0.16666666666666666,0.2857142857142857,10
pearson085_rf_importance_k10,5,OpenData__Semantically-Joinable__miller2_vertical_50_ec_av,1444,25,1.0,0.56,0.717948717948718,10
pearson085_rf_importance_k10,5,TPC-DI__Joinable__prospect_vertical_50_ac2_ev,272,11,1.0,1.0,1.0,10
pearson085_rf_importance_k10,5,TPC-DI__View-Unionable__prospect_both_0_50_ac5_ev,272,11,1.0,0.36363636363636365,0.5333333333333333,10
pearson085_rf_importance_k10,5,TPC-DI__Joinable__prospect_vertical_50_ac3_ev,272,11,1.0,1.0,1.0,10
pearson085_rf_importance_k10,5,ChEMBL__View-Unionable__assays_both_0_30_ac4_av,210,6,0.0,0.0,0.0,10
pearson085_rf_importance_k10,5,OpenData__Semantically-Joinable__miller2_vertical_70_ac3_av,1849,35,1.0,0.5142857142857142,0.6792452830188679,10
pearson085_rf_importance_k10,5,ChEMBL__View-Unionable__assays_both_0_30_ac5_av,210,6,1.0,0.16666666666666666,0.2857142857142857,10
pearson085_rf_importance_k10,5,TPC-DI__View-Unionable__prospect_both_0_70_ac1_ev,342,15,1.0,0.4,0.5714285714285714,10
pearson085_rf_importance_k10,5,ChEMBL__Joinable__assays_vertical_1_ac3_ev,144,1,1.0,1.0,1.0,10
pearson085_rf_importance_k10,5,ChEMBL__Joinable__assays_vertical_1_ac4_ev,144,1,1.0,1.0,1.0,10
pearson085_rf_importance_k10,5,TPC-DI__Joinable__prospect_vertical_70_ac3_ev,342,15,1.0,1.0,1.0,10
pearson085_rf_importance_k10,5,ChEMBL__Joinable__assays_vertical_1_ac5_ev,144,1,1.0,1.0,1.0,10
pearson085_rf_importance_k10,5,OpenData__Unionable__miller2_horizontal_0_ac3_av,2601,51,1.0,0.5098039215686274,0.6753246753246753,10
pearson085_rf_importance_k10,5,TPC-DI__Semantically-Joinable__prospect_both_50_1_ac1_av,132,1,0.0,0.0,0.0,10
pearson085_rf_importance_k10,5,OpenData__Unionable__miller2_horizontal_0_ac3_ev,2601,51,1.0,0.6470588235294118,0.7857142857142857,10
pearson085_rf_importance_k10,5,ChEMBL__Joinable__assays_vertical_30_ac4_ev,210,6,1.0,0.8333333333333334,0.9090909090909091,10
pearson085_rf_importance_k10,5,TPC-DI__Semantically-Joinable__prospect_both_50_1_ac4_av,132,1,0.0,0.0,0.0,10
pearson085_rf_importance_k10,5,TPC-DI__View-Unionable__prospect_both_0_70_ec_ev,342,15,1.0,0.26666666666666666,0.42105263157894735,10
pearson085_rf_importance_k10,5,TPC-DI__Semantically-Joinable__prospect_both_50_1_ac5_av,132,1,0.0,0.0,0.0,10
pearson085_rf_importance_k10,5,Wikidata__Musicians__Musicians_joinable,169,6,1.0,0.8333333333333334,0.9090909090909091,10
pearson085_rf_importance_k10,5,ChEMBL__View-Unionable__assays_both_0_50_ac5_av,289,11,1.0,0.09090909090909091,0.16666666666666666,10
pearson085_rf_importance_k10,5,TPC-DI__Semantically-Joinable__prospect_both_50_30_ac1_av,196,6,1.0,0.3333333333333333,0.5,10
pearson085_rf_importance_k10,5,OpenData__Unionable__miller2_horizontal_100_ac1_av,2601,51,1.0,0.7647058823529411,0.8666666666666667,10
pearson085_rf_importance_k10,5,ChEMBL__Joinable__assays_vertical_70_ac1_ev,380,16,1.0,0.875,0.9333333333333333,10
pearson085_rf_importance_k10,5,ChEMBL__Joinable__assays_vertical_70_ac2_ev,380,16,1.0,0.9375,0.967741935483871,10
pearson085_rf_importance_k10,5,TPC-DI__Semantically-Joinable__prospect_both_50_50_ac3_av,272,11,1.0,0.45454545454545453,0.625,10
pearson085_rf_importance_k10,5,ChEMBL__Joinable__assays_vertical_70_ac5_ev,380,16,1.0,0.625,0.7692307692307693,10
pearson085_rf_importance_k10,5,ChEMBL__View-Unionable__assays_both_0_70_ac4_av,380,16,1.0,0.4375,0.6086956521739131,10
pearson085_rf_importance_k10,5,OpenData__Unionable__miller2_horizontal_100_ec_av,2601,51,1.0,0.7647058823529411,0.8666666666666667,10
pearson085_rf_importance_k10,5,ChEMBL__View-Unionable__assays_both_0_70_ec_ev,380,16,1.0,0.625,0.7692307692307693,10
pearson085_rf_importance_k10,5,OpenData__Unionable__miller2_horizontal_50_ac1_ev,2601,51,1.0,0.7647058823529411,0.8666666666666667,10
pearson085_rf_importance_k10,5,Magellan__beeradvo_ratebeer,25,5,1.0,0.6,0.75,10
pearson085_rf_importance_k10,5,OpenData__Unionable__miller2_horizontal_50_ac3_ev,2601,51,1.0,0.6470588235294118,0.7857142857142857,10
pearson085_rf_importance_k10,5,ChEMBL__Semantically-Joinable__assays_both_50_30_ac4_av,210,6,1.0,0.6666666666666666,0.8,10
pearson085_rf_importance_k10,5,ChEMBL__Semantically-Joinable__assays_both_50_30_ec_av,210,6,1.0,0.16666666666666666,0.2857142857142857,10
pearson085_rf_importance_k10,5,TPC-DI__Semantically-Joinable__prospect_vertical_1_ac5_av,132,1,0.0,0.0,0.0,10
pearson085_rf_importance_k10,5,ChEMBL__Semantically-Joinable__assays_both_50_50_ac1_av,289,11,1.0,0.2727272727272727,0.42857142857142855,10
pearson085_rf_importance_k10,5,TPC-DI__Semantically-Joinable__prospect_vertical_30_ac1_av,196,6,1.0,0.16666666666666666,0.2857142857142857,10
pearson085_rf_importance_k10,5,OpenData__Joinable__miller2_both_50_1_ac5_ev,676,1,1.0,1.0,1.0,10
pearson085_rf_importance_k10,5,TPC-DI__Semantically-Joinable__prospect_vertical_30_ac3_av,196,6,1.0,0.5,0.6666666666666666,10
pearson085_rf_importance_k10,5,OpenData__Joinable__miller2_both_50_30_ac2_ev,1089,15,1.0,0.8666666666666667,0.9285714285714286,10
pearson085_rf_importance_k10,5,OpenData__Joinable__miller2_both_50_30_ac4_ev,1089,15,1.0,0.6666666666666666,0.8,10
pearson085_rf_importance_k10,5,ChEMBL__Semantically-Joinable__assays_both_50_70_ac5_av,380,16,1.0,0.25,0.4,10
pearson085_rf_importance_k10,5,OpenData__Joinable__miller2_both_50_50_ac1_ev,1444,25,1.0,0.76,0.8636363636363636,10
pearson085_rf_importance_k10,5,OpenData__View -Unionable__miller2_both_0_1_ec_av,676,1,0.0,0.0,0.0,10
pearson085_rf_importance_k10,5,ChEMBL__Semantically-Joinable__assays_vertical_1_ac3_av,144,1,1.0,1.0,1.0,10
pearson085_rf_importance_k10,5,OpenData__View -Unionable__miller2_both_0_1_ec_ev,676,1,1.0,1.0,1.0,10
pearson085_rf_importance_k10,5,OpenData__Joinable__miller2_both_50_50_ec_ev,1444,25,1.0,0.84,0.9130434782608695,10
pearson085_rf_importance_k10,5,TPC-DI__Semantically-Joinable__prospect_vertical_70_ac5_av,342,15,1.0,0.3333333333333333,0.5,10
pearson085_rf_importance_k10,5,ChEMBL__Semantically-Joinable__assays_vertical_30_ac1_av,210,6,1.0,0.5,0.6666666666666666,10
pearson085_rf_importance_k10,5,ChEMBL__Semantically-Joinable__assays_vertical_30_ac2_av,210,6,1.0,0.5,0.6666666666666666,10
pearson085_rf_importance_k10,5,OpenData__Joinable__miller2_both_50_70_ac4_ev,1849,35,1.0,0.8857142857142857,0.9393939393939394,10
pearson085_rf_importance_k10,5,OpenData__View -Unionable__miller2_both_0_30_ac3_ev,1089,15,1.0,0.7333333333333333,0.8461538461538461,10
pearson085_rf_importance_k10,5,ChEMBL__Semantically-Joinable__assays_vertical_30_ac4_av,210,6,1.0,0.3333333333333333,0.5,10
pearson085_rf_importance_k10,5,OpenData__View -Unionable__miller2_both_0_30_ac4_ev,1089,15,1.0,1.0,1.0,10
pearson085_rf_importance_k10,5,OpenData__View -Unionable__miller2_both_0_30_ac5_ev,1089,15,1.0,0.5333333333333333,0.6956521739130435,10
pearson085_rf_importance_k10,5,ChEMBL__Semantically-Joinable__assays_vertical_70_ec_av,380,16,1.0,0.625,0.7692307692307693,10
pearson085_rf_importance_k10,5,TPC-DI__Unionable__prospect_horizontal_100_ac3_av,484,22,1.0,0.5,0.6666666666666666,10
pearson085_rf_importance_k10,5,TPC-DI__Unionable__prospect_horizontal_100_ac3_ev,484,22,1.0,0.5,0.6666666666666666,10
pearson085_rf_importance_k10,5,OpenData__Joinable__miller2_vertical_50_ac4_ev,1444,25,0.875,0.84,0.8571428571428571,10
pearson085_rf_importance_k10,5,OpenData__View -Unionable__miller2_both_0_70_ac2_av,1849,35,1.0,0.5142857142857142,0.6792452830188679,10
pearson085_rf_importance_k10,5,ChEMBL__Unionable__assays_horizontal_0_ac4_av,529,23,1.0,0.5217391304347826,0.6857142857142857,10
pearson085_rf_importance_k10,5,TPC-DI__Unionable__prospect_horizontal_100_ec_ev,484,22,1.0,0.45454545454545453,0.625,10
pearson085_rf_importance_k10,5,OpenData__Joinable__miller2_vertical_70_ac3_ev,1849,35,1.0,0.8571428571428571,0.9230769230769231,10
pearson085_rf_importance_k10,5,OpenData__Joinable__miller2_vertical_70_ec_ev,1849,35,1.0,1.0,1.0,10
pearson085_rf_importance_k10,5,TPC-DI__Unionable__prospect_horizontal_50_ac3_av,484,22,1.0,0.5,0.6666666666666666,10
pearson085_rf_importance_k10,5,OpenData__Semantically-Joinable__miller2_both_50_1_ac2_av,676,1,1.0,1.0,1.0,10
pearson085_rf_importance_k10,5,ChEMBL__Unionable__assays_horizontal_100_ac3_av,529,23,1.0,0.34782608695652173,0.5161290322580645,10
pearson085_rf_importance_k10,5,TPC-DI__Joinable__prospect_both_50_1_ac5_ev,132,1,0.0,0.0,0.0,10
pearson085_rf_importance_k10,5,TPC-DI__View-Unionable__prospect_both_0_1_ac1_av,132,1,0.0,0.0,0.0,10
pearson085_rf_importance_k10,5,TPC-DI__View-Unionable__prospect_both_0_1_ac2_av,132,1,0.0,0.0,0.0,10
pearson085_rf_importance_k10,5,ChEMBL__Unionable__assays_horizontal_100_ec_av,529,23,1.0,0.6086956521739131,0.7567567567567568,10
pearson085_rf_importance_k10,5,TPC-DI__View-Unionable__prospect_both_0_1_ac4_av,132,1,0.0,0.0,0.0,10
pearson085_rf_importance_k10,5,ChEMBL__Unionable__assays_horizontal_50_ac2_ev,529,23,1.0,0.6956521739130435,0.8205128205128205,10
pearson085_rf_importance_k10,5,TPC-DI__View-Unionable__prospect_both_0_1_ec_av,132,1,0.0,0.0,0.0,10
pearson085_rf_importance_k10,5,ChEMBL__Unionable__assays_horizontal_50_ac4_av,529,23,1.0,0.6521739130434783,0.7894736842105263,10
pearson085_rf_importance_k10,5,OpenData__Semantically-Joinable__miller2_both_50_70_ac2_av,1849,35,1.0,0.4857142857142857,0.6538461538461539,10
pearson085_rf_importance_k10,5,TPC-DI__Joinable__prospect_both_50_50_ac5_ev,272,11,1.0,0.45454545454545453,0.625,10
