config,feature_set,fold_id,pair_id,n_rows,n_pos,precision,recall,f1,n_features
reduced_syn_only,Syntactic,0,ChEMBL__Unionable__assays_horizontal_50_ac5_av,529,23,1.0,0.391304347826087,0.5625,7
reduced_syn_only,Syntactic,0,OpenData__Semantically-Joinable__miller2_both_50_70_ac4_av,1849,35,0.8823529411764706,0.42857142857142855,0.5769230769230769,7
reduced_syn_only,Syntactic,0,TPC-DI__Joinable__prospect_both_50_50_ec_ev,272,11,1.0,0.5454545454545454,0.7058823529411765,7
reduced_syn_only,Syntactic,0,TPC-DI__View-Unionable__prospect_both_0_30_ac1_ev,196,6,1.0,0.5,0.6666666666666666,7
reduced_syn_only,Syntactic,0,ChEMBL__Joinable__assays_both_50_1_ac2_ev,144,1,0.5,1.0,0.6666666666666666,7
reduced_syn_only,Syntactic,0,ChEMBL__Unionable__assays_horizontal_50_ac5_ev,529,23,1.0,0.391304347826087,0.5625,7
reduced_syn_only,Syntactic,0,ChEMBL__Joinable__assays_both_50_1_ac3_ev,144,1,0.0,0.0,0.0,7
reduced_syn_only,Syntactic,0,TPC-DI__View-Unionable__prospect_both_0_30_ac2_ev,196,6,1.0,0.6666666666666666,0.8,7
reduced_syn_only,Syntactic,0,OpenData__Semantically-Joinable__miller2_vertical_1_ac4_av,676,1,0.2,1.0,0.3333333333333333,7
reduced_syn_only,Syntactic,0,TPC-DI__Joinable__prospect_both_50_70_ec_ev,342,15,1.0,0.6,0.75,7
reduced_syn_only,Syntactic,0,ChEMBL__View-Unionable__assays_both_0_1_ac2_ev,144,1,1.0,1.0,1.0,7
reduced_syn_only,Syntactic,0,TPC-DI__Joinable__prospect_vertical_1_ac2_ev,132,1,1.0,1.0,1.0,7
reduced_syn_only,Syntactic,0,TPC-DI__View-Unionable__prospect_both_0_30_ec_av,196,6,1.0,0.5,0.6666666666666666,7
reduced_syn_only,Syntactic,0,OpenData__Semantically-Joinable__miller2_vertical_30_ac2_av,1089,15,0.9230769230769231,0.8,0.8571428571428571,7
reduced_syn_only,Syntactic,0,ChEMBL__Joinable__assays_both_50_30_ec_ev,210,6,1.0,0.5,0.6666666666666666,7
reduced_syn_only,Syntactic,0,TPC-DI__View-Unionable__prospect_both_0_50_ac1_av,272,11,0.8333333333333334,0.45454545454545453,0.5882352941176471,7
reduced_syn_only,Syntactic,0,TPC-DI__Joinable__prospect_vertical_1_ec_ev,132,1,1.0,1.0,1.0,7
reduced_syn_only,Syntactic,0,TPC-DI__View-Unionable__prospect_both_0_50_ac1_ev,272,11,1.0,0.5454545454545454,0.7058823529411765,7
reduced_syn_only,Syntactic,0,ChEMBL__View-Unionable__assays_both_0_30_ac1_av,210,6,1.0,0.3333333333333333,0.5,7
reduced_syn_only,Syntactic,0,OpenData__Semantically-Joinable__miller2_vertical_50_ac3_av,1444,25,1.0,0.56,0.717948717948718,7
reduced_syn_only,Syntactic,0,ChEMBL__View-Unionable__assays_both_0_30_ac2_av,210,6,1.0,0.8333333333333334,0.9090909090909091,7
reduced_syn_only,Syntactic,0,OpenData__Semantically-Joinable__miller2_vertical_50_ac4_av,1444,25,0.9230769230769231,0.48,0.631578947368421,7
reduced_syn_only,Syntactic,0,OpenData__Semantically-Joinable__miller2_vertical_50_ac5_av,1444,25,1.0,0.24,0.3870967741935484,7
reduced_syn_only,Syntactic,0,TPC-DI__Joinable__prospect_vertical_50_ac1_ev,272,11,1.0,0.9090909090909091,0.9523809523809523,7
reduced_syn_only,Syntactic,0,ChEMBL__Joinable__assays_both_50_70_ac3_ev,380,16,1.0,0.625,0.7692307692307693,7
reduced_syn_only,Syntactic,0,ChEMBL__Joinable__assays_both_50_70_ac4_ev,380,16,1.0,0.5625,0.72,7
reduced_syn_only,Syntactic,0,OpenData__Semantically-Joinable__miller2_vertical_70_ac2_av,1849,35,0.9166666666666666,0.6285714285714286,0.7457627118644068,7
reduced_syn_only,Syntactic,0,ChEMBL__Joinable__assays_both_50_70_ec_ev,380,16,1.0,0.6875,0.8148148148148148,7
reduced_syn_only,Syntactic,0,TPC-DI__Joinable__prospect_vertical_50_ac5_ev,272,11,1.0,0.9090909090909091,0.9523809523809523,7
reduced_syn_only,Syntactic,0,OpenData__Semantically-Joinable__miller2_vertical_70_ac4_av,1849,35,0.8,0.45714285714285713,0.5818181818181818,7
reduced_syn_only,Syntactic,0,TPC-DI__Joinable__prospect_vertical_50_ec_ev,272,11,1.0,1.0,1.0,7
reduced_syn_only,Syntactic,0,TPC-DI__Joinable__prospect_vertical_70_ac1_ev,342,15,1.0,1.0,1.0,7
reduced_syn_only,Syntactic,0,ChEMBL__View-Unionable__assays_both_0_30_ec_av,210,6,1.0,0.8333333333333334,0.9090909090909091,7
reduced_syn_only,Syntactic,0,OpenData__Unionable__miller2_horizontal_0_ac1_ev,2601,51,1.0,0.8431372549019608,0.9148936170212766,7
reduced_syn_only,Syntactic,0,TPC-DI__Joinable__prospect_vertical_70_ac4_ev,342,15,1.0,0.8666666666666667,0.9285714285714286,7
reduced_syn_only,Syntactic,0,TPC-DI__View-Unionable__prospect_both_0_70_ac3_ev,342,15,1.0,0.5333333333333333,0.6956521739130435,7
reduced_syn_only,Syntactic,0,ChEMBL__Joinable__assays_vertical_1_ec_ev,144,1,1.0,1.0,1.0,7
reduced_syn_only,Syntactic,0,OpenData__Unionable__miller2_horizontal_0_ac2_av,2601,51,0.92,0.9019607843137255,0.9108910891089109,7
reduced_syn_only,Syntactic,0,TPC-DI__View-Unionable__prospect_both_0_70_ac4_ev,342,15,1.0,0.6,0.75,7
reduced_syn_only,Syntactic,0,ChEMBL__Joinable__assays_vertical_30_ac3_ev,210,6,1.0,1.0,1.0,7
reduced_syn_only,Syntactic,0,ChEMBL__View-Unionable__assays_both_0_50_ac3_av,289,11,1.0,0.45454545454545453,0.625,7
reduced_syn_only,Syntactic,0,TPC-DI__View-Unionable__prospect_both_0_70_ac5_ev,342,15,1.0,0.7333333333333333,0.8461538461538461,7
reduced_syn_only,Syntactic,0,ChEMBL__View-Unionable__assays_both_0_50_ac3_ev,289,11,1.0,0.6363636363636364,0.7777777777777778,7
reduced_syn_only,Syntactic,0,ChEMBL__Joinable__assays_vertical_30_ec_ev,210,6,0.8571428571428571,1.0,0.9230769230769231,7
reduced_syn_only,Syntactic,0,ChEMBL__View-Unionable__assays_both_0_50_ac4_ev,289,11,1.0,0.36363636363636365,0.5333333333333333,7
reduced_syn_only,Syntactic,0,ChEMBL__Joinable__assays_vertical_50_ac2_ev,289,11,1.0,0.9090909090909091,0.9523809523809523,7
reduced_syn_only,Syntactic,0,Wikidata__Musicians__Musicians_unionable,400,19,0.9375,0.7894736842105263,0.8571428571428571,7
reduced_syn_only,Syntactic,0,ChEMBL__Joinable__assays_vertical_50_ac4_ev,289,11,1.0,0.7272727272727273,0.8421052631578947,7
reduced_syn_only,Syntactic,0,ChEMBL__View-Unionable__assays_both_0_50_ec_ev,289,11,1.0,0.6363636363636364,0.7777777777777778,7
reduced_syn_only,Syntactic,0,ChEMBL__View-Unionable__assays_both_0_70_ac1_av,380,16,1.0,0.375,0.5454545454545454,7
reduced_syn_only,Syntactic,0,OpenData__Unionable__miller2_horizontal_100_ac1_ev,2601,51,1.0,0.8431372549019608,0.9148936170212766,7
reduced_syn_only,Syntactic,0,ChEMBL__Joinable__assays_vertical_50_ec_ev,289,11,0.9166666666666666,1.0,0.9565217391304348,7
reduced_syn_only,Syntactic,0,ChEMBL__View-Unionable__assays_both_0_70_ac2_av,380,16,1.0,0.5625,0.72,7
reduced_syn_only,Syntactic,0,TPC-DI__Semantically-Joinable__prospect_both_50_50_ac1_av,272,11,0.8333333333333334,0.45454545454545453,0.5882352941176471,7
reduced_syn_only,Syntactic,0,ChEMBL__Joinable__assays_vertical_70_ac3_ev,380,16,1.0,0.75,0.8571428571428571,7
reduced_syn_only,Syntactic,0,OpenData__Unionable__miller2_horizontal_100_ac3_ev,2601,51,1.0,0.6666666666666666,0.8,7
reduced_syn_only,Syntactic,0,ChEMBL__View-Unionable__assays_both_0_70_ac3_ev,380,16,1.0,0.5625,0.72,7
reduced_syn_only,Syntactic,0,OpenData__Unionable__miller2_horizontal_100_ac4_ev,2601,51,0.975609756097561,0.7843137254901961,0.8695652173913043,7
reduced_syn_only,Syntactic,0,TPC-DI__Semantically-Joinable__prospect_both_50_50_ac4_av,272,11,0.625,0.45454545454545453,0.5263157894736842,7
reduced_syn_only,Syntactic,0,ChEMBL__Joinable__assays_vertical_70_ec_ev,380,16,0.9411764705882353,1.0,0.9696969696969697,7
reduced_syn_only,Syntactic,0,ChEMBL__View-Unionable__assays_both_0_70_ac4_ev,380,16,1.0,0.5625,0.72,7
reduced_syn_only,Syntactic,0,TPC-DI__Semantically-Joinable__prospect_both_50_50_ac5_av,272,11,0.8333333333333334,0.45454545454545453,0.5882352941176471,7
reduced_syn_only,Syntactic,0,ChEMBL__View-Unionable__assays_both_0_70_ac5_av,380,16,0.8,0.25,0.38095238095238093,7
reduced_syn_only,Syntactic,0,OpenData__Unionable__miller2_horizontal_100_ac5_ev,2601,51,1.0,0.5098039215686274,0.6753246753246753,7
reduced_syn_only,Syntactic,0,ChEMBL__Semantically-Joinable__assays_both_50_1_ac2_av,144,1,1.0,1.0,1.0,7
reduced_syn_only,Syntactic,0,ChEMBL__View-Unionable__assays_both_0_70_ac5_ev,380,16,1.0,0.4375,0.6086956521739131,7
reduced_syn_only,Syntactic,0,TPC-DI__Semantically-Joinable__prospect_both_50_70_ac1_av,342,15,0.6666666666666666,0.4,0.5,7
reduced_syn_only,Syntactic,0,ChEMBL__View-Unionable__assays_both_0_70_ec_av,380,16,1.0,0.5,0.6666666666666666,7
reduced_syn_only,Syntactic,0,ChEMBL__Semantically-Joinable__assays_both_50_1_ac4_av,144,1,0.0,0.0,0.0,7
reduced_syn_only,Syntactic,0,OpenData__Unionable__miller2_horizontal_50_ac1_av,2601,51,1.0,0.8431372549019608,0.9148936170212766,7
reduced_syn_only,Syntactic,0,ChEMBL__Semantically-Joinable__assays_both_50_1_ec_av,144,1,1.0,1.0,1.0,7
reduced_syn_only,Syntactic,0,TPC-DI__Semantically-Joinable__prospect_both_50_70_ac5_av,342,15,1.0,0.4,0.5714285714285714,7
reduced_syn_only,Syntactic,0,ChEMBL__Semantically-Joinable__assays_both_50_30_ac1_av,210,6,1.0,0.5,0.6666666666666666,7
reduced_syn_only,Syntactic,0,Magellan__dblp_acm,25,5,1.0,0.4,0.5714285714285714,7
reduced_syn_only,Syntactic,0,ChEMBL__Semantically-Joinable__assays_both_50_30_ac2_av,210,6,1.0,0.6666666666666666,0.8,7
reduced_syn_only,Syntactic,0,Magellan__dblp_scholar,25,5,1.0,0.4,0.5714285714285714,7
reduced_syn_only,Syntactic,0,OpenData__Unionable__miller2_horizontal_50_ac3_av,2601,51,1.0,0.6666666666666666,0.8,7
reduced_syn_only,Syntactic,0,TPC-DI__Semantically-Joinable__prospect_vertical_1_ac2_av,132,1,1.0,1.0,1.0,7
reduced_syn_only,Syntactic,0,OpenData__Unionable__miller2_horizontal_50_ac4_av,2601,51,1.0,0.7647058823529411,0.8666666666666667,7
reduced_syn_only,Syntactic,0,TPC-DI__Semantically-Joinable__prospect_vertical_1_ac4_av,132,1,1.0,1.0,1.0,7
reduced_syn_only,Syntactic,0,OpenData__Joinable__miller2_both_50_1_ac1_ev,676,1,1.0,1.0,1.0,7
reduced_syn_only,Syntactic,0,OpenData__Joinable__miller2_both_50_1_ac2_ev,676,1,1.0,1.0,1.0,7
reduced_syn_only,Syntactic,0,OpenData__Unionable__miller2_horizontal_50_ac5_ev,2601,51,1.0,0.5098039215686274,0.6753246753246753,7
reduced_syn_only,Syntactic,0,TPC-DI__Semantically-Joinable__prospect_vertical_1_ec_av,132,1,1.0,1.0,1.0,7
reduced_syn_only,Syntactic,0,ChEMBL__Semantically-Joinable__assays_both_50_50_ac2_av,289,11,1.0,0.5454545454545454,0.7058823529411765,7
reduced_syn_only,Syntactic,0,OpenData__Joinable__miller2_both_50_1_ac3_ev,676,1,1.0,1.0,1.0,7
reduced_syn_only,Syntactic,0,OpenData__Unionable__miller2_horizontal_50_ec_ev,2601,51,1.0,0.9607843137254902,0.98,7
reduced_syn_only,Syntactic,0,ChEMBL__Semantically-Joinable__assays_both_50_50_ac5_av,289,11,1.0,0.45454545454545453,0.625,7
reduced_syn_only,Syntactic,0,ChEMBL__Semantically-Joinable__assays_both_50_50_ec_av,289,11,1.0,0.6363636363636364,0.7777777777777778,7
reduced_syn_only,Syntactic,0,TPC-DI__Semantically-Joinable__prospect_vertical_30_ac5_av,196,6,1.0,0.6666666666666666,0.8,7
reduced_syn_only,Syntactic,0,OpenData__View -Unionable__miller2_both_0_1_ac2_ev,676,1,1.0,1.0,1.0,7
reduced_syn_only,Syntactic,0,OpenData__View -Unionable__miller2_both_0_1_ac3_av,676,1,1.0,1.0,1.0,7
reduced_syn_only,Syntactic,0,TPC-DI__Semantically-Joinable__prospect_vertical_50_ac1_av,272,11,1.0,0.5454545454545454,0.7058823529411765,7
reduced_syn_only,Syntactic,0,TPC-DI__Semantically-Joinable__prospect_vertical_50_ac2_av,272,11,0.75,0.5454545454545454,0.631578947368421,7
reduced_syn_only,Syntactic,0,OpenData__Joinable__miller2_both_50_30_ec_ev,1089,15,1.0,0.9333333333333333,0.9655172413793104,7
reduced_syn_only,Syntactic,0,TPC-DI__Semantically-Joinable__prospect_vertical_50_ac4_av,272,11,1.0,0.2727272727272727,0.42857142857142855,7
reduced_syn_only,Syntactic,0,TPC-DI__Semantically-Joinable__prospect_vertical_50_ec_av,272,11,1.0,0.6363636363636364,0.7777777777777778,7
reduced_syn_only,Syntactic,0,TPC-DI__Semantically-Joinable__prospect_vertical_70_ac2_av,342,15,0.7272727272727273,0.5333333333333333,0.6153846153846154,7
reduced_syn_only,Syntactic,0,OpenData__Joinable__miller2_both_50_50_ac5_ev,1444,25,1.0,0.44,0.6111111111111112,7
reduced_syn_only,Syntactic,0,ChEMBL__Semantically-Joinable__assays_vertical_1_ac5_av,144,1,1.0,1.0,1.0,7
reduced_syn_only,Syntactic,0,OpenData__Joinable__miller2_both_50_70_ac1_ev,1849,35,1.0,0.9142857142857143,0.9552238805970149,7
reduced_syn_only,Syntactic,0,OpenData__View -Unionable__miller2_both_0_30_ac3_av,1089,15,1.0,0.6666666666666666,0.8,7
reduced_syn_only,Syntactic,0,TPC-DI__Unionable__prospect_horizontal_0_ac1_av,484,22,1.0,0.6363636363636364,0.7777777777777778,7
reduced_syn_only,Syntactic,0,OpenData__Joinable__miller2_both_50_70_ac5_ev,1849,35,1.0,0.5714285714285714,0.7272727272727273,7
reduced_syn_only,Syntactic,0,OpenData__View -Unionable__miller2_both_0_30_ac4_av,1089,15,1.0,0.4,0.5714285714285714,7
reduced_syn_only,Syntactic,0,ChEMBL__Semantically-Joinable__assays_vertical_30_ac5_av,210,6,1.0,0.5,0.6666666666666666,7
reduced_syn_only,Syntactic,0,TPC-DI__Unionable__prospect_horizontal_0_ac2_ev,484,22,1.0,0.6363636363636364,0.7777777777777778,7
reduced_syn_only,Syntactic,0,ChEMBL__Semantically-Joinable__assays_vertical_30_ec_av,210,6,1.0,0.5,0.6666666666666666,7
reduced_syn_only,Syntactic,0,OpenData__View -Unionable__miller2_both_0_30_ac5_av,1089,15,0.8333333333333334,0.3333333333333333,0.47619047619047616,7
reduced_syn_only,Syntactic,0,TPC-DI__Unionable__prospect_horizontal_0_ac3_av,484,22,1.0,0.5909090909090909,0.7428571428571429,7
reduced_syn_only,Syntactic,0,TPC-DI__Unionable__prospect_horizontal_0_ac4_av,484,22,1.0,0.5454545454545454,0.7058823529411765,7
reduced_syn_only,Syntactic,0,OpenData__Joinable__miller2_vertical_1_ac4_ev,676,1,1.0,1.0,1.0,7
reduced_syn_only,Syntactic,0,ChEMBL__Semantically-Joinable__assays_vertical_50_ac4_av,289,11,1.0,0.45454545454545453,0.625,7
reduced_syn_only,Syntactic,0,ChEMBL__Semantically-Joinable__assays_vertical_50_ac5_av,289,11,1.0,0.45454545454545453,0.625,7
reduced_syn_only,Syntactic,0,OpenData__View -Unionable__miller2_both_0_50_ac2_av,1444,25,1.0,0.68,0.8095238095238095,7
reduced_syn_only,Syntactic,0,OpenData__Joinable__miller2_vertical_30_ac2_ev,1089,15,1.0,1.0,1.0,7
reduced_syn_only,Syntactic,0,OpenData__View -Unionable__miller2_both_0_50_ac2_ev,1444,25,1.0,0.96,0.9795918367346939,7
reduced_syn_only,Syntactic,0,TPC-DI__Unionable__prospect_horizontal_0_ec_ev,484,22,1.0,0.5909090909090909,0.7428571428571429,7
reduced_syn_only,Syntactic,0,ChEMBL__Semantically-Joinable__assays_vertical_70_ac2_av,380,16,1.0,0.5,0.6666666666666666,7
reduced_syn_only,Syntactic,0,OpenData__Joinable__miller2_vertical_30_ac3_ev,1089,15,1.0,0.9333333333333333,0.9655172413793104,7
reduced_syn_only,Syntactic,0,OpenData__View -Unionable__miller2_both_0_50_ac3_ev,1444,25,1.0,0.76,0.8636363636363636,7
reduced_syn_only,Syntactic,0,TPC-DI__Unionable__prospect_horizontal_100_ac2_ev,484,22,1.0,0.6363636363636364,0.7777777777777778,7
reduced_syn_only,Syntactic,0,OpenData__Joinable__miller2_vertical_50_ac1_ev,1444,25,1.0,1.0,1.0,7
reduced_syn_only,Syntactic,0,OpenData__View -Unionable__miller2_both_0_50_ac5_av,1444,25,1.0,0.28,0.4375,7
reduced_syn_only,Syntactic,0,ChEMBL__Unionable__assays_horizontal_0_ac1_av,529,23,1.0,0.5217391304347826,0.6857142857142857,7
reduced_syn_only,Syntactic,0,OpenData__View -Unionable__miller2_both_0_50_ac5_ev,1444,25,1.0,0.52,0.6842105263157895,7
reduced_syn_only,Syntactic,0,OpenData__Joinable__miller2_vertical_50_ac3_ev,1444,25,1.0,0.64,0.7804878048780488,7
reduced_syn_only,Syntactic,0,OpenData__View -Unionable__miller2_both_0_50_ec_av,1444,25,1.0,0.76,0.8636363636363636,7
reduced_syn_only,Syntactic,0,ChEMBL__Unionable__assays_horizontal_0_ac2_av,529,23,1.0,0.5652173913043478,0.7222222222222222,7
reduced_syn_only,Syntactic,0,ChEMBL__Unionable__assays_horizontal_0_ac2_ev,529,23,1.0,0.6521739130434783,0.7894736842105263,7
reduced_syn_only,Syntactic,0,TPC-DI__Unionable__prospect_horizontal_100_ac5_av,484,22,1.0,0.6363636363636364,0.7777777777777778,7
reduced_syn_only,Syntactic,0,ChEMBL__Unionable__assays_horizontal_0_ac3_av,529,23,1.0,0.5217391304347826,0.6857142857142857,7
reduced_syn_only,Syntactic,0,OpenData__Joinable__miller2_vertical_50_ec_ev,1444,25,1.0,1.0,1.0,7
reduced_syn_only,Syntactic,0,OpenData__Joinable__miller2_vertical_70_ac2_ev,1849,35,1.0,1.0,1.0,7
reduced_syn_only,Syntactic,0,ChEMBL__Unionable__assays_horizontal_0_ac4_ev,529,23,1.0,0.6086956521739131,0.7567567567567568,7
reduced_syn_only,Syntactic,0,OpenData__Joinable__miller2_vertical_70_ac4_ev,1849,35,0.96875,0.8857142857142857,0.9253731343283582,7
reduced_syn_only,Syntactic,0,OpenData__View -Unionable__miller2_both_0_70_ac3_ev,1849,35,1.0,0.6,0.75,7
reduced_syn_only,Syntactic,0,TPC-DI__Unionable__prospect_horizontal_50_ac1_ev,484,22,1.0,0.6363636363636364,0.7777777777777778,7
reduced_syn_only,Syntactic,0,OpenData__View -Unionable__miller2_both_0_70_ac4_av,1849,35,0.9333333333333333,0.4,0.56,7
reduced_syn_only,Syntactic,0,ChEMBL__Unionable__assays_horizontal_0_ec_ev,529,23,1.0,0.6521739130434783,0.7894736842105263,7
reduced_syn_only,Syntactic,0,OpenData__Semantically-Joinable__miller2_both_50_1_ac1_av,676,1,1.0,1.0,1.0,7
reduced_syn_only,Syntactic,0,TPC-DI__Unionable__prospect_horizontal_50_ac3_ev,484,22,1.0,0.5909090909090909,0.7428571428571429,7
reduced_syn_only,Syntactic,0,OpenData__Semantically-Joinable__miller2_both_50_1_ac4_av,676,1,1.0,1.0,1.0,7
reduced_syn_only,Syntactic,0,OpenData__View -Unionable__miller2_both_0_70_ec_ev,1849,35,1.0,0.9714285714285714,0.9855072463768116,7
reduced_syn_only,Syntactic,0,TPC-DI__Unionable__prospect_horizontal_50_ac4_ev,484,22,1.0,0.6818181818181818,0.8108108108108109,7
reduced_syn_only,Syntactic,0,OpenData__Semantically-Joinable__miller2_both_50_1_ac5_av,676,1,1.0,1.0,1.0,7
reduced_syn_only,Syntactic,0,TPC-DI__Unionable__prospect_horizontal_50_ac5_av,484,22,1.0,0.6363636363636364,0.7777777777777778,7
reduced_syn_only,Syntactic,0,OpenData__Semantically-Joinable__miller2_both_50_1_ec_av,676,1,1.0,1.0,1.0,7
reduced_syn_only,Syntactic,0,TPC-DI__Joinable__prospect_both_50_1_ac2_ev,132,1,0.0,0.0,0.0,7
reduced_syn_only,Syntactic,0,ChEMBL__Unionable__assays_horizontal_100_ac4_av,529,23,1.0,0.4782608695652174,0.6470588235294118,7
reduced_syn_only,Syntactic,0,TPC-DI__Joinable__prospect_both_50_1_ac4_ev,132,1,0.0,0.0,0.0,7
reduced_syn_only,Syntactic,0,TPC-DI__View-Unionable__prospect_both_0_1_ac1_ev,132,1,1.0,1.0,1.0,7
reduced_syn_only,Syntactic,0,OpenData__Semantically-Joinable__miller2_both_50_30_ec_av,1089,15,1.0,0.6666666666666666,0.8,7
reduced_syn_only,Syntactic,0,TPC-DI__Joinable__prospect_both_50_30_ac2_ev,196,6,1.0,0.5,0.6666666666666666,7
reduced_syn_only,Syntactic,0,ChEMBL__Unionable__assays_horizontal_100_ec_ev,529,23,1.0,0.6521739130434783,0.7894736842105263,7
reduced_syn_only,Syntactic,0,OpenData__Semantically-Joinable__miller2_both_50_50_ac1_av,1444,25,1.0,0.6,0.75,7
reduced_syn_only,Syntactic,0,TPC-DI__Joinable__prospect_both_50_30_ac3_ev,196,6,1.0,0.5,0.6666666666666666,7
reduced_syn_only,Syntactic,0,TPC-DI__View-Unionable__prospect_both_0_1_ac3_av,132,1,0.0,0.0,0.0,7
reduced_syn_only,Syntactic,0,OpenData__Semantically-Joinable__miller2_both_50_50_ac2_av,1444,25,0.8333333333333334,0.6,0.6976744186046512,7
reduced_syn_only,Syntactic,0,TPC-DI__Joinable__prospect_both_50_30_ac5_ev,196,6,1.0,0.6666666666666666,0.8,7
reduced_syn_only,Syntactic,0,TPC-DI__Joinable__prospect_both_50_30_ec_ev,196,6,1.0,0.3333333333333333,0.5,7
reduced_syn_only,Syntactic,0,TPC-DI__View-Unionable__prospect_both_0_1_ac4_ev,132,1,0.0,0.0,0.0,7
reduced_syn_only,Syntactic,0,TPC-DI__View-Unionable__prospect_both_0_1_ac5_av,132,1,0.0,0.0,0.0,7
reduced_syn_only,Syntactic,0,ChEMBL__Unionable__assays_horizontal_50_ac3_av,529,23,1.0,0.5217391304347826,0.6857142857142857,7
reduced_syn_only,Syntactic,0,TPC-DI__View-Unionable__prospect_both_0_1_ec_ev,132,1,1.0,1.0,1.0,7
reduced_syn_only,Syntactic,0,TPC-DI__View-Unionable__prospect_both_0_30_ac1_av,196,6,0.6666666666666666,0.3333333333333333,0.4444444444444444,7
reduced_syn_only,Syntactic,1,ChEMBL__Joinable__assays_both_50_1_ac1_ev,144,1,1.0,1.0,1.0,7
reduced_syn_only,Syntactic,1,OpenData__Semantically-Joinable__miller2_both_50_70_ac4_av,1849,35,0.95,0.5428571428571428,0.6909090909090909,7
reduced_syn_only,Syntactic,1,TPC-DI__View-Unionable__prospect_both_0_30_ac1_ev,196,6,1.0,0.5,0.6666666666666666,7
reduced_syn_only,Syntactic,1,ChEMBL__Joinable__assays_both_50_1_ac2_ev,144,1,0.5,1.0,0.6666666666666666,7
reduced_syn_only,Syntactic,1,ChEMBL__Unionable__assays_horizontal_50_ac5_ev,529,23,1.0,0.391304347826087,0.5625,7
reduced_syn_only,Syntactic,1,TPC-DI__View-Unionable__prospect_both_0_30_ac2_av,196,6,1.0,0.5,0.6666666666666666,7
reduced_syn_only,Syntactic,1,ChEMBL__Joinable__assays_both_50_1_ac3_ev,144,1,1.0,1.0,1.0,7
reduced_syn_only,Syntactic,1,OpenData__Semantically-Joinable__miller2_both_50_70_ec_av,1849,35,0.8666666666666667,0.7428571428571429,0.8,7
reduced_syn_only,Syntactic,1,ChEMBL__Joinable__assays_both_50_1_ac5_ev,144,1,1.0,1.0,1.0,7
reduced_syn_only,Syntactic,1,TPC-DI__View-Unionable__prospect_both_0_30_ac3_ev,196,6,1.0,0.5,0.6666666666666666,7
reduced_syn_only,Syntactic,1,OpenData__Semantically-Joinable__miller2_vertical_1_ac3_av,676,1,1.0,1.0,1.0,7
reduced_syn_only,Syntactic,1,ChEMBL__View-Unionable__assays_both_0_1_ac2_ev,144,1,1.0,1.0,1.0,7
reduced_syn_only,Syntactic,1,TPC-DI__Joinable__prospect_vertical_1_ac3_ev,132,1,1.0,1.0,1.0,7
reduced_syn_only,Syntactic,1,TPC-DI__Joinable__prospect_vertical_1_ac4_ev,132,1,1.0,1.0,1.0,7
reduced_syn_only,Syntactic,1,ChEMBL__Joinable__assays_both_50_30_ec_ev,210,6,1.0,0.5,0.6666666666666666,7
reduced_syn_only,Syntactic,1,OpenData__Semantically-Joinable__miller2_vertical_30_ac3_av,1089,15,1.0,0.6666666666666666,0.8,7
reduced_syn_only,Syntactic,1,TPC-DI__View-Unionable__prospect_both_0_50_ac1_av,272,11,1.0,0.6363636363636364,0.7777777777777778,7
reduced_syn_only,Syntactic,1,ChEMBL__Joinable__assays_both_50_50_ac1_ev,289,11,1.0,0.6363636363636364,0.7777777777777778,7
reduced_syn_only,Syntactic,1,OpenData__Semantically-Joinable__miller2_vertical_30_ac4_av,1089,15,0.9090909090909091,0.6666666666666666,0.7692307692307693,7
reduced_syn_only,Syntactic,1,TPC-DI__Joinable__prospect_vertical_1_ec_ev,132,1,1.0,1.0,1.0,7
reduced_syn_only,Syntactic,1,TPC-DI__View-Unionable__prospect_both_0_50_ac1_ev,272,11,1.0,0.5454545454545454,0.7058823529411765,7
reduced_syn_only,Syntactic,1,ChEMBL__View-Unionable__assays_both_0_1_ac5_ev,144,1,1.0,1.0,1.0,7
reduced_syn_only,Syntactic,1,OpenData__Semantically-Joinable__miller2_vertical_30_ac5_av,1089,15,1.0,0.4,0.5714285714285714,7
reduced_syn_only,Syntactic,1,TPC-DI__View-Unionable__prospect_both_0_50_ac2_ev,272,11,1.0,0.5454545454545454,0.7058823529411765,7
reduced_syn_only,Syntactic,1,ChEMBL__View-Unionable__assays_both_0_30_ac1_av,210,6,1.0,0.5,0.6666666666666666,7
reduced_syn_only,Syntactic,1,ChEMBL__View-Unionable__assays_both_0_30_ac1_ev,210,6,1.0,0.5,0.6666666666666666,7
reduced_syn_only,Syntactic,1,OpenData__Semantically-Joinable__miller2_vertical_50_ac3_av,1444,25,1.0,0.56,0.717948717948718,7
reduced_syn_only,Syntactic,1,TPC-DI__Joinable__prospect_vertical_30_ec_ev,196,6,1.0,1.0,1.0,7
reduced_syn_only,Syntactic,1,ChEMBL__View-Unionable__assays_both_0_30_ac2_ev,210,6,1.0,0.5,0.6666666666666666,7
reduced_syn_only,Syntactic,1,TPC-DI__Joinable__prospect_vertical_50_ac1_ev,272,11,1.0,0.9090909090909091,0.9523809523809523,7
reduced_syn_only,Syntactic,1,OpenData__Semantically-Joinable__miller2_vertical_70_ac1_av,1849,35,0.875,0.6,0.711864406779661,7
reduced_syn_only,Syntactic,1,TPC-DI__View-Unionable__prospect_both_0_50_ec_av,272,11,1.0,0.6363636363636364,0.7777777777777778,7
reduced_syn_only,Syntactic,1,ChEMBL__Joinable__assays_both_50_70_ec_ev,380,16,1.0,0.6875,0.8148148148148148,7
reduced_syn_only,Syntactic,1,TPC-DI__Joinable__prospect_vertical_50_ac5_ev,272,11,1.0,0.9090909090909091,0.9523809523809523,7
reduced_syn_only,Syntactic,1,ChEMBL__Joinable__assays_vertical_1_ac1_ev,144,1,1.0,1.0,1.0,7
reduced_syn_only,Syntactic,1,ChEMBL__Joinable__assays_vertical_1_ac2_ev,144,1,1.0,1.0,1.0,7
reduced_syn_only,Syntactic,1,TPC-DI__View-Unionable__prospect_both_0_70_ac2_av,342,15,0.8333333333333334,0.6666666666666666,0.7407407407407407,7
reduced_syn_only,Syntactic,1,ChEMBL__View-Unionable__assays_both_0_30_ec_av,210,6,1.0,0.8333333333333334,0.9090909090909091,7
reduced_syn_only,Syntactic,1,OpenData__Semantically-Joinable__miller2_vertical_70_ec_av,1849,35,1.0,0.6857142857142857,0.8135593220338984,7
reduced_syn_only,Syntactic,1,TPC-DI__View-Unionable__prospect_both_0_70_ac2_ev,342,15,1.0,0.6666666666666666,0.8,7
reduced_syn_only,Syntactic,1,ChEMBL__View-Unionable__assays_both_0_30_ec_ev,210,6,1.0,0.6666666666666666,0.8,7
reduced_syn_only,Syntactic,1,OpenData__Unionable__miller2_horizontal_0_ac1_ev,2601,51,1.0,0.8431372549019608,0.9148936170212766,7
reduced_syn_only,Syntactic,1,TPC-DI__Joinable__prospect_vertical_70_ac5_ev,342,15,1.0,1.0,1.0,7
reduced_syn_only,Syntactic,1,OpenData__Unionable__miller2_horizontal_0_ac2_ev,2601,51,1.0,0.9215686274509803,0.9591836734693877,7
reduced_syn_only,Syntactic,1,TPC-DI__Joinable__prospect_vertical_70_ec_ev,342,15,1.0,1.0,1.0,7
reduced_syn_only,Syntactic,1,TPC-DI__View-Unionable__prospect_both_0_70_ac5_av,342,15,0.9,0.6,0.72,7
reduced_syn_only,Syntactic,1,ChEMBL__Joinable__assays_vertical_30_ac3_ev,210,6,1.0,1.0,1.0,7
reduced_syn_only,Syntactic,1,TPC-DI__View-Unionable__prospect_both_0_70_ac5_ev,342,15,1.0,0.5333333333333333,0.6956521739130435,7
reduced_syn_only,Syntactic,1,OpenData__Unionable__miller2_horizontal_0_ac4_av,2601,51,1.0,0.7058823529411765,0.8275862068965517,7
reduced_syn_only,Syntactic,1,TPC-DI__Semantically-Joinable__prospect_both_50_1_ac3_av,132,1,0.0,0.0,0.0,7
reduced_syn_only,Syntactic,1,ChEMBL__Joinable__assays_vertical_30_ac5_ev,210,6,1.0,0.6666666666666666,0.8,7
reduced_syn_only,Syntactic,1,OpenData__Unionable__miller2_horizontal_0_ac4_ev,2601,51,1.0,0.7450980392156863,0.8539325842696629,7
reduced_syn_only,Syntactic,1,ChEMBL__Joinable__assays_vertical_30_ec_ev,210,6,1.0,1.0,1.0,7
reduced_syn_only,Syntactic,1,ChEMBL__Joinable__assays_vertical_50_ac1_ev,289,11,1.0,0.9090909090909091,0.9523809523809523,7
reduced_syn_only,Syntactic,1,Wikidata__Musicians__Musicians_semjoinable,196,8,1.0,0.75,0.8571428571428571,7
reduced_syn_only,Syntactic,1,ChEMBL__View-Unionable__assays_both_0_50_ac5_ev,289,11,1.0,0.2727272727272727,0.42857142857142855,7
reduced_syn_only,Syntactic,1,OpenData__Unionable__miller2_horizontal_0_ec_av,2601,51,0.8448275862068966,0.9607843137254902,0.8990825688073395,7
reduced_syn_only,Syntactic,1,ChEMBL__View-Unionable__assays_both_0_50_ec_av,289,11,1.0,0.5454545454545454,0.7058823529411765,7
reduced_syn_only,Syntactic,1,TPC-DI__Semantically-Joinable__prospect_both_50_30_ac3_av,196,6,1.0,0.6666666666666666,0.8,7
reduced_syn_only,Syntactic,1,TPC-DI__Semantically-Joinable__prospect_both_50_30_ac4_av,196,6,1.0,0.5,0.6666666666666666,7
reduced_syn_only,Syntactic,1,OpenData__Unionable__miller2_horizontal_100_ac2_ev,2601,51,1.0,0.9215686274509803,0.9591836734693877,7
reduced_syn_only,Syntactic,1,TPC-DI__Semantically-Joinable__prospect_both_50_30_ec_av,196,6,0.8,0.6666666666666666,0.7272727272727273,7
reduced_syn_only,Syntactic,1,ChEMBL__Joinable__assays_vertical_70_ac3_ev,380,16,1.0,0.75,0.8571428571428571,7
reduced_syn_only,Syntactic,1,ChEMBL__View-Unionable__assays_both_0_70_ac3_av,380,16,0.9090909090909091,0.625,0.7407407407407407,7
reduced_syn_only,Syntactic,1,ChEMBL__Joinable__assays_vertical_70_ac4_ev,380,16,1.0,0.8125,0.896551724137931,7
reduced_syn_only,Syntactic,1,OpenData__Unionable__miller2_horizontal_100_ac4_av,2601,51,1.0,0.7647058823529411,0.8666666666666667,7
reduced_syn_only,Syntactic,1,ChEMBL__View-Unionable__assays_both_0_70_ac4_ev,380,16,1.0,0.3125,0.47619047619047616,7
reduced_syn_only,Syntactic,1,OpenData__Unionable__miller2_horizontal_100_ac5_av,2601,51,1.0,0.5882352941176471,0.7407407407407407,7
reduced_syn_only,Syntactic,1,ChEMBL__View-Unionable__assays_both_0_70_ac5_av,380,16,1.0,0.3125,0.47619047619047616,7
reduced_syn_only,Syntactic,1,OpenData__Unionable__miller2_horizontal_100_ac5_ev,2601,51,1.0,0.5882352941176471,0.7407407407407407,7
reduced_syn_only,Syntactic,1,TPC-DI__Semantically-Joinable__prospect_both_50_50_ec_av,272,11,1.0,0.5454545454545454,0.7058823529411765,7
reduced_syn_only,Syntactic,1,ChEMBL__View-Unionable__assays_both_0_70_ac5_ev,380,16,1.0,0.4375,0.6086956521739131,7
reduced_syn_only,Syntactic,1,ChEMBL__View-Unionable__assays_both_0_70_ec_av,380,16,1.0,0.5625,0.72,7
reduced_syn_only,Syntactic,1,OpenData__Unionable__miller2_horizontal_100_ec_ev,2601,51,1.0,0.9607843137254902,0.98,7
reduced_syn_only,Syntactic,1,ChEMBL__Semantically-Joinable__assays_both_50_1_ac4_av,144,1,0.0,0.0,0.0,7
reduced_syn_only,Syntactic,1,TPC-DI__Semantically-Joinable__prospect_both_50_70_ac4_av,342,15,0.75,0.4,0.5217391304347826,7
reduced_syn_only,Syntactic,1,ChEMBL__Semantically-Joinable__assays_both_50_30_ac1_av,210,6,1.0,0.5,0.6666666666666666,7
reduced_syn_only,Syntactic,1,Magellan__dblp_acm,25,5,1.0,0.4,0.5714285714285714,7
reduced_syn_only,Syntactic,1,OpenData__Unionable__miller2_horizontal_50_ac2_ev,2601,51,1.0,0.9607843137254902,0.98,7
reduced_syn_only,Syntactic,1,Magellan__fodors_zagats,49,7,1.0,0.5714285714285714,0.7272727272727273,7
reduced_syn_only,Syntactic,1,TPC-DI__Semantically-Joinable__prospect_vertical_1_ac3_av,132,1,1.0,1.0,1.0,7
reduced_syn_only,Syntactic,1,ChEMBL__Semantically-Joinable__assays_both_50_50_ac3_av,289,11,1.0,0.5454545454545454,0.7058823529411765,7
reduced_syn_only,Syntactic,1,TPC-DI__Semantically-Joinable__prospect_vertical_30_ac2_av,196,6,0.7142857142857143,0.8333333333333334,0.7692307692307693,7
reduced_syn_only,Syntactic,1,OpenData__Joinable__miller2_both_50_1_ec_ev,676,1,1.0,1.0,1.0,7
reduced_syn_only,Syntactic,1,OpenData__View -Unionable__miller2_both_0_1_ac1_ev,676,1,1.0,1.0,1.0,7
reduced_syn_only,Syntactic,1,TPC-DI__Semantically-Joinable__prospect_vertical_30_ac4_av,196,6,1.0,0.6666666666666666,0.8,7
reduced_syn_only,Syntactic,1,OpenData__Joinable__miller2_both_50_30_ac1_ev,1089,15,1.0,0.8,0.8888888888888888,7
reduced_syn_only,Syntactic,1,TPC-DI__Semantically-Joinable__prospect_vertical_30_ac5_av,196,6,1.0,0.5,0.6666666666666666,7
reduced_syn_only,Syntactic,1,ChEMBL__Semantically-Joinable__assays_both_50_70_ac1_av,380,16,0.8571428571428571,0.375,0.5217391304347826,7
reduced_syn_only,Syntactic,1,ChEMBL__Semantically-Joinable__assays_both_50_70_ac2_av,380,16,1.0,0.6875,0.8148148148148148,7
reduced_syn_only,Syntactic,1,TPC-DI__Semantically-Joinable__prospect_vertical_50_ac1_av,272,11,1.0,0.45454545454545453,0.625,7
reduced_syn_only,Syntactic,1,OpenData__View -Unionable__miller2_both_0_1_ac3_ev,676,1,1.0,1.0,1.0,7
reduced_syn_only,Syntactic,1,ChEMBL__Semantically-Joinable__assays_both_50_70_ac4_av,380,16,1.0,0.375,0.5454545454545454,7
reduced_syn_only,Syntactic,1,OpenData__View -Unionable__miller2_both_0_1_ac4_av,676,1,1.0,1.0,1.0,7
reduced_syn_only,Syntactic,1,TPC-DI__Semantically-Joinable__prospect_vertical_50_ac3_av,272,11,0.8888888888888888,0.7272727272727273,0.8,7
reduced_syn_only,Syntactic,1,OpenData__Joinable__miller2_both_50_30_ec_ev,1089,15,1.0,1.0,1.0,7
reduced_syn_only,Syntactic,1,OpenData__View -Unionable__miller2_both_0_1_ac4_ev,676,1,1.0,1.0,1.0,7
reduced_syn_only,Syntactic,1,ChEMBL__Semantically-Joinable__assays_both_50_70_ec_av,380,16,1.0,0.5625,0.72,7
reduced_syn_only,Syntactic,1,ChEMBL__Semantically-Joinable__assays_vertical_1_ac1_av,144,1,1.0,1.0,1.0,7
reduced_syn_only,Syntactic,1,OpenData__View -Unionable__miller2_both_0_1_ac5_ev,676,1,1.0,1.0,1.0,7
reduced_syn_only,Syntactic,1,OpenData__Joinable__miller2_both_50_50_ac3_ev,1444,25,1.0,0.76,0.8636363636363636,7
reduced_syn_only,Syntactic,1,TPC-DI__Semantically-Joinable__prospect_vertical_70_ac1_av,342,15,0.7777777777777778,0.4666666666666667,0.5833333333333334,7
reduced_syn_only,Syntactic,1,OpenData__Joinable__miller2_both_50_50_ac5_ev,1444,25,1.0,0.52,0.6842105263157895,7
reduced_syn_only,Syntactic,1,OpenData__View -Unionable__miller2_both_0_30_ac1_ev,1089,15,1.0,0.8666666666666667,0.9285714285714286,7
reduced_syn_only,Syntactic,1,OpenData__View -Unionable__miller2_both_0_30_ac2_av,1089,15,0.9285714285714286,0.8666666666666667,0.896551724137931,7
reduced_syn_only,Syntactic,1,OpenData__Joinable__miller2_both_50_70_ac2_ev,1849,35,0.9411764705882353,0.9142857142857143,0.927536231884058,7
reduced_syn_only,Syntactic,1,TPC-DI__Semantically-Joinable__prospect_vertical_70_ec_av,342,15,1.0,0.6666666666666666,0.8,7
reduced_syn_only,Syntactic,1,OpenData__Joinable__miller2_both_50_70_ac3_ev,1849,35,1.0,0.7142857142857143,0.8333333333333334,7
reduced_syn_only,Syntactic,1,OpenData__View -Unionable__miller2_both_0_30_ac3_av,1089,15,1.0,0.7333333333333333,0.8461538461538461,7
reduced_syn_only,Syntactic,1,TPC-DI__Unionable__prospect_horizontal_0_ac1_av,484,22,1.0,0.5454545454545454,0.7058823529411765,7
reduced_syn_only,Syntactic,1,OpenData__Joinable__miller2_both_50_70_ac5_ev,1849,35,1.0,0.6285714285714286,0.7719298245614035,7
reduced_syn_only,Syntactic,1,TPC-DI__Unionable__prospect_horizontal_0_ac2_av,484,22,1.0,0.6818181818181818,0.8108108108108109,7
reduced_syn_only,Syntactic,1,ChEMBL__Semantically-Joinable__assays_vertical_30_ac5_av,210,6,1.0,0.3333333333333333,0.5,7
reduced_syn_only,Syntactic,1,OpenData__Joinable__miller2_both_50_70_ec_ev,1849,35,1.0,0.9714285714285714,0.9855072463768116,7
reduced_syn_only,Syntactic,1,ChEMBL__Semantically-Joinable__assays_vertical_50_ac1_av,289,11,0.875,0.6363636363636364,0.7368421052631579,7
reduced_syn_only,Syntactic,1,TPC-DI__Unionable__prospect_horizontal_0_ac3_ev,484,22,1.0,0.5909090909090909,0.7428571428571429,7
reduced_syn_only,Syntactic,1,ChEMBL__Semantically-Joinable__assays_vertical_50_ac2_av,289,11,1.0,0.6363636363636364,0.7777777777777778,7
reduced_syn_only,Syntactic,1,OpenData__View -Unionable__miller2_both_0_30_ec_av,1089,15,0.7333333333333333,0.7333333333333333,0.7333333333333333,7
reduced_syn_only,Syntactic,1,TPC-DI__Unionable__prospect_horizontal_0_ac4_av,484,22,1.0,0.5909090909090909,0.7428571428571429,7
reduced_syn_only,Syntactic,1,OpenData__View -Unionable__miller2_both_0_30_ec_ev,1089,15,1.0,1.0,1.0,7
reduced_syn_only,Syntactic,1,TPC-DI__Unionable__prospect_horizontal_0_ac4_ev,484,22,1.0,0.6363636363636364,0.7777777777777778,7
reduced_syn_only,Syntactic,1,OpenData__Joinable__miller2_vertical_1_ac5_ev,676,1,1.0,1.0,1.0,7
reduced_syn_only,Syntactic,1,TPC-DI__Unionable__prospect_horizontal_0_ac5_ev,484,22,1.0,0.5,0.6666666666666666,7
reduced_syn_only,Syntactic,1,ChEMBL__Semantically-Joinable__assays_vertical_50_ec_av,289,11,1.0,0.6363636363636364,0.7777777777777778,7
reduced_syn_only,Syntactic,1,OpenData__View -Unionable__miller2_both_0_50_ac2_av,1444,25,0.9444444444444444,0.68,0.7906976744186046,7
reduced_syn_only,Syntactic,1,ChEMBL__Semantically-Joinable__assays_vertical_70_ac1_av,380,16,1.0,0.5,0.6666666666666666,7
reduced_syn_only,Syntactic,1,ChEMBL__Semantically-Joinable__assays_vertical_70_ac2_av,380,16,1.0,0.5625,0.72,7
reduced_syn_only,Syntactic,1,OpenData__Joinable__miller2_vertical_30_ac3_ev,1089,15,1.0,1.0,1.0,7
reduced_syn_only,Syntactic,1,OpenData__Joinable__miller2_vertical_30_ac4_ev,1089,15,1.0,1.0,1.0,7
reduced_syn_only,Syntactic,1,TPC-DI__Unionable__prospect_horizontal_100_ac2_av,484,22,1.0,0.6818181818181818,0.8108108108108109,7
reduced_syn_only,Syntactic,1,ChEMBL__Semantically-Joinable__assays_vertical_70_ac5_av,380,16,1.0,0.4375,0.6086956521739131,7
reduced_syn_only,Syntactic,1,TPC-DI__Unionable__prospect_horizontal_100_ac2_ev,484,22,1.0,0.7272727272727273,0.8421052631578947,7
reduced_syn_only,Syntactic,1,OpenData__Joinable__miller2_vertical_50_ac1_ev,1444,25,1.0,1.0,1.0,7
reduced_syn_only,Syntactic,1,OpenData__View -Unionable__miller2_both_0_50_ac5_ev,1444,25,1.0,0.6,0.75,7
reduced_syn_only,Syntactic,1,TPC-DI__Unionable__prospect_horizontal_100_ac4_ev,484,22,1.0,0.5454545454545454,0.7058823529411765,7
reduced_syn_only,Syntactic,1,ChEMBL__Unionable__assays_horizontal_0_ac3_av,529,23,1.0,0.4782608695652174,0.6470588235294118,7
reduced_syn_only,Syntactic,1,ChEMBL__Unionable__assays_horizontal_0_ac3_ev,529,23,1.0,0.5217391304347826,0.6857142857142857,7
reduced_syn_only,Syntactic,1,OpenData__Joinable__miller2_vertical_70_ac4_ev,1849,35,0.967741935483871,0.8571428571428571,0.9090909090909091,7
reduced_syn_only,Syntactic,1,OpenData__View -Unionable__miller2_both_0_70_ac4_av,1849,35,0.9047619047619048,0.5428571428571428,0.6785714285714286,7
reduced_syn_only,Syntactic,1,TPC-DI__Unionable__prospect_horizontal_50_ac2_ev,484,22,1.0,0.6363636363636364,0.7777777777777778,7
reduced_syn_only,Syntactic,1,OpenData__View -Unionable__miller2_both_0_70_ac5_ev,1849,35,1.0,0.5714285714285714,0.7272727272727273,7
reduced_syn_only,Syntactic,1,OpenData__View -Unionable__miller2_both_0_70_ec_av,1849,35,0.9615384615384616,0.7142857142857143,0.819672131147541,7
reduced_syn_only,Syntactic,1,TPC-DI__Unionable__prospect_horizontal_50_ac4_av,484,22,1.0,0.5454545454545454,0.7058823529411765,7
reduced_syn_only,Syntactic,1,ChEMBL__Unionable__assays_horizontal_100_ac2_av,529,23,1.0,0.5217391304347826,0.6857142857142857,7
reduced_syn_only,Syntactic,1,OpenData__Semantically-Joinable__miller2_both_50_1_ac5_av,676,1,1.0,1.0,1.0,7
reduced_syn_only,Syntactic,1,TPC-DI__Joinable__prospect_both_50_1_ac3_ev,132,1,0.0,0.0,0.0,7
reduced_syn_only,Syntactic,1,ChEMBL__Unionable__assays_horizontal_100_ac4_av,529,23,1.0,0.391304347826087,0.5625,7
reduced_syn_only,Syntactic,1,ChEMBL__Unionable__assays_horizontal_100_ac4_ev,529,23,1.0,0.4782608695652174,0.6470588235294118,7
reduced_syn_only,Syntactic,1,OpenData__Semantically-Joinable__miller2_both_50_30_ac3_av,1089,15,1.0,0.6,0.75,7
reduced_syn_only,Syntactic,1,ChEMBL__Unionable__assays_horizontal_100_ac5_av,529,23,1.0,0.391304347826087,0.5625,7
reduced_syn_only,Syntactic,1,TPC-DI__Joinable__prospect_both_50_1_ec_ev,132,1,1.0,1.0,1.0,7
reduced_syn_only,Syntactic,1,ChEMBL__Unionable__assays_horizontal_100_ac5_ev,529,23,1.0,0.391304347826087,0.5625,7
reduced_syn_only,Syntactic,1,OpenData__Semantically-Joinable__miller2_both_50_30_ac5_av,1089,15,0.8,0.26666666666666666,0.4,7
reduced_syn_only,Syntactic,1,TPC-DI__Joinable__prospect_both_50_30_ac2_ev,196,6,1.0,0.5,0.6666666666666666,7
reduced_syn_only,Syntactic,1,TPC-DI__View-Unionable__prospect_both_0_1_ac2_ev,132,1,1.0,1.0,1.0,7
reduced_syn_only,Syntactic,1,ChEMBL__Unionable__assays_horizontal_100_ec_ev,529,23,1.0,0.6956521739130435,0.8205128205128205,7
reduced_syn_only,Syntactic,1,TPC-DI__View-Unionable__prospect_both_0_1_ac3_av,132,1,0.0,0.0,0.0,7
reduced_syn_only,Syntactic,1,TPC-DI__Joinable__prospect_both_50_30_ac4_ev,196,6,1.0,0.5,0.6666666666666666,7
reduced_syn_only,Syntactic,1,ChEMBL__Unionable__assays_horizontal_50_ac2_av,529,23,1.0,0.6086956521739131,0.7567567567567568,7
reduced_syn_only,Syntactic,1,TPC-DI__Joinable__prospect_both_50_50_ac1_ev,272,11,1.0,0.36363636363636365,0.5333333333333333,7
reduced_syn_only,Syntactic,1,TPC-DI__View-Unionable__prospect_both_0_1_ac5_av,132,1,1.0,1.0,1.0,7
reduced_syn_only,Syntactic,1,OpenData__Semantically-Joinable__miller2_both_50_50_ec_av,1444,25,1.0,0.76,0.8636363636363636,7
reduced_syn_only,Syntactic,1,OpenData__Semantically-Joinable__miller2_both_50_70_ac1_av,1849,35,0.9047619047619048,0.5428571428571428,0.6785714285714286,7
reduced_syn_only,Syntactic,1,TPC-DI__Joinable__prospect_both_50_50_ac3_ev,272,11,1.0,0.7272727272727273,0.8421052631578947,7
reduced_syn_only,Syntactic,1,ChEMBL__Unionable__assays_horizontal_50_ac4_ev,529,23,1.0,0.4782608695652174,0.6470588235294118,7
reduced_syn_only,Syntactic,1,OpenData__Semantically-Joinable__miller2_both_50_70_ac3_av,1849,35,0.8947368421052632,0.4857142857142857,0.6296296296296297,7
reduced_syn_only,Syntactic,2,OpenData__Semantically-Joinable__miller2_both_50_70_ac4_av,1849,35,0.875,0.4,0.5490196078431373,7
reduced_syn_only,Syntactic,2,ChEMBL__Joinable__assays_both_50_1_ac2_ev,144,1,1.0,1.0,1.0,7
reduced_syn_only,Syntactic,2,TPC-DI__Joinable__prospect_both_50_70_ac1_ev,342,15,1.0,0.4,0.5714285714285714,7
reduced_syn_only,Syntactic,2,TPC-DI__View-Unionable__prospect_both_0_30_ac2_av,196,6,1.0,0.6666666666666666,0.8,7
reduced_syn_only,Syntactic,2,ChEMBL__Joinable__assays_both_50_1_ac4_ev,144,1,0.0,0.0,0.0,7
reduced_syn_only,Syntactic,2,ChEMBL__View-Unionable__assays_both_0_1_ac1_av,144,1,1.0,1.0,1.0,7
reduced_syn_only,Syntactic,2,OpenData__Semantically-Joinable__miller2_vertical_1_ac2_av,676,1,1.0,1.0,1.0,7
reduced_syn_only,Syntactic,2,TPC-DI__View-Unionable__prospect_both_0_30_ac3_ev,196,6,1.0,0.5,0.6666666666666666,7
reduced_syn_only,Syntactic,2,ChEMBL__Joinable__assays_both_50_30_ac2_ev,210,6,1.0,0.5,0.6666666666666666,7
reduced_syn_only,Syntactic,2,ChEMBL__View-Unionable__assays_both_0_1_ac3_av,144,1,0.0,0.0,0.0,7
reduced_syn_only,Syntactic,2,TPC-DI__Joinable__prospect_vertical_1_ac2_ev,132,1,1.0,1.0,1.0,7
reduced_syn_only,Syntactic,2,OpenData__Semantically-Joinable__miller2_vertical_30_ac1_av,1089,15,1.0,0.4666666666666667,0.6363636363636364,7
reduced_syn_only,Syntactic,2,TPC-DI__Joinable__prospect_vertical_1_ac3_ev,132,1,1.0,1.0,1.0,7
reduced_syn_only,Syntactic,2,ChEMBL__View-Unionable__assays_both_0_1_ac4_av,144,1,0.0,0.0,0.0,7
reduced_syn_only,Syntactic,2,ChEMBL__View-Unionable__assays_both_0_1_ac4_ev,144,1,0.0,0.0,0.0,7
reduced_syn_only,Syntactic,2,ChEMBL__Joinable__assays_both_50_50_ac3_ev,289,11,1.0,0.45454545454545453,0.625,7
reduced_syn_only,Syntactic,2,ChEMBL__View-Unionable__assays_both_0_1_ec_av,144,1,1.0,1.0,1.0,7
reduced_syn_only,Syntactic,2,OpenData__Semantically-Joinable__miller2_vertical_50_ac1_av,1444,25,1.0,0.48,0.6486486486486487,7
reduced_syn_only,Syntactic,2,TPC-DI__Joinable__prospect_vertical_30_ac3_ev,196,6,1.0,0.8333333333333334,0.9090909090909091,7
reduced_syn_only,Syntactic,2,TPC-DI__Joinable__prospect_vertical_30_ac4_ev,196,6,1.0,1.0,1.0,7
reduced_syn_only,Syntactic,2,TPC-DI__View-Unionable__prospect_both_0_50_ac3_ev,272,11,1.0,0.5454545454545454,0.7058823529411765,7
reduced_syn_only,Syntactic,2,OpenData__Semantically-Joinable__miller2_vertical_50_ac4_av,1444,25,1.0,0.44,0.6111111111111112,7
reduced_syn_only,Syntactic,2,TPC-DI__Joinable__prospect_vertical_30_ec_ev,196,6,1.0,1.0,1.0,7
reduced_syn_only,Syntactic,2,OpenData__Semantically-Joinable__miller2_vertical_50_ac5_av,1444,25,0.875,0.28,0.42424242424242425,7
reduced_syn_only,Syntactic,2,ChEMBL__Joinable__assays_both_50_70_ac4_ev,380,16,1.0,0.5625,0.72,7
reduced_syn_only,Syntactic,2,TPC-DI__View-Unionable__prospect_both_0_50_ec_av,272,11,1.0,0.45454545454545453,0.625,7
reduced_syn_only,Syntactic,2,ChEMBL__Joinable__assays_both_50_70_ac5_ev,380,16,1.0,0.375,0.5454545454545454,7
reduced_syn_only,Syntactic,2,OpenData__Semantically-Joinable__miller2_vertical_70_ac2_av,1849,35,0.9545454545454546,0.6,0.7368421052631579,7
reduced_syn_only,Syntactic,2,TPC-DI__View-Unionable__prospect_both_0_50_ec_ev,272,11,1.0,0.5454545454545454,0.7058823529411765,7
reduced_syn_only,Syntactic,2,ChEMBL__Joinable__assays_both_50_70_ec_ev,380,16,1.0,0.6875,0.8148148148148148,7
reduced_syn_only,Syntactic,2,OpenData__Semantically-Joinable__miller2_vertical_70_ac4_av,1849,35,0.9333333333333333,0.4,0.56,7
reduced_syn_only,Syntactic,2,ChEMBL__Joinable__assays_vertical_1_ac2_ev,144,1,1.0,1.0,1.0,7
reduced_syn_only,Syntactic,2,OpenData__Semantically-Joinable__miller2_vertical_70_ac5_av,1849,35,0.8333333333333334,0.2857142857142857,0.425531914893617,7
reduced_syn_only,Syntactic,2,ChEMBL__View-Unionable__assays_both_0_30_ec_av,210,6,1.0,0.6666666666666666,0.8,7
reduced_syn_only,Syntactic,2,TPC-DI__View-Unionable__prospect_both_0_70_ac2_ev,342,15,1.0,0.6,0.75,7
reduced_syn_only,Syntactic,2,ChEMBL__View-Unionable__assays_both_0_30_ec_ev,210,6,1.0,0.5,0.6666666666666666,7
reduced_syn_only,Syntactic,2,OpenData__Unionable__miller2_horizontal_0_ac1_av,2601,51,0.9090909090909091,0.5882352941176471,0.7142857142857143,7
reduced_syn_only,Syntactic,2,ChEMBL__View-Unionable__assays_both_0_50_ac1_av,289,11,1.0,0.45454545454545453,0.625,7
reduced_syn_only,Syntactic,2,TPC-DI__Joinable__prospect_vertical_70_ac4_ev,342,15,1.0,0.8666666666666667,0.9285714285714286,7
reduced_syn_only,Syntactic,2,TPC-DI__View-Unionable__prospect_both_0_70_ac3_ev,342,15,1.0,0.4666666666666667,0.6363636363636364,7
reduced_syn_only,Syntactic,2,ChEMBL__Joinable__assays_vertical_1_ec_ev,144,1,1.0,1.0,1.0,7
reduced_syn_only,Syntactic,2,ChEMBL__View-Unionable__assays_both_0_50_ac1_ev,289,11,1.0,0.5454545454545454,0.7058823529411765,7
reduced_syn_only,Syntactic,2,TPC-DI__View-Unionable__prospect_both_0_70_ac4_av,342,15,1.0,0.4,0.5714285714285714,7
reduced_syn_only,Syntactic,2,ChEMBL__View-Unionable__assays_both_0_50_ac2_av,289,11,1.0,0.45454545454545453,0.625,7
reduced_syn_only,Syntactic,2,OpenData__Unionable__miller2_horizontal_0_ac2_ev,2601,51,1.0,0.803921568627451,0.8913043478260869,7
reduced_syn_only,Syntactic,2,TPC-DI__Joinable__prospect_vertical_70_ec_ev,342,15,1.0,1.0,1.0,7
reduced_syn_only,Syntactic,2,TPC-DI__View-Unionable__prospect_both_0_70_ac4_ev,342,15,1.0,0.3333333333333333,0.5,7
reduced_syn_only,Syntactic,2,TPC-DI__Semantically-Joinable__prospect_both_50_1_ac2_av,132,1,0.0,0.0,0.0,7
reduced_syn_only,Syntactic,2,OpenData__Unionable__miller2_horizontal_0_ac4_av,2601,51,1.0,0.6470588235294118,0.7857142857142857,7
reduced_syn_only,Syntactic,2,ChEMBL__Joinable__assays_vertical_30_ec_ev,210,6,1.0,1.0,1.0,7
reduced_syn_only,Syntactic,2,ChEMBL__View-Unionable__assays_both_0_50_ac4_ev,289,11,1.0,0.36363636363636365,0.5333333333333333,7
reduced_syn_only,Syntactic,2,ChEMBL__Joinable__assays_vertical_50_ac1_ev,289,11,1.0,0.8181818181818182,0.9,7
reduced_syn_only,Syntactic,2,Wikidata__Musicians__Musicians_semjoinable,196,8,1.0,0.75,0.8571428571428571,7
reduced_syn_only,Syntactic,2,ChEMBL__View-Unionable__assays_both_0_50_ac5_ev,289,11,1.0,0.2727272727272727,0.42857142857142855,7
reduced_syn_only,Syntactic,2,ChEMBL__Joinable__assays_vertical_50_ac3_ev,289,11,1.0,0.8181818181818182,0.9,7
reduced_syn_only,Syntactic,2,OpenData__Unionable__miller2_horizontal_0_ec_ev,2601,51,1.0,0.9019607843137255,0.9484536082474226,7
reduced_syn_only,Syntactic,2,TPC-DI__Semantically-Joinable__prospect_both_50_30_ac2_av,196,6,1.0,0.8333333333333334,0.9090909090909091,7
reduced_syn_only,Syntactic,2,ChEMBL__Joinable__assays_vertical_50_ac4_ev,289,11,1.0,0.7272727272727273,0.8421052631578947,7
reduced_syn_only,Syntactic,2,ChEMBL__View-Unionable__assays_both_0_50_ec_ev,289,11,1.0,0.5454545454545454,0.7058823529411765,7
reduced_syn_only,Syntactic,2,TPC-DI__Semantically-Joinable__prospect_both_50_30_ac3_av,196,6,1.0,0.5,0.6666666666666666,7
reduced_syn_only,Syntactic,2,ChEMBL__View-Unionable__assays_both_0_70_ac1_av,380,16,1.0,0.3125,0.47619047619047616,7
reduced_syn_only,Syntactic,2,OpenData__Unionable__miller2_horizontal_100_ac2_av,2601,51,1.0,0.7450980392156863,0.8539325842696629,7
reduced_syn_only,Syntactic,2,ChEMBL__Joinable__assays_vertical_70_ac3_ev,380,16,1.0,0.6875,0.8148148148148148,7
reduced_syn_only,Syntactic,2,OpenData__Unionable__miller2_horizontal_100_ac3_ev,2601,51,1.0,0.5098039215686274,0.6753246753246753,7
reduced_syn_only,Syntactic,2,TPC-DI__Semantically-Joinable__prospect_both_50_50_ac2_av,272,11,0.75,0.5454545454545454,0.631578947368421,7
reduced_syn_only,Syntactic,2,OpenData__Unionable__miller2_horizontal_100_ac4_av,2601,51,1.0,0.7058823529411765,0.8275862068965517,7
reduced_syn_only,Syntactic,2,OpenData__Unionable__miller2_horizontal_100_ac4_ev,2601,51,0.9512195121951219,0.7647058823529411,0.8478260869565217,7
reduced_syn_only,Syntactic,2,ChEMBL__Semantically-Joinable__assays_both_50_1_ac1_av,144,1,1.0,1.0,1.0,7
reduced_syn_only,Syntactic,2,TPC-DI__Semantically-Joinable__prospect_both_50_50_ec_av,272,11,1.0,0.45454545454545453,0.625,7
reduced_syn_only,Syntactic,2,TPC-DI__Semantically-Joinable__prospect_both_50_70_ac2_av,342,15,0.75,0.4,0.5217391304347826,7
reduced_syn_only,Syntactic,2,TPC-DI__Semantically-Joinable__prospect_both_50_70_ac3_av,342,15,1.0,0.4,0.5714285714285714,7
reduced_syn_only,Syntactic,2,Magellan__amazon_google_exp,16,4,1.0,0.25,0.4,7
reduced_syn_only,Syntactic,2,TPC-DI__Semantically-Joinable__prospect_both_50_70_ac5_av,342,15,1.0,0.3333333333333333,0.5,7
reduced_syn_only,Syntactic,2,Magellan__dblp_acm,25,5,1.0,0.4,0.5714285714285714,7
reduced_syn_only,Syntactic,2,TPC-DI__Semantically-Joinable__prospect_vertical_1_ac1_av,132,1,1.0,1.0,1.0,7
reduced_syn_only,Syntactic,2,OpenData__Unionable__miller2_horizontal_50_ac4_av,2601,51,1.0,0.7254901960784313,0.8409090909090909,7
reduced_syn_only,Syntactic,2,TPC-DI__Semantically-Joinable__prospect_vertical_1_ac3_av,132,1,1.0,1.0,1.0,7
reduced_syn_only,Syntactic,2,ChEMBL__Semantically-Joinable__assays_both_50_30_ac5_av,210,6,1.0,0.3333333333333333,0.5,7
reduced_syn_only,Syntactic,2,OpenData__Unionable__miller2_horizontal_50_ac5_av,2601,51,1.0,0.49019607843137253,0.6578947368421053,7
reduced_syn_only,Syntactic,2,OpenData__Joinable__miller2_both_50_1_ac2_ev,676,1,1.0,1.0,1.0,7
reduced_syn_only,Syntactic,2,ChEMBL__Semantically-Joinable__assays_both_50_50_ac2_av,289,11,1.0,0.5454545454545454,0.7058823529411765,7
reduced_syn_only,Syntactic,2,OpenData__Unionable__miller2_horizontal_50_ec_av,2601,51,1.0,0.9019607843137255,0.9484536082474226,7
reduced_syn_only,Syntactic,2,ChEMBL__Semantically-Joinable__assays_both_50_50_ac4_av,289,11,1.0,0.45454545454545453,0.625,7
reduced_syn_only,Syntactic,2,OpenData__View -Unionable__miller2_both_0_1_ac1_ev,676,1,1.0,1.0,1.0,7
reduced_syn_only,Syntactic,2,ChEMBL__Semantically-Joinable__assays_both_50_50_ec_av,289,11,1.0,0.45454545454545453,0.625,7
reduced_syn_only,Syntactic,2,OpenData__Joinable__miller2_both_50_30_ac1_ev,1089,15,1.0,0.8666666666666667,0.9285714285714286,7
reduced_syn_only,Syntactic,2,OpenData__View -Unionable__miller2_both_0_1_ac2_ev,676,1,1.0,1.0,1.0,7
reduced_syn_only,Syntactic,2,OpenData__View -Unionable__miller2_both_0_1_ac3_av,676,1,1.0,1.0,1.0,7
reduced_syn_only,Syntactic,2,TPC-DI__Semantically-Joinable__prospect_vertical_50_ac2_av,272,11,1.0,0.45454545454545453,0.625,7
reduced_syn_only,Syntactic,2,ChEMBL__Semantically-Joinable__assays_both_50_70_ac4_av,380,16,1.0,0.375,0.5454545454545454,7
reduced_syn_only,Syntactic,2,OpenData__View -Unionable__miller2_both_0_1_ac4_av,676,1,1.0,1.0,1.0,7
reduced_syn_only,Syntactic,2,TPC-DI__Semantically-Joinable__prospect_vertical_50_ac3_av,272,11,1.0,0.5454545454545454,0.7058823529411765,7
reduced_syn_only,Syntactic,2,OpenData__Joinable__miller2_both_50_30_ec_ev,1089,15,1.0,0.9333333333333333,0.9655172413793104,7
reduced_syn_only,Syntactic,2,TPC-DI__Semantically-Joinable__prospect_vertical_50_ac4_av,272,11,1.0,0.2727272727272727,0.42857142857142855,7
reduced_syn_only,Syntactic,2,OpenData__View -Unionable__miller2_both_0_1_ac5_av,676,1,1.0,1.0,1.0,7
reduced_syn_only,Syntactic,2,ChEMBL__Semantically-Joinable__assays_vertical_1_ac2_av,144,1,1.0,1.0,1.0,7
reduced_syn_only,Syntactic,2,OpenData__Joinable__miller2_both_50_50_ac4_ev,1444,25,1.0,0.76,0.8636363636363636,7
reduced_syn_only,Syntactic,2,TPC-DI__Semantically-Joinable__prospect_vertical_70_ac3_av,342,15,1.0,0.4666666666666667,0.6363636363636364,7
reduced_syn_only,Syntactic,2,ChEMBL__Semantically-Joinable__assays_vertical_1_ac5_av,144,1,1.0,1.0,1.0,7
reduced_syn_only,Syntactic,2,OpenData__View -Unionable__miller2_both_0_30_ac1_ev,1089,15,1.0,0.8666666666666667,0.9285714285714286,7
reduced_syn_only,Syntactic,2,OpenData__Joinable__miller2_both_50_70_ac2_ev,1849,35,0.9333333333333333,0.8,0.8615384615384616,7
reduced_syn_only,Syntactic,2,OpenData__View -Unionable__miller2_both_0_30_ac2_ev,1089,15,1.0,0.7333333333333333,0.8461538461538461,7
reduced_syn_only,Syntactic,2,ChEMBL__Semantically-Joinable__assays_vertical_30_ac3_av,210,6,1.0,0.5,0.6666666666666666,7
reduced_syn_only,Syntactic,2,TPC-DI__Unionable__prospect_horizontal_0_ac1_ev,484,22,1.0,0.5,0.6666666666666666,7
reduced_syn_only,Syntactic,2,OpenData__Joinable__miller2_both_50_70_ac5_ev,1849,35,1.0,0.5714285714285714,0.7272727272727273,7
reduced_syn_only,Syntactic,2,OpenData__View -Unionable__miller2_both_0_30_ac4_av,1089,15,1.0,0.4666666666666667,0.6363636363636364,7
reduced_syn_only,Syntactic,2,TPC-DI__Unionable__prospect_horizontal_0_ac2_av,484,22,1.0,0.5909090909090909,0.7428571428571429,7
reduced_syn_only,Syntactic,2,ChEMBL__Semantically-Joinable__assays_vertical_30_ec_av,210,6,1.0,0.5,0.6666666666666666,7
reduced_syn_only,Syntactic,2,TPC-DI__Unionable__prospect_horizontal_0_ac3_av,484,22,1.0,0.5,0.6666666666666666,7
reduced_syn_only,Syntactic,2,OpenData__Joinable__miller2_vertical_1_ac2_ev,676,1,1.0,1.0,1.0,7
reduced_syn_only,Syntactic,2,TPC-DI__Unionable__prospect_horizontal_0_ac4_av,484,22,1.0,0.45454545454545453,0.625,7
reduced_syn_only,Syntactic,2,TPC-DI__Unionable__prospect_horizontal_0_ac4_ev,484,22,1.0,0.5454545454545454,0.7058823529411765,7
reduced_syn_only,Syntactic,2,OpenData__Joinable__miller2_vertical_1_ac5_ev,676,1,1.0,1.0,1.0,7
reduced_syn_only,Syntactic,2,TPC-DI__Unionable__prospect_horizontal_0_ac5_av,484,22,1.0,0.5,0.6666666666666666,7
reduced_syn_only,Syntactic,2,OpenData__Joinable__miller2_vertical_1_ec_ev,676,1,1.0,1.0,1.0,7
reduced_syn_only,Syntactic,2,OpenData__View -Unionable__miller2_both_0_50_ac1_ev,1444,25,1.0,0.84,0.9130434782608695,7
reduced_syn_only,Syntactic,2,OpenData__View -Unionable__miller2_both_0_50_ac2_av,1444,25,1.0,0.68,0.8095238095238095,7
reduced_syn_only,Syntactic,2,ChEMBL__Semantically-Joinable__assays_vertical_70_ac1_av,380,16,1.0,0.5,0.6666666666666666,7
reduced_syn_only,Syntactic,2,ChEMBL__Semantically-Joinable__assays_vertical_70_ac2_av,380,16,1.0,0.5,0.6666666666666666,7
reduced_syn_only,Syntactic,2,OpenData__Joinable__miller2_vertical_30_ac3_ev,1089,15,1.0,0.8666666666666667,0.9285714285714286,7
reduced_syn_only,Syntactic,2,OpenData__View -Unionable__miller2_both_0_50_ac3_av,1444,25,1.0,0.36,0.5294117647058824,7
reduced_syn_only,Syntactic,2,TPC-DI__Unionable__prospect_horizontal_100_ac1_av,484,22,1.0,0.5,0.6666666666666666,7
reduced_syn_only,Syntactic,2,ChEMBL__Semantically-Joinable__assays_vertical_70_ac3_av,380,16,1.0,0.1875,0.3157894736842105,7
reduced_syn_only,Syntactic,2,OpenData__View -Unionable__miller2_both_0_50_ac3_ev,1444,25,1.0,0.52,0.6842105263157895,7
reduced_syn_only,Syntactic,2,ChEMBL__Semantically-Joinable__assays_vertical_70_ac4_av,380,16,1.0,0.375,0.5454545454545454,7
reduced_syn_only,Syntactic,2,OpenData__Joinable__miller2_vertical_30_ac5_ev,1089,15,1.0,0.5333333333333333,0.6956521739130435,7
reduced_syn_only,Syntactic,2,ChEMBL__Semantically-Joinable__assays_vertical_70_ac5_av,380,16,1.0,0.4375,0.6086956521739131,7
reduced_syn_only,Syntactic,2,OpenData__Joinable__miller2_vertical_50_ac2_ev,1444,25,1.0,0.92,0.9583333333333334,7
reduced_syn_only,Syntactic,2,ChEMBL__Unionable__assays_horizontal_0_ac1_ev,529,23,1.0,0.5652173913043478,0.7222222222222222,7
reduced_syn_only,Syntactic,2,TPC-DI__Unionable__prospect_horizontal_100_ac4_av,484,22,1.0,0.45454545454545453,0.625,7
reduced_syn_only,Syntactic,2,OpenData__View -Unionable__miller2_both_0_50_ec_ev,1444,25,1.0,0.88,0.9361702127659575,7
reduced_syn_only,Syntactic,2,ChEMBL__Unionable__assays_horizontal_0_ac2_ev,529,23,1.0,0.4782608695652174,0.6470588235294118,7
reduced_syn_only,Syntactic,2,OpenData__Joinable__miller2_vertical_70_ac1_ev,1849,35,1.0,1.0,1.0,7
reduced_syn_only,Syntactic,2,OpenData__Joinable__miller2_vertical_70_ac2_ev,1849,35,1.0,0.9142857142857143,0.9552238805970149,7
reduced_syn_only,Syntactic,2,OpenData__View -Unionable__miller2_both_0_70_ac2_ev,1849,35,1.0,0.8285714285714286,0.90625,7
reduced_syn_only,Syntactic,2,ChEMBL__Unionable__assays_horizontal_0_ac4_ev,529,23,1.0,0.5652173913043478,0.7222222222222222,7
reduced_syn_only,Syntactic,2,TPC-DI__Unionable__prospect_horizontal_50_ac1_av,484,22,1.0,0.5,0.6666666666666666,7
reduced_syn_only,Syntactic,2,ChEMBL__Unionable__assays_horizontal_0_ac5_av,529,23,1.0,0.43478260869565216,0.6060606060606061,7
reduced_syn_only,Syntactic,2,OpenData__Joinable__miller2_vertical_70_ac4_ev,1849,35,0.9666666666666667,0.8285714285714286,0.8923076923076924,7
reduced_syn_only,Syntactic,2,ChEMBL__Unionable__assays_horizontal_0_ac5_ev,529,23,1.0,0.43478260869565216,0.6060606060606061,7
reduced_syn_only,Syntactic,2,ChEMBL__Unionable__assays_horizontal_0_ec_av,529,23,1.0,0.5652173913043478,0.7222222222222222,7
reduced_syn_only,Syntactic,2,OpenData__View -Unionable__miller2_both_0_70_ac5_ev,1849,35,1.0,0.5428571428571428,0.7037037037037037,7
reduced_syn_only,Syntactic,2,ChEMBL__Unionable__assays_horizontal_100_ac1_ev,529,23,1.0,0.5652173913043478,0.7222222222222222,7
reduced_syn_only,Syntactic,2,TPC-DI__Unionable__prospect_horizontal_50_ac4_av,484,22,1.0,0.5,0.6666666666666666,7
reduced_syn_only,Syntactic,2,ChEMBL__Unionable__assays_horizontal_100_ac2_av,529,23,1.0,0.4782608695652174,0.6470588235294118,7
reduced_syn_only,Syntactic,2,TPC-DI__Unionable__prospect_horizontal_50_ac4_ev,484,22,1.0,0.45454545454545453,0.625,7
reduced_syn_only,Syntactic,2,ChEMBL__Unionable__assays_horizontal_100_ac2_ev,529,23,1.0,0.4782608695652174,0.6470588235294118,7
reduced_syn_only,Syntactic,2,OpenData__Semantically-Joinable__miller2_both_50_1_ec_av,676,1,1.0,1.0,1.0,7
reduced_syn_only,Syntactic,2,ChEMBL__Unionable__assays_horizontal_100_ac4_av,529,23,1.0,0.4782608695652174,0.6470588235294118,7
reduced_syn_only,Syntactic,2,OpenData__Semantically-Joinable__miller2_both_50_30_ac2_av,1089,15,1.0,0.6666666666666666,0.8,7
reduced_syn_only,Syntactic,2,TPC-DI__Joinable__prospect_both_50_1_ec_ev,132,1,1.0,1.0,1.0,7
reduced_syn_only,Syntactic,2,OpenData__Semantically-Joinable__miller2_both_50_30_ac5_av,1089,15,1.0,0.26666666666666666,0.42105263157894735,7
reduced_syn_only,Syntactic,2,OpenData__Semantically-Joinable__miller2_both_50_30_ec_av,1089,15,1.0,0.6,0.75,7
reduced_syn_only,Syntactic,2,TPC-DI__View-Unionable__prospect_both_0_1_ac2_ev,132,1,0.0,0.0,0.0,7
reduced_syn_only,Syntactic,2,TPC-DI__Joinable__prospect_both_50_30_ac3_ev,196,6,1.0,0.5,0.6666666666666666,7
reduced_syn_only,Syntactic,2,TPC-DI__View-Unionable__prospect_both_0_1_ac3_ev,132,1,0.0,0.0,0.0,7
reduced_syn_only,Syntactic,2,ChEMBL__Unionable__assays_horizontal_50_ac2_av,529,23,1.0,0.4782608695652174,0.6470588235294118,7
reduced_syn_only,Syntactic,2,OpenData__Semantically-Joinable__miller2_both_50_50_ac4_av,1444,25,0.7142857142857143,0.4,0.5128205128205128,7
reduced_syn_only,Syntactic,2,TPC-DI__Joinable__prospect_both_50_30_ec_ev,196,6,1.0,0.3333333333333333,0.5,7
reduced_syn_only,Syntactic,2,TPC-DI__View-Unionable__prospect_both_0_1_ac4_ev,132,1,0.0,0.0,0.0,7
reduced_syn_only,Syntactic,2,TPC-DI__Joinable__prospect_both_50_50_ac1_ev,272,11,1.0,0.36363636363636365,0.5333333333333333,7
reduced_syn_only,Syntactic,2,TPC-DI__Joinable__prospect_both_50_50_ac2_ev,272,11,1.0,0.5454545454545454,0.7058823529411765,7
reduced_syn_only,Syntactic,2,TPC-DI__View-Unionable__prospect_both_0_1_ac5_ev,132,1,0.0,0.0,0.0,7
reduced_syn_only,Syntactic,2,OpenData__Semantically-Joinable__miller2_both_50_70_ac1_av,1849,35,1.0,0.5142857142857142,0.6792452830188679,7
reduced_syn_only,Syntactic,2,TPC-DI__Joinable__prospect_both_50_50_ac4_ev,272,11,1.0,0.45454545454545453,0.625,7
reduced_syn_only,Syntactic,2,TPC-DI__View-Unionable__prospect_both_0_30_ac1_av,196,6,1.0,0.5,0.6666666666666666,7
reduced_syn_only,Syntactic,3,ChEMBL__Unionable__assays_horizontal_50_ac5_ev,529,23,1.0,0.43478260869565216,0.6060606060606061,7
reduced_syn_only,Syntactic,3,OpenData__Semantically-Joinable__miller2_both_50_70_ac5_av,1849,35,0.7647058823529411,0.37142857142857144,0.5,7
reduced_syn_only,Syntactic,3,OpenData__Semantically-Joinable__miller2_both_50_70_ec_av,1849,35,0.875,0.8,0.835820895522388,7
reduced_syn_only,Syntactic,3,TPC-DI__View-Unionable__prospect_both_0_30_ac3_av,196,6,1.0,0.5,0.6666666666666666,7
reduced_syn_only,Syntactic,3,ChEMBL__Joinable__assays_both_50_1_ac5_ev,144,1,1.0,1.0,1.0,7
reduced_syn_only,Syntactic,3,TPC-DI__Joinable__prospect_both_50_70_ac5_ev,342,15,1.0,0.4,0.5714285714285714,7
reduced_syn_only,Syntactic,3,TPC-DI__View-Unionable__prospect_both_0_30_ac4_ev,196,6,1.0,0.8333333333333334,0.9090909090909091,7
reduced_syn_only,Syntactic,3,TPC-DI__Joinable__prospect_vertical_1_ac1_ev,132,1,1.0,1.0,1.0,7
reduced_syn_only,Syntactic,3,ChEMBL__Joinable__assays_both_50_30_ac3_ev,210,6,1.0,0.3333333333333333,0.5,7
reduced_syn_only,Syntactic,3,TPC-DI__View-Unionable__prospect_both_0_30_ac5_ev,196,6,1.0,0.6666666666666666,0.8,7
reduced_syn_only,Syntactic,3,TPC-DI__Joinable__prospect_vertical_1_ac3_ev,132,1,1.0,1.0,1.0,7
reduced_syn_only,Syntactic,3,OpenData__Semantically-Joinable__miller2_vertical_30_ac2_av,1089,15,0.9230769230769231,0.8,0.8571428571428571,7
reduced_syn_only,Syntactic,3,TPC-DI__View-Unionable__prospect_both_0_30_ec_ev,196,6,1.0,0.3333333333333333,0.5,7
reduced_syn_only,Syntactic,3,ChEMBL__View-Unionable__assays_both_0_1_ac4_ev,144,1,0.25,1.0,0.4,7
reduced_syn_only,Syntactic,3,ChEMBL__Joinable__assays_both_50_50_ac1_ev,289,11,1.0,0.7272727272727273,0.8421052631578947,7
reduced_syn_only,Syntactic,3,OpenData__Semantically-Joinable__miller2_vertical_30_ac4_av,1089,15,1.0,0.6666666666666666,0.8,7
reduced_syn_only,Syntactic,3,TPC-DI__View-Unionable__prospect_both_0_50_ac2_av,272,11,0.9,0.8181818181818182,0.8571428571428571,7
reduced_syn_only,Syntactic,3,ChEMBL__Joinable__assays_both_50_50_ac3_ev,289,11,1.0,0.7272727272727273,0.8421052631578947,7
reduced_syn_only,Syntactic,3,TPC-DI__View-Unionable__prospect_both_0_50_ac2_ev,272,11,1.0,0.6363636363636364,0.7777777777777778,7
reduced_syn_only,Syntactic,3,ChEMBL__Joinable__assays_both_50_50_ac4_ev,289,11,1.0,0.5454545454545454,0.7058823529411765,7
reduced_syn_only,Syntactic,3,OpenData__Semantically-Joinable__miller2_vertical_50_ac1_av,1444,25,1.0,0.64,0.7804878048780488,7
reduced_syn_only,Syntactic,3,TPC-DI__Joinable__prospect_vertical_30_ac3_ev,196,6,1.0,1.0,1.0,7
reduced_syn_only,Syntactic,3,ChEMBL__View-Unionable__assays_both_0_30_ac1_av,210,6,1.0,0.5,0.6666666666666666,7
reduced_syn_only,Syntactic,3,OpenData__Semantically-Joinable__miller2_vertical_50_ac2_av,1444,25,0.9090909090909091,0.8,0.851063829787234,7
reduced_syn_only,Syntactic,3,TPC-DI__Joinable__prospect_vertical_30_ac4_ev,196,6,1.0,1.0,1.0,7
reduced_syn_only,Syntactic,3,TPC-DI__View-Unionable__prospect_both_0_50_ac3_ev,272,11,1.0,0.7272727272727273,0.8421052631578947,7
reduced_syn_only,Syntactic,3,ChEMBL__Joinable__assays_both_50_50_ec_ev,289,11,1.0,0.6363636363636364,0.7777777777777778,7
reduced_syn_only,Syntactic,3,ChEMBL__View-Unionable__assays_both_0_30_ac2_av,210,6,1.0,0.5,0.6666666666666666,7
reduced_syn_only,Syntactic,3,OpenData__Semantically-Joinable__miller2_vertical_50_ac5_av,1444,25,0.9090909090909091,0.4,0.5555555555555556,7
reduced_syn_only,Syntactic,3,ChEMBL__View-Unionable__assays_both_0_30_ac3_ev,210,6,1.0,0.6666666666666666,0.8,7
reduced_syn_only,Syntactic,3,ChEMBL__Joinable__assays_both_50_70_ac5_ev,380,16,1.0,0.4375,0.6086956521739131,7
reduced_syn_only,Syntactic,3,OpenData__Semantically-Joinable__miller2_vertical_70_ac2_av,1849,35,0.8928571428571429,0.7142857142857143,0.7936507936507936,7
reduced_syn_only,Syntactic,3,TPC-DI__Joinable__prospect_vertical_50_ac4_ev,272,11,1.0,0.8181818181818182,0.9,7
reduced_syn_only,Syntactic,3,ChEMBL__Joinable__assays_both_50_70_ec_ev,380,16,1.0,0.6875,0.8148148148148148,7
reduced_syn_only,Syntactic,3,ChEMBL__View-Unionable__assays_both_0_30_ac4_ev,210,6,1.0,0.5,0.6666666666666666,7
reduced_syn_only,Syntactic,3,TPC-DI__Joinable__prospect_vertical_50_ac5_ev,272,11,1.0,0.9090909090909091,0.9523809523809523,7
reduced_syn_only,Syntactic,3,ChEMBL__Joinable__assays_vertical_1_ac1_ev,144,1,1.0,1.0,1.0,7
reduced_syn_only,Syntactic,3,ChEMBL__View-Unionable__assays_both_0_30_ac5_ev,210,6,1.0,0.3333333333333333,0.5,7
reduced_syn_only,Syntactic,3,TPC-DI__View-Unionable__prospect_both_0_70_ac2_av,342,15,1.0,0.6,0.75,7
reduced_syn_only,Syntactic,3,TPC-DI__View-Unionable__prospect_both_0_70_ac3_av,342,15,1.0,0.6666666666666666,0.8,7
reduced_syn_only,Syntactic,3,TPC-DI__Joinable__prospect_vertical_70_ac4_ev,342,15,1.0,0.8,0.8888888888888888,7
reduced_syn_only,Syntactic,3,TPC-DI__View-Unionable__prospect_both_0_70_ac3_ev,342,15,1.0,0.6,0.75,7
reduced_syn_only,Syntactic,3,OpenData__Unionable__miller2_horizontal_0_ac2_av,2601,51,0.9361702127659575,0.8627450980392157,0.8979591836734694,7
reduced_syn_only,Syntactic,3,ChEMBL__Joinable__assays_vertical_30_ac1_ev,210,6,1.0,0.8333333333333334,0.9090909090909091,7
reduced_syn_only,Syntactic,3,OpenData__Unionable__miller2_horizontal_0_ac2_ev,2601,51,1.0,0.9411764705882353,0.9696969696969697,7
reduced_syn_only,Syntactic,3,TPC-DI__Joinable__prospect_vertical_70_ec_ev,342,15,1.0,1.0,1.0,7
reduced_syn_only,Syntactic,3,TPC-DI__View-Unionable__prospect_both_0_70_ac4_ev,342,15,1.0,0.6666666666666666,0.8,7
reduced_syn_only,Syntactic,3,ChEMBL__Joinable__assays_vertical_30_ac2_ev,210,6,1.0,0.6666666666666666,0.8,7
reduced_syn_only,Syntactic,3,ChEMBL__View-Unionable__assays_both_0_50_ac3_ev,289,11,1.0,0.6363636363636364,0.7777777777777778,7
reduced_syn_only,Syntactic,3,TPC-DI__View-Unionable__prospect_both_0_70_ec_av,342,15,0.8333333333333334,0.6666666666666666,0.7407407407407407,7
reduced_syn_only,Syntactic,3,ChEMBL__Joinable__assays_vertical_30_ac5_ev,210,6,1.0,0.6666666666666666,0.8,7
reduced_syn_only,Syntactic,3,ChEMBL__View-Unionable__assays_both_0_50_ac4_av,289,11,1.0,0.6363636363636364,0.7777777777777778,7
reduced_syn_only,Syntactic,3,ChEMBL__View-Unionable__assays_both_0_50_ac4_ev,289,11,1.0,0.2727272727272727,0.42857142857142855,7
reduced_syn_only,Syntactic,3,OpenData__Unionable__miller2_horizontal_0_ac5_av,2601,51,1.0,0.5490196078431373,0.7088607594936709,7
reduced_syn_only,Syntactic,3,OpenData__Unionable__miller2_horizontal_0_ec_av,2601,51,0.8571428571428571,0.9411764705882353,0.897196261682243,7
reduced_syn_only,Syntactic,3,ChEMBL__Joinable__assays_vertical_50_ac3_ev,289,11,1.0,0.8181818181818182,0.9,7
reduced_syn_only,Syntactic,3,TPC-DI__Semantically-Joinable__prospect_both_50_30_ac2_av,196,6,1.0,0.5,0.6666666666666666,7
reduced_syn_only,Syntactic,3,Wikidata__Musicians__Musicians_viewunion,169,5,0.625,1.0,0.7692307692307693,7
reduced_syn_only,Syntactic,3,TPC-DI__Semantically-Joinable__prospect_both_50_30_ac3_av,196,6,1.0,0.5,0.6666666666666666,7
reduced_syn_only,Syntactic,3,OpenData__Unionable__miller2_horizontal_100_ac1_ev,2601,51,1.0,0.8823529411764706,0.9375,7
reduced_syn_only,Syntactic,3,TPC-DI__Semantically-Joinable__prospect_both_50_30_ac4_av,196,6,1.0,0.5,0.6666666666666666,7
reduced_syn_only,Syntactic,3,ChEMBL__View-Unionable__assays_both_0_70_ac1_ev,380,16,1.0,0.625,0.7692307692307693,7
reduced_syn_only,Syntactic,3,OpenData__Unionable__miller2_horizontal_100_ac2_av,2601,51,1.0,0.9019607843137255,0.9484536082474226,7
reduced_syn_only,Syntactic,3,ChEMBL__View-Unionable__assays_both_0_70_ac2_av,380,16,1.0,0.5625,0.72,7
reduced_syn_only,Syntactic,3,OpenData__Unionable__miller2_horizontal_100_ac3_av,2601,51,1.0,0.6666666666666666,0.8,7
reduced_syn_only,Syntactic,3,TPC-DI__Semantically-Joinable__prospect_both_50_50_ac1_av,272,11,0.875,0.6363636363636364,0.7368421052631579,7
reduced_syn_only,Syntactic,3,ChEMBL__Joinable__assays_vertical_70_ac3_ev,380,16,1.0,0.6875,0.8148148148148148,7
reduced_syn_only,Syntactic,3,ChEMBL__Joinable__assays_vertical_70_ec_ev,380,16,1.0,1.0,1.0,7
reduced_syn_only,Syntactic,3,ChEMBL__View-Unionable__assays_both_0_70_ac4_ev,380,16,1.0,0.375,0.5454545454545454,7
reduced_syn_only,Syntactic,3,ChEMBL__View-Unionable__assays_both_0_70_ac5_av,380,16,1.0,0.4375,0.6086956521739131,7
reduced_syn_only,Syntactic,3,OpenData__Unionable__miller2_horizontal_100_ac5_ev,2601,51,1.0,0.5882352941176471,0.7407407407407407,7
reduced_syn_only,Syntactic,3,TPC-DI__Semantically-Joinable__prospect_both_50_70_ac1_av,342,15,0.8,0.5333333333333333,0.64,7
reduced_syn_only,Syntactic,3,ChEMBL__View-Unionable__assays_both_0_70_ec_av,380,16,1.0,0.5625,0.72,7
reduced_syn_only,Syntactic,3,OpenData__Unionable__miller2_horizontal_100_ec_ev,2601,51,1.0,0.9411764705882353,0.9696969696969697,7
reduced_syn_only,Syntactic,3,TPC-DI__Semantically-Joinable__prospect_both_50_70_ac2_av,342,15,0.8333333333333334,0.6666666666666666,0.7407407407407407,7
reduced_syn_only,Syntactic,3,ChEMBL__Semantically-Joinable__assays_both_50_1_ac4_av,144,1,0.5,1.0,0.6666666666666666,7
reduced_syn_only,Syntactic,3,OpenData__Unionable__miller2_horizontal_50_ac1_av,2601,51,1.0,0.8823529411764706,0.9375,7
reduced_syn_only,Syntactic,3,TPC-DI__Semantically-Joinable__prospect_both_50_70_ac4_av,342,15,0.9,0.6,0.72,7
reduced_syn_only,Syntactic,3,ChEMBL__Semantically-Joinable__assays_both_50_1_ec_av,144,1,1.0,1.0,1.0,7
reduced_syn_only,Syntactic,3,TPC-DI__Semantically-Joinable__prospect_both_50_70_ac5_av,342,15,0.875,0.4666666666666667,0.6086956521739131,7
reduced_syn_only,Syntactic,3,Magellan__fodors_zagats,49,7,1.0,0.5714285714285714,0.7272727272727273,7
reduced_syn_only,Syntactic,3,Magellan__itunes_amazon,81,9,1.0,0.4444444444444444,0.6153846153846154,7
reduced_syn_only,Syntactic,3,TPC-DI__Semantically-Joinable__prospect_vertical_1_ac3_av,132,1,1.0,1.0,1.0,7
reduced_syn_only,Syntactic,3,OpenData__Joinable__miller2_both_50_1_ac1_ev,676,1,1.0,1.0,1.0,7
reduced_syn_only,Syntactic,3,TPC-DI__Semantically-Joinable__prospect_vertical_1_ec_av,132,1,1.0,1.0,1.0,7
reduced_syn_only,Syntactic,3,OpenData__Joinable__miller2_both_50_1_ac3_ev,676,1,1.0,1.0,1.0,7
reduced_syn_only,Syntactic,3,OpenData__Unionable__miller2_horizontal_50_ec_av,2601,51,1.0,0.9411764705882353,0.9696969696969697,7
reduced_syn_only,Syntactic,3,ChEMBL__Semantically-Joinable__assays_both_50_50_ac3_av,289,11,1.0,0.45454545454545453,0.625,7
reduced_syn_only,Syntactic,3,ChEMBL__Semantically-Joinable__assays_both_50_50_ac4_av,289,11,1.0,0.36363636363636365,0.5333333333333333,7
reduced_syn_only,Syntactic,3,OpenData__View -Unionable__miller2_both_0_1_ac1_ev,676,1,1.0,1.0,1.0,7
reduced_syn_only,Syntactic,3,ChEMBL__Semantically-Joinable__assays_both_50_50_ec_av,289,11,1.0,0.5454545454545454,0.7058823529411765,7
reduced_syn_only,Syntactic,3,OpenData__View -Unionable__miller2_both_0_1_ac2_av,676,1,0.3333333333333333,1.0,0.5,7
reduced_syn_only,Syntactic,3,TPC-DI__Semantically-Joinable__prospect_vertical_30_ac5_av,196,6,1.0,0.5,0.6666666666666666,7
reduced_syn_only,Syntactic,3,ChEMBL__Semantically-Joinable__assays_both_50_70_ac1_av,380,16,0.75,0.5625,0.6428571428571429,7
reduced_syn_only,Syntactic,3,OpenData__View -Unionable__miller2_both_0_1_ac2_ev,676,1,1.0,1.0,1.0,7
reduced_syn_only,Syntactic,3,ChEMBL__Semantically-Joinable__assays_both_50_70_ac2_av,380,16,1.0,0.4375,0.6086956521739131,7
reduced_syn_only,Syntactic,3,ChEMBL__Semantically-Joinable__assays_both_50_70_ac3_av,380,16,1.0,0.6875,0.8148148148148148,7
reduced_syn_only,Syntactic,3,ChEMBL__Semantically-Joinable__assays_both_50_70_ec_av,380,16,1.0,0.75,0.8571428571428571,7
reduced_syn_only,Syntactic,3,OpenData__View -Unionable__miller2_both_0_1_ac5_av,676,1,1.0,1.0,1.0,7
reduced_syn_only,Syntactic,3,TPC-DI__Semantically-Joinable__prospect_vertical_50_ac5_av,272,11,1.0,0.36363636363636365,0.5333333333333333,7
reduced_syn_only,Syntactic,3,ChEMBL__Semantically-Joinable__assays_vertical_1_ac1_av,144,1,1.0,1.0,1.0,7
reduced_syn_only,Syntactic,3,OpenData__Joinable__miller2_both_50_50_ac2_ev,1444,25,1.0,1.0,1.0,7
reduced_syn_only,Syntactic,3,ChEMBL__Semantically-Joinable__assays_vertical_1_ac4_av,144,1,1.0,1.0,1.0,7
reduced_syn_only,Syntactic,3,ChEMBL__Semantically-Joinable__assays_vertical_1_ac5_av,144,1,1.0,1.0,1.0,7
reduced_syn_only,Syntactic,3,TPC-DI__Semantically-Joinable__prospect_vertical_70_ac4_av,342,15,0.8,0.5333333333333333,0.64,7
reduced_syn_only,Syntactic,3,ChEMBL__Semantically-Joinable__assays_vertical_1_ec_av,144,1,1.0,1.0,1.0,7
reduced_syn_only,Syntactic,3,OpenData__Joinable__miller2_both_50_70_ac1_ev,1849,35,1.0,0.9714285714285714,0.9855072463768116,7
reduced_syn_only,Syntactic,3,TPC-DI__Semantically-Joinable__prospect_vertical_70_ec_av,342,15,1.0,0.6,0.75,7
reduced_syn_only,Syntactic,3,OpenData__Joinable__miller2_both_50_70_ac3_ev,1849,35,1.0,0.7142857142857143,0.8333333333333334,7
reduced_syn_only,Syntactic,3,OpenData__View -Unionable__miller2_both_0_30_ac4_av,1089,15,1.0,0.6,0.75,7
reduced_syn_only,Syntactic,3,OpenData__Joinable__miller2_both_50_70_ec_ev,1849,35,1.0,0.9428571428571428,0.9705882352941176,7
reduced_syn_only,Syntactic,3,TPC-DI__Unionable__prospect_horizontal_0_ac2_ev,484,22,1.0,0.5909090909090909,0.7428571428571429,7
reduced_syn_only,Syntactic,3,OpenData__Joinable__miller2_vertical_1_ac2_ev,676,1,0.5,1.0,0.6666666666666666,7
reduced_syn_only,Syntactic,3,OpenData__Joinable__miller2_vertical_1_ac3_ev,676,1,1.0,1.0,1.0,7
reduced_syn_only,Syntactic,3,TPC-DI__Unionable__prospect_horizontal_0_ac4_av,484,22,1.0,0.6818181818181818,0.8108108108108109,7
reduced_syn_only,Syntactic,3,ChEMBL__Semantically-Joinable__assays_vertical_50_ac3_av,289,11,1.0,0.36363636363636365,0.5333333333333333,7
reduced_syn_only,Syntactic,3,OpenData__Joinable__miller2_vertical_1_ec_ev,676,1,1.0,1.0,1.0,7
reduced_syn_only,Syntactic,3,TPC-DI__Unionable__prospect_horizontal_0_ac5_ev,484,22,1.0,0.5,0.6666666666666666,7
reduced_syn_only,Syntactic,3,OpenData__View -Unionable__miller2_both_0_50_ac2_av,1444,25,1.0,0.76,0.8636363636363636,7
reduced_syn_only,Syntactic,3,TPC-DI__Unionable__prospect_horizontal_0_ec_av,484,22,1.0,0.6363636363636364,0.7777777777777778,7
reduced_syn_only,Syntactic,3,OpenData__Joinable__miller2_vertical_30_ac2_ev,1089,15,0.9375,1.0,0.967741935483871,7
reduced_syn_only,Syntactic,3,TPC-DI__Unionable__prospect_horizontal_0_ec_ev,484,22,1.0,0.6363636363636364,0.7777777777777778,7
reduced_syn_only,Syntactic,3,OpenData__Joinable__miller2_vertical_30_ac3_ev,1089,15,0.9375,1.0,0.967741935483871,7
reduced_syn_only,Syntactic,3,OpenData__View -Unionable__miller2_both_0_50_ac3_av,1444,25,0.8888888888888888,0.64,0.7441860465116279,7
reduced_syn_only,Syntactic,3,OpenData__View -Unionable__miller2_both_0_50_ac4_av,1444,25,0.8,0.64,0.7111111111111111,7
reduced_syn_only,Syntactic,3,TPC-DI__Unionable__prospect_horizontal_100_ac2_av,484,22,1.0,0.5909090909090909,0.7428571428571429,7
reduced_syn_only,Syntactic,3,OpenData__Joinable__miller2_vertical_30_ec_ev,1089,15,1.0,1.0,1.0,7
reduced_syn_only,Syntactic,3,OpenData__View -Unionable__miller2_both_0_50_ac5_av,1444,25,1.0,0.36,0.5294117647058824,7
reduced_syn_only,Syntactic,3,OpenData__View -Unionable__miller2_both_0_50_ac5_ev,1444,25,1.0,0.6,0.75,7
reduced_syn_only,Syntactic,3,ChEMBL__Unionable__assays_horizontal_0_ac2_ev,529,23,1.0,0.5652173913043478,0.7222222222222222,7
reduced_syn_only,Syntactic,3,OpenData__Joinable__miller2_vertical_50_ac5_ev,1444,25,1.0,0.64,0.7804878048780488,7
reduced_syn_only,Syntactic,3,OpenData__View -Unionable__miller2_both_0_70_ac1_av,1849,35,1.0,0.6857142857142857,0.8135593220338984,7
reduced_syn_only,Syntactic,3,OpenData__Joinable__miller2_vertical_50_ec_ev,1444,25,1.0,1.0,1.0,7
reduced_syn_only,Syntactic,3,TPC-DI__Unionable__prospect_horizontal_100_ac5_ev,484,22,1.0,0.5,0.6666666666666666,7
reduced_syn_only,Syntactic,3,TPC-DI__Unionable__prospect_horizontal_100_ec_av,484,22,1.0,0.6363636363636364,0.7777777777777778,7
reduced_syn_only,Syntactic,3,ChEMBL__Unionable__assays_horizontal_0_ac4_ev,529,23,1.0,0.5217391304347826,0.6857142857142857,7
reduced_syn_only,Syntactic,3,OpenData__View -Unionable__miller2_both_0_70_ac3_av,1849,35,0.8947368421052632,0.4857142857142857,0.6296296296296297,7
reduced_syn_only,Syntactic,3,OpenData__Joinable__miller2_vertical_70_ac5_ev,1849,35,1.0,0.6857142857142857,0.8135593220338984,7
reduced_syn_only,Syntactic,3,OpenData__View -Unionable__miller2_both_0_70_ac4_av,1849,35,0.85,0.4857142857142857,0.6181818181818182,7
reduced_syn_only,Syntactic,3,TPC-DI__Unionable__prospect_horizontal_50_ac2_av,484,22,1.0,0.7272727272727273,0.8421052631578947,7
reduced_syn_only,Syntactic,3,ChEMBL__Unionable__assays_horizontal_0_ec_av,529,23,0.9411764705882353,0.6956521739130435,0.8,7
reduced_syn_only,Syntactic,3,OpenData__View -Unionable__miller2_both_0_70_ac4_ev,1849,35,0.967741935483871,0.8571428571428571,0.9090909090909091,7
reduced_syn_only,Syntactic,3,TPC-DI__Unionable__prospect_horizontal_50_ac2_ev,484,22,1.0,0.6818181818181818,0.8108108108108109,7
reduced_syn_only,Syntactic,3,OpenData__Semantically-Joinable__miller2_both_50_1_ac1_av,676,1,1.0,1.0,1.0,7
reduced_syn_only,Syntactic,3,ChEMBL__Unionable__assays_horizontal_100_ac1_av,529,23,1.0,0.5652173913043478,0.7222222222222222,7
reduced_syn_only,Syntactic,3,ChEMBL__Unionable__assays_horizontal_100_ac2_av,529,23,1.0,0.5217391304347826,0.6857142857142857,7
reduced_syn_only,Syntactic,3,OpenData__View -Unionable__miller2_both_0_70_ec_ev,1849,35,1.0,0.9714285714285714,0.9855072463768116,7
reduced_syn_only,Syntactic,3,ChEMBL__Unionable__assays_horizontal_100_ac2_ev,529,23,1.0,0.4782608695652174,0.6470588235294118,7
reduced_syn_only,Syntactic,3,OpenData__Semantically-Joinable__miller2_both_50_1_ac5_av,676,1,1.0,1.0,1.0,7
reduced_syn_only,Syntactic,3,TPC-DI__Unionable__prospect_horizontal_50_ac5_ev,484,22,1.0,0.5,0.6666666666666666,7
reduced_syn_only,Syntactic,3,ChEMBL__Unionable__assays_horizontal_100_ac3_ev,529,23,1.0,0.5652173913043478,0.7222222222222222,7
reduced_syn_only,Syntactic,3,TPC-DI__Joinable__prospect_both_50_1_ac3_ev,132,1,0.0,0.0,0.0,7
reduced_syn_only,Syntactic,3,ChEMBL__Unionable__assays_horizontal_100_ac4_ev,529,23,1.0,0.5217391304347826,0.6857142857142857,7
reduced_syn_only,Syntactic,3,OpenData__Semantically-Joinable__miller2_both_50_30_ac4_av,1089,15,0.9166666666666666,0.7333333333333333,0.8148148148148148,7
reduced_syn_only,Syntactic,3,TPC-DI__Joinable__prospect_both_50_30_ac1_ev,196,6,1.0,0.6666666666666666,0.8,7
reduced_syn_only,Syntactic,3,OpenData__Semantically-Joinable__miller2_both_50_50_ac1_av,1444,25,1.0,0.64,0.7804878048780488,7
reduced_syn_only,Syntactic,3,TPC-DI__Joinable__prospect_both_50_30_ac4_ev,196,6,1.0,0.6666666666666666,0.8,7
reduced_syn_only,Syntactic,3,TPC-DI__View-Unionable__prospect_both_0_1_ac3_ev,132,1,0.0,0.0,0.0,7
reduced_syn_only,Syntactic,3,ChEMBL__Unionable__assays_horizontal_50_ac1_ev,529,23,1.0,0.5652173913043478,0.7222222222222222,7
reduced_syn_only,Syntactic,3,OpenData__Semantically-Joinable__miller2_both_50_50_ac3_av,1444,25,1.0,0.6,0.75,7
reduced_syn_only,Syntactic,3,TPC-DI__Joinable__prospect_both_50_30_ac5_ev,196,6,1.0,0.6666666666666666,0.8,7
reduced_syn_only,Syntactic,3,OpenData__Semantically-Joinable__miller2_both_50_50_ac4_av,1444,25,0.7777777777777778,0.56,0.6511627906976745,7
reduced_syn_only,Syntactic,3,TPC-DI__Joinable__prospect_both_50_30_ec_ev,196,6,1.0,0.3333333333333333,0.5,7
reduced_syn_only,Syntactic,3,TPC-DI__View-Unionable__prospect_both_0_1_ac5_av,132,1,0.0,0.0,0.0,7
reduced_syn_only,Syntactic,3,ChEMBL__Unionable__assays_horizontal_50_ac3_ev,529,23,1.0,0.5652173913043478,0.7222222222222222,7
reduced_syn_only,Syntactic,3,OpenData__Semantically-Joinable__miller2_both_50_70_ac3_av,1849,35,0.8636363636363636,0.5428571428571428,0.6666666666666666,7
reduced_syn_only,Syntactic,4,ChEMBL__Joinable__assays_both_50_1_ac2_ev,144,1,0.5,1.0,0.6666666666666666,7
reduced_syn_only,Syntactic,4,ChEMBL__Unionable__assays_horizontal_50_ac5_ev,529,23,1.0,0.4782608695652174,0.6470588235294118,7
reduced_syn_only,Syntactic,4,TPC-DI__View-Unionable__prospect_both_0_30_ac2_av,196,6,1.0,0.5,0.6666666666666666,7
reduced_syn_only,Syntactic,4,ChEMBL__Joinable__assays_both_50_1_ac3_ev,144,1,0.0,0.0,0.0,7
reduced_syn_only,Syntactic,4,OpenData__Semantically-Joinable__miller2_vertical_1_ac1_av,676,1,1.0,1.0,1.0,7
reduced_syn_only,Syntactic,4,ChEMBL__View-Unionable__assays_both_0_1_ac1_ev,144,1,1.0,1.0,1.0,7
reduced_syn_only,Syntactic,4,TPC-DI__View-Unionable__prospect_both_0_30_ac4_av,196,6,1.0,0.5,0.6666666666666666,7
reduced_syn_only,Syntactic,4,ChEMBL__View-Unionable__assays_both_0_1_ac2_av,144,1,1.0,1.0,1.0,7
reduced_syn_only,Syntactic,4,OpenData__Semantically-Joinable__miller2_vertical_1_ac4_av,676,1,0.3333333333333333,1.0,0.5,7
reduced_syn_only,Syntactic,4,TPC-DI__Joinable__prospect_both_50_70_ec_ev,342,15,1.0,0.6,0.75,7
reduced_syn_only,Syntactic,4,ChEMBL__Joinable__assays_both_50_30_ac3_ev,210,6,1.0,0.6666666666666666,0.8,7
reduced_syn_only,Syntactic,4,OpenData__Semantically-Joinable__miller2_vertical_1_ec_av,676,1,1.0,1.0,1.0,7
reduced_syn_only,Syntactic,4,TPC-DI__View-Unionable__prospect_both_0_30_ac5_ev,196,6,1.0,0.5,0.6666666666666666,7
reduced_syn_only,Syntactic,4,TPC-DI__Joinable__prospect_vertical_1_ac3_ev,132,1,1.0,1.0,1.0,7
reduced_syn_only,Syntactic,4,TPC-DI__View-Unionable__prospect_both_0_30_ec_av,196,6,1.0,0.6666666666666666,0.8,7
reduced_syn_only,Syntactic,4,TPC-DI__Joinable__prospect_vertical_1_ac5_ev,132,1,1.0,1.0,1.0,7
reduced_syn_only,Syntactic,4,TPC-DI__View-Unionable__prospect_both_0_50_ac1_av,272,11,0.7777777777777778,0.6363636363636364,0.7,7
reduced_syn_only,Syntactic,4,ChEMBL__Joinable__assays_both_50_50_ac1_ev,289,11,1.0,0.6363636363636364,0.7777777777777778,7
reduced_syn_only,Syntactic,4,TPC-DI__Joinable__prospect_vertical_1_ec_ev,132,1,1.0,1.0,1.0,7
reduced_syn_only,Syntactic,4,ChEMBL__View-Unionable__assays_both_0_1_ec_av,144,1,1.0,1.0,1.0,7
reduced_syn_only,Syntactic,4,TPC-DI__Joinable__prospect_vertical_30_ac2_ev,196,6,1.0,1.0,1.0,7
reduced_syn_only,Syntactic,4,TPC-DI__View-Unionable__prospect_both_0_50_ac2_ev,272,11,1.0,0.45454545454545453,0.625,7
reduced_syn_only,Syntactic,4,ChEMBL__Joinable__assays_both_50_50_ac4_ev,289,11,1.0,0.5454545454545454,0.7058823529411765,7
reduced_syn_only,Syntactic,4,OpenData__Semantically-Joinable__miller2_vertical_50_ac2_av,1444,25,0.8888888888888888,0.64,0.7441860465116279,7
reduced_syn_only,Syntactic,4,TPC-DI__View-Unionable__prospect_both_0_50_ac3_ev,272,11,1.0,0.5454545454545454,0.7058823529411765,7
reduced_syn_only,Syntactic,4,ChEMBL__View-Unionable__assays_both_0_30_ac1_ev,210,6,1.0,0.6666666666666666,0.8,7
reduced_syn_only,Syntactic,4,ChEMBL__View-Unionable__assays_both_0_30_ac2_av,210,6,1.0,0.6666666666666666,0.8,7
reduced_syn_only,Syntactic,4,OpenData__Semantically-Joinable__miller2_vertical_50_ac4_av,1444,25,0.9411764705882353,0.64,0.7619047619047619,7
reduced_syn_only,Syntactic,4,ChEMBL__View-Unionable__assays_both_0_30_ac2_ev,210,6,1.0,0.5,0.6666666666666666,7
reduced_syn_only,Syntactic,4,OpenData__Semantically-Joinable__miller2_vertical_70_ac1_av,1849,35,0.8846153846153846,0.6571428571428571,0.7540983606557377,7
reduced_syn_only,Syntactic,4,ChEMBL__Joinable__assays_both_50_70_ac5_ev,380,16,1.0,0.4375,0.6086956521739131,7
reduced_syn_only,Syntactic,4,OpenData__Semantically-Joinable__miller2_vertical_70_ac2_av,1849,35,0.96,0.6857142857142857,0.8,7
reduced_syn_only,Syntactic,4,ChEMBL__Joinable__assays_both_50_70_ec_ev,380,16,1.0,0.6875,0.8148148148148148,7
reduced_syn_only,Syntactic,4,TPC-DI__View-Unionable__prospect_both_0_70_ac1_av,342,15,0.9,0.6,0.72,7
reduced_syn_only,Syntactic,4,ChEMBL__View-Unionable__assays_both_0_30_ac5_ev,210,6,1.0,0.3333333333333333,0.5,7
reduced_syn_only,Syntactic,4,TPC-DI__View-Unionable__prospect_both_0_70_ac2_av,342,15,0.8,0.5333333333333333,0.64,7
reduced_syn_only,Syntactic,4,TPC-DI__Joinable__prospect_vertical_70_ac2_ev,342,15,1.0,0.9333333333333333,0.9655172413793104,7
reduced_syn_only,Syntactic,4,ChEMBL__View-Unionable__assays_both_0_30_ec_ev,210,6,1.0,0.5,0.6666666666666666,7
reduced_syn_only,Syntactic,4,OpenData__Unionable__miller2_horizontal_0_ac1_av,2601,51,0.8666666666666667,0.7647058823529411,0.8125,7
reduced_syn_only,Syntactic,4,TPC-DI__View-Unionable__prospect_both_0_70_ac3_av,342,15,1.0,0.5333333333333333,0.6956521739130435,7
reduced_syn_only,Syntactic,4,TPC-DI__View-Unionable__prospect_both_0_70_ac4_av,342,15,1.0,0.5333333333333333,0.6956521739130435,7
reduced_syn_only,Syntactic,4,ChEMBL__Joinable__assays_vertical_30_ac1_ev,210,6,1.0,0.8333333333333334,0.9090909090909091,7
reduced_syn_only,Syntactic,4,TPC-DI__Joinable__prospect_vertical_70_ec_ev,342,15,1.0,1.0,1.0,7
reduced_syn_only,Syntactic,4,TPC-DI__View-Unionable__prospect_both_0_70_ac4_ev,342,15,1.0,0.5333333333333333,0.6956521739130435,7
reduced_syn_only,Syntactic,4,ChEMBL__Joinable__assays_vertical_30_ac2_ev,210,6,1.0,0.8333333333333334,0.9090909090909091,7
reduced_syn_only,Syntactic,4,ChEMBL__View-Unionable__assays_both_0_50_ac2_ev,289,11,1.0,0.6363636363636364,0.7777777777777778,7
reduced_syn_only,Syntactic,4,ChEMBL__Joinable__assays_vertical_30_ac3_ev,210,6,1.0,1.0,1.0,7
reduced_syn_only,Syntactic,4,TPC-DI__Semantically-Joinable__prospect_both_50_1_ac3_av,132,1,0.0,0.0,0.0,7
reduced_syn_only,Syntactic,4,ChEMBL__Joinable__assays_vertical_30_ac5_ev,210,6,1.0,0.6666666666666666,0.8,7
reduced_syn_only,Syntactic,4,OpenData__Unionable__miller2_horizontal_0_ac5_ev,2601,51,1.0,0.7058823529411765,0.8275862068965517,7
reduced_syn_only,Syntactic,4,TPC-DI__Semantically-Joinable__prospect_both_50_1_ec_av,132,1,1.0,1.0,1.0,7
reduced_syn_only,Syntactic,4,ChEMBL__Joinable__assays_vertical_50_ac2_ev,289,11,1.0,0.8181818181818182,0.9,7
reduced_syn_only,Syntactic,4,ChEMBL__View-Unionable__assays_both_0_50_ac5_ev,289,11,1.0,0.36363636363636365,0.5333333333333333,7
reduced_syn_only,Syntactic,4,Wikidata__Musicians__Musicians_unionable,400,19,0.9444444444444444,0.8947368421052632,0.918918918918919,7
reduced_syn_only,Syntactic,4,ChEMBL__Joinable__assays_vertical_50_ac5_ev,289,11,1.0,0.5454545454545454,0.7058823529411765,7
reduced_syn_only,Syntactic,4,TPC-DI__Semantically-Joinable__prospect_both_50_30_ac4_av,196,6,1.0,0.5,0.6666666666666666,7
reduced_syn_only,Syntactic,4,OpenData__Unionable__miller2_horizontal_100_ac2_av,2601,51,1.0,0.8823529411764706,0.9375,7
reduced_syn_only,Syntactic,4,TPC-DI__Semantically-Joinable__prospect_both_50_30_ac5_av,196,6,0.6666666666666666,0.6666666666666666,0.6666666666666666,7
reduced_syn_only,Syntactic,4,ChEMBL__View-Unionable__assays_both_0_70_ac2_ev,380,16,1.0,0.5,0.6666666666666666,7
reduced_syn_only,Syntactic,4,TPC-DI__Semantically-Joinable__prospect_both_50_50_ac1_av,272,11,1.0,0.5454545454545454,0.7058823529411765,7
reduced_syn_only,Syntactic,4,ChEMBL__Joinable__assays_vertical_70_ac3_ev,380,16,1.0,0.8125,0.896551724137931,7
reduced_syn_only,Syntactic,4,ChEMBL__View-Unionable__assays_both_0_70_ac3_av,380,16,0.8888888888888888,0.5,0.64,7
reduced_syn_only,Syntactic,4,TPC-DI__Semantically-Joinable__prospect_both_50_50_ac2_av,272,11,0.75,0.5454545454545454,0.631578947368421,7
reduced_syn_only,Syntactic,4,ChEMBL__Joinable__assays_vertical_70_ac4_ev,380,16,1.0,0.875,0.9333333333333333,7
reduced_syn_only,Syntactic,4,ChEMBL__View-Unionable__assays_both_0_70_ac3_ev,380,16,1.0,0.8125,0.896551724137931,7
reduced_syn_only,Syntactic,4,ChEMBL__View-Unionable__assays_both_0_70_ac4_ev,380,16,1.0,0.5,0.6666666666666666,7
reduced_syn_only,Syntactic,4,OpenData__Unionable__miller2_horizontal_100_ac5_av,2601,51,1.0,0.7058823529411765,0.8275862068965517,7
reduced_syn_only,Syntactic,4,TPC-DI__Semantically-Joinable__prospect_both_50_50_ac5_av,272,11,0.7142857142857143,0.45454545454545453,0.5555555555555556,7
reduced_syn_only,Syntactic,4,ChEMBL__Semantically-Joinable__assays_both_50_1_ac1_av,144,1,1.0,1.0,1.0,7
reduced_syn_only,Syntactic,4,OpenData__Unionable__miller2_horizontal_100_ac5_ev,2601,51,1.0,0.7058823529411765,0.8275862068965517,7
reduced_syn_only,Syntactic,4,ChEMBL__Semantically-Joinable__assays_both_50_1_ac3_av,144,1,0.0,0.0,0.0,7
reduced_syn_only,Syntactic,4,ChEMBL__View-Unionable__assays_both_0_70_ec_av,380,16,1.0,0.625,0.7692307692307693,7
reduced_syn_only,Syntactic,4,OpenData__Unionable__miller2_horizontal_100_ec_ev,2601,51,1.0,0.9215686274509803,0.9591836734693877,7
reduced_syn_only,Syntactic,4,ChEMBL__Semantically-Joinable__assays_both_50_1_ac4_av,144,1,0.5,1.0,0.6666666666666666,7
reduced_syn_only,Syntactic,4,OpenData__Unionable__miller2_horizontal_50_ac1_av,2601,51,1.0,0.9215686274509803,0.9591836734693877,7
reduced_syn_only,Syntactic,4,ChEMBL__Semantically-Joinable__assays_both_50_1_ac5_av,144,1,1.0,1.0,1.0,7
reduced_syn_only,Syntactic,4,TPC-DI__Semantically-Joinable__prospect_both_50_70_ac4_av,342,15,0.625,0.3333333333333333,0.43478260869565216,7
reduced_syn_only,Syntactic,4,ChEMBL__Semantically-Joinable__assays_both_50_1_ec_av,144,1,1.0,1.0,1.0,7
reduced_syn_only,Syntactic,4,OpenData__Unionable__miller2_horizontal_50_ac2_av,2601,51,0.9772727272727273,0.8431372549019608,0.9052631578947369,7
reduced_syn_only,Syntactic,4,TPC-DI__Semantically-Joinable__prospect_both_50_70_ac5_av,342,15,1.0,0.4666666666666667,0.6363636363636364,7
reduced_syn_only,Syntactic,4,OpenData__Unionable__miller2_horizontal_50_ac2_ev,2601,51,1.0,0.9019607843137255,0.9484536082474226,7
reduced_syn_only,Syntactic,4,TPC-DI__Semantically-Joinable__prospect_both_50_70_ec_av,342,15,0.9,0.6,0.72,7
reduced_syn_only,Syntactic,4,TPC-DI__Semantically-Joinable__prospect_vertical_1_ac1_av,132,1,1.0,1.0,1.0,7
reduced_syn_only,Syntactic,4,ChEMBL__Semantically-Joinable__assays_both_50_30_ac3_av,210,6,1.0,0.3333333333333333,0.5,7
reduced_syn_only,Syntactic,4,Magellan__itunes_amazon,81,9,1.0,0.3333333333333333,0.5,7
reduced_syn_only,Syntactic,4,Magellan__walmart_amazon,36,6,1.0,0.5,0.6666666666666666,7
reduced_syn_only,Syntactic,4,OpenData__Unionable__miller2_horizontal_50_ac4_ev,2601,51,0.9782608695652174,0.8823529411764706,0.9278350515463918,7
reduced_syn_only,Syntactic,4,OpenData__Joinable__miller2_both_50_1_ac2_ev,676,1,1.0,1.0,1.0,7
reduced_syn_only,Syntactic,4,OpenData__Unionable__miller2_horizontal_50_ac5_ev,2601,51,1.0,0.7058823529411765,0.8275862068965517,7
reduced_syn_only,Syntactic,4,TPC-DI__Semantically-Joinable__prospect_vertical_1_ec_av,132,1,1.0,1.0,1.0,7
reduced_syn_only,Syntactic,4,OpenData__Joinable__miller2_both_50_1_ac4_ev,676,1,0.5,1.0,0.6666666666666666,7
reduced_syn_only,Syntactic,4,TPC-DI__Semantically-Joinable__prospect_vertical_30_ac2_av,196,6,0.8,0.6666666666666666,0.7272727272727273,7
reduced_syn_only,Syntactic,4,OpenData__View -Unionable__miller2_both_0_1_ac1_av,676,1,1.0,1.0,1.0,7
reduced_syn_only,Syntactic,4,ChEMBL__Semantically-Joinable__assays_both_50_50_ac5_av,289,11,1.0,0.36363636363636365,0.5333333333333333,7
reduced_syn_only,Syntactic,4,OpenData__View -Unionable__miller2_both_0_1_ac1_ev,676,1,1.0,1.0,1.0,7
reduced_syn_only,Syntactic,4,ChEMBL__Semantically-Joinable__assays_both_50_50_ec_av,289,11,1.0,0.6363636363636364,0.7777777777777778,7
reduced_syn_only,Syntactic,4,ChEMBL__Semantically-Joinable__assays_both_50_70_ac1_av,380,16,0.8,0.5,0.6153846153846154,7
reduced_syn_only,Syntactic,4,TPC-DI__Semantically-Joinable__prospect_vertical_30_ec_av,196,6,0.7142857142857143,0.8333333333333334,0.7692307692307693,7
reduced_syn_only,Syntactic,4,OpenData__Joinable__miller2_both_50_30_ac3_ev,1089,15,1.0,0.9333333333333333,0.9655172413793104,7
reduced_syn_only,Syntactic,4,OpenData__Joinable__miller2_both_50_30_ac5_ev,1089,15,1.0,0.7333333333333333,0.8461538461538461,7
reduced_syn_only,Syntactic,4,OpenData__View -Unionable__miller2_both_0_1_ac4_ev,676,1,1.0,1.0,1.0,7
reduced_syn_only,Syntactic,4,OpenData__View -Unionable__miller2_both_0_1_ac5_av,676,1,1.0,1.0,1.0,7
reduced_syn_only,Syntactic,4,ChEMBL__Semantically-Joinable__assays_vertical_1_ac2_av,144,1,1.0,1.0,1.0,7
reduced_syn_only,Syntactic,4,OpenData__View -Unionable__miller2_both_0_30_ac1_av,1089,15,0.8461538461538461,0.7333333333333333,0.7857142857142857,7
reduced_syn_only,Syntactic,4,ChEMBL__Semantically-Joinable__assays_vertical_1_ac5_av,144,1,1.0,1.0,1.0,7
reduced_syn_only,Syntactic,4,OpenData__View -Unionable__miller2_both_0_30_ac2_av,1089,15,1.0,0.8,0.8888888888888888,7
reduced_syn_only,Syntactic,4,OpenData__Joinable__miller2_both_50_70_ac3_ev,1849,35,1.0,0.9142857142857143,0.9552238805970149,7
reduced_syn_only,Syntactic,4,TPC-DI__Unionable__prospect_horizontal_0_ac1_av,484,22,1.0,0.5454545454545454,0.7058823529411765,7
reduced_syn_only,Syntactic,4,TPC-DI__Unionable__prospect_horizontal_0_ac1_ev,484,22,1.0,0.5454545454545454,0.7058823529411765,7
reduced_syn_only,Syntactic,4,OpenData__Joinable__miller2_both_50_70_ac5_ev,1849,35,1.0,0.7714285714285715,0.8709677419354839,7
reduced_syn_only,Syntactic,4,OpenData__Joinable__miller2_vertical_1_ac1_ev,676,1,1.0,1.0,1.0,7
reduced_syn_only,Syntactic,4,ChEMBL__Semantically-Joinable__assays_vertical_50_ac1_av,289,11,0.875,0.6363636363636364,0.7368421052631579,7
reduced_syn_only,Syntactic,4,ChEMBL__Semantically-Joinable__assays_vertical_50_ac2_av,289,11,1.0,0.7272727272727273,0.8421052631578947,7
reduced_syn_only,Syntactic,4,TPC-DI__Unionable__prospect_horizontal_0_ac4_av,484,22,1.0,0.5,0.6666666666666666,7
reduced_syn_only,Syntactic,4,TPC-DI__Unionable__prospect_horizontal_0_ac4_ev,484,22,1.0,0.5,0.6666666666666666,7
reduced_syn_only,Syntactic,4,OpenData__View -Unionable__miller2_both_0_50_ac1_av,1444,25,0.9444444444444444,0.68,0.7906976744186046,7
reduced_syn_only,Syntactic,4,TPC-DI__Unionable__prospect_horizontal_0_ac5_ev,484,22,1.0,0.5454545454545454,0.7058823529411765,7
reduced_syn_only,Syntactic,4,OpenData__Joinable__miller2_vertical_30_ac1_ev,1089,15,1.0,1.0,1.0,7
reduced_syn_only,Syntactic,4,OpenData__View -Unionable__miller2_both_0_50_ac2_av,1444,25,0.95,0.76,0.8444444444444444,7
reduced_syn_only,Syntactic,4,OpenData__Joinable__miller2_vertical_30_ac2_ev,1089,15,0.9375,1.0,0.967741935483871,7
reduced_syn_only,Syntactic,4,TPC-DI__Unionable__prospect_horizontal_100_ac1_ev,484,22,1.0,0.5454545454545454,0.7058823529411765,7
reduced_syn_only,Syntactic,4,ChEMBL__Semantically-Joinable__assays_vertical_70_ac4_av,380,16,0.9090909090909091,0.625,0.7407407407407407,7
reduced_syn_only,Syntactic,4,OpenData__Joinable__miller2_vertical_30_ac5_ev,1089,15,1.0,0.8666666666666667,0.9285714285714286,7
reduced_syn_only,Syntactic,4,OpenData__Joinable__miller2_vertical_30_ec_ev,1089,15,1.0,1.0,1.0,7
reduced_syn_only,Syntactic,4,OpenData__View -Unionable__miller2_both_0_50_ac4_ev,1444,25,0.9565217391304348,0.88,0.9166666666666666,7
reduced_syn_only,Syntactic,4,TPC-DI__Unionable__prospect_horizontal_100_ac2_ev,484,22,1.0,0.5909090909090909,0.7428571428571429,7
reduced_syn_only,Syntactic,4,OpenData__Joinable__miller2_vertical_50_ac1_ev,1444,25,1.0,1.0,1.0,7
reduced_syn_only,Syntactic,4,OpenData__View -Unionable__miller2_both_0_50_ac5_av,1444,25,0.9333333333333333,0.56,0.7,7
reduced_syn_only,Syntactic,4,OpenData__View -Unionable__miller2_both_0_50_ac5_ev,1444,25,1.0,0.76,0.8636363636363636,7
reduced_syn_only,Syntactic,4,ChEMBL__Unionable__assays_horizontal_0_ac1_ev,529,23,1.0,0.5652173913043478,0.7222222222222222,7
reduced_syn_only,Syntactic,4,ChEMBL__Unionable__assays_horizontal_0_ac2_ev,529,23,1.0,0.6521739130434783,0.7894736842105263,7
reduced_syn_only,Syntactic,4,OpenData__Joinable__miller2_vertical_50_ec_ev,1444,25,1.0,1.0,1.0,7
reduced_syn_only,Syntactic,4,OpenData__View -Unionable__miller2_both_0_70_ac1_ev,1849,35,1.0,0.9428571428571428,0.9705882352941176,7
reduced_syn_only,Syntactic,4,OpenData__View -Unionable__miller2_both_0_70_ac2_ev,1849,35,0.96875,0.8857142857142857,0.9253731343283582,7
reduced_syn_only,Syntactic,4,OpenData__Joinable__miller2_vertical_70_ac4_ev,1849,35,0.96875,0.8857142857142857,0.9253731343283582,7
reduced_syn_only,Syntactic,4,TPC-DI__Unionable__prospect_horizontal_50_ac1_ev,484,22,1.0,0.5454545454545454,0.7058823529411765,7
reduced_syn_only,Syntactic,4,ChEMBL__Unionable__assays_horizontal_0_ac5_ev,529,23,1.0,0.4782608695652174,0.6470588235294118,7
reduced_syn_only,Syntactic,4,OpenData__View -Unionable__miller2_both_0_70_ac5_av,1849,35,0.95,0.5428571428571428,0.6909090909090909,7
reduced_syn_only,Syntactic,4,TPC-DI__Unionable__prospect_horizontal_50_ac3_ev,484,22,1.0,0.5454545454545454,0.7058823529411765,7
reduced_syn_only,Syntactic,4,ChEMBL__Unionable__assays_horizontal_100_ac1_ev,529,23,1.0,0.5652173913043478,0.7222222222222222,7
reduced_syn_only,Syntactic,4,OpenData__Semantically-Joinable__miller2_both_50_1_ac3_av,676,1,1.0,1.0,1.0,7
reduced_syn_only,Syntactic,4,OpenData__View -Unionable__miller2_both_0_70_ec_av,1849,35,1.0,0.7714285714285715,0.8709677419354839,7
reduced_syn_only,Syntactic,4,OpenData__Semantically-Joinable__miller2_both_50_1_ac4_av,676,1,1.0,1.0,1.0,7
reduced_syn_only,Syntactic,4,ChEMBL__Unionable__assays_horizontal_100_ac2_ev,529,23,1.0,0.6086956521739131,0.7567567567567568,7
reduced_syn_only,Syntactic,4,TPC-DI__Joinable__prospect_both_50_1_ac1_ev,132,1,1.0,1.0,1.0,7
reduced_syn_only,Syntactic,4,TPC-DI__Joinable__prospect_both_50_1_ac2_ev,132,1,1.0,1.0,1.0,7
reduced_syn_only,Syntactic,4,OpenData__Semantically-Joinable__miller2_both_50_30_ac1_av,1089,15,0.8461538461538461,0.7333333333333333,0.7857142857142857,7
reduced_syn_only,Syntactic,4,TPC-DI__Unionable__prospect_horizontal_50_ec_av,484,22,1.0,0.5909090909090909,0.7428571428571429,7
reduced_syn_only,Syntactic,4,OpenData__Semantically-Joinable__miller2_both_50_30_ac2_av,1089,15,0.9166666666666666,0.7333333333333333,0.8148148148148148,7
reduced_syn_only,Syntactic,4,TPC-DI__Joinable__prospect_both_50_1_ac4_ev,132,1,0.0,0.0,0.0,7
reduced_syn_only,Syntactic,4,TPC-DI__Unionable__prospect_horizontal_50_ec_ev,484,22,1.0,0.5909090909090909,0.7428571428571429,7
reduced_syn_only,Syntactic,4,TPC-DI__Joinable__prospect_both_50_1_ec_ev,132,1,1.0,1.0,1.0,7
reduced_syn_only,Syntactic,4,OpenData__Semantically-Joinable__miller2_both_50_30_ac5_av,1089,15,1.0,0.5333333333333333,0.6956521739130435,7
reduced_syn_only,Syntactic,4,TPC-DI__Joinable__prospect_both_50_30_ac2_ev,196,6,1.0,0.5,0.6666666666666666,7
reduced_syn_only,Syntactic,4,TPC-DI__View-Unionable__prospect_both_0_1_ac2_ev,132,1,1.0,1.0,1.0,7
reduced_syn_only,Syntactic,4,ChEMBL__Unionable__assays_horizontal_100_ec_ev,529,23,1.0,0.6521739130434783,0.7894736842105263,7
reduced_syn_only,Syntactic,4,OpenData__Semantically-Joinable__miller2_both_50_50_ac1_av,1444,25,0.9047619047619048,0.76,0.8260869565217391,7
reduced_syn_only,Syntactic,4,ChEMBL__Unionable__assays_horizontal_50_ac1_av,529,23,1.0,0.5652173913043478,0.7222222222222222,7
reduced_syn_only,Syntactic,4,TPC-DI__Joinable__prospect_both_50_30_ac4_ev,196,6,1.0,0.5,0.6666666666666666,7
reduced_syn_only,Syntactic,4,ChEMBL__Unionable__assays_horizontal_50_ac1_ev,529,23,1.0,0.5652173913043478,0.7222222222222222,7
reduced_syn_only,Syntactic,4,OpenData__Semantically-Joinable__miller2_both_50_50_ac3_av,1444,25,0.9523809523809523,0.8,0.8695652173913043,7
reduced_syn_only,Syntactic,4,TPC-DI__Joinable__prospect_both_50_30_ec_ev,196,6,1.0,0.6666666666666666,0.8,7
reduced_syn_only,Syntactic,4,OpenData__Semantically-Joinable__miller2_both_50_50_ac5_av,1444,25,0.9444444444444444,0.68,0.7906976744186046,7
reduced_syn_only,Syntactic,4,ChEMBL__Unionable__assays_horizontal_50_ac3_av,529,23,1.0,0.6956521739130435,0.8205128205128205,7
reduced_syn_only,Syntactic,4,ChEMBL__Unionable__assays_horizontal_50_ac3_ev,529,23,1.0,0.6956521739130435,0.8205128205128205,7
reduced_syn_only,Syntactic,4,TPC-DI__View-Unionable__prospect_both_0_30_ac1_av,196,6,0.6,0.5,0.5454545454545454,7
reduced_syn_only,Syntactic,5,ChEMBL__Unionable__assays_horizontal_50_ec_av,529,23,1.0,0.7391304347826086,0.85,7
reduced_syn_only,Syntactic,5,TPC-DI__Joinable__prospect_both_50_70_ac2_ev,342,15,1.0,0.9333333333333333,0.9655172413793104,7
reduced_syn_only,Syntactic,5,ChEMBL__Unionable__assays_horizontal_50_ec_ev,529,23,1.0,0.7391304347826086,0.85,7
reduced_syn_only,Syntactic,5,TPC-DI__Joinable__prospect_both_50_70_ac3_ev,342,15,1.0,0.7333333333333333,0.8461538461538461,7
reduced_syn_only,Syntactic,5,TPC-DI__Joinable__prospect_both_50_70_ac4_ev,342,15,1.0,0.8,0.8888888888888888,7
reduced_syn_only,Syntactic,5,ChEMBL__Joinable__assays_both_50_1_ec_ev,144,1,1.0,1.0,1.0,7
reduced_syn_only,Syntactic,5,ChEMBL__Joinable__assays_both_50_30_ac1_ev,210,6,1.0,0.6666666666666666,0.8,7
reduced_syn_only,Syntactic,5,OpenData__Semantically-Joinable__miller2_vertical_1_ac5_av,676,1,1.0,1.0,1.0,7
reduced_syn_only,Syntactic,5,TPC-DI__View-Unionable__prospect_both_0_30_ac5_av,196,6,0.8333333333333334,0.8333333333333334,0.8333333333333334,7
reduced_syn_only,Syntactic,5,ChEMBL__Joinable__assays_both_50_30_ac4_ev,210,6,1.0,0.6666666666666666,0.8,7
reduced_syn_only,Syntactic,5,ChEMBL__View-Unionable__assays_both_0_1_ac3_ev,144,1,1.0,1.0,1.0,7
reduced_syn_only,Syntactic,5,ChEMBL__Joinable__assays_both_50_30_ac5_ev,210,6,1.0,0.5,0.6666666666666666,7
reduced_syn_only,Syntactic,5,ChEMBL__View-Unionable__assays_both_0_1_ac5_av,144,1,0.0,0.0,0.0,7
reduced_syn_only,Syntactic,5,ChEMBL__Joinable__assays_both_50_50_ac2_ev,289,11,1.0,0.7272727272727273,0.8421052631578947,7
reduced_syn_only,Syntactic,5,TPC-DI__Joinable__prospect_vertical_30_ac1_ev,196,6,1.0,1.0,1.0,7
reduced_syn_only,Syntactic,5,OpenData__Semantically-Joinable__miller2_vertical_30_ec_av,1089,15,0.7222222222222222,0.8666666666666667,0.7878787878787878,7
reduced_syn_only,Syntactic,5,ChEMBL__View-Unionable__assays_both_0_1_ec_ev,144,1,1.0,1.0,1.0,7
reduced_syn_only,Syntactic,5,TPC-DI__View-Unionable__prospect_both_0_50_ac3_av,272,11,0.8888888888888888,0.7272727272727273,0.8,7
reduced_syn_only,Syntactic,5,ChEMBL__Joinable__assays_both_50_50_ac5_ev,289,11,1.0,0.5454545454545454,0.7058823529411765,7
reduced_syn_only,Syntactic,5,TPC-DI__Joinable__prospect_vertical_30_ac5_ev,196,6,1.0,1.0,1.0,7
reduced_syn_only,Syntactic,5,TPC-DI__View-Unionable__prospect_both_0_50_ac4_av,272,11,0.8333333333333334,0.45454545454545453,0.5882352941176471,7
reduced_syn_only,Syntactic,5,ChEMBL__Joinable__assays_both_50_70_ac1_ev,380,16,1.0,0.5625,0.72,7
reduced_syn_only,Syntactic,5,TPC-DI__View-Unionable__prospect_both_0_50_ac4_ev,272,11,1.0,0.9090909090909091,0.9523809523809523,7
reduced_syn_only,Syntactic,5,ChEMBL__Joinable__assays_both_50_70_ac2_ev,380,16,1.0,0.75,0.8571428571428571,7
reduced_syn_only,Syntactic,5,TPC-DI__View-Unionable__prospect_both_0_50_ac5_av,272,11,0.8888888888888888,0.7272727272727273,0.8,7
reduced_syn_only,Syntactic,5,ChEMBL__View-Unionable__assays_both_0_30_ac3_av,210,6,1.0,0.5,0.6666666666666666,7
reduced_syn_only,Syntactic,5,OpenData__Semantically-Joinable__miller2_vertical_50_ec_av,1444,25,0.7916666666666666,0.76,0.7755102040816326,7
reduced_syn_only,Syntactic,5,TPC-DI__Joinable__prospect_vertical_50_ac2_ev,272,11,1.0,1.0,1.0,7
reduced_syn_only,Syntactic,5,TPC-DI__View-Unionable__prospect_both_0_50_ac5_ev,272,11,1.0,0.6363636363636364,0.7777777777777778,7
reduced_syn_only,Syntactic,5,TPC-DI__Joinable__prospect_vertical_50_ac3_ev,272,11,1.0,1.0,1.0,7
reduced_syn_only,Syntactic,5,ChEMBL__View-Unionable__assays_both_0_30_ac4_av,210,6,0.5,0.5,0.5,7
reduced_syn_only,Syntactic,5,OpenData__Semantically-Joinable__miller2_vertical_70_ac3_av,1849,35,0.9655172413793104,0.8,0.875,7
reduced_syn_only,Syntactic,5,ChEMBL__View-Unionable__assays_both_0_30_ac5_av,210,6,1.0,0.6666666666666666,0.8,7
reduced_syn_only,Syntactic,5,TPC-DI__View-Unionable__prospect_both_0_70_ac1_ev,342,15,1.0,0.6666666666666666,0.8,7
reduced_syn_only,Syntactic,5,ChEMBL__Joinable__assays_vertical_1_ac3_ev,144,1,1.0,1.0,1.0,7
reduced_syn_only,Syntactic,5,ChEMBL__Joinable__assays_vertical_1_ac4_ev,144,1,1.0,1.0,1.0,7
reduced_syn_only,Syntactic,5,TPC-DI__Joinable__prospect_vertical_70_ac3_ev,342,15,1.0,1.0,1.0,7
reduced_syn_only,Syntactic,5,ChEMBL__Joinable__assays_vertical_1_ac5_ev,144,1,1.0,1.0,1.0,7
reduced_syn_only,Syntactic,5,OpenData__Unionable__miller2_horizontal_0_ac3_av,2601,51,1.0,0.9215686274509803,0.9591836734693877,7
reduced_syn_only,Syntactic,5,TPC-DI__Semantically-Joinable__prospect_both_50_1_ac1_av,132,1,1.0,1.0,1.0,7
reduced_syn_only,Syntactic,5,OpenData__Unionable__miller2_horizontal_0_ac3_ev,2601,51,1.0,0.9607843137254902,0.98,7
reduced_syn_only,Syntactic,5,ChEMBL__Joinable__assays_vertical_30_ac4_ev,210,6,1.0,1.0,1.0,7
reduced_syn_only,Syntactic,5,TPC-DI__Semantically-Joinable__prospect_both_50_1_ac4_av,132,1,0.0,0.0,0.0,7
reduced_syn_only,Syntactic,5,TPC-DI__View-Unionable__prospect_both_0_70_ec_ev,342,15,1.0,0.6666666666666666,0.8,7
reduced_syn_only,Syntactic,5,TPC-DI__Semantically-Joinable__prospect_both_50_1_ac5_av,132,1,0.0,0.0,0.0,7
reduced_syn_only,Syntactic,5,Wikidata__Musicians__Musicians_joinable,169,6,1.0,1.0,1.0,7
reduced_syn_only,Syntactic,5,ChEMBL__View-Unionable__assays_both_0_50_ac5_av,289,11,1.0,0.5454545454545454,0.7058823529411765,7
reduced_syn_only,Syntactic,5,TPC-DI__Semantically-Joinable__prospect_both_50_30_ac1_av,196,6,0.75,0.5,0.6,7
reduced_syn_only,Syntactic,5,OpenData__Unionable__miller2_horizontal_100_ac1_av,2601,51,1.0,0.9215686274509803,0.9591836734693877,7
reduced_syn_only,Syntactic,5,ChEMBL__Joinable__assays_vertical_70_ac1_ev,380,16,1.0,0.9375,0.967741935483871,7
reduced_syn_only,Syntactic,5,ChEMBL__Joinable__assays_vertical_70_ac2_ev,380,16,1.0,0.9375,0.967741935483871,7
reduced_syn_only,Syntactic,5,TPC-DI__Semantically-Joinable__prospect_both_50_50_ac3_av,272,11,0.6,0.5454545454545454,0.5714285714285714,7
reduced_syn_only,Syntactic,5,ChEMBL__Joinable__assays_vertical_70_ac5_ev,380,16,1.0,0.6875,0.8148148148148148,7
reduced_syn_only,Syntactic,5,ChEMBL__View-Unionable__assays_both_0_70_ac4_av,380,16,1.0,0.5,0.6666666666666666,7
reduced_syn_only,Syntactic,5,OpenData__Unionable__miller2_horizontal_100_ec_av,2601,51,1.0,0.9803921568627451,0.9900990099009901,7
reduced_syn_only,Syntactic,5,ChEMBL__View-Unionable__assays_both_0_70_ec_ev,380,16,1.0,0.75,0.8571428571428571,7
reduced_syn_only,Syntactic,5,OpenData__Unionable__miller2_horizontal_50_ac1_ev,2601,51,1.0,0.9215686274509803,0.9591836734693877,7
reduced_syn_only,Syntactic,5,Magellan__beeradvo_ratebeer,25,5,1.0,0.6,0.75,7
reduced_syn_only,Syntactic,5,OpenData__Unionable__miller2_horizontal_50_ac3_ev,2601,51,1.0,0.9607843137254902,0.98,7
reduced_syn_only,Syntactic,5,ChEMBL__Semantically-Joinable__assays_both_50_30_ac4_av,210,6,1.0,0.6666666666666666,0.8,7
reduced_syn_only,Syntactic,5,ChEMBL__Semantically-Joinable__assays_both_50_30_ec_av,210,6,1.0,0.6666666666666666,0.8,7
reduced_syn_only,Syntactic,5,TPC-DI__Semantically-Joinable__prospect_vertical_1_ac5_av,132,1,1.0,1.0,1.0,7
reduced_syn_only,Syntactic,5,ChEMBL__Semantically-Joinable__assays_both_50_50_ac1_av,289,11,1.0,0.6363636363636364,0.7777777777777778,7
reduced_syn_only,Syntactic,5,TPC-DI__Semantically-Joinable__prospect_vertical_30_ac1_av,196,6,1.0,0.6666666666666666,0.8,7
reduced_syn_only,Syntactic,5,OpenData__Joinable__miller2_both_50_1_ac5_ev,676,1,1.0,1.0,1.0,7
reduced_syn_only,Syntactic,5,TPC-DI__Semantically-Joinable__prospect_vertical_30_ac3_av,196,6,0.8,0.6666666666666666,0.7272727272727273,7
reduced_syn_only,Syntactic,5,OpenData__Joinable__miller2_both_50_30_ac2_ev,1089,15,1.0,1.0,1.0,7
reduced_syn_only,Syntactic,5,OpenData__Joinable__miller2_both_50_30_ac4_ev,1089,15,1.0,0.8666666666666667,0.9285714285714286,7
reduced_syn_only,Syntactic,5,ChEMBL__Semantically-Joinable__assays_both_50_70_ac5_av,380,16,1.0,0.5625,0.72,7
reduced_syn_only,Syntactic,5,OpenData__Joinable__miller2_both_50_50_ac1_ev,1444,25,1.0,0.96,0.9795918367346939,7
reduced_syn_only,Syntactic,5,OpenData__View -Unionable__miller2_both_0_1_ec_av,676,1,1.0,1.0,1.0,7
reduced_syn_only,Syntactic,5,ChEMBL__Semantically-Joinable__assays_vertical_1_ac3_av,144,1,1.0,1.0,1.0,7
reduced_syn_only,Syntactic,5,OpenData__View -Unionable__miller2_both_0_1_ec_ev,676,1,1.0,1.0,1.0,7
reduced_syn_only,Syntactic,5,OpenData__Joinable__miller2_both_50_50_ec_ev,1444,25,1.0,0.96,0.9795918367346939,7
reduced_syn_only,Syntactic,5,TPC-DI__Semantically-Joinable__prospect_vertical_70_ac5_av,342,15,1.0,0.6666666666666666,0.8,7
reduced_syn_only,Syntactic,5,ChEMBL__Semantically-Joinable__assays_vertical_30_ac1_av,210,6,1.0,0.5,0.6666666666666666,7
reduced_syn_only,Syntactic,5,ChEMBL__Semantically-Joinable__assays_vertical_30_ac2_av,210,6,1.0,0.6666666666666666,0.8,7
reduced_syn_only,Syntactic,5,OpenData__Joinable__miller2_both_50_70_ac4_ev,1849,35,1.0,0.9428571428571428,0.9705882352941176,7
reduced_syn_only,Syntactic,5,OpenData__View -Unionable__miller2_both_0_30_ac3_ev,1089,15,1.0,1.0,1.0,7
reduced_syn_only,Syntactic,5,ChEMBL__Semantically-Joinable__assays_vertical_30_ac4_av,210,6,1.0,0.6666666666666666,0.8,7
reduced_syn_only,Syntactic,5,OpenData__View -Unionable__miller2_both_0_30_ac4_ev,1089,15,0.9375,1.0,0.967741935483871,7
reduced_syn_only,Syntactic,5,OpenData__View -Unionable__miller2_both_0_30_ac5_ev,1089,15,1.0,1.0,1.0,7
reduced_syn_only,Syntactic,5,ChEMBL__Semantically-Joinable__assays_vertical_70_ec_av,380,16,1.0,0.6875,0.8148148148148148,7
reduced_syn_only,Syntactic,5,TPC-DI__Unionable__prospect_horizontal_100_ac3_av,484,22,1.0,0.7272727272727273,0.8421052631578947,7
reduced_syn_only,Syntactic,5,TPC-DI__Unionable__prospect_horizontal_100_ac3_ev,484,22,1.0,0.7272727272727273,0.8421052631578947,7
reduced_syn_only,Syntactic,5,OpenData__Joinable__miller2_vertical_50_ac4_ev,1444,25,0.8888888888888888,0.96,0.9230769230769231,7
reduced_syn_only,Syntactic,5,OpenData__View -Unionable__miller2_both_0_70_ac2_av,1849,35,0.9354838709677419,0.8285714285714286,0.8787878787878788,7
reduced_syn_only,Syntactic,5,ChEMBL__Unionable__assays_horizontal_0_ac4_av,529,23,1.0,0.6086956521739131,0.7567567567567568,7
reduced_syn_only,Syntactic,5,TPC-DI__Unionable__prospect_horizontal_100_ec_ev,484,22,1.0,0.7272727272727273,0.8421052631578947,7
reduced_syn_only,Syntactic,5,OpenData__Joinable__miller2_vertical_70_ac3_ev,1849,35,1.0,0.9714285714285714,0.9855072463768116,7
reduced_syn_only,Syntactic,5,OpenData__Joinable__miller2_vertical_70_ec_ev,1849,35,0.9210526315789473,1.0,0.958904109589041,7
reduced_syn_only,Syntactic,5,TPC-DI__Unionable__prospect_horizontal_50_ac3_av,484,22,1.0,0.7272727272727273,0.8421052631578947,7
reduced_syn_only,Syntactic,5,OpenData__Semantically-Joinable__miller2_both_50_1_ac2_av,676,1,1.0,1.0,1.0,7
reduced_syn_only,Syntactic,5,ChEMBL__Unionable__assays_horizontal_100_ac3_av,529,23,1.0,0.6956521739130435,0.8205128205128205,7
reduced_syn_only,Syntactic,5,TPC-DI__Joinable__prospect_both_50_1_ac5_ev,132,1,1.0,1.0,1.0,7
reduced_syn_only,Syntactic,5,TPC-DI__View-Unionable__prospect_both_0_1_ac1_av,132,1,0.0,0.0,0.0,7
reduced_syn_only,Syntactic,5,TPC-DI__View-Unionable__prospect_both_0_1_ac2_av,132,1,1.0,1.0,1.0,7
reduced_syn_only,Syntactic,5,ChEMBL__Unionable__assays_horizontal_100_ec_av,529,23,1.0,0.7391304347826086,0.85,7
reduced_syn_only,Syntactic,5,TPC-DI__View-Unionable__prospect_both_0_1_ac4_av,132,1,1.0,1.0,1.0,7
reduced_syn_only,Syntactic,5,ChEMBL__Unionable__assays_horizontal_50_ac2_ev,529,23,1.0,0.782608695652174,0.8780487804878049,7
reduced_syn_only,Syntactic,5,TPC-DI__View-Unionable__prospect_both_0_1_ec_av,132,1,1.0,1.0,1.0,7
reduced_syn_only,Syntactic,5,ChEMBL__Unionable__assays_horizontal_50_ac4_av,529,23,1.0,0.6521739130434783,0.7894736842105263,7
reduced_syn_only,Syntactic,5,OpenData__Semantically-Joinable__miller2_both_50_70_ac2_av,1849,35,0.9032258064516129,0.8,0.8484848484848485,7
reduced_syn_only,Syntactic,5,TPC-DI__Joinable__prospect_both_50_50_ac5_ev,272,11,1.0,0.8181818181818182,0.9,7
