config,feature_set,fold_id,pair_id,n_rows,n_pos,precision,recall,f1,n_features
reduced_distance_only,Distance-based,0,ChEMBL__Unionable__assays_horizontal_50_ac5_av,529,23,1.0,0.34782608695652173,0.5161290322580645,2
reduced_distance_only,Distance-based,0,OpenData__Semantically-Joinable__miller2_both_50_70_ac4_av,1849,35,0.1388888888888889,0.14285714285714285,0.14084507042253522,2
reduced_distance_only,Distance-based,0,TPC-DI__Joinable__prospect_both_50_50_ec_ev,272,11,1.0,0.7272727272727273,0.8421052631578947,2
reduced_distance_only,Distance-based,0,TPC-DI__View-Unionable__prospect_both_0_30_ac1_ev,196,6,1.0,0.6666666666666666,0.8,2
reduced_distance_only,Distance-based,0,ChEMBL__Joinable__assays_both_50_1_ac2_ev,144,1,0.0,0.0,0.0,2
reduced_distance_only,Distance-based,0,ChEMBL__Unionable__assays_horizontal_50_ac5_ev,529,23,1.0,0.34782608695652173,0.5161290322580645,2
reduced_distance_only,Distance-based,0,ChEMBL__Joinable__assays_both_50_1_ac3_ev,144,1,0.0,0.0,0.0,2
reduced_distance_only,Distance-based,0,TPC-DI__View-Unionable__prospect_both_0_30_ac2_ev,196,6,0.5,0.3333333333333333,0.4,2
reduced_distance_only,Distance-based,0,OpenData__Semantically-Joinable__miller2_vertical_1_ac4_av,676,1,0.0,0.0,0.0,2
reduced_distance_only,Distance-based,0,TPC-DI__Joinable__prospect_both_50_70_ec_ev,342,15,1.0,0.8,0.8888888888888888,2
reduced_distance_only,Distance-based,0,ChEMBL__View-Unionable__assays_both_0_1_ac2_ev,144,1,0.0,0.0,0.0,2
reduced_distance_only,Distance-based,0,TPC-DI__Joinable__prospect_vertical_1_ac2_ev,132,1,0.3333333333333333,1.0,0.5,2
reduced_distance_only,Distance-based,0,TPC-DI__View-Unionable__prospect_both_0_30_ec_av,196,6,1.0,0.8333333333333334,0.9090909090909091,2
reduced_distance_only,Distance-based,0,OpenData__Semantically-Joinable__miller2_vertical_30_ac2_av,1089,15,0.23076923076923078,0.2,0.21428571428571427,2
reduced_distance_only,Distance-based,0,ChEMBL__Joinable__assays_both_50_30_ec_ev,210,6,1.0,1.0,1.0,2
reduced_distance_only,Distance-based,0,TPC-DI__View-Unionable__prospect_both_0_50_ac1_av,272,11,0.5714285714285714,0.36363636363636365,0.4444444444444444,2
reduced_distance_only,Distance-based,0,TPC-DI__Joinable__prospect_vertical_1_ec_ev,132,1,1.0,1.0,1.0,2
reduced_distance_only,Distance-based,0,TPC-DI__View-Unionable__prospect_both_0_50_ac1_ev,272,11,1.0,0.5454545454545454,0.7058823529411765,2
reduced_distance_only,Distance-based,0,ChEMBL__View-Unionable__assays_both_0_30_ac1_av,210,6,1.0,0.5,0.6666666666666666,2
reduced_distance_only,Distance-based,0,OpenData__Semantically-Joinable__miller2_vertical_50_ac3_av,1444,25,0.38461538461538464,0.2,0.2631578947368421,2
reduced_distance_only,Distance-based,0,ChEMBL__View-Unionable__assays_both_0_30_ac2_av,210,6,1.0,0.16666666666666666,0.2857142857142857,2
reduced_distance_only,Distance-based,0,OpenData__Semantically-Joinable__miller2_vertical_50_ac4_av,1444,25,0.15384615384615385,0.16,0.1568627450980392,2
reduced_distance_only,Distance-based,0,OpenData__Semantically-Joinable__miller2_vertical_50_ac5_av,1444,25,0.10714285714285714,0.12,0.11320754716981132,2
reduced_distance_only,Distance-based,0,TPC-DI__Joinable__prospect_vertical_50_ac1_ev,272,11,1.0,0.8181818181818182,0.9,2
reduced_distance_only,Distance-based,0,ChEMBL__Joinable__assays_both_50_70_ac3_ev,380,16,1.0,0.25,0.4,2
reduced_distance_only,Distance-based,0,ChEMBL__Joinable__assays_both_50_70_ac4_ev,380,16,1.0,0.25,0.4,2
reduced_distance_only,Distance-based,0,OpenData__Semantically-Joinable__miller2_vertical_70_ac2_av,1849,35,0.45,0.2571428571428571,0.32727272727272727,2
reduced_distance_only,Distance-based,0,ChEMBL__Joinable__assays_both_50_70_ec_ev,380,16,1.0,0.9375,0.967741935483871,2
reduced_distance_only,Distance-based,0,TPC-DI__Joinable__prospect_vertical_50_ac5_ev,272,11,1.0,0.36363636363636365,0.5333333333333333,2
reduced_distance_only,Distance-based,0,OpenData__Semantically-Joinable__miller2_vertical_70_ac4_av,1849,35,0.08108108108108109,0.08571428571428572,0.08333333333333333,2
reduced_distance_only,Distance-based,0,TPC-DI__Joinable__prospect_vertical_50_ec_ev,272,11,1.0,1.0,1.0,2
reduced_distance_only,Distance-based,0,TPC-DI__Joinable__prospect_vertical_70_ac1_ev,342,15,1.0,0.7333333333333333,0.8461538461538461,2
reduced_distance_only,Distance-based,0,ChEMBL__View-Unionable__assays_both_0_30_ec_av,210,6,1.0,0.5,0.6666666666666666,2
reduced_distance_only,Distance-based,0,OpenData__Unionable__miller2_horizontal_0_ac1_ev,2601,51,1.0,0.49019607843137253,0.6578947368421053,2
reduced_distance_only,Distance-based,0,TPC-DI__Joinable__prospect_vertical_70_ac4_ev,342,15,1.0,0.4,0.5714285714285714,2
reduced_distance_only,Distance-based,0,TPC-DI__View-Unionable__prospect_both_0_70_ac3_ev,342,15,1.0,0.2,0.3333333333333333,2
reduced_distance_only,Distance-based,0,ChEMBL__Joinable__assays_vertical_1_ec_ev,144,1,1.0,1.0,1.0,2
reduced_distance_only,Distance-based,0,OpenData__Unionable__miller2_horizontal_0_ac2_av,2601,51,0.48148148148148145,0.2549019607843137,0.3333333333333333,2
reduced_distance_only,Distance-based,0,TPC-DI__View-Unionable__prospect_both_0_70_ac4_ev,342,15,0.8,0.26666666666666666,0.4,2
reduced_distance_only,Distance-based,0,ChEMBL__Joinable__assays_vertical_30_ac3_ev,210,6,1.0,0.5,0.6666666666666666,2
reduced_distance_only,Distance-based,0,ChEMBL__View-Unionable__assays_both_0_50_ac3_av,289,11,0.6666666666666666,0.18181818181818182,0.2857142857142857,2
reduced_distance_only,Distance-based,0,TPC-DI__View-Unionable__prospect_both_0_70_ac5_ev,342,15,1.0,0.3333333333333333,0.5,2
reduced_distance_only,Distance-based,0,ChEMBL__View-Unionable__assays_both_0_50_ac3_ev,289,11,1.0,0.2727272727272727,0.42857142857142855,2
reduced_distance_only,Distance-based,0,ChEMBL__Joinable__assays_vertical_30_ec_ev,210,6,0.8571428571428571,1.0,0.9230769230769231,2
reduced_distance_only,Distance-based,0,ChEMBL__View-Unionable__assays_both_0_50_ac4_ev,289,11,1.0,0.36363636363636365,0.5333333333333333,2
reduced_distance_only,Distance-based,0,ChEMBL__Joinable__assays_vertical_50_ac2_ev,289,11,0.6,0.2727272727272727,0.375,2
reduced_distance_only,Distance-based,0,Wikidata__Musicians__Musicians_unionable,400,19,0.8888888888888888,0.8421052631578947,0.8648648648648649,2
reduced_distance_only,Distance-based,0,ChEMBL__Joinable__assays_vertical_50_ac4_ev,289,11,1.0,0.5454545454545454,0.7058823529411765,2
reduced_distance_only,Distance-based,0,ChEMBL__View-Unionable__assays_both_0_50_ec_ev,289,11,1.0,0.8181818181818182,0.9,2
reduced_distance_only,Distance-based,0,ChEMBL__View-Unionable__assays_both_0_70_ac1_av,380,16,0.7777777777777778,0.4375,0.56,2
reduced_distance_only,Distance-based,0,OpenData__Unionable__miller2_horizontal_100_ac1_ev,2601,51,1.0,0.49019607843137253,0.6578947368421053,2
reduced_distance_only,Distance-based,0,ChEMBL__Joinable__assays_vertical_50_ec_ev,289,11,1.0,1.0,1.0,2
reduced_distance_only,Distance-based,0,ChEMBL__View-Unionable__assays_both_0_70_ac2_av,380,16,0.4,0.125,0.19047619047619047,2
reduced_distance_only,Distance-based,0,TPC-DI__Semantically-Joinable__prospect_both_50_50_ac1_av,272,11,0.8571428571428571,0.5454545454545454,0.6666666666666666,2
reduced_distance_only,Distance-based,0,ChEMBL__Joinable__assays_vertical_70_ac3_ev,380,16,1.0,0.3125,0.47619047619047616,2
reduced_distance_only,Distance-based,0,OpenData__Unionable__miller2_horizontal_100_ac3_ev,2601,51,1.0,0.21568627450980393,0.3548387096774194,2
reduced_distance_only,Distance-based,0,ChEMBL__View-Unionable__assays_both_0_70_ac3_ev,380,16,1.0,0.25,0.4,2
reduced_distance_only,Distance-based,0,OpenData__Unionable__miller2_horizontal_100_ac4_ev,2601,51,0.5384615384615384,0.13725490196078433,0.21875,2
reduced_distance_only,Distance-based,0,TPC-DI__Semantically-Joinable__prospect_both_50_50_ac4_av,272,11,0.5714285714285714,0.36363636363636365,0.4444444444444444,2
reduced_distance_only,Distance-based,0,ChEMBL__Joinable__assays_vertical_70_ec_ev,380,16,1.0,1.0,1.0,2
reduced_distance_only,Distance-based,0,ChEMBL__View-Unionable__assays_both_0_70_ac4_ev,380,16,1.0,0.375,0.5454545454545454,2
reduced_distance_only,Distance-based,0,TPC-DI__Semantically-Joinable__prospect_both_50_50_ac5_av,272,11,0.3333333333333333,0.18181818181818182,0.23529411764705882,2
reduced_distance_only,Distance-based,0,ChEMBL__View-Unionable__assays_both_0_70_ac5_av,380,16,0.26666666666666666,0.25,0.25806451612903225,2
reduced_distance_only,Distance-based,0,OpenData__Unionable__miller2_horizontal_100_ac5_ev,2601,51,1.0,0.1568627450980392,0.2711864406779661,2
reduced_distance_only,Distance-based,0,ChEMBL__Semantically-Joinable__assays_both_50_1_ac2_av,144,1,0.0,0.0,0.0,2
reduced_distance_only,Distance-based,0,ChEMBL__View-Unionable__assays_both_0_70_ac5_ev,380,16,1.0,0.375,0.5454545454545454,2
reduced_distance_only,Distance-based,0,TPC-DI__Semantically-Joinable__prospect_both_50_70_ac1_av,342,15,0.8333333333333334,0.3333333333333333,0.47619047619047616,2
reduced_distance_only,Distance-based,0,ChEMBL__View-Unionable__assays_both_0_70_ec_av,380,16,0.8461538461538461,0.6875,0.7586206896551724,2
reduced_distance_only,Distance-based,0,ChEMBL__Semantically-Joinable__assays_both_50_1_ac4_av,144,1,0.3333333333333333,1.0,0.5,2
reduced_distance_only,Distance-based,0,OpenData__Unionable__miller2_horizontal_50_ac1_av,2601,51,1.0,0.49019607843137253,0.6578947368421053,2
reduced_distance_only,Distance-based,0,ChEMBL__Semantically-Joinable__assays_both_50_1_ec_av,144,1,1.0,1.0,1.0,2
reduced_distance_only,Distance-based,0,TPC-DI__Semantically-Joinable__prospect_both_50_70_ac5_av,342,15,0.4,0.13333333333333333,0.2,2
reduced_distance_only,Distance-based,0,ChEMBL__Semantically-Joinable__assays_both_50_30_ac1_av,210,6,1.0,0.3333333333333333,0.5,2
reduced_distance_only,Distance-based,0,Magellan__dblp_acm,25,5,1.0,0.6,0.75,2
reduced_distance_only,Distance-based,0,ChEMBL__Semantically-Joinable__assays_both_50_30_ac2_av,210,6,1.0,0.16666666666666666,0.2857142857142857,2
reduced_distance_only,Distance-based,0,Magellan__dblp_scholar,25,5,1.0,0.4,0.5714285714285714,2
reduced_distance_only,Distance-based,0,OpenData__Unionable__miller2_horizontal_50_ac3_av,2601,51,1.0,0.21568627450980393,0.3548387096774194,2
reduced_distance_only,Distance-based,0,TPC-DI__Semantically-Joinable__prospect_vertical_1_ac2_av,132,1,0.3333333333333333,1.0,0.5,2
reduced_distance_only,Distance-based,0,OpenData__Unionable__miller2_horizontal_50_ac4_av,2601,51,0.3157894736842105,0.11764705882352941,0.17142857142857143,2
reduced_distance_only,Distance-based,0,TPC-DI__Semantically-Joinable__prospect_vertical_1_ac4_av,132,1,0.5,1.0,0.6666666666666666,2
reduced_distance_only,Distance-based,0,OpenData__Joinable__miller2_both_50_1_ac1_ev,676,1,1.0,1.0,1.0,2
reduced_distance_only,Distance-based,0,OpenData__Joinable__miller2_both_50_1_ac2_ev,676,1,0.125,1.0,0.2222222222222222,2
reduced_distance_only,Distance-based,0,OpenData__Unionable__miller2_horizontal_50_ac5_ev,2601,51,1.0,0.1568627450980392,0.2711864406779661,2
reduced_distance_only,Distance-based,0,TPC-DI__Semantically-Joinable__prospect_vertical_1_ec_av,132,1,1.0,1.0,1.0,2
reduced_distance_only,Distance-based,0,ChEMBL__Semantically-Joinable__assays_both_50_50_ac2_av,289,11,0.6666666666666666,0.18181818181818182,0.2857142857142857,2
reduced_distance_only,Distance-based,0,OpenData__Joinable__miller2_both_50_1_ac3_ev,676,1,1.0,1.0,1.0,2
reduced_distance_only,Distance-based,0,OpenData__Unionable__miller2_horizontal_50_ec_ev,2601,51,1.0,0.8627450980392157,0.9263157894736842,2
reduced_distance_only,Distance-based,0,ChEMBL__Semantically-Joinable__assays_both_50_50_ac5_av,289,11,0.25,0.18181818181818182,0.21052631578947367,2
reduced_distance_only,Distance-based,0,ChEMBL__Semantically-Joinable__assays_both_50_50_ec_av,289,11,1.0,0.7272727272727273,0.8421052631578947,2
reduced_distance_only,Distance-based,0,TPC-DI__Semantically-Joinable__prospect_vertical_30_ac5_av,196,6,0.25,0.16666666666666666,0.2,2
reduced_distance_only,Distance-based,0,OpenData__View -Unionable__miller2_both_0_1_ac2_ev,676,1,0.1111111111111111,1.0,0.2,2
reduced_distance_only,Distance-based,0,OpenData__View -Unionable__miller2_both_0_1_ac3_av,676,1,0.0,0.0,0.0,2
reduced_distance_only,Distance-based,0,TPC-DI__Semantically-Joinable__prospect_vertical_50_ac1_av,272,11,1.0,0.5454545454545454,0.7058823529411765,2
reduced_distance_only,Distance-based,0,TPC-DI__Semantically-Joinable__prospect_vertical_50_ac2_av,272,11,0.5,0.36363636363636365,0.42105263157894735,2
reduced_distance_only,Distance-based,0,OpenData__Joinable__miller2_both_50_30_ec_ev,1089,15,1.0,0.8,0.8888888888888888,2
reduced_distance_only,Distance-based,0,TPC-DI__Semantically-Joinable__prospect_vertical_50_ac4_av,272,11,0.0,0.0,0.0,2
reduced_distance_only,Distance-based,0,TPC-DI__Semantically-Joinable__prospect_vertical_50_ec_av,272,11,1.0,0.8181818181818182,0.9,2
reduced_distance_only,Distance-based,0,TPC-DI__Semantically-Joinable__prospect_vertical_70_ac2_av,342,15,0.4444444444444444,0.26666666666666666,0.3333333333333333,2
reduced_distance_only,Distance-based,0,OpenData__Joinable__miller2_both_50_50_ac5_ev,1444,25,1.0,0.08,0.14814814814814814,2
reduced_distance_only,Distance-based,0,ChEMBL__Semantically-Joinable__assays_vertical_1_ac5_av,144,1,0.5,1.0,0.6666666666666666,2
reduced_distance_only,Distance-based,0,OpenData__Joinable__miller2_both_50_70_ac1_ev,1849,35,1.0,0.5142857142857142,0.6792452830188679,2
reduced_distance_only,Distance-based,0,OpenData__View -Unionable__miller2_both_0_30_ac3_av,1089,15,0.5,0.26666666666666666,0.34782608695652173,2
reduced_distance_only,Distance-based,0,TPC-DI__Unionable__prospect_horizontal_0_ac1_av,484,22,1.0,0.5,0.6666666666666666,2
reduced_distance_only,Distance-based,0,OpenData__Joinable__miller2_both_50_70_ac5_ev,1849,35,1.0,0.14285714285714285,0.25,2
reduced_distance_only,Distance-based,0,OpenData__View -Unionable__miller2_both_0_30_ac4_av,1089,15,0.14285714285714285,0.13333333333333333,0.13793103448275862,2
reduced_distance_only,Distance-based,0,ChEMBL__Semantically-Joinable__assays_vertical_30_ac5_av,210,6,1.0,0.3333333333333333,0.5,2
reduced_distance_only,Distance-based,0,TPC-DI__Unionable__prospect_horizontal_0_ac2_ev,484,22,0.8333333333333334,0.22727272727272727,0.35714285714285715,2
reduced_distance_only,Distance-based,0,ChEMBL__Semantically-Joinable__assays_vertical_30_ec_av,210,6,0.8333333333333334,0.8333333333333334,0.8333333333333334,2
reduced_distance_only,Distance-based,0,OpenData__View -Unionable__miller2_both_0_30_ac5_av,1089,15,0.17647058823529413,0.2,0.1875,2
reduced_distance_only,Distance-based,0,TPC-DI__Unionable__prospect_horizontal_0_ac3_av,484,22,1.0,0.22727272727272727,0.37037037037037035,2
reduced_distance_only,Distance-based,0,TPC-DI__Unionable__prospect_horizontal_0_ac4_av,484,22,0.4,0.18181818181818182,0.25,2
reduced_distance_only,Distance-based,0,OpenData__Joinable__miller2_vertical_1_ac4_ev,676,1,0.0,0.0,0.0,2
reduced_distance_only,Distance-based,0,ChEMBL__Semantically-Joinable__assays_vertical_50_ac4_av,289,11,0.4444444444444444,0.36363636363636365,0.4,2
reduced_distance_only,Distance-based,0,ChEMBL__Semantically-Joinable__assays_vertical_50_ac5_av,289,11,0.375,0.2727272727272727,0.3157894736842105,2
reduced_distance_only,Distance-based,0,OpenData__View -Unionable__miller2_both_0_50_ac2_av,1444,25,0.16129032258064516,0.2,0.17857142857142858,2
reduced_distance_only,Distance-based,0,OpenData__Joinable__miller2_vertical_30_ac2_ev,1089,15,0.5454545454545454,0.4,0.46153846153846156,2
reduced_distance_only,Distance-based,0,OpenData__View -Unionable__miller2_both_0_50_ac2_ev,1444,25,0.46153846153846156,0.24,0.3157894736842105,2
reduced_distance_only,Distance-based,0,TPC-DI__Unionable__prospect_horizontal_0_ec_ev,484,22,1.0,0.7272727272727273,0.8421052631578947,2
reduced_distance_only,Distance-based,0,ChEMBL__Semantically-Joinable__assays_vertical_70_ac2_av,380,16,0.5,0.1875,0.2727272727272727,2
reduced_distance_only,Distance-based,0,OpenData__Joinable__miller2_vertical_30_ac3_ev,1089,15,0.7142857142857143,0.3333333333333333,0.45454545454545453,2
reduced_distance_only,Distance-based,0,OpenData__View -Unionable__miller2_both_0_50_ac3_ev,1444,25,1.0,0.2,0.3333333333333333,2
reduced_distance_only,Distance-based,0,TPC-DI__Unionable__prospect_horizontal_100_ac2_ev,484,22,0.6666666666666666,0.2727272727272727,0.3870967741935484,2
reduced_distance_only,Distance-based,0,OpenData__Joinable__miller2_vertical_50_ac1_ev,1444,25,0.9375,0.6,0.7317073170731707,2
reduced_distance_only,Distance-based,0,OpenData__View -Unionable__miller2_both_0_50_ac5_av,1444,25,0.23076923076923078,0.12,0.15789473684210525,2
reduced_distance_only,Distance-based,0,ChEMBL__Unionable__assays_horizontal_0_ac1_av,529,23,0.9166666666666666,0.4782608695652174,0.6285714285714286,2
reduced_distance_only,Distance-based,0,OpenData__View -Unionable__miller2_both_0_50_ac5_ev,1444,25,1.0,0.12,0.21428571428571427,2
reduced_distance_only,Distance-based,0,OpenData__Joinable__miller2_vertical_50_ac3_ev,1444,25,0.9,0.36,0.5142857142857142,2
reduced_distance_only,Distance-based,0,OpenData__View -Unionable__miller2_both_0_50_ec_av,1444,25,0.9473684210526315,0.72,0.8181818181818182,2
reduced_distance_only,Distance-based,0,ChEMBL__Unionable__assays_horizontal_0_ac2_av,529,23,0.8571428571428571,0.2608695652173913,0.4,2
reduced_distance_only,Distance-based,0,ChEMBL__Unionable__assays_horizontal_0_ac2_ev,529,23,1.0,0.21739130434782608,0.35714285714285715,2
reduced_distance_only,Distance-based,0,TPC-DI__Unionable__prospect_horizontal_100_ac5_av,484,22,1.0,0.3181818181818182,0.4827586206896552,2
reduced_distance_only,Distance-based,0,ChEMBL__Unionable__assays_horizontal_0_ac3_av,529,23,0.8,0.17391304347826086,0.2857142857142857,2
reduced_distance_only,Distance-based,0,OpenData__Joinable__miller2_vertical_50_ec_ev,1444,25,1.0,1.0,1.0,2
reduced_distance_only,Distance-based,0,OpenData__Joinable__miller2_vertical_70_ac2_ev,1849,35,0.7619047619047619,0.45714285714285713,0.5714285714285714,2
reduced_distance_only,Distance-based,0,ChEMBL__Unionable__assays_horizontal_0_ac4_ev,529,23,0.9,0.391304347826087,0.5454545454545454,2
reduced_distance_only,Distance-based,0,OpenData__Joinable__miller2_vertical_70_ac4_ev,1849,35,0.6666666666666666,0.2857142857142857,0.4,2
reduced_distance_only,Distance-based,0,OpenData__View -Unionable__miller2_both_0_70_ac3_ev,1849,35,1.0,0.2571428571428571,0.4090909090909091,2
reduced_distance_only,Distance-based,0,TPC-DI__Unionable__prospect_horizontal_50_ac1_ev,484,22,1.0,0.5,0.6666666666666666,2
reduced_distance_only,Distance-based,0,OpenData__View -Unionable__miller2_both_0_70_ac4_av,1849,35,0.08108108108108109,0.08571428571428572,0.08333333333333333,2
reduced_distance_only,Distance-based,0,ChEMBL__Unionable__assays_horizontal_0_ec_ev,529,23,1.0,0.8695652173913043,0.9302325581395349,2
reduced_distance_only,Distance-based,0,OpenData__Semantically-Joinable__miller2_both_50_1_ac1_av,676,1,0.0,0.0,0.0,2
reduced_distance_only,Distance-based,0,TPC-DI__Unionable__prospect_horizontal_50_ac3_ev,484,22,1.0,0.22727272727272727,0.37037037037037035,2
reduced_distance_only,Distance-based,0,OpenData__Semantically-Joinable__miller2_both_50_1_ac4_av,676,1,0.0,0.0,0.0,2
reduced_distance_only,Distance-based,0,OpenData__View -Unionable__miller2_both_0_70_ec_ev,1849,35,1.0,0.9428571428571428,0.9705882352941176,2
reduced_distance_only,Distance-based,0,TPC-DI__Unionable__prospect_horizontal_50_ac4_ev,484,22,0.875,0.3181818181818182,0.4666666666666667,2
reduced_distance_only,Distance-based,0,OpenData__Semantically-Joinable__miller2_both_50_1_ac5_av,676,1,0.0,0.0,0.0,2
reduced_distance_only,Distance-based,0,TPC-DI__Unionable__prospect_horizontal_50_ac5_av,484,22,1.0,0.3181818181818182,0.4827586206896552,2
reduced_distance_only,Distance-based,0,OpenData__Semantically-Joinable__miller2_both_50_1_ec_av,676,1,0.3333333333333333,1.0,0.5,2
reduced_distance_only,Distance-based,0,TPC-DI__Joinable__prospect_both_50_1_ac2_ev,132,1,1.0,1.0,1.0,2
reduced_distance_only,Distance-based,0,ChEMBL__Unionable__assays_horizontal_100_ac4_av,529,23,0.6666666666666666,0.34782608695652173,0.45714285714285713,2
reduced_distance_only,Distance-based,0,TPC-DI__Joinable__prospect_both_50_1_ac4_ev,132,1,0.3333333333333333,1.0,0.5,2
reduced_distance_only,Distance-based,0,TPC-DI__View-Unionable__prospect_both_0_1_ac1_ev,132,1,1.0,1.0,1.0,2
reduced_distance_only,Distance-based,0,OpenData__Semantically-Joinable__miller2_both_50_30_ec_av,1089,15,1.0,0.6666666666666666,0.8,2
reduced_distance_only,Distance-based,0,TPC-DI__Joinable__prospect_both_50_30_ac2_ev,196,6,0.6666666666666666,0.3333333333333333,0.4444444444444444,2
reduced_distance_only,Distance-based,0,ChEMBL__Unionable__assays_horizontal_100_ec_ev,529,23,1.0,0.8695652173913043,0.9302325581395349,2
reduced_distance_only,Distance-based,0,OpenData__Semantically-Joinable__miller2_both_50_50_ac1_av,1444,25,0.47058823529411764,0.32,0.38095238095238093,2
reduced_distance_only,Distance-based,0,TPC-DI__Joinable__prospect_both_50_30_ac3_ev,196,6,1.0,0.16666666666666666,0.2857142857142857,2
reduced_distance_only,Distance-based,0,TPC-DI__View-Unionable__prospect_both_0_1_ac3_av,132,1,1.0,1.0,1.0,2
reduced_distance_only,Distance-based,0,OpenData__Semantically-Joinable__miller2_both_50_50_ac2_av,1444,25,0.16666666666666666,0.16,0.16326530612244897,2
reduced_distance_only,Distance-based,0,TPC-DI__Joinable__prospect_both_50_30_ac5_ev,196,6,1.0,0.5,0.6666666666666666,2
reduced_distance_only,Distance-based,0,TPC-DI__Joinable__prospect_both_50_30_ec_ev,196,6,1.0,0.8333333333333334,0.9090909090909091,2
reduced_distance_only,Distance-based,0,TPC-DI__View-Unionable__prospect_both_0_1_ac4_ev,132,1,1.0,1.0,1.0,2
reduced_distance_only,Distance-based,0,TPC-DI__View-Unionable__prospect_both_0_1_ac5_av,132,1,0.3333333333333333,1.0,0.5,2
reduced_distance_only,Distance-based,0,ChEMBL__Unionable__assays_horizontal_50_ac3_av,529,23,1.0,0.17391304347826086,0.2962962962962963,2
reduced_distance_only,Distance-based,0,TPC-DI__View-Unionable__prospect_both_0_1_ec_ev,132,1,1.0,1.0,1.0,2
reduced_distance_only,Distance-based,0,TPC-DI__View-Unionable__prospect_both_0_30_ac1_av,196,6,0.42857142857142855,0.5,0.46153846153846156,2
reduced_distance_only,Distance-based,1,ChEMBL__Joinable__assays_both_50_1_ac1_ev,144,1,1.0,1.0,1.0,2
reduced_distance_only,Distance-based,1,OpenData__Semantically-Joinable__miller2_both_50_70_ac4_av,1849,35,0.15625,0.14285714285714285,0.14925373134328357,2
reduced_distance_only,Distance-based,1,TPC-DI__View-Unionable__prospect_both_0_30_ac1_ev,196,6,1.0,0.5,0.6666666666666666,2
reduced_distance_only,Distance-based,1,ChEMBL__Joinable__assays_both_50_1_ac2_ev,144,1,0.0,0.0,0.0,2
reduced_distance_only,Distance-based,1,ChEMBL__Unionable__assays_horizontal_50_ac5_ev,529,23,1.0,0.30434782608695654,0.4666666666666667,2
reduced_distance_only,Distance-based,1,TPC-DI__View-Unionable__prospect_both_0_30_ac2_av,196,6,0.5,0.3333333333333333,0.4,2
reduced_distance_only,Distance-based,1,ChEMBL__Joinable__assays_both_50_1_ac3_ev,144,1,0.0,0.0,0.0,2
reduced_distance_only,Distance-based,1,OpenData__Semantically-Joinable__miller2_both_50_70_ec_av,1849,35,0.9583333333333334,0.6571428571428571,0.7796610169491526,2
reduced_distance_only,Distance-based,1,ChEMBL__Joinable__assays_both_50_1_ac5_ev,144,1,1.0,1.0,1.0,2
reduced_distance_only,Distance-based,1,TPC-DI__View-Unionable__prospect_both_0_30_ac3_ev,196,6,1.0,0.16666666666666666,0.2857142857142857,2
reduced_distance_only,Distance-based,1,OpenData__Semantically-Joinable__miller2_vertical_1_ac3_av,676,1,0.0,0.0,0.0,2
reduced_distance_only,Distance-based,1,ChEMBL__View-Unionable__assays_both_0_1_ac2_ev,144,1,0.0,0.0,0.0,2
reduced_distance_only,Distance-based,1,TPC-DI__Joinable__prospect_vertical_1_ac3_ev,132,1,1.0,1.0,1.0,2
reduced_distance_only,Distance-based,1,TPC-DI__Joinable__prospect_vertical_1_ac4_ev,132,1,1.0,1.0,1.0,2
reduced_distance_only,Distance-based,1,ChEMBL__Joinable__assays_both_50_30_ec_ev,210,6,1.0,1.0,1.0,2
reduced_distance_only,Distance-based,1,OpenData__Semantically-Joinable__miller2_vertical_30_ac3_av,1089,15,0.3333333333333333,0.2,0.25,2
reduced_distance_only,Distance-based,1,TPC-DI__View-Unionable__prospect_both_0_50_ac1_av,272,11,0.75,0.2727272727272727,0.4,2
reduced_distance_only,Distance-based,1,ChEMBL__Joinable__assays_both_50_50_ac1_ev,289,11,1.0,0.5454545454545454,0.7058823529411765,2
reduced_distance_only,Distance-based,1,OpenData__Semantically-Joinable__miller2_vertical_30_ac4_av,1089,15,0.15384615384615385,0.13333333333333333,0.14285714285714285,2
reduced_distance_only,Distance-based,1,TPC-DI__Joinable__prospect_vertical_1_ec_ev,132,1,1.0,1.0,1.0,2
reduced_distance_only,Distance-based,1,TPC-DI__View-Unionable__prospect_both_0_50_ac1_ev,272,11,1.0,0.45454545454545453,0.625,2
reduced_distance_only,Distance-based,1,ChEMBL__View-Unionable__assays_both_0_1_ac5_ev,144,1,1.0,1.0,1.0,2
reduced_distance_only,Distance-based,1,OpenData__Semantically-Joinable__miller2_vertical_30_ac5_av,1089,15,0.21428571428571427,0.2,0.20689655172413793,2
reduced_distance_only,Distance-based,1,TPC-DI__View-Unionable__prospect_both_0_50_ac2_ev,272,11,0.25,0.09090909090909091,0.13333333333333333,2
reduced_distance_only,Distance-based,1,ChEMBL__View-Unionable__assays_both_0_30_ac1_av,210,6,1.0,0.6666666666666666,0.8,2
reduced_distance_only,Distance-based,1,ChEMBL__View-Unionable__assays_both_0_30_ac1_ev,210,6,1.0,0.3333333333333333,0.5,2
reduced_distance_only,Distance-based,1,OpenData__Semantically-Joinable__miller2_vertical_50_ac3_av,1444,25,0.23076923076923078,0.12,0.15789473684210525,2
reduced_distance_only,Distance-based,1,TPC-DI__Joinable__prospect_vertical_30_ec_ev,196,6,1.0,1.0,1.0,2
reduced_distance_only,Distance-based,1,ChEMBL__View-Unionable__assays_both_0_30_ac2_ev,210,6,1.0,0.16666666666666666,0.2857142857142857,2
reduced_distance_only,Distance-based,1,TPC-DI__Joinable__prospect_vertical_50_ac1_ev,272,11,1.0,0.5454545454545454,0.7058823529411765,2
reduced_distance_only,Distance-based,1,OpenData__Semantically-Joinable__miller2_vertical_70_ac1_av,1849,35,0.4375,0.4,0.417910447761194,2
reduced_distance_only,Distance-based,1,TPC-DI__View-Unionable__prospect_both_0_50_ec_av,272,11,1.0,0.7272727272727273,0.8421052631578947,2
reduced_distance_only,Distance-based,1,ChEMBL__Joinable__assays_both_50_70_ec_ev,380,16,1.0,0.9375,0.967741935483871,2
reduced_distance_only,Distance-based,1,TPC-DI__Joinable__prospect_vertical_50_ac5_ev,272,11,0.6666666666666666,0.18181818181818182,0.2857142857142857,2
reduced_distance_only,Distance-based,1,ChEMBL__Joinable__assays_vertical_1_ac1_ev,144,1,1.0,1.0,1.0,2
reduced_distance_only,Distance-based,1,ChEMBL__Joinable__assays_vertical_1_ac2_ev,144,1,1.0,1.0,1.0,2
reduced_distance_only,Distance-based,1,TPC-DI__View-Unionable__prospect_both_0_70_ac2_av,342,15,0.2727272727272727,0.2,0.23076923076923078,2
reduced_distance_only,Distance-based,1,ChEMBL__View-Unionable__assays_both_0_30_ec_av,210,6,1.0,0.6666666666666666,0.8,2
reduced_distance_only,Distance-based,1,OpenData__Semantically-Joinable__miller2_vertical_70_ec_av,1849,35,0.9615384615384616,0.7142857142857143,0.819672131147541,2
reduced_distance_only,Distance-based,1,TPC-DI__View-Unionable__prospect_both_0_70_ac2_ev,342,15,0.8,0.26666666666666666,0.4,2
reduced_distance_only,Distance-based,1,ChEMBL__View-Unionable__assays_both_0_30_ec_ev,210,6,1.0,0.8333333333333334,0.9090909090909091,2
reduced_distance_only,Distance-based,1,OpenData__Unionable__miller2_horizontal_0_ac1_ev,2601,51,1.0,0.5294117647058824,0.6923076923076923,2
reduced_distance_only,Distance-based,1,TPC-DI__Joinable__prospect_vertical_70_ac5_ev,342,15,1.0,0.3333333333333333,0.5,2
reduced_distance_only,Distance-based,1,OpenData__Unionable__miller2_horizontal_0_ac2_ev,2601,51,0.5384615384615384,0.27450980392156865,0.36363636363636365,2
reduced_distance_only,Distance-based,1,TPC-DI__Joinable__prospect_vertical_70_ec_ev,342,15,1.0,1.0,1.0,2
reduced_distance_only,Distance-based,1,TPC-DI__View-Unionable__prospect_both_0_70_ac5_av,342,15,0.2,0.06666666666666667,0.1,2
reduced_distance_only,Distance-based,1,ChEMBL__Joinable__assays_vertical_30_ac3_ev,210,6,1.0,0.5,0.6666666666666666,2
reduced_distance_only,Distance-based,1,TPC-DI__View-Unionable__prospect_both_0_70_ac5_ev,342,15,1.0,0.2,0.3333333333333333,2
reduced_distance_only,Distance-based,1,OpenData__Unionable__miller2_horizontal_0_ac4_av,2601,51,0.1724137931034483,0.09803921568627451,0.125,2
reduced_distance_only,Distance-based,1,TPC-DI__Semantically-Joinable__prospect_both_50_1_ac3_av,132,1,0.5,1.0,0.6666666666666666,2
reduced_distance_only,Distance-based,1,ChEMBL__Joinable__assays_vertical_30_ac5_ev,210,6,1.0,0.3333333333333333,0.5,2
reduced_distance_only,Distance-based,1,OpenData__Unionable__miller2_horizontal_0_ac4_ev,2601,51,0.4,0.1568627450980392,0.22535211267605634,2
reduced_distance_only,Distance-based,1,ChEMBL__Joinable__assays_vertical_30_ec_ev,210,6,1.0,1.0,1.0,2
reduced_distance_only,Distance-based,1,ChEMBL__Joinable__assays_vertical_50_ac1_ev,289,11,1.0,0.6363636363636364,0.7777777777777778,2
reduced_distance_only,Distance-based,1,Wikidata__Musicians__Musicians_semjoinable,196,8,1.0,0.75,0.8571428571428571,2
reduced_distance_only,Distance-based,1,ChEMBL__View-Unionable__assays_both_0_50_ac5_ev,289,11,1.0,0.2727272727272727,0.42857142857142855,2
reduced_distance_only,Distance-based,1,OpenData__Unionable__miller2_horizontal_0_ec_av,2601,51,0.9,0.8823529411764706,0.8910891089108911,2
reduced_distance_only,Distance-based,1,ChEMBL__View-Unionable__assays_both_0_50_ec_av,289,11,0.875,0.6363636363636364,0.7368421052631579,2
reduced_distance_only,Distance-based,1,TPC-DI__Semantically-Joinable__prospect_both_50_30_ac3_av,196,6,0.2,0.16666666666666666,0.18181818181818182,2
reduced_distance_only,Distance-based,1,TPC-DI__Semantically-Joinable__prospect_both_50_30_ac4_av,196,6,0.5,0.16666666666666666,0.25,2
reduced_distance_only,Distance-based,1,OpenData__Unionable__miller2_horizontal_100_ac2_ev,2601,51,0.68,0.3333333333333333,0.4473684210526316,2
reduced_distance_only,Distance-based,1,TPC-DI__Semantically-Joinable__prospect_both_50_30_ec_av,196,6,0.75,0.5,0.6,2
reduced_distance_only,Distance-based,1,ChEMBL__Joinable__assays_vertical_70_ac3_ev,380,16,0.75,0.1875,0.3,2
reduced_distance_only,Distance-based,1,ChEMBL__View-Unionable__assays_both_0_70_ac3_av,380,16,0.6,0.1875,0.2857142857142857,2
reduced_distance_only,Distance-based,1,ChEMBL__Joinable__assays_vertical_70_ac4_ev,380,16,0.8888888888888888,0.5,0.64,2
reduced_distance_only,Distance-based,1,OpenData__Unionable__miller2_horizontal_100_ac4_av,2601,51,0.44,0.21568627450980393,0.2894736842105263,2
reduced_distance_only,Distance-based,1,ChEMBL__View-Unionable__assays_both_0_70_ac4_ev,380,16,0.8333333333333334,0.3125,0.45454545454545453,2
reduced_distance_only,Distance-based,1,OpenData__Unionable__miller2_horizontal_100_ac5_av,2601,51,1.0,0.1568627450980392,0.2711864406779661,2
reduced_distance_only,Distance-based,1,ChEMBL__View-Unionable__assays_both_0_70_ac5_av,380,16,0.21428571428571427,0.1875,0.2,2
reduced_distance_only,Distance-based,1,OpenData__Unionable__miller2_horizontal_100_ac5_ev,2601,51,1.0,0.1568627450980392,0.2711864406779661,2
reduced_distance_only,Distance-based,1,TPC-DI__Semantically-Joinable__prospect_both_50_50_ec_av,272,11,0.875,0.6363636363636364,0.7368421052631579,2
reduced_distance_only,Distance-based,1,ChEMBL__View-Unionable__assays_both_0_70_ac5_ev,380,16,1.0,0.3125,0.47619047619047616,2
reduced_distance_only,Distance-based,1,ChEMBL__View-Unionable__assays_both_0_70_ec_av,380,16,1.0,0.5625,0.72,2
reduced_distance_only,Distance-based,1,OpenData__Unionable__miller2_horizontal_100_ec_ev,2601,51,1.0,0.8823529411764706,0.9375,2
reduced_distance_only,Distance-based,1,ChEMBL__Semantically-Joinable__assays_both_50_1_ac4_av,144,1,1.0,1.0,1.0,2
reduced_distance_only,Distance-based,1,TPC-DI__Semantically-Joinable__prospect_both_50_70_ac4_av,342,15,0.14285714285714285,0.06666666666666667,0.09090909090909091,2
reduced_distance_only,Distance-based,1,ChEMBL__Semantically-Joinable__assays_both_50_30_ac1_av,210,6,1.0,0.5,0.6666666666666666,2
reduced_distance_only,Distance-based,1,Magellan__dblp_acm,25,5,1.0,0.6,0.75,2
reduced_distance_only,Distance-based,1,OpenData__Unionable__miller2_horizontal_50_ac2_ev,2601,51,0.8260869565217391,0.37254901960784315,0.5135135135135135,2
reduced_distance_only,Distance-based,1,Magellan__fodors_zagats,49,7,1.0,0.5714285714285714,0.7272727272727273,2
reduced_distance_only,Distance-based,1,TPC-DI__Semantically-Joinable__prospect_vertical_1_ac3_av,132,1,1.0,1.0,1.0,2
reduced_distance_only,Distance-based,1,ChEMBL__Semantically-Joinable__assays_both_50_50_ac3_av,289,11,1.0,0.18181818181818182,0.3076923076923077,2
reduced_distance_only,Distance-based,1,TPC-DI__Semantically-Joinable__prospect_vertical_30_ac2_av,196,6,0.5,0.3333333333333333,0.4,2
reduced_distance_only,Distance-based,1,OpenData__Joinable__miller2_both_50_1_ec_ev,676,1,1.0,1.0,1.0,2
reduced_distance_only,Distance-based,1,OpenData__View -Unionable__miller2_both_0_1_ac1_ev,676,1,1.0,1.0,1.0,2
reduced_distance_only,Distance-based,1,TPC-DI__Semantically-Joinable__prospect_vertical_30_ac4_av,196,6,0.3333333333333333,0.16666666666666666,0.2222222222222222,2
reduced_distance_only,Distance-based,1,OpenData__Joinable__miller2_both_50_30_ac1_ev,1089,15,1.0,0.6,0.75,2
reduced_distance_only,Distance-based,1,TPC-DI__Semantically-Joinable__prospect_vertical_30_ac5_av,196,6,0.6666666666666666,0.3333333333333333,0.4444444444444444,2
reduced_distance_only,Distance-based,1,ChEMBL__Semantically-Joinable__assays_both_50_70_ac1_av,380,16,0.7142857142857143,0.3125,0.43478260869565216,2
reduced_distance_only,Distance-based,1,ChEMBL__Semantically-Joinable__assays_both_50_70_ac2_av,380,16,0.75,0.1875,0.3,2
reduced_distance_only,Distance-based,1,TPC-DI__Semantically-Joinable__prospect_vertical_50_ac1_av,272,11,0.75,0.2727272727272727,0.4,2
reduced_distance_only,Distance-based,1,OpenData__View -Unionable__miller2_both_0_1_ac3_ev,676,1,0.0,0.0,0.0,2
reduced_distance_only,Distance-based,1,ChEMBL__Semantically-Joinable__assays_both_50_70_ac4_av,380,16,0.75,0.375,0.5,2
reduced_distance_only,Distance-based,1,OpenData__View -Unionable__miller2_both_0_1_ac4_av,676,1,0.0,0.0,0.0,2
reduced_distance_only,Distance-based,1,TPC-DI__Semantically-Joinable__prospect_vertical_50_ac3_av,272,11,0.6,0.2727272727272727,0.375,2
reduced_distance_only,Distance-based,1,OpenData__Joinable__miller2_both_50_30_ec_ev,1089,15,1.0,0.8,0.8888888888888888,2
reduced_distance_only,Distance-based,1,OpenData__View -Unionable__miller2_both_0_1_ac4_ev,676,1,0.0,0.0,0.0,2
reduced_distance_only,Distance-based,1,ChEMBL__Semantically-Joinable__assays_both_50_70_ec_av,380,16,1.0,0.6875,0.8148148148148148,2
reduced_distance_only,Distance-based,1,ChEMBL__Semantically-Joinable__assays_vertical_1_ac1_av,144,1,1.0,1.0,1.0,2
reduced_distance_only,Distance-based,1,OpenData__View -Unionable__miller2_both_0_1_ac5_ev,676,1,0.0,0.0,0.0,2
reduced_distance_only,Distance-based,1,OpenData__Joinable__miller2_both_50_50_ac3_ev,1444,25,1.0,0.28,0.4375,2
reduced_distance_only,Distance-based,1,TPC-DI__Semantically-Joinable__prospect_vertical_70_ac1_av,342,15,0.8333333333333334,0.3333333333333333,0.47619047619047616,2
reduced_distance_only,Distance-based,1,OpenData__Joinable__miller2_both_50_50_ac5_ev,1444,25,1.0,0.12,0.21428571428571427,2
reduced_distance_only,Distance-based,1,OpenData__View -Unionable__miller2_both_0_30_ac1_ev,1089,15,1.0,0.4666666666666667,0.6363636363636364,2
reduced_distance_only,Distance-based,1,OpenData__View -Unionable__miller2_both_0_30_ac2_av,1089,15,0.25,0.13333333333333333,0.17391304347826086,2
reduced_distance_only,Distance-based,1,OpenData__Joinable__miller2_both_50_70_ac2_ev,1849,35,0.8461538461538461,0.3142857142857143,0.4583333333333333,2
reduced_distance_only,Distance-based,1,TPC-DI__Semantically-Joinable__prospect_vertical_70_ec_av,342,15,1.0,0.6666666666666666,0.8,2
reduced_distance_only,Distance-based,1,OpenData__Joinable__miller2_both_50_70_ac3_ev,1849,35,1.0,0.14285714285714285,0.25,2
reduced_distance_only,Distance-based,1,OpenData__View -Unionable__miller2_both_0_30_ac3_av,1089,15,0.3333333333333333,0.13333333333333333,0.19047619047619047,2
reduced_distance_only,Distance-based,1,TPC-DI__Unionable__prospect_horizontal_0_ac1_av,484,22,1.0,0.22727272727272727,0.37037037037037035,2
reduced_distance_only,Distance-based,1,OpenData__Joinable__miller2_both_50_70_ac5_ev,1849,35,1.0,0.17142857142857143,0.2926829268292683,2
reduced_distance_only,Distance-based,1,TPC-DI__Unionable__prospect_horizontal_0_ac2_av,484,22,0.8,0.18181818181818182,0.2962962962962963,2
reduced_distance_only,Distance-based,1,ChEMBL__Semantically-Joinable__assays_vertical_30_ac5_av,210,6,0.6666666666666666,0.3333333333333333,0.4444444444444444,2
reduced_distance_only,Distance-based,1,OpenData__Joinable__miller2_both_50_70_ec_ev,1849,35,1.0,0.8857142857142857,0.9393939393939394,2
reduced_distance_only,Distance-based,1,ChEMBL__Semantically-Joinable__assays_vertical_50_ac1_av,289,11,1.0,0.5454545454545454,0.7058823529411765,2
reduced_distance_only,Distance-based,1,TPC-DI__Unionable__prospect_horizontal_0_ac3_ev,484,22,1.0,0.22727272727272727,0.37037037037037035,2
reduced_distance_only,Distance-based,1,ChEMBL__Semantically-Joinable__assays_vertical_50_ac2_av,289,11,1.0,0.18181818181818182,0.3076923076923077,2
reduced_distance_only,Distance-based,1,OpenData__View -Unionable__miller2_both_0_30_ec_av,1089,15,1.0,0.6,0.75,2
reduced_distance_only,Distance-based,1,TPC-DI__Unionable__prospect_horizontal_0_ac4_av,484,22,1.0,0.13636363636363635,0.24,2
reduced_distance_only,Distance-based,1,OpenData__View -Unionable__miller2_both_0_30_ec_ev,1089,15,1.0,0.8666666666666667,0.9285714285714286,2
reduced_distance_only,Distance-based,1,TPC-DI__Unionable__prospect_horizontal_0_ac4_ev,484,22,0.7142857142857143,0.22727272727272727,0.3448275862068966,2
reduced_distance_only,Distance-based,1,OpenData__Joinable__miller2_vertical_1_ac5_ev,676,1,0.0,0.0,0.0,2
reduced_distance_only,Distance-based,1,TPC-DI__Unionable__prospect_horizontal_0_ac5_ev,484,22,1.0,0.22727272727272727,0.37037037037037035,2
reduced_distance_only,Distance-based,1,ChEMBL__Semantically-Joinable__assays_vertical_50_ec_av,289,11,1.0,0.8181818181818182,0.9,2
reduced_distance_only,Distance-based,1,OpenData__View -Unionable__miller2_both_0_50_ac2_av,1444,25,0.2413793103448276,0.28,0.25925925925925924,2
reduced_distance_only,Distance-based,1,ChEMBL__Semantically-Joinable__assays_vertical_70_ac1_av,380,16,1.0,0.5625,0.72,2
reduced_distance_only,Distance-based,1,ChEMBL__Semantically-Joinable__assays_vertical_70_ac2_av,380,16,1.0,0.1875,0.3157894736842105,2
reduced_distance_only,Distance-based,1,OpenData__Joinable__miller2_vertical_30_ac3_ev,1089,15,1.0,0.26666666666666666,0.42105263157894735,2
reduced_distance_only,Distance-based,1,OpenData__Joinable__miller2_vertical_30_ac4_ev,1089,15,0.5,0.3333333333333333,0.4,2
reduced_distance_only,Distance-based,1,TPC-DI__Unionable__prospect_horizontal_100_ac2_av,484,22,0.8888888888888888,0.36363636363636365,0.5161290322580645,2
reduced_distance_only,Distance-based,1,ChEMBL__Semantically-Joinable__assays_vertical_70_ac5_av,380,16,0.3333333333333333,0.125,0.18181818181818182,2
reduced_distance_only,Distance-based,1,TPC-DI__Unionable__prospect_horizontal_100_ac2_ev,484,22,0.7142857142857143,0.22727272727272727,0.3448275862068966,2
reduced_distance_only,Distance-based,1,OpenData__Joinable__miller2_vertical_50_ac1_ev,1444,25,0.9090909090909091,0.4,0.5555555555555556,2
reduced_distance_only,Distance-based,1,OpenData__View -Unionable__miller2_both_0_50_ac5_ev,1444,25,1.0,0.12,0.21428571428571427,2
reduced_distance_only,Distance-based,1,TPC-DI__Unionable__prospect_horizontal_100_ac4_ev,484,22,0.875,0.3181818181818182,0.4666666666666667,2
reduced_distance_only,Distance-based,1,ChEMBL__Unionable__assays_horizontal_0_ac3_av,529,23,1.0,0.30434782608695654,0.4666666666666667,2
reduced_distance_only,Distance-based,1,ChEMBL__Unionable__assays_horizontal_0_ac3_ev,529,23,1.0,0.30434782608695654,0.4666666666666667,2
reduced_distance_only,Distance-based,1,OpenData__Joinable__miller2_vertical_70_ac4_ev,1849,35,0.5333333333333333,0.22857142857142856,0.32,2
reduced_distance_only,Distance-based,1,OpenData__View -Unionable__miller2_both_0_70_ac4_av,1849,35,0.11428571428571428,0.11428571428571428,0.11428571428571428,2
reduced_distance_only,Distance-based,1,TPC-DI__Unionable__prospect_horizontal_50_ac2_ev,484,22,0.7777777777777778,0.3181818181818182,0.45161290322580644,2
reduced_distance_only,Distance-based,1,OpenData__View -Unionable__miller2_both_0_70_ac5_ev,1849,35,1.0,0.2,0.3333333333333333,2
reduced_distance_only,Distance-based,1,OpenData__View -Unionable__miller2_both_0_70_ec_av,1849,35,0.9285714285714286,0.7428571428571429,0.8253968253968254,2
reduced_distance_only,Distance-based,1,TPC-DI__Unionable__prospect_horizontal_50_ac4_av,484,22,0.8571428571428571,0.2727272727272727,0.41379310344827586,2
reduced_distance_only,Distance-based,1,ChEMBL__Unionable__assays_horizontal_100_ac2_av,529,23,1.0,0.17391304347826086,0.2962962962962963,2
reduced_distance_only,Distance-based,1,OpenData__Semantically-Joinable__miller2_both_50_1_ac5_av,676,1,0.0,0.0,0.0,2
reduced_distance_only,Distance-based,1,TPC-DI__Joinable__prospect_both_50_1_ac3_ev,132,1,1.0,1.0,1.0,2
reduced_distance_only,Distance-based,1,ChEMBL__Unionable__assays_horizontal_100_ac4_av,529,23,0.8571428571428571,0.2608695652173913,0.4,2
reduced_distance_only,Distance-based,1,ChEMBL__Unionable__assays_horizontal_100_ac4_ev,529,23,1.0,0.30434782608695654,0.4666666666666667,2
reduced_distance_only,Distance-based,1,OpenData__Semantically-Joinable__miller2_both_50_30_ac3_av,1089,15,0.09090909090909091,0.06666666666666667,0.07692307692307693,2
reduced_distance_only,Distance-based,1,ChEMBL__Unionable__assays_horizontal_100_ac5_av,529,23,1.0,0.30434782608695654,0.4666666666666667,2
reduced_distance_only,Distance-based,1,TPC-DI__Joinable__prospect_both_50_1_ec_ev,132,1,1.0,1.0,1.0,2
reduced_distance_only,Distance-based,1,ChEMBL__Unionable__assays_horizontal_100_ac5_ev,529,23,1.0,0.30434782608695654,0.4666666666666667,2
reduced_distance_only,Distance-based,1,OpenData__Semantically-Joinable__miller2_both_50_30_ac5_av,1089,15,0.16666666666666666,0.13333333333333333,0.14814814814814814,2
reduced_distance_only,Distance-based,1,TPC-DI__Joinable__prospect_both_50_30_ac2_ev,196,6,0.6666666666666666,0.6666666666666666,0.6666666666666666,2
reduced_distance_only,Distance-based,1,TPC-DI__View-Unionable__prospect_both_0_1_ac2_ev,132,1,0.5,1.0,0.6666666666666666,2
reduced_distance_only,Distance-based,1,ChEMBL__Unionable__assays_horizontal_100_ec_ev,529,23,1.0,0.8260869565217391,0.9047619047619048,2
reduced_distance_only,Distance-based,1,TPC-DI__View-Unionable__prospect_both_0_1_ac3_av,132,1,1.0,1.0,1.0,2
reduced_distance_only,Distance-based,1,TPC-DI__Joinable__prospect_both_50_30_ac4_ev,196,6,0.3333333333333333,0.16666666666666666,0.2222222222222222,2
reduced_distance_only,Distance-based,1,ChEMBL__Unionable__assays_horizontal_50_ac2_av,529,23,1.0,0.17391304347826086,0.2962962962962963,2
reduced_distance_only,Distance-based,1,TPC-DI__Joinable__prospect_both_50_50_ac1_ev,272,11,1.0,0.2727272727272727,0.42857142857142855,2
reduced_distance_only,Distance-based,1,TPC-DI__View-Unionable__prospect_both_0_1_ac5_av,132,1,0.3333333333333333,1.0,0.5,2
reduced_distance_only,Distance-based,1,OpenData__Semantically-Joinable__miller2_both_50_50_ec_av,1444,25,1.0,0.72,0.8372093023255814,2
reduced_distance_only,Distance-based,1,OpenData__Semantically-Joinable__miller2_both_50_70_ac1_av,1849,35,0.631578947368421,0.34285714285714286,0.4444444444444444,2
reduced_distance_only,Distance-based,1,TPC-DI__Joinable__prospect_both_50_50_ac3_ev,272,11,1.0,0.18181818181818182,0.3076923076923077,2
reduced_distance_only,Distance-based,1,ChEMBL__Unionable__assays_horizontal_50_ac4_ev,529,23,1.0,0.34782608695652173,0.5161290322580645,2
reduced_distance_only,Distance-based,1,OpenData__Semantically-Joinable__miller2_both_50_70_ac3_av,1849,35,0.17647058823529413,0.08571428571428572,0.11538461538461539,2
reduced_distance_only,Distance-based,2,OpenData__Semantically-Joinable__miller2_both_50_70_ac4_av,1849,35,0.13793103448275862,0.11428571428571428,0.125,2
reduced_distance_only,Distance-based,2,ChEMBL__Joinable__assays_both_50_1_ac2_ev,144,1,0.0,0.0,0.0,2
reduced_distance_only,Distance-based,2,TPC-DI__Joinable__prospect_both_50_70_ac1_ev,342,15,1.0,0.3333333333333333,0.5,2
reduced_distance_only,Distance-based,2,TPC-DI__View-Unionable__prospect_both_0_30_ac2_av,196,6,0.5,0.16666666666666666,0.25,2
reduced_distance_only,Distance-based,2,ChEMBL__Joinable__assays_both_50_1_ac4_ev,144,1,0.0,0.0,0.0,2
reduced_distance_only,Distance-based,2,ChEMBL__View-Unionable__assays_both_0_1_ac1_av,144,1,1.0,1.0,1.0,2
reduced_distance_only,Distance-based,2,OpenData__Semantically-Joinable__miller2_vertical_1_ac2_av,676,1,0.0,0.0,0.0,2
reduced_distance_only,Distance-based,2,TPC-DI__View-Unionable__prospect_both_0_30_ac3_ev,196,6,1.0,0.16666666666666666,0.2857142857142857,2
reduced_distance_only,Distance-based,2,ChEMBL__Joinable__assays_both_50_30_ac2_ev,210,6,0.6666666666666666,0.3333333333333333,0.4444444444444444,2
reduced_distance_only,Distance-based,2,ChEMBL__View-Unionable__assays_both_0_1_ac3_av,144,1,0.0,0.0,0.0,2
reduced_distance_only,Distance-based,2,TPC-DI__Joinable__prospect_vertical_1_ac2_ev,132,1,1.0,1.0,1.0,2
reduced_distance_only,Distance-based,2,OpenData__Semantically-Joinable__miller2_vertical_30_ac1_av,1089,15,0.7142857142857143,0.3333333333333333,0.45454545454545453,2
reduced_distance_only,Distance-based,2,TPC-DI__Joinable__prospect_vertical_1_ac3_ev,132,1,1.0,1.0,1.0,2
reduced_distance_only,Distance-based,2,ChEMBL__View-Unionable__assays_both_0_1_ac4_av,144,1,0.25,1.0,0.4,2
reduced_distance_only,Distance-based,2,ChEMBL__View-Unionable__assays_both_0_1_ac4_ev,144,1,0.5,1.0,0.6666666666666666,2
reduced_distance_only,Distance-based,2,ChEMBL__Joinable__assays_both_50_50_ac3_ev,289,11,1.0,0.18181818181818182,0.3076923076923077,2
reduced_distance_only,Distance-based,2,ChEMBL__View-Unionable__assays_both_0_1_ec_av,144,1,1.0,1.0,1.0,2
reduced_distance_only,Distance-based,2,OpenData__Semantically-Joinable__miller2_vertical_50_ac1_av,1444,25,0.5333333333333333,0.32,0.4,2
reduced_distance_only,Distance-based,2,TPC-DI__Joinable__prospect_vertical_30_ac3_ev,196,6,1.0,0.3333333333333333,0.5,2
reduced_distance_only,Distance-based,2,TPC-DI__Joinable__prospect_vertical_30_ac4_ev,196,6,1.0,0.6666666666666666,0.8,2
reduced_distance_only,Distance-based,2,TPC-DI__View-Unionable__prospect_both_0_50_ac3_ev,272,11,1.0,0.18181818181818182,0.3076923076923077,2
reduced_distance_only,Distance-based,2,OpenData__Semantically-Joinable__miller2_vertical_50_ac4_av,1444,25,0.1875,0.12,0.14634146341463414,2
reduced_distance_only,Distance-based,2,TPC-DI__Joinable__prospect_vertical_30_ec_ev,196,6,1.0,1.0,1.0,2
reduced_distance_only,Distance-based,2,OpenData__Semantically-Joinable__miller2_vertical_50_ac5_av,1444,25,0.2857142857142857,0.24,0.2608695652173913,2
reduced_distance_only,Distance-based,2,ChEMBL__Joinable__assays_both_50_70_ac4_ev,380,16,1.0,0.125,0.2222222222222222,2
reduced_distance_only,Distance-based,2,TPC-DI__View-Unionable__prospect_both_0_50_ec_av,272,11,1.0,0.7272727272727273,0.8421052631578947,2
reduced_distance_only,Distance-based,2,ChEMBL__Joinable__assays_both_50_70_ac5_ev,380,16,1.0,0.3125,0.47619047619047616,2
reduced_distance_only,Distance-based,2,OpenData__Semantically-Joinable__miller2_vertical_70_ac2_av,1849,35,0.6666666666666666,0.22857142857142856,0.3404255319148936,2
reduced_distance_only,Distance-based,2,TPC-DI__View-Unionable__prospect_both_0_50_ec_ev,272,11,1.0,0.7272727272727273,0.8421052631578947,2
reduced_distance_only,Distance-based,2,ChEMBL__Joinable__assays_both_50_70_ec_ev,380,16,1.0,0.9375,0.967741935483871,2
reduced_distance_only,Distance-based,2,OpenData__Semantically-Joinable__miller2_vertical_70_ac4_av,1849,35,0.10714285714285714,0.08571428571428572,0.09523809523809523,2
reduced_distance_only,Distance-based,2,ChEMBL__Joinable__assays_vertical_1_ac2_ev,144,1,1.0,1.0,1.0,2
reduced_distance_only,Distance-based,2,OpenData__Semantically-Joinable__miller2_vertical_70_ac5_av,1849,35,0.14285714285714285,0.08571428571428572,0.10714285714285714,2
reduced_distance_only,Distance-based,2,ChEMBL__View-Unionable__assays_both_0_30_ec_av,210,6,0.75,0.5,0.6,2
reduced_distance_only,Distance-based,2,TPC-DI__View-Unionable__prospect_both_0_70_ac2_ev,342,15,0.875,0.4666666666666667,0.6086956521739131,2
reduced_distance_only,Distance-based,2,ChEMBL__View-Unionable__assays_both_0_30_ec_ev,210,6,1.0,0.8333333333333334,0.9090909090909091,2
reduced_distance_only,Distance-based,2,OpenData__Unionable__miller2_horizontal_0_ac1_av,2601,51,0.75,0.35294117647058826,0.48,2
reduced_distance_only,Distance-based,2,ChEMBL__View-Unionable__assays_both_0_50_ac1_av,289,11,0.625,0.45454545454545453,0.5263157894736842,2
reduced_distance_only,Distance-based,2,TPC-DI__Joinable__prospect_vertical_70_ac4_ev,342,15,1.0,0.3333333333333333,0.5,2
reduced_distance_only,Distance-based,2,TPC-DI__View-Unionable__prospect_both_0_70_ac3_ev,342,15,1.0,0.13333333333333333,0.23529411764705882,2
reduced_distance_only,Distance-based,2,ChEMBL__Joinable__assays_vertical_1_ec_ev,144,1,1.0,1.0,1.0,2
reduced_distance_only,Distance-based,2,ChEMBL__View-Unionable__assays_both_0_50_ac1_ev,289,11,1.0,0.5454545454545454,0.7058823529411765,2
reduced_distance_only,Distance-based,2,TPC-DI__View-Unionable__prospect_both_0_70_ac4_av,342,15,0.16666666666666666,0.06666666666666667,0.09523809523809523,2
reduced_distance_only,Distance-based,2,ChEMBL__View-Unionable__assays_both_0_50_ac2_av,289,11,1.0,0.18181818181818182,0.3076923076923077,2
reduced_distance_only,Distance-based,2,OpenData__Unionable__miller2_horizontal_0_ac2_ev,2601,51,0.45,0.17647058823529413,0.2535211267605634,2
reduced_distance_only,Distance-based,2,TPC-DI__Joinable__prospect_vertical_70_ec_ev,342,15,1.0,1.0,1.0,2
reduced_distance_only,Distance-based,2,TPC-DI__View-Unionable__prospect_both_0_70_ac4_ev,342,15,1.0,0.13333333333333333,0.23529411764705882,2
reduced_distance_only,Distance-based,2,TPC-DI__Semantically-Joinable__prospect_both_50_1_ac2_av,132,1,1.0,1.0,1.0,2
reduced_distance_only,Distance-based,2,OpenData__Unionable__miller2_horizontal_0_ac4_av,2601,51,0.2413793103448276,0.13725490196078433,0.175,2
reduced_distance_only,Distance-based,2,ChEMBL__Joinable__assays_vertical_30_ec_ev,210,6,1.0,1.0,1.0,2
reduced_distance_only,Distance-based,2,ChEMBL__View-Unionable__assays_both_0_50_ac4_ev,289,11,1.0,0.2727272727272727,0.42857142857142855,2
reduced_distance_only,Distance-based,2,ChEMBL__Joinable__assays_vertical_50_ac1_ev,289,11,1.0,0.6363636363636364,0.7777777777777778,2
reduced_distance_only,Distance-based,2,Wikidata__Musicians__Musicians_semjoinable,196,8,1.0,0.75,0.8571428571428571,2
reduced_distance_only,Distance-based,2,ChEMBL__View-Unionable__assays_both_0_50_ac5_ev,289,11,1.0,0.36363636363636365,0.5333333333333333,2
reduced_distance_only,Distance-based,2,ChEMBL__Joinable__assays_vertical_50_ac3_ev,289,11,0.75,0.2727272727272727,0.4,2
reduced_distance_only,Distance-based,2,OpenData__Unionable__miller2_horizontal_0_ec_ev,2601,51,1.0,0.8823529411764706,0.9375,2
reduced_distance_only,Distance-based,2,TPC-DI__Semantically-Joinable__prospect_both_50_30_ac2_av,196,6,0.5,0.3333333333333333,0.4,2
reduced_distance_only,Distance-based,2,ChEMBL__Joinable__assays_vertical_50_ac4_ev,289,11,1.0,0.5454545454545454,0.7058823529411765,2
reduced_distance_only,Distance-based,2,ChEMBL__View-Unionable__assays_both_0_50_ec_ev,289,11,1.0,0.8181818181818182,0.9,2
reduced_distance_only,Distance-based,2,TPC-DI__Semantically-Joinable__prospect_both_50_30_ac3_av,196,6,0.5,0.16666666666666666,0.25,2
reduced_distance_only,Distance-based,2,ChEMBL__View-Unionable__assays_both_0_70_ac1_av,380,16,1.0,0.4375,0.6086956521739131,2
reduced_distance_only,Distance-based,2,OpenData__Unionable__miller2_horizontal_100_ac2_av,2601,51,0.6,0.17647058823529413,0.2727272727272727,2
reduced_distance_only,Distance-based,2,ChEMBL__Joinable__assays_vertical_70_ac3_ev,380,16,1.0,0.1875,0.3157894736842105,2
reduced_distance_only,Distance-based,2,OpenData__Unionable__miller2_horizontal_100_ac3_ev,2601,51,1.0,0.17647058823529413,0.3,2
reduced_distance_only,Distance-based,2,TPC-DI__Semantically-Joinable__prospect_both_50_50_ac2_av,272,11,0.0,0.0,0.0,2
reduced_distance_only,Distance-based,2,OpenData__Unionable__miller2_horizontal_100_ac4_av,2601,51,0.25,0.1568627450980392,0.1927710843373494,2
reduced_distance_only,Distance-based,2,OpenData__Unionable__miller2_horizontal_100_ac4_ev,2601,51,0.5384615384615384,0.13725490196078433,0.21875,2
reduced_distance_only,Distance-based,2,ChEMBL__Semantically-Joinable__assays_both_50_1_ac1_av,144,1,1.0,1.0,1.0,2
reduced_distance_only,Distance-based,2,TPC-DI__Semantically-Joinable__prospect_both_50_50_ec_av,272,11,0.875,0.6363636363636364,0.7368421052631579,2
reduced_distance_only,Distance-based,2,TPC-DI__Semantically-Joinable__prospect_both_50_70_ac2_av,342,15,0.5,0.26666666666666666,0.34782608695652173,2
reduced_distance_only,Distance-based,2,TPC-DI__Semantically-Joinable__prospect_both_50_70_ac3_av,342,15,0.42857142857142855,0.2,0.2727272727272727,2
reduced_distance_only,Distance-based,2,Magellan__amazon_google_exp,16,4,0.0,0.0,0.0,2
reduced_distance_only,Distance-based,2,TPC-DI__Semantically-Joinable__prospect_both_50_70_ac5_av,342,15,0.2222222222222222,0.13333333333333333,0.16666666666666666,2
reduced_distance_only,Distance-based,2,Magellan__dblp_acm,25,5,1.0,0.6,0.75,2
reduced_distance_only,Distance-based,2,TPC-DI__Semantically-Joinable__prospect_vertical_1_ac1_av,132,1,1.0,1.0,1.0,2
reduced_distance_only,Distance-based,2,OpenData__Unionable__miller2_horizontal_50_ac4_av,2601,51,0.34615384615384615,0.17647058823529413,0.23376623376623376,2
reduced_distance_only,Distance-based,2,TPC-DI__Semantically-Joinable__prospect_vertical_1_ac3_av,132,1,1.0,1.0,1.0,2
reduced_distance_only,Distance-based,2,ChEMBL__Semantically-Joinable__assays_both_50_30_ac5_av,210,6,1.0,0.5,0.6666666666666666,2
reduced_distance_only,Distance-based,2,OpenData__Unionable__miller2_horizontal_50_ac5_av,2601,51,1.0,0.1568627450980392,0.2711864406779661,2
reduced_distance_only,Distance-based,2,OpenData__Joinable__miller2_both_50_1_ac2_ev,676,1,0.125,1.0,0.2222222222222222,2
reduced_distance_only,Distance-based,2,ChEMBL__Semantically-Joinable__assays_both_50_50_ac2_av,289,11,1.0,0.18181818181818182,0.3076923076923077,2
reduced_distance_only,Distance-based,2,OpenData__Unionable__miller2_horizontal_50_ec_av,2601,51,1.0,0.8823529411764706,0.9375,2
reduced_distance_only,Distance-based,2,ChEMBL__Semantically-Joinable__assays_both_50_50_ac4_av,289,11,1.0,0.18181818181818182,0.3076923076923077,2
reduced_distance_only,Distance-based,2,OpenData__View -Unionable__miller2_both_0_1_ac1_ev,676,1,1.0,1.0,1.0,2
reduced_distance_only,Distance-based,2,ChEMBL__Semantically-Joinable__assays_both_50_50_ec_av,289,11,0.8888888888888888,0.7272727272727273,0.8,2
reduced_distance_only,Distance-based,2,OpenData__Joinable__miller2_both_50_30_ac1_ev,1089,15,1.0,0.4666666666666667,0.6363636363636364,2
reduced_distance_only,Distance-based,2,OpenData__View -Unionable__miller2_both_0_1_ac2_ev,676,1,0.2,1.0,0.3333333333333333,2
reduced_distance_only,Distance-based,2,OpenData__View -Unionable__miller2_both_0_1_ac3_av,676,1,0.0,0.0,0.0,2
reduced_distance_only,Distance-based,2,TPC-DI__Semantically-Joinable__prospect_vertical_50_ac2_av,272,11,0.5,0.2727272727272727,0.35294117647058826,2
reduced_distance_only,Distance-based,2,ChEMBL__Semantically-Joinable__assays_both_50_70_ac4_av,380,16,0.8,0.25,0.38095238095238093,2
reduced_distance_only,Distance-based,2,OpenData__View -Unionable__miller2_both_0_1_ac4_av,676,1,0.0,0.0,0.0,2
reduced_distance_only,Distance-based,2,TPC-DI__Semantically-Joinable__prospect_vertical_50_ac3_av,272,11,0.14285714285714285,0.09090909090909091,0.1111111111111111,2
reduced_distance_only,Distance-based,2,OpenData__Joinable__miller2_both_50_30_ec_ev,1089,15,1.0,0.8,0.8888888888888888,2
reduced_distance_only,Distance-based,2,TPC-DI__Semantically-Joinable__prospect_vertical_50_ac4_av,272,11,0.0,0.0,0.0,2
reduced_distance_only,Distance-based,2,OpenData__View -Unionable__miller2_both_0_1_ac5_av,676,1,0.0,0.0,0.0,2
reduced_distance_only,Distance-based,2,ChEMBL__Semantically-Joinable__assays_vertical_1_ac2_av,144,1,1.0,1.0,1.0,2
reduced_distance_only,Distance-based,2,OpenData__Joinable__miller2_both_50_50_ac4_ev,1444,25,0.3333333333333333,0.2,0.25,2
reduced_distance_only,Distance-based,2,TPC-DI__Semantically-Joinable__prospect_vertical_70_ac3_av,342,15,0.8333333333333334,0.3333333333333333,0.47619047619047616,2
reduced_distance_only,Distance-based,2,ChEMBL__Semantically-Joinable__assays_vertical_1_ac5_av,144,1,1.0,1.0,1.0,2
reduced_distance_only,Distance-based,2,OpenData__View -Unionable__miller2_both_0_30_ac1_ev,1089,15,1.0,0.4666666666666667,0.6363636363636364,2
reduced_distance_only,Distance-based,2,OpenData__Joinable__miller2_both_50_70_ac2_ev,1849,35,0.6923076923076923,0.2571428571428571,0.375,2
reduced_distance_only,Distance-based,2,OpenData__View -Unionable__miller2_both_0_30_ac2_ev,1089,15,0.23076923076923078,0.2,0.21428571428571427,2
reduced_distance_only,Distance-based,2,ChEMBL__Semantically-Joinable__assays_vertical_30_ac3_av,210,6,0.0,0.0,0.0,2
reduced_distance_only,Distance-based,2,TPC-DI__Unionable__prospect_horizontal_0_ac1_ev,484,22,1.0,0.36363636363636365,0.5333333333333333,2
reduced_distance_only,Distance-based,2,OpenData__Joinable__miller2_both_50_70_ac5_ev,1849,35,1.0,0.14285714285714285,0.25,2
reduced_distance_only,Distance-based,2,OpenData__View -Unionable__miller2_both_0_30_ac4_av,1089,15,0.2,0.26666666666666666,0.22857142857142856,2
reduced_distance_only,Distance-based,2,TPC-DI__Unionable__prospect_horizontal_0_ac2_av,484,22,0.8333333333333334,0.22727272727272727,0.35714285714285715,2
reduced_distance_only,Distance-based,2,ChEMBL__Semantically-Joinable__assays_vertical_30_ec_av,210,6,1.0,0.8333333333333334,0.9090909090909091,2
reduced_distance_only,Distance-based,2,TPC-DI__Unionable__prospect_horizontal_0_ac3_av,484,22,1.0,0.13636363636363635,0.24,2
reduced_distance_only,Distance-based,2,OpenData__Joinable__miller2_vertical_1_ac2_ev,676,1,0.09090909090909091,1.0,0.16666666666666666,2
reduced_distance_only,Distance-based,2,TPC-DI__Unionable__prospect_horizontal_0_ac4_av,484,22,0.2,0.045454545454545456,0.07407407407407407,2
reduced_distance_only,Distance-based,2,TPC-DI__Unionable__prospect_horizontal_0_ac4_ev,484,22,0.6,0.13636363636363635,0.2222222222222222,2
reduced_distance_only,Distance-based,2,OpenData__Joinable__miller2_vertical_1_ac5_ev,676,1,0.0,0.0,0.0,2
reduced_distance_only,Distance-based,2,TPC-DI__Unionable__prospect_horizontal_0_ac5_av,484,22,1.0,0.2727272727272727,0.42857142857142855,2
reduced_distance_only,Distance-based,2,OpenData__Joinable__miller2_vertical_1_ec_ev,676,1,1.0,1.0,1.0,2
reduced_distance_only,Distance-based,2,OpenData__View -Unionable__miller2_both_0_50_ac1_ev,1444,25,1.0,0.36,0.5294117647058824,2
reduced_distance_only,Distance-based,2,OpenData__View -Unionable__miller2_both_0_50_ac2_av,1444,25,0.20833333333333334,0.2,0.20408163265306123,2
reduced_distance_only,Distance-based,2,ChEMBL__Semantically-Joinable__assays_vertical_70_ac1_av,380,16,0.8,0.5,0.6153846153846154,2
reduced_distance_only,Distance-based,2,ChEMBL__Semantically-Joinable__assays_vertical_70_ac2_av,380,16,0.6,0.1875,0.2857142857142857,2
reduced_distance_only,Distance-based,2,OpenData__Joinable__miller2_vertical_30_ac3_ev,1089,15,1.0,0.2,0.3333333333333333,2
reduced_distance_only,Distance-based,2,OpenData__View -Unionable__miller2_both_0_50_ac3_av,1444,25,0.21428571428571427,0.12,0.15384615384615385,2
reduced_distance_only,Distance-based,2,TPC-DI__Unionable__prospect_horizontal_100_ac1_av,484,22,1.0,0.36363636363636365,0.5333333333333333,2
reduced_distance_only,Distance-based,2,ChEMBL__Semantically-Joinable__assays_vertical_70_ac3_av,380,16,0.6666666666666666,0.125,0.21052631578947367,2
reduced_distance_only,Distance-based,2,OpenData__View -Unionable__miller2_both_0_50_ac3_ev,1444,25,1.0,0.16,0.27586206896551724,2
reduced_distance_only,Distance-based,2,ChEMBL__Semantically-Joinable__assays_vertical_70_ac4_av,380,16,0.75,0.375,0.5,2
reduced_distance_only,Distance-based,2,OpenData__Joinable__miller2_vertical_30_ac5_ev,1089,15,1.0,0.06666666666666667,0.125,2
reduced_distance_only,Distance-based,2,ChEMBL__Semantically-Joinable__assays_vertical_70_ac5_av,380,16,0.2857142857142857,0.125,0.17391304347826086,2
reduced_distance_only,Distance-based,2,OpenData__Joinable__miller2_vertical_50_ac2_ev,1444,25,0.8571428571428571,0.24,0.375,2
reduced_distance_only,Distance-based,2,ChEMBL__Unionable__assays_horizontal_0_ac1_ev,529,23,1.0,0.4782608695652174,0.6470588235294118,2
reduced_distance_only,Distance-based,2,TPC-DI__Unionable__prospect_horizontal_100_ac4_av,484,22,0.6666666666666666,0.09090909090909091,0.16,2
reduced_distance_only,Distance-based,2,OpenData__View -Unionable__miller2_both_0_50_ec_ev,1444,25,1.0,0.96,0.9795918367346939,2
reduced_distance_only,Distance-based,2,ChEMBL__Unionable__assays_horizontal_0_ac2_ev,529,23,1.0,0.21739130434782608,0.35714285714285715,2
reduced_distance_only,Distance-based,2,OpenData__Joinable__miller2_vertical_70_ac1_ev,1849,35,1.0,0.37142857142857144,0.5416666666666666,2
reduced_distance_only,Distance-based,2,OpenData__Joinable__miller2_vertical_70_ac2_ev,1849,35,0.7894736842105263,0.42857142857142855,0.5555555555555556,2
reduced_distance_only,Distance-based,2,OpenData__View -Unionable__miller2_both_0_70_ac2_ev,1849,35,0.6875,0.3142857142857143,0.43137254901960786,2
reduced_distance_only,Distance-based,2,ChEMBL__Unionable__assays_horizontal_0_ac4_ev,529,23,1.0,0.2608695652173913,0.41379310344827586,2
reduced_distance_only,Distance-based,2,TPC-DI__Unionable__prospect_horizontal_50_ac1_av,484,22,1.0,0.36363636363636365,0.5333333333333333,2
reduced_distance_only,Distance-based,2,ChEMBL__Unionable__assays_horizontal_0_ac5_av,529,23,0.875,0.30434782608695654,0.45161290322580644,2
reduced_distance_only,Distance-based,2,OpenData__Joinable__miller2_vertical_70_ac4_ev,1849,35,0.5833333333333334,0.2,0.2978723404255319,2
reduced_distance_only,Distance-based,2,ChEMBL__Unionable__assays_horizontal_0_ac5_ev,529,23,1.0,0.34782608695652173,0.5161290322580645,2
reduced_distance_only,Distance-based,2,ChEMBL__Unionable__assays_horizontal_0_ec_av,529,23,0.9523809523809523,0.8695652173913043,0.9090909090909091,2
reduced_distance_only,Distance-based,2,OpenData__View -Unionable__miller2_both_0_70_ac5_ev,1849,35,1.0,0.14285714285714285,0.25,2
reduced_distance_only,Distance-based,2,ChEMBL__Unionable__assays_horizontal_100_ac1_ev,529,23,1.0,0.4782608695652174,0.6470588235294118,2
reduced_distance_only,Distance-based,2,TPC-DI__Unionable__prospect_horizontal_50_ac4_av,484,22,0.5,0.13636363636363635,0.21428571428571427,2
reduced_distance_only,Distance-based,2,ChEMBL__Unionable__assays_horizontal_100_ac2_av,529,23,1.0,0.17391304347826086,0.2962962962962963,2
reduced_distance_only,Distance-based,2,TPC-DI__Unionable__prospect_horizontal_50_ac4_ev,484,22,0.5714285714285714,0.18181818181818182,0.27586206896551724,2
reduced_distance_only,Distance-based,2,ChEMBL__Unionable__assays_horizontal_100_ac2_ev,529,23,1.0,0.21739130434782608,0.35714285714285715,2
reduced_distance_only,Distance-based,2,OpenData__Semantically-Joinable__miller2_both_50_1_ec_av,676,1,0.5,1.0,0.6666666666666666,2
reduced_distance_only,Distance-based,2,ChEMBL__Unionable__assays_horizontal_100_ac4_av,529,23,0.8333333333333334,0.21739130434782608,0.3448275862068966,2
reduced_distance_only,Distance-based,2,OpenData__Semantically-Joinable__miller2_both_50_30_ac2_av,1089,15,0.0,0.0,0.0,2
reduced_distance_only,Distance-based,2,TPC-DI__Joinable__prospect_both_50_1_ec_ev,132,1,1.0,1.0,1.0,2
reduced_distance_only,Distance-based,2,OpenData__Semantically-Joinable__miller2_both_50_30_ac5_av,1089,15,0.3,0.2,0.24,2
reduced_distance_only,Distance-based,2,OpenData__Semantically-Joinable__miller2_both_50_30_ec_av,1089,15,1.0,0.6666666666666666,0.8,2
reduced_distance_only,Distance-based,2,TPC-DI__View-Unionable__prospect_both_0_1_ac2_ev,132,1,1.0,1.0,1.0,2
reduced_distance_only,Distance-based,2,TPC-DI__Joinable__prospect_both_50_30_ac3_ev,196,6,1.0,0.16666666666666666,0.2857142857142857,2
reduced_distance_only,Distance-based,2,TPC-DI__View-Unionable__prospect_both_0_1_ac3_ev,132,1,1.0,1.0,1.0,2
reduced_distance_only,Distance-based,2,ChEMBL__Unionable__assays_horizontal_50_ac2_av,529,23,1.0,0.17391304347826086,0.2962962962962963,2
reduced_distance_only,Distance-based,2,OpenData__Semantically-Joinable__miller2_both_50_50_ac4_av,1444,25,0.13043478260869565,0.12,0.125,2
reduced_distance_only,Distance-based,2,TPC-DI__Joinable__prospect_both_50_30_ec_ev,196,6,1.0,0.8333333333333334,0.9090909090909091,2
reduced_distance_only,Distance-based,2,TPC-DI__View-Unionable__prospect_both_0_1_ac4_ev,132,1,0.5,1.0,0.6666666666666666,2
reduced_distance_only,Distance-based,2,TPC-DI__Joinable__prospect_both_50_50_ac1_ev,272,11,1.0,0.2727272727272727,0.42857142857142855,2
reduced_distance_only,Distance-based,2,TPC-DI__Joinable__prospect_both_50_50_ac2_ev,272,11,0.5,0.09090909090909091,0.15384615384615385,2
reduced_distance_only,Distance-based,2,TPC-DI__View-Unionable__prospect_both_0_1_ac5_ev,132,1,1.0,1.0,1.0,2
reduced_distance_only,Distance-based,2,OpenData__Semantically-Joinable__miller2_both_50_70_ac1_av,1849,35,0.625,0.2857142857142857,0.39215686274509803,2
reduced_distance_only,Distance-based,2,TPC-DI__Joinable__prospect_both_50_50_ac4_ev,272,11,0.5,0.09090909090909091,0.15384615384615385,2
reduced_distance_only,Distance-based,2,TPC-DI__View-Unionable__prospect_both_0_30_ac1_av,196,6,1.0,0.5,0.6666666666666666,2
reduced_distance_only,Distance-based,3,ChEMBL__Unionable__assays_horizontal_50_ac5_ev,529,23,1.0,0.30434782608695654,0.4666666666666667,2
reduced_distance_only,Distance-based,3,OpenData__Semantically-Joinable__miller2_both_50_70_ac5_av,1849,35,0.10344827586206896,0.08571428571428572,0.09375,2
reduced_distance_only,Distance-based,3,OpenData__Semantically-Joinable__miller2_both_50_70_ec_av,1849,35,1.0,0.6857142857142857,0.8135593220338984,2
reduced_distance_only,Distance-based,3,TPC-DI__View-Unionable__prospect_both_0_30_ac3_av,196,6,0.25,0.16666666666666666,0.2,2
reduced_distance_only,Distance-based,3,ChEMBL__Joinable__assays_both_50_1_ac5_ev,144,1,1.0,1.0,1.0,2
reduced_distance_only,Distance-based,3,TPC-DI__Joinable__prospect_both_50_70_ac5_ev,342,15,1.0,0.2,0.3333333333333333,2
reduced_distance_only,Distance-based,3,TPC-DI__View-Unionable__prospect_both_0_30_ac4_ev,196,6,0.8,0.6666666666666666,0.7272727272727273,2
reduced_distance_only,Distance-based,3,TPC-DI__Joinable__prospect_vertical_1_ac1_ev,132,1,1.0,1.0,1.0,2
reduced_distance_only,Distance-based,3,ChEMBL__Joinable__assays_both_50_30_ac3_ev,210,6,1.0,0.16666666666666666,0.2857142857142857,2
reduced_distance_only,Distance-based,3,TPC-DI__View-Unionable__prospect_both_0_30_ac5_ev,196,6,1.0,0.16666666666666666,0.2857142857142857,2
reduced_distance_only,Distance-based,3,TPC-DI__Joinable__prospect_vertical_1_ac3_ev,132,1,1.0,1.0,1.0,2
reduced_distance_only,Distance-based,3,OpenData__Semantically-Joinable__miller2_vertical_30_ac2_av,1089,15,0.25,0.3333333333333333,0.2857142857142857,2
reduced_distance_only,Distance-based,3,TPC-DI__View-Unionable__prospect_both_0_30_ec_ev,196,6,1.0,0.3333333333333333,0.5,2
reduced_distance_only,Distance-based,3,ChEMBL__View-Unionable__assays_both_0_1_ac4_ev,144,1,0.5,1.0,0.6666666666666666,2
reduced_distance_only,Distance-based,3,ChEMBL__Joinable__assays_both_50_50_ac1_ev,289,11,1.0,0.7272727272727273,0.8421052631578947,2
reduced_distance_only,Distance-based,3,OpenData__Semantically-Joinable__miller2_vertical_30_ac4_av,1089,15,0.125,0.2,0.15384615384615385,2
reduced_distance_only,Distance-based,3,TPC-DI__View-Unionable__prospect_both_0_50_ac2_av,272,11,0.8,0.36363636363636365,0.5,2
reduced_distance_only,Distance-based,3,ChEMBL__Joinable__assays_both_50_50_ac3_ev,289,11,1.0,0.2727272727272727,0.42857142857142855,2
reduced_distance_only,Distance-based,3,TPC-DI__View-Unionable__prospect_both_0_50_ac2_ev,272,11,0.2,0.09090909090909091,0.125,2
reduced_distance_only,Distance-based,3,ChEMBL__Joinable__assays_both_50_50_ac4_ev,289,11,0.8,0.36363636363636365,0.5,2
reduced_distance_only,Distance-based,3,OpenData__Semantically-Joinable__miller2_vertical_50_ac1_av,1444,25,0.6111111111111112,0.44,0.5116279069767442,2
reduced_distance_only,Distance-based,3,TPC-DI__Joinable__prospect_vertical_30_ac3_ev,196,6,1.0,0.5,0.6666666666666666,2
reduced_distance_only,Distance-based,3,ChEMBL__View-Unionable__assays_both_0_30_ac1_av,210,6,1.0,0.5,0.6666666666666666,2
reduced_distance_only,Distance-based,3,OpenData__Semantically-Joinable__miller2_vertical_50_ac2_av,1444,25,0.20689655172413793,0.24,0.2222222222222222,2
reduced_distance_only,Distance-based,3,TPC-DI__Joinable__prospect_vertical_30_ac4_ev,196,6,1.0,0.6666666666666666,0.8,2
reduced_distance_only,Distance-based,3,TPC-DI__View-Unionable__prospect_both_0_50_ac3_ev,272,11,1.0,0.2727272727272727,0.42857142857142855,2
reduced_distance_only,Distance-based,3,ChEMBL__Joinable__assays_both_50_50_ec_ev,289,11,1.0,0.9090909090909091,0.9523809523809523,2
reduced_distance_only,Distance-based,3,ChEMBL__View-Unionable__assays_both_0_30_ac2_av,210,6,1.0,0.16666666666666666,0.2857142857142857,2
reduced_distance_only,Distance-based,3,OpenData__Semantically-Joinable__miller2_vertical_50_ac5_av,1444,25,0.041666666666666664,0.04,0.04081632653061224,2
reduced_distance_only,Distance-based,3,ChEMBL__View-Unionable__assays_both_0_30_ac3_ev,210,6,1.0,0.16666666666666666,0.2857142857142857,2
reduced_distance_only,Distance-based,3,ChEMBL__Joinable__assays_both_50_70_ac5_ev,380,16,1.0,0.3125,0.47619047619047616,2
reduced_distance_only,Distance-based,3,OpenData__Semantically-Joinable__miller2_vertical_70_ac2_av,1849,35,0.34782608695652173,0.22857142857142856,0.27586206896551724,2
reduced_distance_only,Distance-based,3,TPC-DI__Joinable__prospect_vertical_50_ac4_ev,272,11,1.0,0.2727272727272727,0.42857142857142855,2
reduced_distance_only,Distance-based,3,ChEMBL__Joinable__assays_both_50_70_ec_ev,380,16,1.0,0.9375,0.967741935483871,2
reduced_distance_only,Distance-based,3,ChEMBL__View-Unionable__assays_both_0_30_ac4_ev,210,6,0.5,0.3333333333333333,0.4,2
reduced_distance_only,Distance-based,3,TPC-DI__Joinable__prospect_vertical_50_ac5_ev,272,11,1.0,0.2727272727272727,0.42857142857142855,2
reduced_distance_only,Distance-based,3,ChEMBL__Joinable__assays_vertical_1_ac1_ev,144,1,1.0,1.0,1.0,2
reduced_distance_only,Distance-based,3,ChEMBL__View-Unionable__assays_both_0_30_ac5_ev,210,6,1.0,0.3333333333333333,0.5,2
reduced_distance_only,Distance-based,3,TPC-DI__View-Unionable__prospect_both_0_70_ac2_av,342,15,0.4,0.26666666666666666,0.32,2
reduced_distance_only,Distance-based,3,TPC-DI__View-Unionable__prospect_both_0_70_ac3_av,342,15,0.18181818181818182,0.13333333333333333,0.15384615384615385,2
reduced_distance_only,Distance-based,3,TPC-DI__Joinable__prospect_vertical_70_ac4_ev,342,15,1.0,0.3333333333333333,0.5,2
reduced_distance_only,Distance-based,3,TPC-DI__View-Unionable__prospect_both_0_70_ac3_ev,342,15,1.0,0.2,0.3333333333333333,2
reduced_distance_only,Distance-based,3,OpenData__Unionable__miller2_horizontal_0_ac2_av,2601,51,0.5238095238095238,0.21568627450980393,0.3055555555555556,2
reduced_distance_only,Distance-based,3,ChEMBL__Joinable__assays_vertical_30_ac1_ev,210,6,1.0,0.6666666666666666,0.8,2
reduced_distance_only,Distance-based,3,OpenData__Unionable__miller2_horizontal_0_ac2_ev,2601,51,0.6190476190476191,0.2549019607843137,0.3611111111111111,2
reduced_distance_only,Distance-based,3,TPC-DI__Joinable__prospect_vertical_70_ec_ev,342,15,1.0,1.0,1.0,2
reduced_distance_only,Distance-based,3,TPC-DI__View-Unionable__prospect_both_0_70_ac4_ev,342,15,1.0,0.2,0.3333333333333333,2
reduced_distance_only,Distance-based,3,ChEMBL__Joinable__assays_vertical_30_ac2_ev,210,6,1.0,0.16666666666666666,0.2857142857142857,2
reduced_distance_only,Distance-based,3,ChEMBL__View-Unionable__assays_both_0_50_ac3_ev,289,11,1.0,0.2727272727272727,0.42857142857142855,2
reduced_distance_only,Distance-based,3,TPC-DI__View-Unionable__prospect_both_0_70_ec_av,342,15,1.0,0.8,0.8888888888888888,2
reduced_distance_only,Distance-based,3,ChEMBL__Joinable__assays_vertical_30_ac5_ev,210,6,1.0,0.5,0.6666666666666666,2
reduced_distance_only,Distance-based,3,ChEMBL__View-Unionable__assays_both_0_50_ac4_av,289,11,0.5,0.2727272727272727,0.35294117647058826,2
reduced_distance_only,Distance-based,3,ChEMBL__View-Unionable__assays_both_0_50_ac4_ev,289,11,1.0,0.36363636363636365,0.5333333333333333,2
reduced_distance_only,Distance-based,3,OpenData__Unionable__miller2_horizontal_0_ac5_av,2601,51,0.3333333333333333,0.11764705882352941,0.17391304347826086,2
reduced_distance_only,Distance-based,3,OpenData__Unionable__miller2_horizontal_0_ec_av,2601,51,0.9387755102040817,0.9019607843137255,0.92,2
reduced_distance_only,Distance-based,3,ChEMBL__Joinable__assays_vertical_50_ac3_ev,289,11,1.0,0.36363636363636365,0.5333333333333333,2
reduced_distance_only,Distance-based,3,TPC-DI__Semantically-Joinable__prospect_both_50_30_ac2_av,196,6,0.3333333333333333,0.16666666666666666,0.2222222222222222,2
reduced_distance_only,Distance-based,3,Wikidata__Musicians__Musicians_viewunion,169,5,0.6,0.6,0.6,2
reduced_distance_only,Distance-based,3,TPC-DI__Semantically-Joinable__prospect_both_50_30_ac3_av,196,6,0.6,0.5,0.5454545454545454,2
reduced_distance_only,Distance-based,3,OpenData__Unionable__miller2_horizontal_100_ac1_ev,2601,51,1.0,0.5098039215686274,0.6753246753246753,2
reduced_distance_only,Distance-based,3,TPC-DI__Semantically-Joinable__prospect_both_50_30_ac4_av,196,6,0.3333333333333333,0.16666666666666666,0.2222222222222222,2
reduced_distance_only,Distance-based,3,ChEMBL__View-Unionable__assays_both_0_70_ac1_ev,380,16,1.0,0.625,0.7692307692307693,2
reduced_distance_only,Distance-based,3,OpenData__Unionable__miller2_horizontal_100_ac2_av,2601,51,0.7222222222222222,0.2549019607843137,0.37681159420289856,2
reduced_distance_only,Distance-based,3,ChEMBL__View-Unionable__assays_both_0_70_ac2_av,380,16,0.6666666666666666,0.125,0.21052631578947367,2
reduced_distance_only,Distance-based,3,OpenData__Unionable__miller2_horizontal_100_ac3_av,2601,51,1.0,0.19607843137254902,0.32786885245901637,2
reduced_distance_only,Distance-based,3,TPC-DI__Semantically-Joinable__prospect_both_50_50_ac1_av,272,11,1.0,0.45454545454545453,0.625,2
reduced_distance_only,Distance-based,3,ChEMBL__Joinable__assays_vertical_70_ac3_ev,380,16,0.8333333333333334,0.3125,0.45454545454545453,2
reduced_distance_only,Distance-based,3,ChEMBL__Joinable__assays_vertical_70_ec_ev,380,16,1.0,1.0,1.0,2
reduced_distance_only,Distance-based,3,ChEMBL__View-Unionable__assays_both_0_70_ac4_ev,380,16,1.0,0.375,0.5454545454545454,2
reduced_distance_only,Distance-based,3,ChEMBL__View-Unionable__assays_both_0_70_ac5_av,380,16,0.5555555555555556,0.3125,0.4,2
reduced_distance_only,Distance-based,3,OpenData__Unionable__miller2_horizontal_100_ac5_ev,2601,51,1.0,0.11764705882352941,0.21052631578947367,2
reduced_distance_only,Distance-based,3,TPC-DI__Semantically-Joinable__prospect_both_50_70_ac1_av,342,15,1.0,0.4666666666666667,0.6363636363636364,2
reduced_distance_only,Distance-based,3,ChEMBL__View-Unionable__assays_both_0_70_ec_av,380,16,1.0,0.6875,0.8148148148148148,2
reduced_distance_only,Distance-based,3,OpenData__Unionable__miller2_horizontal_100_ec_ev,2601,51,1.0,0.9019607843137255,0.9484536082474226,2
reduced_distance_only,Distance-based,3,TPC-DI__Semantically-Joinable__prospect_both_50_70_ac2_av,342,15,0.5714285714285714,0.26666666666666666,0.36363636363636365,2
reduced_distance_only,Distance-based,3,ChEMBL__Semantically-Joinable__assays_both_50_1_ac4_av,144,1,0.5,1.0,0.6666666666666666,2
reduced_distance_only,Distance-based,3,OpenData__Unionable__miller2_horizontal_50_ac1_av,2601,51,1.0,0.5098039215686274,0.6753246753246753,2
reduced_distance_only,Distance-based,3,TPC-DI__Semantically-Joinable__prospect_both_50_70_ac4_av,342,15,0.5,0.2,0.2857142857142857,2
reduced_distance_only,Distance-based,3,ChEMBL__Semantically-Joinable__assays_both_50_1_ec_av,144,1,1.0,1.0,1.0,2
reduced_distance_only,Distance-based,3,TPC-DI__Semantically-Joinable__prospect_both_50_70_ac5_av,342,15,0.125,0.06666666666666667,0.08695652173913043,2
reduced_distance_only,Distance-based,3,Magellan__fodors_zagats,49,7,1.0,0.7142857142857143,0.8333333333333334,2
reduced_distance_only,Distance-based,3,Magellan__itunes_amazon,81,9,1.0,0.4444444444444444,0.6153846153846154,2
reduced_distance_only,Distance-based,3,TPC-DI__Semantically-Joinable__prospect_vertical_1_ac3_av,132,1,0.3333333333333333,1.0,0.5,2
reduced_distance_only,Distance-based,3,OpenData__Joinable__miller2_both_50_1_ac1_ev,676,1,1.0,1.0,1.0,2
reduced_distance_only,Distance-based,3,TPC-DI__Semantically-Joinable__prospect_vertical_1_ec_av,132,1,1.0,1.0,1.0,2
reduced_distance_only,Distance-based,3,OpenData__Joinable__miller2_both_50_1_ac3_ev,676,1,1.0,1.0,1.0,2
reduced_distance_only,Distance-based,3,OpenData__Unionable__miller2_horizontal_50_ec_av,2601,51,1.0,0.9019607843137255,0.9484536082474226,2
reduced_distance_only,Distance-based,3,ChEMBL__Semantically-Joinable__assays_both_50_50_ac3_av,289,11,0.6666666666666666,0.18181818181818182,0.2857142857142857,2
reduced_distance_only,Distance-based,3,ChEMBL__Semantically-Joinable__assays_both_50_50_ac4_av,289,11,0.8,0.36363636363636365,0.5,2
reduced_distance_only,Distance-based,3,OpenData__View -Unionable__miller2_both_0_1_ac1_ev,676,1,1.0,1.0,1.0,2
reduced_distance_only,Distance-based,3,ChEMBL__Semantically-Joinable__assays_both_50_50_ec_av,289,11,0.9,0.8181818181818182,0.8571428571428571,2
reduced_distance_only,Distance-based,3,OpenData__View -Unionable__miller2_both_0_1_ac2_av,676,1,0.0,0.0,0.0,2
reduced_distance_only,Distance-based,3,TPC-DI__Semantically-Joinable__prospect_vertical_30_ac5_av,196,6,0.5,0.16666666666666666,0.25,2
reduced_distance_only,Distance-based,3,ChEMBL__Semantically-Joinable__assays_both_50_70_ac1_av,380,16,0.7777777777777778,0.4375,0.56,2
reduced_distance_only,Distance-based,3,OpenData__View -Unionable__miller2_both_0_1_ac2_ev,676,1,0.16666666666666666,1.0,0.2857142857142857,2
reduced_distance_only,Distance-based,3,ChEMBL__Semantically-Joinable__assays_both_50_70_ac2_av,380,16,0.75,0.1875,0.3,2
reduced_distance_only,Distance-based,3,ChEMBL__Semantically-Joinable__assays_both_50_70_ac3_av,380,16,0.6666666666666666,0.125,0.21052631578947367,2
reduced_distance_only,Distance-based,3,ChEMBL__Semantically-Joinable__assays_both_50_70_ec_av,380,16,0.9166666666666666,0.6875,0.7857142857142857,2
reduced_distance_only,Distance-based,3,OpenData__View -Unionable__miller2_both_0_1_ac5_av,676,1,0.0,0.0,0.0,2
reduced_distance_only,Distance-based,3,TPC-DI__Semantically-Joinable__prospect_vertical_50_ac5_av,272,11,0.4444444444444444,0.36363636363636365,0.4,2
reduced_distance_only,Distance-based,3,ChEMBL__Semantically-Joinable__assays_vertical_1_ac1_av,144,1,1.0,1.0,1.0,2
reduced_distance_only,Distance-based,3,OpenData__Joinable__miller2_both_50_50_ac2_ev,1444,25,0.5454545454545454,0.24,0.3333333333333333,2
reduced_distance_only,Distance-based,3,ChEMBL__Semantically-Joinable__assays_vertical_1_ac4_av,144,1,0.5,1.0,0.6666666666666666,2
reduced_distance_only,Distance-based,3,ChEMBL__Semantically-Joinable__assays_vertical_1_ac5_av,144,1,1.0,1.0,1.0,2
reduced_distance_only,Distance-based,3,TPC-DI__Semantically-Joinable__prospect_vertical_70_ac4_av,342,15,0.4,0.26666666666666666,0.32,2
reduced_distance_only,Distance-based,3,ChEMBL__Semantically-Joinable__assays_vertical_1_ec_av,144,1,1.0,1.0,1.0,2
reduced_distance_only,Distance-based,3,OpenData__Joinable__miller2_both_50_70_ac1_ev,1849,35,1.0,0.6,0.75,2
reduced_distance_only,Distance-based,3,TPC-DI__Semantically-Joinable__prospect_vertical_70_ec_av,342,15,1.0,0.7333333333333333,0.8461538461538461,2
reduced_distance_only,Distance-based,3,OpenData__Joinable__miller2_both_50_70_ac3_ev,1849,35,1.0,0.2,0.3333333333333333,2
reduced_distance_only,Distance-based,3,OpenData__View -Unionable__miller2_both_0_30_ac4_av,1089,15,0.1111111111111111,0.13333333333333333,0.12121212121212122,2
reduced_distance_only,Distance-based,3,OpenData__Joinable__miller2_both_50_70_ec_ev,1849,35,1.0,0.9142857142857143,0.9552238805970149,2
reduced_distance_only,Distance-based,3,TPC-DI__Unionable__prospect_horizontal_0_ac2_ev,484,22,0.8,0.18181818181818182,0.2962962962962963,2
reduced_distance_only,Distance-based,3,OpenData__Joinable__miller2_vertical_1_ac2_ev,676,1,0.0,0.0,0.0,2
reduced_distance_only,Distance-based,3,OpenData__Joinable__miller2_vertical_1_ac3_ev,676,1,0.1111111111111111,1.0,0.2,2
reduced_distance_only,Distance-based,3,TPC-DI__Unionable__prospect_horizontal_0_ac4_av,484,22,0.75,0.13636363636363635,0.23076923076923078,2
reduced_distance_only,Distance-based,3,ChEMBL__Semantically-Joinable__assays_vertical_50_ac3_av,289,11,1.0,0.18181818181818182,0.3076923076923077,2
reduced_distance_only,Distance-based,3,OpenData__Joinable__miller2_vertical_1_ec_ev,676,1,1.0,1.0,1.0,2
reduced_distance_only,Distance-based,3,TPC-DI__Unionable__prospect_horizontal_0_ac5_ev,484,22,1.0,0.18181818181818182,0.3076923076923077,2
reduced_distance_only,Distance-based,3,OpenData__View -Unionable__miller2_both_0_50_ac2_av,1444,25,0.06896551724137931,0.08,0.07407407407407407,2
reduced_distance_only,Distance-based,3,TPC-DI__Unionable__prospect_horizontal_0_ec_av,484,22,1.0,0.7272727272727273,0.8421052631578947,2
reduced_distance_only,Distance-based,3,OpenData__Joinable__miller2_vertical_30_ac2_ev,1089,15,0.7777777777777778,0.4666666666666667,0.5833333333333334,2
reduced_distance_only,Distance-based,3,TPC-DI__Unionable__prospect_horizontal_0_ec_ev,484,22,1.0,0.7272727272727273,0.8421052631578947,2
reduced_distance_only,Distance-based,3,OpenData__Joinable__miller2_vertical_30_ac3_ev,1089,15,1.0,0.26666666666666666,0.42105263157894735,2
reduced_distance_only,Distance-based,3,OpenData__View -Unionable__miller2_both_0_50_ac3_av,1444,25,0.09523809523809523,0.08,0.08695652173913043,2
reduced_distance_only,Distance-based,3,OpenData__View -Unionable__miller2_both_0_50_ac4_av,1444,25,0.4,0.08,0.13333333333333333,2
reduced_distance_only,Distance-based,3,TPC-DI__Unionable__prospect_horizontal_100_ac2_av,484,22,0.875,0.3181818181818182,0.4666666666666667,2
reduced_distance_only,Distance-based,3,OpenData__Joinable__miller2_vertical_30_ec_ev,1089,15,1.0,1.0,1.0,2
reduced_distance_only,Distance-based,3,OpenData__View -Unionable__miller2_both_0_50_ac5_av,1444,25,0.23529411764705882,0.16,0.19047619047619047,2
reduced_distance_only,Distance-based,3,OpenData__View -Unionable__miller2_both_0_50_ac5_ev,1444,25,1.0,0.12,0.21428571428571427,2
reduced_distance_only,Distance-based,3,ChEMBL__Unionable__assays_horizontal_0_ac2_ev,529,23,1.0,0.21739130434782608,0.35714285714285715,2
reduced_distance_only,Distance-based,3,OpenData__Joinable__miller2_vertical_50_ac5_ev,1444,25,0.6666666666666666,0.24,0.35294117647058826,2
reduced_distance_only,Distance-based,3,OpenData__View -Unionable__miller2_both_0_70_ac1_av,1849,35,0.391304347826087,0.2571428571428571,0.3103448275862069,2
reduced_distance_only,Distance-based,3,OpenData__Joinable__miller2_vertical_50_ec_ev,1444,25,1.0,1.0,1.0,2
reduced_distance_only,Distance-based,3,TPC-DI__Unionable__prospect_horizontal_100_ac5_ev,484,22,1.0,0.18181818181818182,0.3076923076923077,2
reduced_distance_only,Distance-based,3,TPC-DI__Unionable__prospect_horizontal_100_ec_av,484,22,1.0,0.7272727272727273,0.8421052631578947,2
reduced_distance_only,Distance-based,3,ChEMBL__Unionable__assays_horizontal_0_ac4_ev,529,23,0.8888888888888888,0.34782608695652173,0.5,2
reduced_distance_only,Distance-based,3,OpenData__View -Unionable__miller2_both_0_70_ac3_av,1849,35,0.22580645161290322,0.2,0.21212121212121213,2
reduced_distance_only,Distance-based,3,OpenData__Joinable__miller2_vertical_70_ac5_ev,1849,35,0.75,0.17142857142857143,0.27906976744186046,2
reduced_distance_only,Distance-based,3,OpenData__View -Unionable__miller2_both_0_70_ac4_av,1849,35,0.1111111111111111,0.08571428571428572,0.0967741935483871,2
reduced_distance_only,Distance-based,3,TPC-DI__Unionable__prospect_horizontal_50_ac2_av,484,22,1.0,0.22727272727272727,0.37037037037037035,2
reduced_distance_only,Distance-based,3,ChEMBL__Unionable__assays_horizontal_0_ec_av,529,23,0.9523809523809523,0.8695652173913043,0.9090909090909091,2
reduced_distance_only,Distance-based,3,OpenData__View -Unionable__miller2_both_0_70_ac4_ev,1849,35,0.2916666666666667,0.2,0.23728813559322035,2
reduced_distance_only,Distance-based,3,TPC-DI__Unionable__prospect_horizontal_50_ac2_ev,484,22,0.8571428571428571,0.2727272727272727,0.41379310344827586,2
reduced_distance_only,Distance-based,3,OpenData__Semantically-Joinable__miller2_both_50_1_ac1_av,676,1,0.5,1.0,0.6666666666666666,2
reduced_distance_only,Distance-based,3,ChEMBL__Unionable__assays_horizontal_100_ac1_av,529,23,1.0,0.5652173913043478,0.7222222222222222,2
reduced_distance_only,Distance-based,3,ChEMBL__Unionable__assays_horizontal_100_ac2_av,529,23,1.0,0.21739130434782608,0.35714285714285715,2
reduced_distance_only,Distance-based,3,OpenData__View -Unionable__miller2_both_0_70_ec_ev,1849,35,1.0,0.9428571428571428,0.9705882352941176,2
reduced_distance_only,Distance-based,3,ChEMBL__Unionable__assays_horizontal_100_ac2_ev,529,23,1.0,0.21739130434782608,0.35714285714285715,2
reduced_distance_only,Distance-based,3,OpenData__Semantically-Joinable__miller2_both_50_1_ac5_av,676,1,0.0,0.0,0.0,2
reduced_distance_only,Distance-based,3,TPC-DI__Unionable__prospect_horizontal_50_ac5_ev,484,22,1.0,0.18181818181818182,0.3076923076923077,2
reduced_distance_only,Distance-based,3,ChEMBL__Unionable__assays_horizontal_100_ac3_ev,529,23,1.0,0.21739130434782608,0.35714285714285715,2
reduced_distance_only,Distance-based,3,TPC-DI__Joinable__prospect_both_50_1_ac3_ev,132,1,1.0,1.0,1.0,2
reduced_distance_only,Distance-based,3,ChEMBL__Unionable__assays_horizontal_100_ac4_ev,529,23,0.8888888888888888,0.34782608695652173,0.5,2
reduced_distance_only,Distance-based,3,OpenData__Semantically-Joinable__miller2_both_50_30_ac4_av,1089,15,0.06666666666666667,0.06666666666666667,0.06666666666666667,2
reduced_distance_only,Distance-based,3,TPC-DI__Joinable__prospect_both_50_30_ac1_ev,196,6,1.0,0.6666666666666666,0.8,2
reduced_distance_only,Distance-based,3,OpenData__Semantically-Joinable__miller2_both_50_50_ac1_av,1444,25,0.6875,0.44,0.5365853658536586,2
reduced_distance_only,Distance-based,3,TPC-DI__Joinable__prospect_both_50_30_ac4_ev,196,6,0.5,0.16666666666666666,0.25,2
reduced_distance_only,Distance-based,3,TPC-DI__View-Unionable__prospect_both_0_1_ac3_ev,132,1,1.0,1.0,1.0,2
reduced_distance_only,Distance-based,3,ChEMBL__Unionable__assays_horizontal_50_ac1_ev,529,23,1.0,0.5652173913043478,0.7222222222222222,2
reduced_distance_only,Distance-based,3,OpenData__Semantically-Joinable__miller2_both_50_50_ac3_av,1444,25,0.2222222222222222,0.16,0.18604651162790697,2
reduced_distance_only,Distance-based,3,TPC-DI__Joinable__prospect_both_50_30_ac5_ev,196,6,1.0,0.6666666666666666,0.8,2
reduced_distance_only,Distance-based,3,OpenData__Semantically-Joinable__miller2_both_50_50_ac4_av,1444,25,0.13636363636363635,0.12,0.1276595744680851,2
reduced_distance_only,Distance-based,3,TPC-DI__Joinable__prospect_both_50_30_ec_ev,196,6,1.0,0.8333333333333334,0.9090909090909091,2
reduced_distance_only,Distance-based,3,TPC-DI__View-Unionable__prospect_both_0_1_ac5_av,132,1,1.0,1.0,1.0,2
reduced_distance_only,Distance-based,3,ChEMBL__Unionable__assays_horizontal_50_ac3_ev,529,23,1.0,0.21739130434782608,0.35714285714285715,2
reduced_distance_only,Distance-based,3,OpenData__Semantically-Joinable__miller2_both_50_70_ac3_av,1849,35,0.15789473684210525,0.08571428571428572,0.1111111111111111,2
reduced_distance_only,Distance-based,4,ChEMBL__Joinable__assays_both_50_1_ac2_ev,144,1,0.0,0.0,0.0,2
reduced_distance_only,Distance-based,4,ChEMBL__Unionable__assays_horizontal_50_ac5_ev,529,23,1.0,0.30434782608695654,0.4666666666666667,2
reduced_distance_only,Distance-based,4,TPC-DI__View-Unionable__prospect_both_0_30_ac2_av,196,6,0.5,0.3333333333333333,0.4,2
reduced_distance_only,Distance-based,4,ChEMBL__Joinable__assays_both_50_1_ac3_ev,144,1,0.0,0.0,0.0,2
reduced_distance_only,Distance-based,4,OpenData__Semantically-Joinable__miller2_vertical_1_ac1_av,676,1,0.0,0.0,0.0,2
reduced_distance_only,Distance-based,4,ChEMBL__View-Unionable__assays_both_0_1_ac1_ev,144,1,1.0,1.0,1.0,2
reduced_distance_only,Distance-based,4,TPC-DI__View-Unionable__prospect_both_0_30_ac4_av,196,6,0.5,0.3333333333333333,0.4,2
reduced_distance_only,Distance-based,4,ChEMBL__View-Unionable__assays_both_0_1_ac2_av,144,1,0.0,0.0,0.0,2
reduced_distance_only,Distance-based,4,OpenData__Semantically-Joinable__miller2_vertical_1_ac4_av,676,1,0.0,0.0,0.0,2
reduced_distance_only,Distance-based,4,TPC-DI__Joinable__prospect_both_50_70_ec_ev,342,15,1.0,0.8,0.8888888888888888,2
reduced_distance_only,Distance-based,4,ChEMBL__Joinable__assays_both_50_30_ac3_ev,210,6,1.0,0.16666666666666666,0.2857142857142857,2
reduced_distance_only,Distance-based,4,OpenData__Semantically-Joinable__miller2_vertical_1_ec_av,676,1,1.0,1.0,1.0,2
reduced_distance_only,Distance-based,4,TPC-DI__View-Unionable__prospect_both_0_30_ac5_ev,196,6,1.0,0.16666666666666666,0.2857142857142857,2
reduced_distance_only,Distance-based,4,TPC-DI__Joinable__prospect_vertical_1_ac3_ev,132,1,0.5,1.0,0.6666666666666666,2
reduced_distance_only,Distance-based,4,TPC-DI__View-Unionable__prospect_both_0_30_ec_av,196,6,0.8,0.6666666666666666,0.7272727272727273,2
reduced_distance_only,Distance-based,4,TPC-DI__Joinable__prospect_vertical_1_ac5_ev,132,1,1.0,1.0,1.0,2
reduced_distance_only,Distance-based,4,TPC-DI__View-Unionable__prospect_both_0_50_ac1_av,272,11,0.5714285714285714,0.36363636363636365,0.4444444444444444,2
reduced_distance_only,Distance-based,4,ChEMBL__Joinable__assays_both_50_50_ac1_ev,289,11,1.0,0.6363636363636364,0.7777777777777778,2
reduced_distance_only,Distance-based,4,TPC-DI__Joinable__prospect_vertical_1_ec_ev,132,1,1.0,1.0,1.0,2
reduced_distance_only,Distance-based,4,ChEMBL__View-Unionable__assays_both_0_1_ec_av,144,1,1.0,1.0,1.0,2
reduced_distance_only,Distance-based,4,TPC-DI__Joinable__prospect_vertical_30_ac2_ev,196,6,0.5,0.16666666666666666,0.25,2
reduced_distance_only,Distance-based,4,TPC-DI__View-Unionable__prospect_both_0_50_ac2_ev,272,11,0.75,0.2727272727272727,0.4,2
reduced_distance_only,Distance-based,4,ChEMBL__Joinable__assays_both_50_50_ac4_ev,289,11,1.0,0.36363636363636365,0.5333333333333333,2
reduced_distance_only,Distance-based,4,OpenData__Semantically-Joinable__miller2_vertical_50_ac2_av,1444,25,0.16666666666666666,0.12,0.13953488372093023,2
reduced_distance_only,Distance-based,4,TPC-DI__View-Unionable__prospect_both_0_50_ac3_ev,272,11,1.0,0.2727272727272727,0.42857142857142855,2
reduced_distance_only,Distance-based,4,ChEMBL__View-Unionable__assays_both_0_30_ac1_ev,210,6,1.0,0.3333333333333333,0.5,2
reduced_distance_only,Distance-based,4,ChEMBL__View-Unionable__assays_both_0_30_ac2_av,210,6,1.0,0.16666666666666666,0.2857142857142857,2
reduced_distance_only,Distance-based,4,OpenData__Semantically-Joinable__miller2_vertical_50_ac4_av,1444,25,0.16,0.16,0.16,2
reduced_distance_only,Distance-based,4,ChEMBL__View-Unionable__assays_both_0_30_ac2_ev,210,6,0.25,0.16666666666666666,0.2,2
reduced_distance_only,Distance-based,4,OpenData__Semantically-Joinable__miller2_vertical_70_ac1_av,1849,35,0.5357142857142857,0.42857142857142855,0.47619047619047616,2
reduced_distance_only,Distance-based,4,ChEMBL__Joinable__assays_both_50_70_ac5_ev,380,16,1.0,0.25,0.4,2
reduced_distance_only,Distance-based,4,OpenData__Semantically-Joinable__miller2_vertical_70_ac2_av,1849,35,0.5217391304347826,0.34285714285714286,0.41379310344827586,2
reduced_distance_only,Distance-based,4,ChEMBL__Joinable__assays_both_50_70_ec_ev,380,16,1.0,0.9375,0.967741935483871,2
reduced_distance_only,Distance-based,4,TPC-DI__View-Unionable__prospect_both_0_70_ac1_av,342,15,0.7777777777777778,0.4666666666666667,0.5833333333333334,2
reduced_distance_only,Distance-based,4,ChEMBL__View-Unionable__assays_both_0_30_ac5_ev,210,6,1.0,0.16666666666666666,0.2857142857142857,2
reduced_distance_only,Distance-based,4,TPC-DI__View-Unionable__prospect_both_0_70_ac2_av,342,15,0.3333333333333333,0.2,0.25,2
reduced_distance_only,Distance-based,4,TPC-DI__Joinable__prospect_vertical_70_ac2_ev,342,15,0.8888888888888888,0.5333333333333333,0.6666666666666666,2
reduced_distance_only,Distance-based,4,ChEMBL__View-Unionable__assays_both_0_30_ec_ev,210,6,1.0,0.8333333333333334,0.9090909090909091,2
reduced_distance_only,Distance-based,4,OpenData__Unionable__miller2_horizontal_0_ac1_av,2601,51,0.5806451612903226,0.35294117647058826,0.43902439024390244,2
reduced_distance_only,Distance-based,4,TPC-DI__View-Unionable__prospect_both_0_70_ac3_av,342,15,0.2222222222222222,0.13333333333333333,0.16666666666666666,2
reduced_distance_only,Distance-based,4,TPC-DI__View-Unionable__prospect_both_0_70_ac4_av,342,15,0.25,0.2,0.2222222222222222,2
reduced_distance_only,Distance-based,4,ChEMBL__Joinable__assays_vertical_30_ac1_ev,210,6,1.0,0.6666666666666666,0.8,2
reduced_distance_only,Distance-based,4,TPC-DI__Joinable__prospect_vertical_70_ec_ev,342,15,1.0,1.0,1.0,2
reduced_distance_only,Distance-based,4,TPC-DI__View-Unionable__prospect_both_0_70_ac4_ev,342,15,0.6666666666666666,0.13333333333333333,0.2222222222222222,2
reduced_distance_only,Distance-based,4,ChEMBL__Joinable__assays_vertical_30_ac2_ev,210,6,1.0,0.16666666666666666,0.2857142857142857,2
reduced_distance_only,Distance-based,4,ChEMBL__View-Unionable__assays_both_0_50_ac2_ev,289,11,1.0,0.36363636363636365,0.5333333333333333,2
reduced_distance_only,Distance-based,4,ChEMBL__Joinable__assays_vertical_30_ac3_ev,210,6,1.0,0.5,0.6666666666666666,2
reduced_distance_only,Distance-based,4,TPC-DI__Semantically-Joinable__prospect_both_50_1_ac3_av,132,1,0.5,1.0,0.6666666666666666,2
reduced_distance_only,Distance-based,4,ChEMBL__Joinable__assays_vertical_30_ac5_ev,210,6,1.0,0.3333333333333333,0.5,2
reduced_distance_only,Distance-based,4,OpenData__Unionable__miller2_horizontal_0_ac5_ev,2601,51,1.0,0.09803921568627451,0.17857142857142858,2
reduced_distance_only,Distance-based,4,TPC-DI__Semantically-Joinable__prospect_both_50_1_ec_av,132,1,1.0,1.0,1.0,2
reduced_distance_only,Distance-based,4,ChEMBL__Joinable__assays_vertical_50_ac2_ev,289,11,0.75,0.2727272727272727,0.4,2
reduced_distance_only,Distance-based,4,ChEMBL__View-Unionable__assays_both_0_50_ac5_ev,289,11,1.0,0.36363636363636365,0.5333333333333333,2
reduced_distance_only,Distance-based,4,Wikidata__Musicians__Musicians_unionable,400,19,0.9375,0.7894736842105263,0.8571428571428571,2
reduced_distance_only,Distance-based,4,ChEMBL__Joinable__assays_vertical_50_ac5_ev,289,11,1.0,0.2727272727272727,0.42857142857142855,2
reduced_distance_only,Distance-based,4,TPC-DI__Semantically-Joinable__prospect_both_50_30_ac4_av,196,6,0.25,0.16666666666666666,0.2,2
reduced_distance_only,Distance-based,4,OpenData__Unionable__miller2_horizontal_100_ac2_av,2601,51,0.5833333333333334,0.27450980392156865,0.37333333333333335,2
reduced_distance_only,Distance-based,4,TPC-DI__Semantically-Joinable__prospect_both_50_30_ac5_av,196,6,0.4,0.3333333333333333,0.36363636363636365,2
reduced_distance_only,Distance-based,4,ChEMBL__View-Unionable__assays_both_0_70_ac2_ev,380,16,0.75,0.1875,0.3,2
reduced_distance_only,Distance-based,4,TPC-DI__Semantically-Joinable__prospect_both_50_50_ac1_av,272,11,0.8,0.36363636363636365,0.5,2
reduced_distance_only,Distance-based,4,ChEMBL__Joinable__assays_vertical_70_ac3_ev,380,16,1.0,0.3125,0.47619047619047616,2
reduced_distance_only,Distance-based,4,ChEMBL__View-Unionable__assays_both_0_70_ac3_av,380,16,0.75,0.1875,0.3,2
reduced_distance_only,Distance-based,4,TPC-DI__Semantically-Joinable__prospect_both_50_50_ac2_av,272,11,0.5,0.2727272727272727,0.35294117647058826,2
reduced_distance_only,Distance-based,4,ChEMBL__Joinable__assays_vertical_70_ac4_ev,380,16,1.0,0.5,0.6666666666666666,2
reduced_distance_only,Distance-based,4,ChEMBL__View-Unionable__assays_both_0_70_ac3_ev,380,16,1.0,0.25,0.4,2
reduced_distance_only,Distance-based,4,ChEMBL__View-Unionable__assays_both_0_70_ac4_ev,380,16,1.0,0.375,0.5454545454545454,2
reduced_distance_only,Distance-based,4,OpenData__Unionable__miller2_horizontal_100_ac5_av,2601,51,1.0,0.09803921568627451,0.17857142857142858,2
reduced_distance_only,Distance-based,4,TPC-DI__Semantically-Joinable__prospect_both_50_50_ac5_av,272,11,0.2857142857142857,0.18181818181818182,0.2222222222222222,2
reduced_distance_only,Distance-based,4,ChEMBL__Semantically-Joinable__assays_both_50_1_ac1_av,144,1,1.0,1.0,1.0,2
reduced_distance_only,Distance-based,4,OpenData__Unionable__miller2_horizontal_100_ac5_ev,2601,51,1.0,0.09803921568627451,0.17857142857142858,2
reduced_distance_only,Distance-based,4,ChEMBL__Semantically-Joinable__assays_both_50_1_ac3_av,144,1,0.0,0.0,0.0,2
reduced_distance_only,Distance-based,4,ChEMBL__View-Unionable__assays_both_0_70_ec_av,380,16,0.9166666666666666,0.6875,0.7857142857142857,2
reduced_distance_only,Distance-based,4,OpenData__Unionable__miller2_horizontal_100_ec_ev,2601,51,1.0,0.8627450980392157,0.9263157894736842,2
reduced_distance_only,Distance-based,4,ChEMBL__Semantically-Joinable__assays_both_50_1_ac4_av,144,1,1.0,1.0,1.0,2
reduced_distance_only,Distance-based,4,OpenData__Unionable__miller2_horizontal_50_ac1_av,2601,51,1.0,0.45098039215686275,0.6216216216216216,2
reduced_distance_only,Distance-based,4,ChEMBL__Semantically-Joinable__assays_both_50_1_ac5_av,144,1,1.0,1.0,1.0,2
reduced_distance_only,Distance-based,4,TPC-DI__Semantically-Joinable__prospect_both_50_70_ac4_av,342,15,0.3333333333333333,0.2,0.25,2
reduced_distance_only,Distance-based,4,ChEMBL__Semantically-Joinable__assays_both_50_1_ec_av,144,1,1.0,1.0,1.0,2
reduced_distance_only,Distance-based,4,OpenData__Unionable__miller2_horizontal_50_ac2_av,2601,51,0.45161290322580644,0.27450980392156865,0.34146341463414637,2
reduced_distance_only,Distance-based,4,TPC-DI__Semantically-Joinable__prospect_both_50_70_ac5_av,342,15,0.1111111111111111,0.06666666666666667,0.08333333333333333,2
reduced_distance_only,Distance-based,4,OpenData__Unionable__miller2_horizontal_50_ac2_ev,2601,51,0.7727272727272727,0.3333333333333333,0.4657534246575342,2
reduced_distance_only,Distance-based,4,TPC-DI__Semantically-Joinable__prospect_both_50_70_ec_av,342,15,0.8333333333333334,0.6666666666666666,0.7407407407407407,2
reduced_distance_only,Distance-based,4,TPC-DI__Semantically-Joinable__prospect_vertical_1_ac1_av,132,1,1.0,1.0,1.0,2
reduced_distance_only,Distance-based,4,ChEMBL__Semantically-Joinable__assays_both_50_30_ac3_av,210,6,0.3333333333333333,0.16666666666666666,0.2222222222222222,2
reduced_distance_only,Distance-based,4,Magellan__itunes_amazon,81,9,1.0,0.3333333333333333,0.5,2
reduced_distance_only,Distance-based,4,Magellan__walmart_amazon,36,6,1.0,0.3333333333333333,0.5,2
reduced_distance_only,Distance-based,4,OpenData__Unionable__miller2_horizontal_50_ac4_ev,2601,51,0.6,0.23529411764705882,0.3380281690140845,2
reduced_distance_only,Distance-based,4,OpenData__Joinable__miller2_both_50_1_ac2_ev,676,1,0.0,0.0,0.0,2
reduced_distance_only,Distance-based,4,OpenData__Unionable__miller2_horizontal_50_ac5_ev,2601,51,1.0,0.09803921568627451,0.17857142857142858,2
reduced_distance_only,Distance-based,4,TPC-DI__Semantically-Joinable__prospect_vertical_1_ec_av,132,1,1.0,1.0,1.0,2
reduced_distance_only,Distance-based,4,OpenData__Joinable__miller2_both_50_1_ac4_ev,676,1,0.0,0.0,0.0,2
reduced_distance_only,Distance-based,4,TPC-DI__Semantically-Joinable__prospect_vertical_30_ac2_av,196,6,0.6,0.5,0.5454545454545454,2
reduced_distance_only,Distance-based,4,OpenData__View -Unionable__miller2_both_0_1_ac1_av,676,1,0.0,0.0,0.0,2
reduced_distance_only,Distance-based,4,ChEMBL__Semantically-Joinable__assays_both_50_50_ac5_av,289,11,0.25,0.09090909090909091,0.13333333333333333,2
reduced_distance_only,Distance-based,4,OpenData__View -Unionable__miller2_both_0_1_ac1_ev,676,1,1.0,1.0,1.0,2
reduced_distance_only,Distance-based,4,ChEMBL__Semantically-Joinable__assays_both_50_50_ec_av,289,11,0.9,0.8181818181818182,0.8571428571428571,2
reduced_distance_only,Distance-based,4,ChEMBL__Semantically-Joinable__assays_both_50_70_ac1_av,380,16,0.8181818181818182,0.5625,0.6666666666666666,2
reduced_distance_only,Distance-based,4,TPC-DI__Semantically-Joinable__prospect_vertical_30_ec_av,196,6,1.0,0.8333333333333334,0.9090909090909091,2
reduced_distance_only,Distance-based,4,OpenData__Joinable__miller2_both_50_30_ac3_ev,1089,15,1.0,0.2,0.3333333333333333,2
reduced_distance_only,Distance-based,4,OpenData__Joinable__miller2_both_50_30_ac5_ev,1089,15,1.0,0.2,0.3333333333333333,2
reduced_distance_only,Distance-based,4,OpenData__View -Unionable__miller2_both_0_1_ac4_ev,676,1,0.0,0.0,0.0,2
reduced_distance_only,Distance-based,4,OpenData__View -Unionable__miller2_both_0_1_ac5_av,676,1,0.0,0.0,0.0,2
reduced_distance_only,Distance-based,4,ChEMBL__Semantically-Joinable__assays_vertical_1_ac2_av,144,1,1.0,1.0,1.0,2
reduced_distance_only,Distance-based,4,OpenData__View -Unionable__miller2_both_0_30_ac1_av,1089,15,0.46153846153846156,0.4,0.42857142857142855,2
reduced_distance_only,Distance-based,4,ChEMBL__Semantically-Joinable__assays_vertical_1_ac5_av,144,1,0.5,1.0,0.6666666666666666,2
reduced_distance_only,Distance-based,4,OpenData__View -Unionable__miller2_both_0_30_ac2_av,1089,15,0.2,0.13333333333333333,0.16,2
reduced_distance_only,Distance-based,4,OpenData__Joinable__miller2_both_50_70_ac3_ev,1849,35,1.0,0.17142857142857143,0.2926829268292683,2
reduced_distance_only,Distance-based,4,TPC-DI__Unionable__prospect_horizontal_0_ac1_av,484,22,1.0,0.4090909090909091,0.5806451612903226,2
reduced_distance_only,Distance-based,4,TPC-DI__Unionable__prospect_horizontal_0_ac1_ev,484,22,1.0,0.4090909090909091,0.5806451612903226,2
reduced_distance_only,Distance-based,4,OpenData__Joinable__miller2_both_50_70_ac5_ev,1849,35,1.0,0.11428571428571428,0.20512820512820512,2
reduced_distance_only,Distance-based,4,OpenData__Joinable__miller2_vertical_1_ac1_ev,676,1,0.25,1.0,0.4,2
reduced_distance_only,Distance-based,4,ChEMBL__Semantically-Joinable__assays_vertical_50_ac1_av,289,11,0.875,0.6363636363636364,0.7368421052631579,2
reduced_distance_only,Distance-based,4,ChEMBL__Semantically-Joinable__assays_vertical_50_ac2_av,289,11,1.0,0.18181818181818182,0.3076923076923077,2
reduced_distance_only,Distance-based,4,TPC-DI__Unionable__prospect_horizontal_0_ac4_av,484,22,0.6666666666666666,0.18181818181818182,0.2857142857142857,2
reduced_distance_only,Distance-based,4,TPC-DI__Unionable__prospect_horizontal_0_ac4_ev,484,22,1.0,0.13636363636363635,0.24,2
reduced_distance_only,Distance-based,4,OpenData__View -Unionable__miller2_both_0_50_ac1_av,1444,25,0.5714285714285714,0.32,0.41025641025641024,2
reduced_distance_only,Distance-based,4,TPC-DI__Unionable__prospect_horizontal_0_ac5_ev,484,22,1.0,0.18181818181818182,0.3076923076923077,2
reduced_distance_only,Distance-based,4,OpenData__Joinable__miller2_vertical_30_ac1_ev,1089,15,0.9,0.6,0.72,2
reduced_distance_only,Distance-based,4,OpenData__View -Unionable__miller2_both_0_50_ac2_av,1444,25,0.07142857142857142,0.08,0.07547169811320754,2
reduced_distance_only,Distance-based,4,OpenData__Joinable__miller2_vertical_30_ac2_ev,1089,15,0.8,0.5333333333333333,0.64,2
reduced_distance_only,Distance-based,4,TPC-DI__Unionable__prospect_horizontal_100_ac1_ev,484,22,1.0,0.4090909090909091,0.5806451612903226,2
reduced_distance_only,Distance-based,4,ChEMBL__Semantically-Joinable__assays_vertical_70_ac4_av,380,16,0.5384615384615384,0.4375,0.4827586206896552,2
reduced_distance_only,Distance-based,4,OpenData__Joinable__miller2_vertical_30_ac5_ev,1089,15,1.0,0.06666666666666667,0.125,2
reduced_distance_only,Distance-based,4,OpenData__Joinable__miller2_vertical_30_ec_ev,1089,15,1.0,1.0,1.0,2
reduced_distance_only,Distance-based,4,OpenData__View -Unionable__miller2_both_0_50_ac4_ev,1444,25,0.3333333333333333,0.16,0.21621621621621623,2
reduced_distance_only,Distance-based,4,TPC-DI__Unionable__prospect_horizontal_100_ac2_ev,484,22,0.7142857142857143,0.22727272727272727,0.3448275862068966,2
reduced_distance_only,Distance-based,4,OpenData__Joinable__miller2_vertical_50_ac1_ev,1444,25,0.9285714285714286,0.52,0.6666666666666666,2
reduced_distance_only,Distance-based,4,OpenData__View -Unionable__miller2_both_0_50_ac5_av,1444,25,0.125,0.08,0.0975609756097561,2
reduced_distance_only,Distance-based,4,OpenData__View -Unionable__miller2_both_0_50_ac5_ev,1444,25,1.0,0.12,0.21428571428571427,2
reduced_distance_only,Distance-based,4,ChEMBL__Unionable__assays_horizontal_0_ac1_ev,529,23,1.0,0.5217391304347826,0.6857142857142857,2
reduced_distance_only,Distance-based,4,ChEMBL__Unionable__assays_horizontal_0_ac2_ev,529,23,1.0,0.2608695652173913,0.41379310344827586,2
reduced_distance_only,Distance-based,4,OpenData__Joinable__miller2_vertical_50_ec_ev,1444,25,1.0,1.0,1.0,2
reduced_distance_only,Distance-based,4,OpenData__View -Unionable__miller2_both_0_70_ac1_ev,1849,35,1.0,0.42857142857142855,0.6,2
reduced_distance_only,Distance-based,4,OpenData__View -Unionable__miller2_both_0_70_ac2_ev,1849,35,0.7333333333333333,0.3142857142857143,0.44,2
reduced_distance_only,Distance-based,4,OpenData__Joinable__miller2_vertical_70_ac4_ev,1849,35,0.5454545454545454,0.34285714285714286,0.42105263157894735,2
reduced_distance_only,Distance-based,4,TPC-DI__Unionable__prospect_horizontal_50_ac1_ev,484,22,1.0,0.4090909090909091,0.5806451612903226,2
reduced_distance_only,Distance-based,4,ChEMBL__Unionable__assays_horizontal_0_ac5_ev,529,23,1.0,0.30434782608695654,0.4666666666666667,2
reduced_distance_only,Distance-based,4,OpenData__View -Unionable__miller2_both_0_70_ac5_av,1849,35,0.16666666666666666,0.17142857142857143,0.16901408450704225,2
reduced_distance_only,Distance-based,4,TPC-DI__Unionable__prospect_horizontal_50_ac3_ev,484,22,1.0,0.22727272727272727,0.37037037037037035,2
reduced_distance_only,Distance-based,4,ChEMBL__Unionable__assays_horizontal_100_ac1_ev,529,23,1.0,0.5217391304347826,0.6857142857142857,2
reduced_distance_only,Distance-based,4,OpenData__Semantically-Joinable__miller2_both_50_1_ac3_av,676,1,0.0,0.0,0.0,2
reduced_distance_only,Distance-based,4,OpenData__View -Unionable__miller2_both_0_70_ec_av,1849,35,0.9285714285714286,0.7428571428571429,0.8253968253968254,2
reduced_distance_only,Distance-based,4,OpenData__Semantically-Joinable__miller2_both_50_1_ac4_av,676,1,0.0,0.0,0.0,2
reduced_distance_only,Distance-based,4,ChEMBL__Unionable__assays_horizontal_100_ac2_ev,529,23,1.0,0.21739130434782608,0.35714285714285715,2
reduced_distance_only,Distance-based,4,TPC-DI__Joinable__prospect_both_50_1_ac1_ev,132,1,1.0,1.0,1.0,2
reduced_distance_only,Distance-based,4,TPC-DI__Joinable__prospect_both_50_1_ac2_ev,132,1,1.0,1.0,1.0,2
reduced_distance_only,Distance-based,4,OpenData__Semantically-Joinable__miller2_both_50_30_ac1_av,1089,15,0.36363636363636365,0.26666666666666666,0.3076923076923077,2
reduced_distance_only,Distance-based,4,TPC-DI__Unionable__prospect_horizontal_50_ec_av,484,22,1.0,0.7272727272727273,0.8421052631578947,2
reduced_distance_only,Distance-based,4,OpenData__Semantically-Joinable__miller2_both_50_30_ac2_av,1089,15,0.16666666666666666,0.2,0.18181818181818182,2
reduced_distance_only,Distance-based,4,TPC-DI__Joinable__prospect_both_50_1_ac4_ev,132,1,0.3333333333333333,1.0,0.5,2
reduced_distance_only,Distance-based,4,TPC-DI__Unionable__prospect_horizontal_50_ec_ev,484,22,1.0,0.7272727272727273,0.8421052631578947,2
reduced_distance_only,Distance-based,4,TPC-DI__Joinable__prospect_both_50_1_ec_ev,132,1,1.0,1.0,1.0,2
reduced_distance_only,Distance-based,4,OpenData__Semantically-Joinable__miller2_both_50_30_ac5_av,1089,15,0.14285714285714285,0.06666666666666667,0.09090909090909091,2
reduced_distance_only,Distance-based,4,TPC-DI__Joinable__prospect_both_50_30_ac2_ev,196,6,1.0,0.16666666666666666,0.2857142857142857,2
reduced_distance_only,Distance-based,4,TPC-DI__View-Unionable__prospect_both_0_1_ac2_ev,132,1,0.5,1.0,0.6666666666666666,2
reduced_distance_only,Distance-based,4,ChEMBL__Unionable__assays_horizontal_100_ec_ev,529,23,1.0,0.8695652173913043,0.9302325581395349,2
reduced_distance_only,Distance-based,4,OpenData__Semantically-Joinable__miller2_both_50_50_ac1_av,1444,25,0.4117647058823529,0.28,0.3333333333333333,2
reduced_distance_only,Distance-based,4,ChEMBL__Unionable__assays_horizontal_50_ac1_av,529,23,1.0,0.5217391304347826,0.6857142857142857,2
reduced_distance_only,Distance-based,4,TPC-DI__Joinable__prospect_both_50_30_ac4_ev,196,6,0.6666666666666666,0.3333333333333333,0.4444444444444444,2
reduced_distance_only,Distance-based,4,ChEMBL__Unionable__assays_horizontal_50_ac1_ev,529,23,1.0,0.5217391304347826,0.6857142857142857,2
reduced_distance_only,Distance-based,4,OpenData__Semantically-Joinable__miller2_both_50_50_ac3_av,1444,25,0.2857142857142857,0.32,0.3018867924528302,2
reduced_distance_only,Distance-based,4,TPC-DI__Joinable__prospect_both_50_30_ec_ev,196,6,1.0,0.8333333333333334,0.9090909090909091,2
reduced_distance_only,Distance-based,4,OpenData__Semantically-Joinable__miller2_both_50_50_ac5_av,1444,25,0.058823529411764705,0.04,0.047619047619047616,2
reduced_distance_only,Distance-based,4,ChEMBL__Unionable__assays_horizontal_50_ac3_av,529,23,1.0,0.21739130434782608,0.35714285714285715,2
reduced_distance_only,Distance-based,4,ChEMBL__Unionable__assays_horizontal_50_ac3_ev,529,23,1.0,0.21739130434782608,0.35714285714285715,2
reduced_distance_only,Distance-based,4,TPC-DI__View-Unionable__prospect_both_0_30_ac1_av,196,6,0.5,0.3333333333333333,0.4,2
reduced_distance_only,Distance-based,5,ChEMBL__Unionable__assays_horizontal_50_ec_av,529,23,1.0,0.9130434782608695,0.9545454545454546,2
reduced_distance_only,Distance-based,5,TPC-DI__Joinable__prospect_both_50_70_ac2_ev,342,15,1.0,0.26666666666666666,0.42105263157894735,2
reduced_distance_only,Distance-based,5,ChEMBL__Unionable__assays_horizontal_50_ec_ev,529,23,1.0,0.9130434782608695,0.9545454545454546,2
reduced_distance_only,Distance-based,5,TPC-DI__Joinable__prospect_both_50_70_ac3_ev,342,15,1.0,0.2,0.3333333333333333,2
reduced_distance_only,Distance-based,5,TPC-DI__Joinable__prospect_both_50_70_ac4_ev,342,15,0.7142857142857143,0.3333333333333333,0.45454545454545453,2
reduced_distance_only,Distance-based,5,ChEMBL__Joinable__assays_both_50_1_ec_ev,144,1,1.0,1.0,1.0,2
reduced_distance_only,Distance-based,5,ChEMBL__Joinable__assays_both_50_30_ac1_ev,210,6,1.0,0.6666666666666666,0.8,2
reduced_distance_only,Distance-based,5,OpenData__Semantically-Joinable__miller2_vertical_1_ac5_av,676,1,0.0,0.0,0.0,2
reduced_distance_only,Distance-based,5,TPC-DI__View-Unionable__prospect_both_0_30_ac5_av,196,6,0.2,0.16666666666666666,0.18181818181818182,2
reduced_distance_only,Distance-based,5,ChEMBL__Joinable__assays_both_50_30_ac4_ev,210,6,1.0,0.6666666666666666,0.8,2
reduced_distance_only,Distance-based,5,ChEMBL__View-Unionable__assays_both_0_1_ac3_ev,144,1,0.0,0.0,0.0,2
reduced_distance_only,Distance-based,5,ChEMBL__Joinable__assays_both_50_30_ac5_ev,210,6,1.0,0.3333333333333333,0.5,2
reduced_distance_only,Distance-based,5,ChEMBL__View-Unionable__assays_both_0_1_ac5_av,144,1,1.0,1.0,1.0,2
reduced_distance_only,Distance-based,5,ChEMBL__Joinable__assays_both_50_50_ac2_ev,289,11,1.0,0.18181818181818182,0.3076923076923077,2
reduced_distance_only,Distance-based,5,TPC-DI__Joinable__prospect_vertical_30_ac1_ev,196,6,1.0,1.0,1.0,2
reduced_distance_only,Distance-based,5,OpenData__Semantically-Joinable__miller2_vertical_30_ec_av,1089,15,0.75,0.8,0.7741935483870968,2
reduced_distance_only,Distance-based,5,ChEMBL__View-Unionable__assays_both_0_1_ec_ev,144,1,1.0,1.0,1.0,2
reduced_distance_only,Distance-based,5,TPC-DI__View-Unionable__prospect_both_0_50_ac3_av,272,11,0.625,0.45454545454545453,0.5263157894736842,2
reduced_distance_only,Distance-based,5,ChEMBL__Joinable__assays_both_50_50_ac5_ev,289,11,1.0,0.45454545454545453,0.625,2
reduced_distance_only,Distance-based,5,TPC-DI__Joinable__prospect_vertical_30_ac5_ev,196,6,1.0,0.5,0.6666666666666666,2
reduced_distance_only,Distance-based,5,TPC-DI__View-Unionable__prospect_both_0_50_ac4_av,272,11,0.42857142857142855,0.2727272727272727,0.3333333333333333,2
reduced_distance_only,Distance-based,5,ChEMBL__Joinable__assays_both_50_70_ac1_ev,380,16,1.0,0.5625,0.72,2
reduced_distance_only,Distance-based,5,TPC-DI__View-Unionable__prospect_both_0_50_ac4_ev,272,11,1.0,0.36363636363636365,0.5333333333333333,2
reduced_distance_only,Distance-based,5,ChEMBL__Joinable__assays_both_50_70_ac2_ev,380,16,1.0,0.3125,0.47619047619047616,2
reduced_distance_only,Distance-based,5,TPC-DI__View-Unionable__prospect_both_0_50_ac5_av,272,11,0.2727272727272727,0.2727272727272727,0.2727272727272727,2
reduced_distance_only,Distance-based,5,ChEMBL__View-Unionable__assays_both_0_30_ac3_av,210,6,0.0,0.0,0.0,2
reduced_distance_only,Distance-based,5,OpenData__Semantically-Joinable__miller2_vertical_50_ec_av,1444,25,0.8260869565217391,0.76,0.7916666666666666,2
reduced_distance_only,Distance-based,5,TPC-DI__Joinable__prospect_vertical_50_ac2_ev,272,11,1.0,0.5454545454545454,0.7058823529411765,2
reduced_distance_only,Distance-based,5,TPC-DI__View-Unionable__prospect_both_0_50_ac5_ev,272,11,1.0,0.18181818181818182,0.3076923076923077,2
reduced_distance_only,Distance-based,5,TPC-DI__Joinable__prospect_vertical_50_ac3_ev,272,11,0.8571428571428571,0.5454545454545454,0.6666666666666666,2
reduced_distance_only,Distance-based,5,ChEMBL__View-Unionable__assays_both_0_30_ac4_av,210,6,0.14285714285714285,0.16666666666666666,0.15384615384615385,2
reduced_distance_only,Distance-based,5,OpenData__Semantically-Joinable__miller2_vertical_70_ac3_av,1849,35,0.27586206896551724,0.22857142857142856,0.25,2
reduced_distance_only,Distance-based,5,ChEMBL__View-Unionable__assays_both_0_30_ac5_av,210,6,1.0,0.5,0.6666666666666666,2
reduced_distance_only,Distance-based,5,TPC-DI__View-Unionable__prospect_both_0_70_ac1_ev,342,15,1.0,0.4666666666666667,0.6363636363636364,2
reduced_distance_only,Distance-based,5,ChEMBL__Joinable__assays_vertical_1_ac3_ev,144,1,0.0,0.0,0.0,2
reduced_distance_only,Distance-based,5,ChEMBL__Joinable__assays_vertical_1_ac4_ev,144,1,0.3333333333333333,1.0,0.5,2
reduced_distance_only,Distance-based,5,TPC-DI__Joinable__prospect_vertical_70_ac3_ev,342,15,0.9090909090909091,0.6666666666666666,0.7692307692307693,2
reduced_distance_only,Distance-based,5,ChEMBL__Joinable__assays_vertical_1_ac5_ev,144,1,1.0,1.0,1.0,2
reduced_distance_only,Distance-based,5,OpenData__Unionable__miller2_horizontal_0_ac3_av,2601,51,0.40625,0.2549019607843137,0.3132530120481928,2
reduced_distance_only,Distance-based,5,TPC-DI__Semantically-Joinable__prospect_both_50_1_ac1_av,132,1,1.0,1.0,1.0,2
reduced_distance_only,Distance-based,5,OpenData__Unionable__miller2_horizontal_0_ac3_ev,2601,51,1.0,0.29411764705882354,0.45454545454545453,2
reduced_distance_only,Distance-based,5,ChEMBL__Joinable__assays_vertical_30_ac4_ev,210,6,1.0,0.5,0.6666666666666666,2
reduced_distance_only,Distance-based,5,TPC-DI__Semantically-Joinable__prospect_both_50_1_ac4_av,132,1,1.0,1.0,1.0,2
reduced_distance_only,Distance-based,5,TPC-DI__View-Unionable__prospect_both_0_70_ec_ev,342,15,1.0,0.6,0.75,2
reduced_distance_only,Distance-based,5,TPC-DI__Semantically-Joinable__prospect_both_50_1_ac5_av,132,1,0.3333333333333333,1.0,0.5,2
reduced_distance_only,Distance-based,5,Wikidata__Musicians__Musicians_joinable,169,6,1.0,0.8333333333333334,0.9090909090909091,2
reduced_distance_only,Distance-based,5,ChEMBL__View-Unionable__assays_both_0_50_ac5_av,289,11,1.0,0.2727272727272727,0.42857142857142855,2
reduced_distance_only,Distance-based,5,TPC-DI__Semantically-Joinable__prospect_both_50_30_ac1_av,196,6,1.0,0.5,0.6666666666666666,2
reduced_distance_only,Distance-based,5,OpenData__Unionable__miller2_horizontal_100_ac1_av,2601,51,1.0,0.5686274509803921,0.725,2
reduced_distance_only,Distance-based,5,ChEMBL__Joinable__assays_vertical_70_ac1_ev,380,16,1.0,0.75,0.8571428571428571,2
reduced_distance_only,Distance-based,5,ChEMBL__Joinable__assays_vertical_70_ac2_ev,380,16,0.9,0.5625,0.6923076923076923,2
reduced_distance_only,Distance-based,5,TPC-DI__Semantically-Joinable__prospect_both_50_50_ac3_av,272,11,0.3333333333333333,0.18181818181818182,0.23529411764705882,2
reduced_distance_only,Distance-based,5,ChEMBL__Joinable__assays_vertical_70_ac5_ev,380,16,1.0,0.5625,0.72,2
reduced_distance_only,Distance-based,5,ChEMBL__View-Unionable__assays_both_0_70_ac4_av,380,16,0.3333333333333333,0.25,0.2857142857142857,2
reduced_distance_only,Distance-based,5,OpenData__Unionable__miller2_horizontal_100_ec_av,2601,51,1.0,0.9411764705882353,0.9696969696969697,2
reduced_distance_only,Distance-based,5,ChEMBL__View-Unionable__assays_both_0_70_ec_ev,380,16,1.0,0.9375,0.967741935483871,2
reduced_distance_only,Distance-based,5,OpenData__Unionable__miller2_horizontal_50_ac1_ev,2601,51,1.0,0.5686274509803921,0.725,2
reduced_distance_only,Distance-based,5,Magellan__beeradvo_ratebeer,25,5,0.0,0.0,0.0,2
reduced_distance_only,Distance-based,5,OpenData__Unionable__miller2_horizontal_50_ac3_ev,2601,51,1.0,0.29411764705882354,0.45454545454545453,2
reduced_distance_only,Distance-based,5,ChEMBL__Semantically-Joinable__assays_both_50_30_ac4_av,210,6,0.75,0.5,0.6,2
reduced_distance_only,Distance-based,5,ChEMBL__Semantically-Joinable__assays_both_50_30_ec_av,210,6,0.8,0.6666666666666666,0.7272727272727273,2
reduced_distance_only,Distance-based,5,TPC-DI__Semantically-Joinable__prospect_vertical_1_ac5_av,132,1,0.5,1.0,0.6666666666666666,2
reduced_distance_only,Distance-based,5,ChEMBL__Semantically-Joinable__assays_both_50_50_ac1_av,289,11,0.625,0.45454545454545453,0.5263157894736842,2
reduced_distance_only,Distance-based,5,TPC-DI__Semantically-Joinable__prospect_vertical_30_ac1_av,196,6,0.75,0.5,0.6,2
reduced_distance_only,Distance-based,5,OpenData__Joinable__miller2_both_50_1_ac5_ev,676,1,1.0,1.0,1.0,2
reduced_distance_only,Distance-based,5,TPC-DI__Semantically-Joinable__prospect_vertical_30_ac3_av,196,6,0.6666666666666666,0.3333333333333333,0.4444444444444444,2
reduced_distance_only,Distance-based,5,OpenData__Joinable__miller2_both_50_30_ac2_ev,1089,15,0.46153846153846156,0.4,0.42857142857142855,2
reduced_distance_only,Distance-based,5,OpenData__Joinable__miller2_both_50_30_ac4_ev,1089,15,0.11764705882352941,0.13333333333333333,0.125,2
reduced_distance_only,Distance-based,5,ChEMBL__Semantically-Joinable__assays_both_50_70_ac5_av,380,16,0.4166666666666667,0.3125,0.35714285714285715,2
reduced_distance_only,Distance-based,5,OpenData__Joinable__miller2_both_50_50_ac1_ev,1444,25,1.0,0.6,0.75,2
reduced_distance_only,Distance-based,5,OpenData__View -Unionable__miller2_both_0_1_ec_av,676,1,1.0,1.0,1.0,2
reduced_distance_only,Distance-based,5,ChEMBL__Semantically-Joinable__assays_vertical_1_ac3_av,144,1,0.0,0.0,0.0,2
reduced_distance_only,Distance-based,5,OpenData__View -Unionable__miller2_both_0_1_ec_ev,676,1,1.0,1.0,1.0,2
reduced_distance_only,Distance-based,5,OpenData__Joinable__miller2_both_50_50_ec_ev,1444,25,1.0,0.92,0.9583333333333334,2
reduced_distance_only,Distance-based,5,TPC-DI__Semantically-Joinable__prospect_vertical_70_ac5_av,342,15,0.6,0.2,0.3,2
reduced_distance_only,Distance-based,5,ChEMBL__Semantically-Joinable__assays_vertical_30_ac1_av,210,6,0.8,0.6666666666666666,0.7272727272727273,2
reduced_distance_only,Distance-based,5,ChEMBL__Semantically-Joinable__assays_vertical_30_ac2_av,210,6,0.3333333333333333,0.16666666666666666,0.2222222222222222,2
reduced_distance_only,Distance-based,5,OpenData__Joinable__miller2_both_50_70_ac4_ev,1849,35,0.5263157894736842,0.2857142857142857,0.37037037037037035,2
reduced_distance_only,Distance-based,5,OpenData__View -Unionable__miller2_both_0_30_ac3_ev,1089,15,1.0,0.3333333333333333,0.5,2
reduced_distance_only,Distance-based,5,ChEMBL__Semantically-Joinable__assays_vertical_30_ac4_av,210,6,0.16666666666666666,0.16666666666666666,0.16666666666666666,2
reduced_distance_only,Distance-based,5,OpenData__View -Unionable__miller2_both_0_30_ac4_ev,1089,15,0.75,0.4,0.5217391304347826,2
reduced_distance_only,Distance-based,5,OpenData__View -Unionable__miller2_both_0_30_ac5_ev,1089,15,1.0,0.2,0.3333333333333333,2
reduced_distance_only,Distance-based,5,ChEMBL__Semantically-Joinable__assays_vertical_70_ec_av,380,16,0.9166666666666666,0.6875,0.7857142857142857,2
reduced_distance_only,Distance-based,5,TPC-DI__Unionable__prospect_horizontal_100_ac3_av,484,22,1.0,0.22727272727272727,0.37037037037037035,2
reduced_distance_only,Distance-based,5,TPC-DI__Unionable__prospect_horizontal_100_ac3_ev,484,22,1.0,0.22727272727272727,0.37037037037037035,2
reduced_distance_only,Distance-based,5,OpenData__Joinable__miller2_vertical_50_ac4_ev,1444,25,0.391304347826087,0.36,0.375,2
reduced_distance_only,Distance-based,5,OpenData__View -Unionable__miller2_both_0_70_ac2_av,1849,35,0.2857142857142857,0.17142857142857143,0.21428571428571427,2
reduced_distance_only,Distance-based,5,ChEMBL__Unionable__assays_horizontal_0_ac4_av,529,23,0.6666666666666666,0.34782608695652173,0.45714285714285713,2
reduced_distance_only,Distance-based,5,TPC-DI__Unionable__prospect_horizontal_100_ec_ev,484,22,1.0,0.7272727272727273,0.8421052631578947,2
reduced_distance_only,Distance-based,5,OpenData__Joinable__miller2_vertical_70_ac3_ev,1849,35,0.7647058823529411,0.37142857142857144,0.5,2
reduced_distance_only,Distance-based,5,OpenData__Joinable__miller2_vertical_70_ec_ev,1849,35,0.9459459459459459,1.0,0.9722222222222222,2
reduced_distance_only,Distance-based,5,TPC-DI__Unionable__prospect_horizontal_50_ac3_av,484,22,1.0,0.22727272727272727,0.37037037037037035,2
reduced_distance_only,Distance-based,5,OpenData__Semantically-Joinable__miller2_both_50_1_ac2_av,676,1,0.0,0.0,0.0,2
reduced_distance_only,Distance-based,5,ChEMBL__Unionable__assays_horizontal_100_ac3_av,529,23,1.0,0.2608695652173913,0.41379310344827586,2
reduced_distance_only,Distance-based,5,TPC-DI__Joinable__prospect_both_50_1_ac5_ev,132,1,1.0,1.0,1.0,2
reduced_distance_only,Distance-based,5,TPC-DI__View-Unionable__prospect_both_0_1_ac1_av,132,1,0.5,1.0,0.6666666666666666,2
reduced_distance_only,Distance-based,5,TPC-DI__View-Unionable__prospect_both_0_1_ac2_av,132,1,1.0,1.0,1.0,2
reduced_distance_only,Distance-based,5,ChEMBL__Unionable__assays_horizontal_100_ec_av,529,23,1.0,0.9130434782608695,0.9545454545454546,2
reduced_distance_only,Distance-based,5,TPC-DI__View-Unionable__prospect_both_0_1_ac4_av,132,1,0.5,1.0,0.6666666666666666,2
reduced_distance_only,Distance-based,5,ChEMBL__Unionable__assays_horizontal_50_ac2_ev,529,23,0.8333333333333334,0.21739130434782608,0.3448275862068966,2
reduced_distance_only,Distance-based,5,TPC-DI__View-Unionable__prospect_both_0_1_ec_av,132,1,1.0,1.0,1.0,2
reduced_distance_only,Distance-based,5,ChEMBL__Unionable__assays_horizontal_50_ac4_av,529,23,0.7,0.30434782608695654,0.42424242424242425,2
reduced_distance_only,Distance-based,5,OpenData__Semantically-Joinable__miller2_both_50_70_ac2_av,1849,35,0.1875,0.17142857142857143,0.1791044776119403,2
reduced_distance_only,Distance-based,5,TPC-DI__Joinable__prospect_both_50_50_ac5_ev,272,11,1.0,0.36363636363636365,0.5333333333333333,2
