config,feature_set,fold_id,pair_id,n_rows,n_pos,precision,recall,f1,n_features
reduced_distance_topological,Distance-based + Topological,0,ChEMBL__Unionable__assays_horizontal_50_ac5_av,529,23,1.0,0.34782608695652173,0.5161290322580645,3
reduced_distance_topological,Distance-based + Topological,0,OpenData__Semantically-Joinable__miller2_both_50_70_ac4_av,1849,35,0.21621621621621623,0.22857142857142856,0.2222222222222222,3
reduced_distance_topological,Distance-based + Topological,0,TPC-DI__Joinable__prospect_both_50_50_ec_ev,272,11,1.0,0.6363636363636364,0.7777777777777778,3
reduced_distance_topological,Distance-based + Topological,0,TPC-DI__View-Unionable__prospect_both_0_30_ac1_ev,196,6,1.0,0.6666666666666666,0.8,3
reduced_distance_topological,Distance-based + Topological,0,ChEMBL__Joinable__assays_both_50_1_ac2_ev,144,1,1.0,1.0,1.0,3
reduced_distance_topological,Distance-based + Topological,0,ChEMBL__Unionable__assays_horizontal_50_ac5_ev,529,23,1.0,0.34782608695652173,0.5161290322580645,3
reduced_distance_topological,Distance-based + Topological,0,ChEMBL__Joinable__assays_both_50_1_ac3_ev,144,1,0.0,0.0,0.0,3
reduced_distance_topological,Distance-based + Topological,0,TPC-DI__View-Unionable__prospect_both_0_30_ac2_ev,196,6,0.6666666666666666,0.3333333333333333,0.4444444444444444,3
reduced_distance_topological,Distance-based + Topological,0,OpenData__Semantically-Joinable__miller2_vertical_1_ac4_av,676,1,0.0,0.0,0.0,3
reduced_distance_topological,Distance-based + Topological,0,TPC-DI__Joinable__prospect_both_50_70_ec_ev,342,15,1.0,0.6666666666666666,0.8,3
reduced_distance_topological,Distance-based + Topological,0,ChEMBL__View-Unionable__assays_both_0_1_ac2_ev,144,1,0.3333333333333333,1.0,0.5,3
reduced_distance_topological,Distance-based + Topological,0,TPC-DI__Joinable__prospect_vertical_1_ac2_ev,132,1,1.0,1.0,1.0,3
reduced_distance_topological,Distance-based + Topological,0,TPC-DI__View-Unionable__prospect_both_0_30_ec_av,196,6,1.0,0.8333333333333334,0.9090909090909091,3
reduced_distance_topological,Distance-based + Topological,0,OpenData__Semantically-Joinable__miller2_vertical_30_ac2_av,1089,15,0.36363636363636365,0.26666666666666666,0.3076923076923077,3
reduced_distance_topological,Distance-based + Topological,0,ChEMBL__Joinable__assays_both_50_30_ec_ev,210,6,1.0,1.0,1.0,3
reduced_distance_topological,Distance-based + Topological,0,TPC-DI__View-Unionable__prospect_both_0_50_ac1_av,272,11,0.6,0.2727272727272727,0.375,3
reduced_distance_topological,Distance-based + Topological,0,TPC-DI__Joinable__prospect_vertical_1_ec_ev,132,1,1.0,1.0,1.0,3
reduced_distance_topological,Distance-based + Topological,0,TPC-DI__View-Unionable__prospect_both_0_50_ac1_ev,272,11,1.0,0.7272727272727273,0.8421052631578947,3
reduced_distance_topological,Distance-based + Topological,0,ChEMBL__View-Unionable__assays_both_0_30_ac1_av,210,6,1.0,0.5,0.6666666666666666,3
reduced_distance_topological,Distance-based + Topological,0,OpenData__Semantically-Joinable__miller2_vertical_50_ac3_av,1444,25,0.4,0.24,0.3,3
reduced_distance_topological,Distance-based + Topological,0,ChEMBL__View-Unionable__assays_both_0_30_ac2_av,210,6,1.0,0.16666666666666666,0.2857142857142857,3
reduced_distance_topological,Distance-based + Topological,0,OpenData__Semantically-Joinable__miller2_vertical_50_ac4_av,1444,25,0.2,0.16,0.17777777777777778,3
reduced_distance_topological,Distance-based + Topological,0,OpenData__Semantically-Joinable__miller2_vertical_50_ac5_av,1444,25,0.16666666666666666,0.24,0.19672131147540983,3
reduced_distance_topological,Distance-based + Topological,0,TPC-DI__Joinable__prospect_vertical_50_ac1_ev,272,11,1.0,0.7272727272727273,0.8421052631578947,3
reduced_distance_topological,Distance-based + Topological,0,ChEMBL__Joinable__assays_both_50_70_ac3_ev,380,16,1.0,0.25,0.4,3
reduced_distance_topological,Distance-based + Topological,0,ChEMBL__Joinable__assays_both_50_70_ac4_ev,380,16,0.6666666666666666,0.25,0.36363636363636365,3
reduced_distance_topological,Distance-based + Topological,0,OpenData__Semantically-Joinable__miller2_vertical_70_ac2_av,1849,35,0.3333333333333333,0.34285714285714286,0.3380281690140845,3
reduced_distance_topological,Distance-based + Topological,0,ChEMBL__Joinable__assays_both_50_70_ec_ev,380,16,1.0,0.625,0.7692307692307693,3
reduced_distance_topological,Distance-based + Topological,0,TPC-DI__Joinable__prospect_vertical_50_ac5_ev,272,11,1.0,0.2727272727272727,0.42857142857142855,3
reduced_distance_topological,Distance-based + Topological,0,OpenData__Semantically-Joinable__miller2_vertical_70_ac4_av,1849,35,0.22727272727272727,0.2857142857142857,0.25316455696202533,3
reduced_distance_topological,Distance-based + Topological,0,TPC-DI__Joinable__prospect_vertical_50_ec_ev,272,11,1.0,0.9090909090909091,0.9523809523809523,3
reduced_distance_topological,Distance-based + Topological,0,TPC-DI__Joinable__prospect_vertical_70_ac1_ev,342,15,1.0,0.6666666666666666,0.8,3
reduced_distance_topological,Distance-based + Topological,0,ChEMBL__View-Unionable__assays_both_0_30_ec_av,210,6,1.0,0.5,0.6666666666666666,3
reduced_distance_topological,Distance-based + Topological,0,OpenData__Unionable__miller2_horizontal_0_ac1_ev,2601,51,1.0,0.4117647058823529,0.5833333333333334,3
reduced_distance_topological,Distance-based + Topological,0,TPC-DI__Joinable__prospect_vertical_70_ac4_ev,342,15,1.0,0.3333333333333333,0.5,3
reduced_distance_topological,Distance-based + Topological,0,TPC-DI__View-Unionable__prospect_both_0_70_ac3_ev,342,15,1.0,0.3333333333333333,0.5,3
reduced_distance_topological,Distance-based + Topological,0,ChEMBL__Joinable__assays_vertical_1_ec_ev,144,1,1.0,1.0,1.0,3
reduced_distance_topological,Distance-based + Topological,0,OpenData__Unionable__miller2_horizontal_0_ac2_av,2601,51,0.7307692307692307,0.37254901960784315,0.4935064935064935,3
reduced_distance_topological,Distance-based + Topological,0,TPC-DI__View-Unionable__prospect_both_0_70_ac4_ev,342,15,1.0,0.2,0.3333333333333333,3
reduced_distance_topological,Distance-based + Topological,0,ChEMBL__Joinable__assays_vertical_30_ac3_ev,210,6,1.0,0.5,0.6666666666666666,3
reduced_distance_topological,Distance-based + Topological,0,ChEMBL__View-Unionable__assays_both_0_50_ac3_av,289,11,1.0,0.18181818181818182,0.3076923076923077,3
reduced_distance_topological,Distance-based + Topological,0,TPC-DI__View-Unionable__prospect_both_0_70_ac5_ev,342,15,1.0,0.26666666666666666,0.42105263157894735,3
reduced_distance_topological,Distance-based + Topological,0,ChEMBL__View-Unionable__assays_both_0_50_ac3_ev,289,11,1.0,0.2727272727272727,0.42857142857142855,3
reduced_distance_topological,Distance-based + Topological,0,ChEMBL__Joinable__assays_vertical_30_ec_ev,210,6,1.0,1.0,1.0,3
reduced_distance_topological,Distance-based + Topological,0,ChEMBL__View-Unionable__assays_both_0_50_ac4_ev,289,11,1.0,0.36363636363636365,0.5333333333333333,3
reduced_distance_topological,Distance-based + Topological,0,ChEMBL__Joinable__assays_vertical_50_ac2_ev,289,11,0.75,0.2727272727272727,0.4,3
reduced_distance_topological,Distance-based + Topological,0,Wikidata__Musicians__Musicians_unionable,400,19,0.9411764705882353,0.8421052631578947,0.8888888888888888,3
reduced_distance_topological,Distance-based + Topological,0,ChEMBL__Joinable__assays_vertical_50_ac4_ev,289,11,0.8333333333333334,0.45454545454545453,0.5882352941176471,3
reduced_distance_topological,Distance-based + Topological,0,ChEMBL__View-Unionable__assays_both_0_50_ec_ev,289,11,1.0,0.6363636363636364,0.7777777777777778,3
reduced_distance_topological,Distance-based + Topological,0,ChEMBL__View-Unionable__assays_both_0_70_ac1_av,380,16,1.0,0.5,0.6666666666666666,3
reduced_distance_topological,Distance-based + Topological,0,OpenData__Unionable__miller2_horizontal_100_ac1_ev,2601,51,1.0,0.4117647058823529,0.5833333333333334,3
reduced_distance_topological,Distance-based + Topological,0,ChEMBL__Joinable__assays_vertical_50_ec_ev,289,11,1.0,0.9090909090909091,0.9523809523809523,3
reduced_distance_topological,Distance-based + Topological,0,ChEMBL__View-Unionable__assays_both_0_70_ac2_av,380,16,0.8333333333333334,0.3125,0.45454545454545453,3
reduced_distance_topological,Distance-based + Topological,0,TPC-DI__Semantically-Joinable__prospect_both_50_50_ac1_av,272,11,1.0,0.2727272727272727,0.42857142857142855,3
reduced_distance_topological,Distance-based + Topological,0,ChEMBL__Joinable__assays_vertical_70_ac3_ev,380,16,1.0,0.25,0.4,3
reduced_distance_topological,Distance-based + Topological,0,OpenData__Unionable__miller2_horizontal_100_ac3_ev,2601,51,1.0,0.2549019607843137,0.40625,3
reduced_distance_topological,Distance-based + Topological,0,ChEMBL__View-Unionable__assays_both_0_70_ac3_ev,380,16,1.0,0.25,0.4,3
reduced_distance_topological,Distance-based + Topological,0,OpenData__Unionable__miller2_horizontal_100_ac4_ev,2601,51,0.5625,0.17647058823529413,0.26865671641791045,3
reduced_distance_topological,Distance-based + Topological,0,TPC-DI__Semantically-Joinable__prospect_both_50_50_ac4_av,272,11,0.2857142857142857,0.18181818181818182,0.2222222222222222,3
reduced_distance_topological,Distance-based + Topological,0,ChEMBL__Joinable__assays_vertical_70_ec_ev,380,16,1.0,0.9375,0.967741935483871,3
reduced_distance_topological,Distance-based + Topological,0,ChEMBL__View-Unionable__assays_both_0_70_ac4_ev,380,16,0.8333333333333334,0.3125,0.45454545454545453,3
reduced_distance_topological,Distance-based + Topological,0,TPC-DI__Semantically-Joinable__prospect_both_50_50_ac5_av,272,11,0.2857142857142857,0.18181818181818182,0.2222222222222222,3
reduced_distance_topological,Distance-based + Topological,0,ChEMBL__View-Unionable__assays_both_0_70_ac5_av,380,16,0.3076923076923077,0.25,0.27586206896551724,3
reduced_distance_topological,Distance-based + Topological,0,OpenData__Unionable__miller2_horizontal_100_ac5_ev,2601,51,1.0,0.29411764705882354,0.45454545454545453,3
reduced_distance_topological,Distance-based + Topological,0,ChEMBL__Semantically-Joinable__assays_both_50_1_ac2_av,144,1,1.0,1.0,1.0,3
reduced_distance_topological,Distance-based + Topological,0,ChEMBL__View-Unionable__assays_both_0_70_ac5_ev,380,16,1.0,0.4375,0.6086956521739131,3
reduced_distance_topological,Distance-based + Topological,0,TPC-DI__Semantically-Joinable__prospect_both_50_70_ac1_av,342,15,0.7777777777777778,0.4666666666666667,0.5833333333333334,3
reduced_distance_topological,Distance-based + Topological,0,ChEMBL__View-Unionable__assays_both_0_70_ec_av,380,16,0.9230769230769231,0.75,0.8275862068965517,3
reduced_distance_topological,Distance-based + Topological,0,ChEMBL__Semantically-Joinable__assays_both_50_1_ac4_av,144,1,0.3333333333333333,1.0,0.5,3
reduced_distance_topological,Distance-based + Topological,0,OpenData__Unionable__miller2_horizontal_50_ac1_av,2601,51,1.0,0.4117647058823529,0.5833333333333334,3
reduced_distance_topological,Distance-based + Topological,0,ChEMBL__Semantically-Joinable__assays_both_50_1_ec_av,144,1,1.0,1.0,1.0,3
reduced_distance_topological,Distance-based + Topological,0,TPC-DI__Semantically-Joinable__prospect_both_50_70_ac5_av,342,15,0.4444444444444444,0.26666666666666666,0.3333333333333333,3
reduced_distance_topological,Distance-based + Topological,0,ChEMBL__Semantically-Joinable__assays_both_50_30_ac1_av,210,6,1.0,0.6666666666666666,0.8,3
reduced_distance_topological,Distance-based + Topological,0,Magellan__dblp_acm,25,5,1.0,0.6,0.75,3
reduced_distance_topological,Distance-based + Topological,0,ChEMBL__Semantically-Joinable__assays_both_50_30_ac2_av,210,6,1.0,0.3333333333333333,0.5,3
reduced_distance_topological,Distance-based + Topological,0,Magellan__dblp_scholar,25,5,1.0,0.4,0.5714285714285714,3
reduced_distance_topological,Distance-based + Topological,0,OpenData__Unionable__miller2_horizontal_50_ac3_av,2601,51,1.0,0.2549019607843137,0.40625,3
reduced_distance_topological,Distance-based + Topological,0,TPC-DI__Semantically-Joinable__prospect_vertical_1_ac2_av,132,1,1.0,1.0,1.0,3
reduced_distance_topological,Distance-based + Topological,0,OpenData__Unionable__miller2_horizontal_50_ac4_av,2601,51,0.5185185185185185,0.27450980392156865,0.358974358974359,3
reduced_distance_topological,Distance-based + Topological,0,TPC-DI__Semantically-Joinable__prospect_vertical_1_ac4_av,132,1,1.0,1.0,1.0,3
reduced_distance_topological,Distance-based + Topological,0,OpenData__Joinable__miller2_both_50_1_ac1_ev,676,1,1.0,1.0,1.0,3
reduced_distance_topological,Distance-based + Topological,0,OpenData__Joinable__miller2_both_50_1_ac2_ev,676,1,0.16666666666666666,1.0,0.2857142857142857,3
reduced_distance_topological,Distance-based + Topological,0,OpenData__Unionable__miller2_horizontal_50_ac5_ev,2601,51,1.0,0.29411764705882354,0.45454545454545453,3
reduced_distance_topological,Distance-based + Topological,0,TPC-DI__Semantically-Joinable__prospect_vertical_1_ec_av,132,1,1.0,1.0,1.0,3
reduced_distance_topological,Distance-based + Topological,0,ChEMBL__Semantically-Joinable__assays_both_50_50_ac2_av,289,11,0.75,0.2727272727272727,0.4,3
reduced_distance_topological,Distance-based + Topological,0,OpenData__Joinable__miller2_both_50_1_ac3_ev,676,1,1.0,1.0,1.0,3
reduced_distance_topological,Distance-based + Topological,0,OpenData__Unionable__miller2_horizontal_50_ec_ev,2601,51,1.0,0.8823529411764706,0.9375,3
reduced_distance_topological,Distance-based + Topological,0,ChEMBL__Semantically-Joinable__assays_both_50_50_ac5_av,289,11,0.5,0.2727272727272727,0.35294117647058826,3
reduced_distance_topological,Distance-based + Topological,0,ChEMBL__Semantically-Joinable__assays_both_50_50_ec_av,289,11,1.0,0.8181818181818182,0.9,3
reduced_distance_topological,Distance-based + Topological,0,TPC-DI__Semantically-Joinable__prospect_vertical_30_ac5_av,196,6,0.6666666666666666,0.3333333333333333,0.4444444444444444,3
reduced_distance_topological,Distance-based + Topological,0,OpenData__View -Unionable__miller2_both_0_1_ac2_ev,676,1,0.2,1.0,0.3333333333333333,3
reduced_distance_topological,Distance-based + Topological,0,OpenData__View -Unionable__miller2_both_0_1_ac3_av,676,1,0.0,0.0,0.0,3
reduced_distance_topological,Distance-based + Topological,0,TPC-DI__Semantically-Joinable__prospect_vertical_50_ac1_av,272,11,1.0,0.36363636363636365,0.5333333333333333,3
reduced_distance_topological,Distance-based + Topological,0,TPC-DI__Semantically-Joinable__prospect_vertical_50_ac2_av,272,11,0.5,0.18181818181818182,0.26666666666666666,3
reduced_distance_topological,Distance-based + Topological,0,OpenData__Joinable__miller2_both_50_30_ec_ev,1089,15,1.0,0.7333333333333333,0.8461538461538461,3
reduced_distance_topological,Distance-based + Topological,0,TPC-DI__Semantically-Joinable__prospect_vertical_50_ac4_av,272,11,0.25,0.18181818181818182,0.21052631578947367,3
reduced_distance_topological,Distance-based + Topological,0,TPC-DI__Semantically-Joinable__prospect_vertical_50_ec_av,272,11,1.0,0.7272727272727273,0.8421052631578947,3
reduced_distance_topological,Distance-based + Topological,0,TPC-DI__Semantically-Joinable__prospect_vertical_70_ac2_av,342,15,0.5,0.3333333333333333,0.4,3
reduced_distance_topological,Distance-based + Topological,0,OpenData__Joinable__miller2_both_50_50_ac5_ev,1444,25,1.0,0.16,0.27586206896551724,3
reduced_distance_topological,Distance-based + Topological,0,ChEMBL__Semantically-Joinable__assays_vertical_1_ac5_av,144,1,1.0,1.0,1.0,3
reduced_distance_topological,Distance-based + Topological,0,OpenData__Joinable__miller2_both_50_70_ac1_ev,1849,35,1.0,0.42857142857142855,0.6,3
reduced_distance_topological,Distance-based + Topological,0,OpenData__View -Unionable__miller2_both_0_30_ac3_av,1089,15,0.23076923076923078,0.2,0.21428571428571427,3
reduced_distance_topological,Distance-based + Topological,0,TPC-DI__Unionable__prospect_horizontal_0_ac1_av,484,22,1.0,0.5,0.6666666666666666,3
reduced_distance_topological,Distance-based + Topological,0,OpenData__Joinable__miller2_both_50_70_ac5_ev,1849,35,1.0,0.3142857142857143,0.4782608695652174,3
reduced_distance_topological,Distance-based + Topological,0,OpenData__View -Unionable__miller2_both_0_30_ac4_av,1089,15,0.2857142857142857,0.26666666666666666,0.27586206896551724,3
reduced_distance_topological,Distance-based + Topological,0,ChEMBL__Semantically-Joinable__assays_vertical_30_ac5_av,210,6,1.0,0.3333333333333333,0.5,3
reduced_distance_topological,Distance-based + Topological,0,TPC-DI__Unionable__prospect_horizontal_0_ac2_ev,484,22,1.0,0.36363636363636365,0.5333333333333333,3
reduced_distance_topological,Distance-based + Topological,0,ChEMBL__Semantically-Joinable__assays_vertical_30_ec_av,210,6,0.7142857142857143,0.8333333333333334,0.7692307692307693,3
reduced_distance_topological,Distance-based + Topological,0,OpenData__View -Unionable__miller2_both_0_30_ac5_av,1089,15,0.13636363636363635,0.2,0.16216216216216217,3
reduced_distance_topological,Distance-based + Topological,0,TPC-DI__Unionable__prospect_horizontal_0_ac3_av,484,22,1.0,0.3181818181818182,0.4827586206896552,3
reduced_distance_topological,Distance-based + Topological,0,TPC-DI__Unionable__prospect_horizontal_0_ac4_av,484,22,0.75,0.2727272727272727,0.4,3
reduced_distance_topological,Distance-based + Topological,0,OpenData__Joinable__miller2_vertical_1_ac4_ev,676,1,0.0,0.0,0.0,3
reduced_distance_topological,Distance-based + Topological,0,ChEMBL__Semantically-Joinable__assays_vertical_50_ac4_av,289,11,0.6666666666666666,0.18181818181818182,0.2857142857142857,3
reduced_distance_topological,Distance-based + Topological,0,ChEMBL__Semantically-Joinable__assays_vertical_50_ac5_av,289,11,0.5,0.2727272727272727,0.35294117647058826,3
reduced_distance_topological,Distance-based + Topological,0,OpenData__View -Unionable__miller2_both_0_50_ac2_av,1444,25,0.35294117647058826,0.24,0.2857142857142857,3
reduced_distance_topological,Distance-based + Topological,0,OpenData__Joinable__miller2_vertical_30_ac2_ev,1089,15,0.6666666666666666,0.5333333333333333,0.5925925925925926,3
reduced_distance_topological,Distance-based + Topological,0,OpenData__View -Unionable__miller2_both_0_50_ac2_ev,1444,25,0.75,0.48,0.5853658536585366,3
reduced_distance_topological,Distance-based + Topological,0,TPC-DI__Unionable__prospect_horizontal_0_ec_ev,484,22,1.0,0.6363636363636364,0.7777777777777778,3
reduced_distance_topological,Distance-based + Topological,0,ChEMBL__Semantically-Joinable__assays_vertical_70_ac2_av,380,16,0.8333333333333334,0.3125,0.45454545454545453,3
reduced_distance_topological,Distance-based + Topological,0,OpenData__Joinable__miller2_vertical_30_ac3_ev,1089,15,1.0,0.3333333333333333,0.5,3
reduced_distance_topological,Distance-based + Topological,0,OpenData__View -Unionable__miller2_both_0_50_ac3_ev,1444,25,1.0,0.24,0.3870967741935484,3
reduced_distance_topological,Distance-based + Topological,0,TPC-DI__Unionable__prospect_horizontal_100_ac2_ev,484,22,1.0,0.2727272727272727,0.42857142857142855,3
reduced_distance_topological,Distance-based + Topological,0,OpenData__Joinable__miller2_vertical_50_ac1_ev,1444,25,1.0,0.44,0.6111111111111112,3
reduced_distance_topological,Distance-based + Topological,0,OpenData__View -Unionable__miller2_both_0_50_ac5_av,1444,25,0.3684210526315789,0.28,0.3181818181818182,3
reduced_distance_topological,Distance-based + Topological,0,ChEMBL__Unionable__assays_horizontal_0_ac1_av,529,23,0.9375,0.6521739130434783,0.7692307692307693,3
reduced_distance_topological,Distance-based + Topological,0,OpenData__View -Unionable__miller2_both_0_50_ac5_ev,1444,25,1.0,0.2,0.3333333333333333,3
reduced_distance_topological,Distance-based + Topological,0,OpenData__Joinable__miller2_vertical_50_ac3_ev,1444,25,0.8,0.32,0.45714285714285713,3
reduced_distance_topological,Distance-based + Topological,0,OpenData__View -Unionable__miller2_both_0_50_ec_av,1444,25,1.0,0.72,0.8372093023255814,3
reduced_distance_topological,Distance-based + Topological,0,ChEMBL__Unionable__assays_horizontal_0_ac2_av,529,23,0.7142857142857143,0.21739130434782608,0.3333333333333333,3
reduced_distance_topological,Distance-based + Topological,0,ChEMBL__Unionable__assays_horizontal_0_ac2_ev,529,23,0.875,0.30434782608695654,0.45161290322580644,3
reduced_distance_topological,Distance-based + Topological,0,TPC-DI__Unionable__prospect_horizontal_100_ac5_av,484,22,1.0,0.2727272727272727,0.42857142857142855,3
reduced_distance_topological,Distance-based + Topological,0,ChEMBL__Unionable__assays_horizontal_0_ac3_av,529,23,1.0,0.17391304347826086,0.2962962962962963,3
reduced_distance_topological,Distance-based + Topological,0,OpenData__Joinable__miller2_vertical_50_ec_ev,1444,25,1.0,1.0,1.0,3
reduced_distance_topological,Distance-based + Topological,0,OpenData__Joinable__miller2_vertical_70_ac2_ev,1849,35,0.8571428571428571,0.5142857142857142,0.6428571428571429,3
reduced_distance_topological,Distance-based + Topological,0,ChEMBL__Unionable__assays_horizontal_0_ac4_ev,529,23,0.8,0.34782608695652173,0.48484848484848486,3
reduced_distance_topological,Distance-based + Topological,0,OpenData__Joinable__miller2_vertical_70_ac4_ev,1849,35,0.631578947368421,0.34285714285714286,0.4444444444444444,3
reduced_distance_topological,Distance-based + Topological,0,OpenData__View -Unionable__miller2_both_0_70_ac3_ev,1849,35,1.0,0.2857142857142857,0.4444444444444444,3
reduced_distance_topological,Distance-based + Topological,0,TPC-DI__Unionable__prospect_horizontal_50_ac1_ev,484,22,1.0,0.5,0.6666666666666666,3
reduced_distance_topological,Distance-based + Topological,0,OpenData__View -Unionable__miller2_both_0_70_ac4_av,1849,35,0.22727272727272727,0.2857142857142857,0.25316455696202533,3
reduced_distance_topological,Distance-based + Topological,0,ChEMBL__Unionable__assays_horizontal_0_ec_ev,529,23,1.0,0.6086956521739131,0.7567567567567568,3
reduced_distance_topological,Distance-based + Topological,0,OpenData__Semantically-Joinable__miller2_both_50_1_ac1_av,676,1,1.0,1.0,1.0,3
reduced_distance_topological,Distance-based + Topological,0,TPC-DI__Unionable__prospect_horizontal_50_ac3_ev,484,22,1.0,0.3181818181818182,0.4827586206896552,3
reduced_distance_topological,Distance-based + Topological,0,OpenData__Semantically-Joinable__miller2_both_50_1_ac4_av,676,1,0.0,0.0,0.0,3
reduced_distance_topological,Distance-based + Topological,0,OpenData__View -Unionable__miller2_both_0_70_ec_ev,1849,35,1.0,0.9428571428571428,0.9705882352941176,3
reduced_distance_topological,Distance-based + Topological,0,TPC-DI__Unionable__prospect_horizontal_50_ac4_ev,484,22,1.0,0.3181818181818182,0.4827586206896552,3
reduced_distance_topological,Distance-based + Topological,0,OpenData__Semantically-Joinable__miller2_both_50_1_ac5_av,676,1,0.0,0.0,0.0,3
reduced_distance_topological,Distance-based + Topological,0,TPC-DI__Unionable__prospect_horizontal_50_ac5_av,484,22,1.0,0.2727272727272727,0.42857142857142855,3
reduced_distance_topological,Distance-based + Topological,0,OpenData__Semantically-Joinable__miller2_both_50_1_ec_av,676,1,1.0,1.0,1.0,3
reduced_distance_topological,Distance-based + Topological,0,TPC-DI__Joinable__prospect_both_50_1_ac2_ev,132,1,1.0,1.0,1.0,3
reduced_distance_topological,Distance-based + Topological,0,ChEMBL__Unionable__assays_horizontal_100_ac4_av,529,23,1.0,0.391304347826087,0.5625,3
reduced_distance_topological,Distance-based + Topological,0,TPC-DI__Joinable__prospect_both_50_1_ac4_ev,132,1,1.0,1.0,1.0,3
reduced_distance_topological,Distance-based + Topological,0,TPC-DI__View-Unionable__prospect_both_0_1_ac1_ev,132,1,1.0,1.0,1.0,3
reduced_distance_topological,Distance-based + Topological,0,OpenData__Semantically-Joinable__miller2_both_50_30_ec_av,1089,15,1.0,0.7333333333333333,0.8461538461538461,3
reduced_distance_topological,Distance-based + Topological,0,TPC-DI__Joinable__prospect_both_50_30_ac2_ev,196,6,1.0,0.6666666666666666,0.8,3
reduced_distance_topological,Distance-based + Topological,0,ChEMBL__Unionable__assays_horizontal_100_ec_ev,529,23,1.0,0.6086956521739131,0.7567567567567568,3
reduced_distance_topological,Distance-based + Topological,0,OpenData__Semantically-Joinable__miller2_both_50_50_ac1_av,1444,25,0.7272727272727273,0.32,0.4444444444444444,3
reduced_distance_topological,Distance-based + Topological,0,TPC-DI__Joinable__prospect_both_50_30_ac3_ev,196,6,1.0,0.5,0.6666666666666666,3
reduced_distance_topological,Distance-based + Topological,0,TPC-DI__View-Unionable__prospect_both_0_1_ac3_av,132,1,0.5,1.0,0.6666666666666666,3
reduced_distance_topological,Distance-based + Topological,0,OpenData__Semantically-Joinable__miller2_both_50_50_ac2_av,1444,25,0.047619047619047616,0.04,0.043478260869565216,3
reduced_distance_topological,Distance-based + Topological,0,TPC-DI__Joinable__prospect_both_50_30_ac5_ev,196,6,1.0,0.5,0.6666666666666666,3
reduced_distance_topological,Distance-based + Topological,0,TPC-DI__Joinable__prospect_both_50_30_ec_ev,196,6,1.0,0.8333333333333334,0.9090909090909091,3
reduced_distance_topological,Distance-based + Topological,0,TPC-DI__View-Unionable__prospect_both_0_1_ac4_ev,132,1,1.0,1.0,1.0,3
reduced_distance_topological,Distance-based + Topological,0,TPC-DI__View-Unionable__prospect_both_0_1_ac5_av,132,1,0.5,1.0,0.6666666666666666,3
reduced_distance_topological,Distance-based + Topological,0,ChEMBL__Unionable__assays_horizontal_50_ac3_av,529,23,1.0,0.17391304347826086,0.2962962962962963,3
reduced_distance_topological,Distance-based + Topological,0,TPC-DI__View-Unionable__prospect_both_0_1_ec_ev,132,1,1.0,1.0,1.0,3
reduced_distance_topological,Distance-based + Topological,0,TPC-DI__View-Unionable__prospect_both_0_30_ac1_av,196,6,0.5,0.5,0.5,3
reduced_distance_topological,Distance-based + Topological,1,ChEMBL__Joinable__assays_both_50_1_ac1_ev,144,1,1.0,1.0,1.0,3
reduced_distance_topological,Distance-based + Topological,1,OpenData__Semantically-Joinable__miller2_both_50_70_ac4_av,1849,35,0.2702702702702703,0.2857142857142857,0.2777777777777778,3
reduced_distance_topological,Distance-based + Topological,1,TPC-DI__View-Unionable__prospect_both_0_30_ac1_ev,196,6,1.0,0.3333333333333333,0.5,3
reduced_distance_topological,Distance-based + Topological,1,ChEMBL__Joinable__assays_both_50_1_ac2_ev,144,1,1.0,1.0,1.0,3
reduced_distance_topological,Distance-based + Topological,1,ChEMBL__Unionable__assays_horizontal_50_ac5_ev,529,23,1.0,0.30434782608695654,0.4666666666666667,3
reduced_distance_topological,Distance-based + Topological,1,TPC-DI__View-Unionable__prospect_both_0_30_ac2_av,196,6,0.5,0.16666666666666666,0.25,3
reduced_distance_topological,Distance-based + Topological,1,ChEMBL__Joinable__assays_both_50_1_ac3_ev,144,1,1.0,1.0,1.0,3
reduced_distance_topological,Distance-based + Topological,1,OpenData__Semantically-Joinable__miller2_both_50_70_ec_av,1849,35,1.0,0.6285714285714286,0.7719298245614035,3
reduced_distance_topological,Distance-based + Topological,1,ChEMBL__Joinable__assays_both_50_1_ac5_ev,144,1,1.0,1.0,1.0,3
reduced_distance_topological,Distance-based + Topological,1,TPC-DI__View-Unionable__prospect_both_0_30_ac3_ev,196,6,1.0,0.6666666666666666,0.8,3
reduced_distance_topological,Distance-based + Topological,1,OpenData__Semantically-Joinable__miller2_vertical_1_ac3_av,676,1,0.0,0.0,0.0,3
reduced_distance_topological,Distance-based + Topological,1,ChEMBL__View-Unionable__assays_both_0_1_ac2_ev,144,1,0.3333333333333333,1.0,0.5,3
reduced_distance_topological,Distance-based + Topological,1,TPC-DI__Joinable__prospect_vertical_1_ac3_ev,132,1,1.0,1.0,1.0,3
reduced_distance_topological,Distance-based + Topological,1,TPC-DI__Joinable__prospect_vertical_1_ac4_ev,132,1,1.0,1.0,1.0,3
reduced_distance_topological,Distance-based + Topological,1,ChEMBL__Joinable__assays_both_50_30_ec_ev,210,6,1.0,0.8333333333333334,0.9090909090909091,3
reduced_distance_topological,Distance-based + Topological,1,OpenData__Semantically-Joinable__miller2_vertical_30_ac3_av,1089,15,0.3333333333333333,0.26666666666666666,0.2962962962962963,3
reduced_distance_topological,Distance-based + Topological,1,TPC-DI__View-Unionable__prospect_both_0_50_ac1_av,272,11,0.8,0.36363636363636365,0.5,3
reduced_distance_topological,Distance-based + Topological,1,ChEMBL__Joinable__assays_both_50_50_ac1_ev,289,11,1.0,0.6363636363636364,0.7777777777777778,3
reduced_distance_topological,Distance-based + Topological,1,OpenData__Semantically-Joinable__miller2_vertical_30_ac4_av,1089,15,0.15384615384615385,0.26666666666666666,0.1951219512195122,3
reduced_distance_topological,Distance-based + Topological,1,TPC-DI__Joinable__prospect_vertical_1_ec_ev,132,1,1.0,1.0,1.0,3
reduced_distance_topological,Distance-based + Topological,1,TPC-DI__View-Unionable__prospect_both_0_50_ac1_ev,272,11,1.0,0.45454545454545453,0.625,3
reduced_distance_topological,Distance-based + Topological,1,ChEMBL__View-Unionable__assays_both_0_1_ac5_ev,144,1,1.0,1.0,1.0,3
reduced_distance_topological,Distance-based + Topological,1,OpenData__Semantically-Joinable__miller2_vertical_30_ac5_av,1089,15,0.10526315789473684,0.13333333333333333,0.11764705882352941,3
reduced_distance_topological,Distance-based + Topological,1,TPC-DI__View-Unionable__prospect_both_0_50_ac2_ev,272,11,0.5,0.2727272727272727,0.35294117647058826,3
reduced_distance_topological,Distance-based + Topological,1,ChEMBL__View-Unionable__assays_both_0_30_ac1_av,210,6,0.6666666666666666,0.3333333333333333,0.4444444444444444,3
reduced_distance_topological,Distance-based + Topological,1,ChEMBL__View-Unionable__assays_both_0_30_ac1_ev,210,6,1.0,0.5,0.6666666666666666,3
reduced_distance_topological,Distance-based + Topological,1,OpenData__Semantically-Joinable__miller2_vertical_50_ac3_av,1444,25,0.3333333333333333,0.24,0.27906976744186046,3
reduced_distance_topological,Distance-based + Topological,1,TPC-DI__Joinable__prospect_vertical_30_ec_ev,196,6,1.0,1.0,1.0,3
reduced_distance_topological,Distance-based + Topological,1,ChEMBL__View-Unionable__assays_both_0_30_ac2_ev,210,6,1.0,0.3333333333333333,0.5,3
reduced_distance_topological,Distance-based + Topological,1,TPC-DI__Joinable__prospect_vertical_50_ac1_ev,272,11,1.0,0.6363636363636364,0.7777777777777778,3
reduced_distance_topological,Distance-based + Topological,1,OpenData__Semantically-Joinable__miller2_vertical_70_ac1_av,1849,35,0.7083333333333334,0.4857142857142857,0.576271186440678,3
reduced_distance_topological,Distance-based + Topological,1,TPC-DI__View-Unionable__prospect_both_0_50_ec_av,272,11,1.0,0.7272727272727273,0.8421052631578947,3
reduced_distance_topological,Distance-based + Topological,1,ChEMBL__Joinable__assays_both_50_70_ec_ev,380,16,1.0,0.625,0.7692307692307693,3
reduced_distance_topological,Distance-based + Topological,1,TPC-DI__Joinable__prospect_vertical_50_ac5_ev,272,11,0.75,0.2727272727272727,0.4,3
reduced_distance_topological,Distance-based + Topological,1,ChEMBL__Joinable__assays_vertical_1_ac1_ev,144,1,1.0,1.0,1.0,3
reduced_distance_topological,Distance-based + Topological,1,ChEMBL__Joinable__assays_vertical_1_ac2_ev,144,1,0.3333333333333333,1.0,0.5,3
reduced_distance_topological,Distance-based + Topological,1,TPC-DI__View-Unionable__prospect_both_0_70_ac2_av,342,15,0.36363636363636365,0.26666666666666666,0.3076923076923077,3
reduced_distance_topological,Distance-based + Topological,1,ChEMBL__View-Unionable__assays_both_0_30_ec_av,210,6,1.0,0.5,0.6666666666666666,3
reduced_distance_topological,Distance-based + Topological,1,OpenData__Semantically-Joinable__miller2_vertical_70_ec_av,1849,35,0.9285714285714286,0.7428571428571429,0.8253968253968254,3
reduced_distance_topological,Distance-based + Topological,1,TPC-DI__View-Unionable__prospect_both_0_70_ac2_ev,342,15,0.8571428571428571,0.4,0.5454545454545454,3
reduced_distance_topological,Distance-based + Topological,1,ChEMBL__View-Unionable__assays_both_0_30_ec_ev,210,6,1.0,0.8333333333333334,0.9090909090909091,3
reduced_distance_topological,Distance-based + Topological,1,OpenData__Unionable__miller2_horizontal_0_ac1_ev,2601,51,1.0,0.43137254901960786,0.6027397260273972,3
reduced_distance_topological,Distance-based + Topological,1,TPC-DI__Joinable__prospect_vertical_70_ac5_ev,342,15,1.0,0.3333333333333333,0.5,3
reduced_distance_topological,Distance-based + Topological,1,OpenData__Unionable__miller2_horizontal_0_ac2_ev,2601,51,0.72,0.35294117647058826,0.47368421052631576,3
reduced_distance_topological,Distance-based + Topological,1,TPC-DI__Joinable__prospect_vertical_70_ec_ev,342,15,1.0,0.8,0.8888888888888888,3
reduced_distance_topological,Distance-based + Topological,1,TPC-DI__View-Unionable__prospect_both_0_70_ac5_av,342,15,0.3333333333333333,0.13333333333333333,0.19047619047619047,3
reduced_distance_topological,Distance-based + Topological,1,ChEMBL__Joinable__assays_vertical_30_ac3_ev,210,6,1.0,0.5,0.6666666666666666,3
reduced_distance_topological,Distance-based + Topological,1,TPC-DI__View-Unionable__prospect_both_0_70_ac5_ev,342,15,1.0,0.26666666666666666,0.42105263157894735,3
reduced_distance_topological,Distance-based + Topological,1,OpenData__Unionable__miller2_horizontal_0_ac4_av,2601,51,0.38461538461538464,0.29411764705882354,0.3333333333333333,3
reduced_distance_topological,Distance-based + Topological,1,TPC-DI__Semantically-Joinable__prospect_both_50_1_ac3_av,132,1,1.0,1.0,1.0,3
reduced_distance_topological,Distance-based + Topological,1,ChEMBL__Joinable__assays_vertical_30_ac5_ev,210,6,1.0,0.3333333333333333,0.5,3
reduced_distance_topological,Distance-based + Topological,1,OpenData__Unionable__miller2_horizontal_0_ac4_ev,2601,51,0.52,0.2549019607843137,0.34210526315789475,3
reduced_distance_topological,Distance-based + Topological,1,ChEMBL__Joinable__assays_vertical_30_ec_ev,210,6,1.0,0.6666666666666666,0.8,3
reduced_distance_topological,Distance-based + Topological,1,ChEMBL__Joinable__assays_vertical_50_ac1_ev,289,11,1.0,0.5454545454545454,0.7058823529411765,3
reduced_distance_topological,Distance-based + Topological,1,Wikidata__Musicians__Musicians_semjoinable,196,8,1.0,0.75,0.8571428571428571,3
reduced_distance_topological,Distance-based + Topological,1,ChEMBL__View-Unionable__assays_both_0_50_ac5_ev,289,11,1.0,0.45454545454545453,0.625,3
reduced_distance_topological,Distance-based + Topological,1,OpenData__Unionable__miller2_horizontal_0_ec_av,2601,51,0.8076923076923077,0.8235294117647058,0.8155339805825242,3
reduced_distance_topological,Distance-based + Topological,1,ChEMBL__View-Unionable__assays_both_0_50_ec_av,289,11,1.0,0.6363636363636364,0.7777777777777778,3
reduced_distance_topological,Distance-based + Topological,1,TPC-DI__Semantically-Joinable__prospect_both_50_30_ac3_av,196,6,0.5714285714285714,0.6666666666666666,0.6153846153846154,3
reduced_distance_topological,Distance-based + Topological,1,TPC-DI__Semantically-Joinable__prospect_both_50_30_ac4_av,196,6,0.6666666666666666,0.3333333333333333,0.4444444444444444,3
reduced_distance_topological,Distance-based + Topological,1,OpenData__Unionable__miller2_horizontal_100_ac2_ev,2601,51,0.8214285714285714,0.45098039215686275,0.5822784810126582,3
reduced_distance_topological,Distance-based + Topological,1,TPC-DI__Semantically-Joinable__prospect_both_50_30_ec_av,196,6,1.0,0.6666666666666666,0.8,3
reduced_distance_topological,Distance-based + Topological,1,ChEMBL__Joinable__assays_vertical_70_ac3_ev,380,16,1.0,0.1875,0.3157894736842105,3
reduced_distance_topological,Distance-based + Topological,1,ChEMBL__View-Unionable__assays_both_0_70_ac3_av,380,16,0.75,0.1875,0.3,3
reduced_distance_topological,Distance-based + Topological,1,ChEMBL__Joinable__assays_vertical_70_ac4_ev,380,16,1.0,0.4375,0.6086956521739131,3
reduced_distance_topological,Distance-based + Topological,1,OpenData__Unionable__miller2_horizontal_100_ac4_av,2601,51,0.48,0.23529411764705882,0.3157894736842105,3
reduced_distance_topological,Distance-based + Topological,1,ChEMBL__View-Unionable__assays_both_0_70_ac4_ev,380,16,1.0,0.3125,0.47619047619047616,3
reduced_distance_topological,Distance-based + Topological,1,OpenData__Unionable__miller2_horizontal_100_ac5_av,2601,51,1.0,0.19607843137254902,0.32786885245901637,3
reduced_distance_topological,Distance-based + Topological,1,ChEMBL__View-Unionable__assays_both_0_70_ac5_av,380,16,0.3333333333333333,0.3125,0.3225806451612903,3
reduced_distance_topological,Distance-based + Topological,1,OpenData__Unionable__miller2_horizontal_100_ac5_ev,2601,51,1.0,0.19607843137254902,0.32786885245901637,3
reduced_distance_topological,Distance-based + Topological,1,TPC-DI__Semantically-Joinable__prospect_both_50_50_ec_av,272,11,1.0,0.7272727272727273,0.8421052631578947,3
reduced_distance_topological,Distance-based + Topological,1,ChEMBL__View-Unionable__assays_both_0_70_ac5_ev,380,16,1.0,0.375,0.5454545454545454,3
reduced_distance_topological,Distance-based + Topological,1,ChEMBL__View-Unionable__assays_both_0_70_ec_av,380,16,0.9,0.5625,0.6923076923076923,3
reduced_distance_topological,Distance-based + Topological,1,OpenData__Unionable__miller2_horizontal_100_ec_ev,2601,51,1.0,0.8823529411764706,0.9375,3
reduced_distance_topological,Distance-based + Topological,1,ChEMBL__Semantically-Joinable__assays_both_50_1_ac4_av,144,1,0.5,1.0,0.6666666666666666,3
reduced_distance_topological,Distance-based + Topological,1,TPC-DI__Semantically-Joinable__prospect_both_50_70_ac4_av,342,15,0.5,0.4,0.4444444444444444,3
reduced_distance_topological,Distance-based + Topological,1,ChEMBL__Semantically-Joinable__assays_both_50_30_ac1_av,210,6,1.0,0.5,0.6666666666666666,3
reduced_distance_topological,Distance-based + Topological,1,Magellan__dblp_acm,25,5,1.0,0.6,0.75,3
reduced_distance_topological,Distance-based + Topological,1,OpenData__Unionable__miller2_horizontal_50_ac2_ev,2601,51,0.84,0.4117647058823529,0.5526315789473685,3
reduced_distance_topological,Distance-based + Topological,1,Magellan__fodors_zagats,49,7,1.0,0.7142857142857143,0.8333333333333334,3
reduced_distance_topological,Distance-based + Topological,1,TPC-DI__Semantically-Joinable__prospect_vertical_1_ac3_av,132,1,1.0,1.0,1.0,3
reduced_distance_topological,Distance-based + Topological,1,ChEMBL__Semantically-Joinable__assays_both_50_50_ac3_av,289,11,1.0,0.18181818181818182,0.3076923076923077,3
reduced_distance_topological,Distance-based + Topological,1,TPC-DI__Semantically-Joinable__prospect_vertical_30_ac2_av,196,6,0.5,0.3333333333333333,0.4,3
reduced_distance_topological,Distance-based + Topological,1,OpenData__Joinable__miller2_both_50_1_ec_ev,676,1,1.0,1.0,1.0,3
reduced_distance_topological,Distance-based + Topological,1,OpenData__View -Unionable__miller2_both_0_1_ac1_ev,676,1,1.0,1.0,1.0,3
reduced_distance_topological,Distance-based + Topological,1,TPC-DI__Semantically-Joinable__prospect_vertical_30_ac4_av,196,6,0.5,0.3333333333333333,0.4,3
reduced_distance_topological,Distance-based + Topological,1,OpenData__Joinable__miller2_both_50_30_ac1_ev,1089,15,1.0,0.4666666666666667,0.6363636363636364,3
reduced_distance_topological,Distance-based + Topological,1,TPC-DI__Semantically-Joinable__prospect_vertical_30_ac5_av,196,6,1.0,0.3333333333333333,0.5,3
reduced_distance_topological,Distance-based + Topological,1,ChEMBL__Semantically-Joinable__assays_both_50_70_ac1_av,380,16,0.8571428571428571,0.375,0.5217391304347826,3
reduced_distance_topological,Distance-based + Topological,1,ChEMBL__Semantically-Joinable__assays_both_50_70_ac2_av,380,16,0.75,0.375,0.5,3
reduced_distance_topological,Distance-based + Topological,1,TPC-DI__Semantically-Joinable__prospect_vertical_50_ac1_av,272,11,1.0,0.18181818181818182,0.3076923076923077,3
reduced_distance_topological,Distance-based + Topological,1,OpenData__View -Unionable__miller2_both_0_1_ac3_ev,676,1,1.0,1.0,1.0,3
reduced_distance_topological,Distance-based + Topological,1,ChEMBL__Semantically-Joinable__assays_both_50_70_ac4_av,380,16,0.8,0.25,0.38095238095238093,3
reduced_distance_topological,Distance-based + Topological,1,OpenData__View -Unionable__miller2_both_0_1_ac4_av,676,1,0.0,0.0,0.0,3
reduced_distance_topological,Distance-based + Topological,1,TPC-DI__Semantically-Joinable__prospect_vertical_50_ac3_av,272,11,0.625,0.45454545454545453,0.5263157894736842,3
reduced_distance_topological,Distance-based + Topological,1,OpenData__Joinable__miller2_both_50_30_ec_ev,1089,15,1.0,0.8666666666666667,0.9285714285714286,3
reduced_distance_topological,Distance-based + Topological,1,OpenData__View -Unionable__miller2_both_0_1_ac4_ev,676,1,0.058823529411764705,1.0,0.1111111111111111,3
reduced_distance_topological,Distance-based + Topological,1,ChEMBL__Semantically-Joinable__assays_both_50_70_ec_av,380,16,1.0,0.625,0.7692307692307693,3
reduced_distance_topological,Distance-based + Topological,1,ChEMBL__Semantically-Joinable__assays_vertical_1_ac1_av,144,1,1.0,1.0,1.0,3
reduced_distance_topological,Distance-based + Topological,1,OpenData__View -Unionable__miller2_both_0_1_ac5_ev,676,1,0.0,0.0,0.0,3
reduced_distance_topological,Distance-based + Topological,1,OpenData__Joinable__miller2_both_50_50_ac3_ev,1444,25,1.0,0.2,0.3333333333333333,3
reduced_distance_topological,Distance-based + Topological,1,TPC-DI__Semantically-Joinable__prospect_vertical_70_ac1_av,342,15,1.0,0.3333333333333333,0.5,3
reduced_distance_topological,Distance-based + Topological,1,OpenData__Joinable__miller2_both_50_50_ac5_ev,1444,25,1.0,0.24,0.3870967741935484,3
reduced_distance_topological,Distance-based + Topological,1,OpenData__View -Unionable__miller2_both_0_30_ac1_ev,1089,15,1.0,0.6666666666666666,0.8,3
reduced_distance_topological,Distance-based + Topological,1,OpenData__View -Unionable__miller2_both_0_30_ac2_av,1089,15,0.4117647058823529,0.4666666666666667,0.4375,3
reduced_distance_topological,Distance-based + Topological,1,OpenData__Joinable__miller2_both_50_70_ac2_ev,1849,35,0.9090909090909091,0.2857142857142857,0.43478260869565216,3
reduced_distance_topological,Distance-based + Topological,1,TPC-DI__Semantically-Joinable__prospect_vertical_70_ec_av,342,15,0.9230769230769231,0.8,0.8571428571428571,3
reduced_distance_topological,Distance-based + Topological,1,OpenData__Joinable__miller2_both_50_70_ac3_ev,1849,35,1.0,0.11428571428571428,0.20512820512820512,3
reduced_distance_topological,Distance-based + Topological,1,OpenData__View -Unionable__miller2_both_0_30_ac3_av,1089,15,0.42857142857142855,0.2,0.2727272727272727,3
reduced_distance_topological,Distance-based + Topological,1,TPC-DI__Unionable__prospect_horizontal_0_ac1_av,484,22,1.0,0.4090909090909091,0.5806451612903226,3
reduced_distance_topological,Distance-based + Topological,1,OpenData__Joinable__miller2_both_50_70_ac5_ev,1849,35,1.0,0.22857142857142856,0.37209302325581395,3
reduced_distance_topological,Distance-based + Topological,1,TPC-DI__Unionable__prospect_horizontal_0_ac2_av,484,22,0.625,0.22727272727272727,0.3333333333333333,3
reduced_distance_topological,Distance-based + Topological,1,ChEMBL__Semantically-Joinable__assays_vertical_30_ac5_av,210,6,0.6666666666666666,0.3333333333333333,0.4444444444444444,3
reduced_distance_topological,Distance-based + Topological,1,OpenData__Joinable__miller2_both_50_70_ec_ev,1849,35,1.0,0.8857142857142857,0.9393939393939394,3
reduced_distance_topological,Distance-based + Topological,1,ChEMBL__Semantically-Joinable__assays_vertical_50_ac1_av,289,11,0.8333333333333334,0.45454545454545453,0.5882352941176471,3
reduced_distance_topological,Distance-based + Topological,1,TPC-DI__Unionable__prospect_horizontal_0_ac3_ev,484,22,1.0,0.22727272727272727,0.37037037037037035,3
reduced_distance_topological,Distance-based + Topological,1,ChEMBL__Semantically-Joinable__assays_vertical_50_ac2_av,289,11,0.75,0.2727272727272727,0.4,3
reduced_distance_topological,Distance-based + Topological,1,OpenData__View -Unionable__miller2_both_0_30_ec_av,1089,15,0.9090909090909091,0.6666666666666666,0.7692307692307693,3
reduced_distance_topological,Distance-based + Topological,1,TPC-DI__Unionable__prospect_horizontal_0_ac4_av,484,22,1.0,0.13636363636363635,0.24,3
reduced_distance_topological,Distance-based + Topological,1,OpenData__View -Unionable__miller2_both_0_30_ec_ev,1089,15,1.0,0.8666666666666667,0.9285714285714286,3
reduced_distance_topological,Distance-based + Topological,1,TPC-DI__Unionable__prospect_horizontal_0_ac4_ev,484,22,0.75,0.13636363636363635,0.23076923076923078,3
reduced_distance_topological,Distance-based + Topological,1,OpenData__Joinable__miller2_vertical_1_ac5_ev,676,1,0.0,0.0,0.0,3
reduced_distance_topological,Distance-based + Topological,1,TPC-DI__Unionable__prospect_horizontal_0_ac5_ev,484,22,1.0,0.18181818181818182,0.3076923076923077,3
reduced_distance_topological,Distance-based + Topological,1,ChEMBL__Semantically-Joinable__assays_vertical_50_ec_av,289,11,1.0,0.45454545454545453,0.625,3
reduced_distance_topological,Distance-based + Topological,1,OpenData__View -Unionable__miller2_both_0_50_ac2_av,1444,25,0.2727272727272727,0.24,0.2553191489361702,3
reduced_distance_topological,Distance-based + Topological,1,ChEMBL__Semantically-Joinable__assays_vertical_70_ac1_av,380,16,0.8571428571428571,0.375,0.5217391304347826,3
reduced_distance_topological,Distance-based + Topological,1,ChEMBL__Semantically-Joinable__assays_vertical_70_ac2_av,380,16,0.7142857142857143,0.3125,0.43478260869565216,3
reduced_distance_topological,Distance-based + Topological,1,OpenData__Joinable__miller2_vertical_30_ac3_ev,1089,15,1.0,0.2,0.3333333333333333,3
reduced_distance_topological,Distance-based + Topological,1,OpenData__Joinable__miller2_vertical_30_ac4_ev,1089,15,0.6666666666666666,0.4,0.5,3
reduced_distance_topological,Distance-based + Topological,1,TPC-DI__Unionable__prospect_horizontal_100_ac2_av,484,22,0.5714285714285714,0.18181818181818182,0.27586206896551724,3
reduced_distance_topological,Distance-based + Topological,1,ChEMBL__Semantically-Joinable__assays_vertical_70_ac5_av,380,16,0.5,0.1875,0.2727272727272727,3
reduced_distance_topological,Distance-based + Topological,1,TPC-DI__Unionable__prospect_horizontal_100_ac2_ev,484,22,0.75,0.2727272727272727,0.4,3
reduced_distance_topological,Distance-based + Topological,1,OpenData__Joinable__miller2_vertical_50_ac1_ev,1444,25,1.0,0.48,0.6486486486486487,3
reduced_distance_topological,Distance-based + Topological,1,OpenData__View -Unionable__miller2_both_0_50_ac5_ev,1444,25,1.0,0.36,0.5294117647058824,3
reduced_distance_topological,Distance-based + Topological,1,TPC-DI__Unionable__prospect_horizontal_100_ac4_ev,484,22,1.0,0.18181818181818182,0.3076923076923077,3
reduced_distance_topological,Distance-based + Topological,1,ChEMBL__Unionable__assays_horizontal_0_ac3_av,529,23,1.0,0.2608695652173913,0.41379310344827586,3
reduced_distance_topological,Distance-based + Topological,1,ChEMBL__Unionable__assays_horizontal_0_ac3_ev,529,23,1.0,0.2608695652173913,0.41379310344827586,3
reduced_distance_topological,Distance-based + Topological,1,OpenData__Joinable__miller2_vertical_70_ac4_ev,1849,35,0.7142857142857143,0.2857142857142857,0.40816326530612246,3
reduced_distance_topological,Distance-based + Topological,1,OpenData__View -Unionable__miller2_both_0_70_ac4_av,1849,35,0.14,0.2,0.16470588235294117,3
reduced_distance_topological,Distance-based + Topological,1,TPC-DI__Unionable__prospect_horizontal_50_ac2_ev,484,22,0.6666666666666666,0.2727272727272727,0.3870967741935484,3
reduced_distance_topological,Distance-based + Topological,1,OpenData__View -Unionable__miller2_both_0_70_ac5_ev,1849,35,1.0,0.2,0.3333333333333333,3
reduced_distance_topological,Distance-based + Topological,1,OpenData__View -Unionable__miller2_both_0_70_ec_av,1849,35,1.0,0.7142857142857143,0.8333333333333334,3
reduced_distance_topological,Distance-based + Topological,1,TPC-DI__Unionable__prospect_horizontal_50_ac4_av,484,22,1.0,0.18181818181818182,0.3076923076923077,3
reduced_distance_topological,Distance-based + Topological,1,ChEMBL__Unionable__assays_horizontal_100_ac2_av,529,23,1.0,0.21739130434782608,0.35714285714285715,3
reduced_distance_topological,Distance-based + Topological,1,OpenData__Semantically-Joinable__miller2_both_50_1_ac5_av,676,1,0.0,0.0,0.0,3
reduced_distance_topological,Distance-based + Topological,1,TPC-DI__Joinable__prospect_both_50_1_ac3_ev,132,1,1.0,1.0,1.0,3
reduced_distance_topological,Distance-based + Topological,1,ChEMBL__Unionable__assays_horizontal_100_ac4_av,529,23,1.0,0.30434782608695654,0.4666666666666667,3
reduced_distance_topological,Distance-based + Topological,1,ChEMBL__Unionable__assays_horizontal_100_ac4_ev,529,23,0.7142857142857143,0.21739130434782608,0.3333333333333333,3
reduced_distance_topological,Distance-based + Topological,1,OpenData__Semantically-Joinable__miller2_both_50_30_ac3_av,1089,15,0.3125,0.3333333333333333,0.3225806451612903,3
reduced_distance_topological,Distance-based + Topological,1,ChEMBL__Unionable__assays_horizontal_100_ac5_av,529,23,1.0,0.30434782608695654,0.4666666666666667,3
reduced_distance_topological,Distance-based + Topological,1,TPC-DI__Joinable__prospect_both_50_1_ec_ev,132,1,1.0,1.0,1.0,3
reduced_distance_topological,Distance-based + Topological,1,ChEMBL__Unionable__assays_horizontal_100_ac5_ev,529,23,1.0,0.30434782608695654,0.4666666666666667,3
reduced_distance_topological,Distance-based + Topological,1,OpenData__Semantically-Joinable__miller2_both_50_30_ac5_av,1089,15,0.2,0.13333333333333333,0.16,3
reduced_distance_topological,Distance-based + Topological,1,TPC-DI__Joinable__prospect_both_50_30_ac2_ev,196,6,1.0,0.5,0.6666666666666666,3
reduced_distance_topological,Distance-based + Topological,1,TPC-DI__View-Unionable__prospect_both_0_1_ac2_ev,132,1,1.0,1.0,1.0,3
reduced_distance_topological,Distance-based + Topological,1,ChEMBL__Unionable__assays_horizontal_100_ec_ev,529,23,1.0,0.6086956521739131,0.7567567567567568,3
reduced_distance_topological,Distance-based + Topological,1,TPC-DI__View-Unionable__prospect_both_0_1_ac3_av,132,1,0.5,1.0,0.6666666666666666,3
reduced_distance_topological,Distance-based + Topological,1,TPC-DI__Joinable__prospect_both_50_30_ac4_ev,196,6,0.6666666666666666,0.6666666666666666,0.6666666666666666,3
reduced_distance_topological,Distance-based + Topological,1,ChEMBL__Unionable__assays_horizontal_50_ac2_av,529,23,1.0,0.2608695652173913,0.41379310344827586,3
reduced_distance_topological,Distance-based + Topological,1,TPC-DI__Joinable__prospect_both_50_50_ac1_ev,272,11,1.0,0.36363636363636365,0.5333333333333333,3
reduced_distance_topological,Distance-based + Topological,1,TPC-DI__View-Unionable__prospect_both_0_1_ac5_av,132,1,0.0,0.0,0.0,3
reduced_distance_topological,Distance-based + Topological,1,OpenData__Semantically-Joinable__miller2_both_50_50_ec_av,1444,25,0.9473684210526315,0.72,0.8181818181818182,3
reduced_distance_topological,Distance-based + Topological,1,OpenData__Semantically-Joinable__miller2_both_50_70_ac1_av,1849,35,0.7368421052631579,0.4,0.5185185185185185,3
reduced_distance_topological,Distance-based + Topological,1,TPC-DI__Joinable__prospect_both_50_50_ac3_ev,272,11,1.0,0.2727272727272727,0.42857142857142855,3
reduced_distance_topological,Distance-based + Topological,1,ChEMBL__Unionable__assays_horizontal_50_ac4_ev,529,23,1.0,0.30434782608695654,0.4666666666666667,3
reduced_distance_topological,Distance-based + Topological,1,OpenData__Semantically-Joinable__miller2_both_50_70_ac3_av,1849,35,0.16129032258064516,0.14285714285714285,0.15151515151515152,3
reduced_distance_topological,Distance-based + Topological,2,OpenData__Semantically-Joinable__miller2_both_50_70_ac4_av,1849,35,0.21428571428571427,0.2571428571428571,0.23376623376623376,3
reduced_distance_topological,Distance-based + Topological,2,ChEMBL__Joinable__assays_both_50_1_ac2_ev,144,1,0.0,0.0,0.0,3
reduced_distance_topological,Distance-based + Topological,2,TPC-DI__Joinable__prospect_both_50_70_ac1_ev,342,15,1.0,0.3333333333333333,0.5,3
reduced_distance_topological,Distance-based + Topological,2,TPC-DI__View-Unionable__prospect_both_0_30_ac2_av,196,6,1.0,0.16666666666666666,0.2857142857142857,3
reduced_distance_topological,Distance-based + Topological,2,ChEMBL__Joinable__assays_both_50_1_ac4_ev,144,1,0.25,1.0,0.4,3
reduced_distance_topological,Distance-based + Topological,2,ChEMBL__View-Unionable__assays_both_0_1_ac1_av,144,1,1.0,1.0,1.0,3
reduced_distance_topological,Distance-based + Topological,2,OpenData__Semantically-Joinable__miller2_vertical_1_ac2_av,676,1,0.0,0.0,0.0,3
reduced_distance_topological,Distance-based + Topological,2,TPC-DI__View-Unionable__prospect_both_0_30_ac3_ev,196,6,1.0,0.5,0.6666666666666666,3
reduced_distance_topological,Distance-based + Topological,2,ChEMBL__Joinable__assays_both_50_30_ac2_ev,210,6,1.0,0.16666666666666666,0.2857142857142857,3
reduced_distance_topological,Distance-based + Topological,2,ChEMBL__View-Unionable__assays_both_0_1_ac3_av,144,1,1.0,1.0,1.0,3
reduced_distance_topological,Distance-based + Topological,2,TPC-DI__Joinable__prospect_vertical_1_ac2_ev,132,1,1.0,1.0,1.0,3
reduced_distance_topological,Distance-based + Topological,2,OpenData__Semantically-Joinable__miller2_vertical_30_ac1_av,1089,15,0.8571428571428571,0.4,0.5454545454545454,3
reduced_distance_topological,Distance-based + Topological,2,TPC-DI__Joinable__prospect_vertical_1_ac3_ev,132,1,1.0,1.0,1.0,3
reduced_distance_topological,Distance-based + Topological,2,ChEMBL__View-Unionable__assays_both_0_1_ac4_av,144,1,0.3333333333333333,1.0,0.5,3
reduced_distance_topological,Distance-based + Topological,2,ChEMBL__View-Unionable__assays_both_0_1_ac4_ev,144,1,0.2,1.0,0.3333333333333333,3
reduced_distance_topological,Distance-based + Topological,2,ChEMBL__Joinable__assays_both_50_50_ac3_ev,289,11,1.0,0.18181818181818182,0.3076923076923077,3
reduced_distance_topological,Distance-based + Topological,2,ChEMBL__View-Unionable__assays_both_0_1_ec_av,144,1,1.0,1.0,1.0,3
reduced_distance_topological,Distance-based + Topological,2,OpenData__Semantically-Joinable__miller2_vertical_50_ac1_av,1444,25,0.64,0.64,0.64,3
reduced_distance_topological,Distance-based + Topological,2,TPC-DI__Joinable__prospect_vertical_30_ac3_ev,196,6,1.0,0.3333333333333333,0.5,3
reduced_distance_topological,Distance-based + Topological,2,TPC-DI__Joinable__prospect_vertical_30_ac4_ev,196,6,1.0,0.6666666666666666,0.8,3
reduced_distance_topological,Distance-based + Topological,2,TPC-DI__View-Unionable__prospect_both_0_50_ac3_ev,272,11,1.0,0.2727272727272727,0.42857142857142855,3
reduced_distance_topological,Distance-based + Topological,2,OpenData__Semantically-Joinable__miller2_vertical_50_ac4_av,1444,25,0.045454545454545456,0.04,0.0425531914893617,3
reduced_distance_topological,Distance-based + Topological,2,TPC-DI__Joinable__prospect_vertical_30_ec_ev,196,6,1.0,1.0,1.0,3
reduced_distance_topological,Distance-based + Topological,2,OpenData__Semantically-Joinable__miller2_vertical_50_ac5_av,1444,25,0.2413793103448276,0.28,0.25925925925925924,3
reduced_distance_topological,Distance-based + Topological,2,ChEMBL__Joinable__assays_both_50_70_ac4_ev,380,16,1.0,0.1875,0.3157894736842105,3
reduced_distance_topological,Distance-based + Topological,2,TPC-DI__View-Unionable__prospect_both_0_50_ec_av,272,11,1.0,0.7272727272727273,0.8421052631578947,3
reduced_distance_topological,Distance-based + Topological,2,ChEMBL__Joinable__assays_both_50_70_ac5_ev,380,16,1.0,0.3125,0.47619047619047616,3
reduced_distance_topological,Distance-based + Topological,2,OpenData__Semantically-Joinable__miller2_vertical_70_ac2_av,1849,35,0.42105263157894735,0.22857142857142856,0.2962962962962963,3
reduced_distance_topological,Distance-based + Topological,2,TPC-DI__View-Unionable__prospect_both_0_50_ec_ev,272,11,1.0,0.7272727272727273,0.8421052631578947,3
reduced_distance_topological,Distance-based + Topological,2,ChEMBL__Joinable__assays_both_50_70_ec_ev,380,16,1.0,0.875,0.9333333333333333,3
reduced_distance_topological,Distance-based + Topological,2,OpenData__Semantically-Joinable__miller2_vertical_70_ac4_av,1849,35,0.2682926829268293,0.3142857142857143,0.2894736842105263,3
reduced_distance_topological,Distance-based + Topological,2,ChEMBL__Joinable__assays_vertical_1_ac2_ev,144,1,0.5,1.0,0.6666666666666666,3
reduced_distance_topological,Distance-based + Topological,2,OpenData__Semantically-Joinable__miller2_vertical_70_ac5_av,1849,35,0.13793103448275862,0.11428571428571428,0.125,3
reduced_distance_topological,Distance-based + Topological,2,ChEMBL__View-Unionable__assays_both_0_30_ec_av,210,6,1.0,0.3333333333333333,0.5,3
reduced_distance_topological,Distance-based + Topological,2,TPC-DI__View-Unionable__prospect_both_0_70_ac2_ev,342,15,1.0,0.26666666666666666,0.42105263157894735,3
reduced_distance_topological,Distance-based + Topological,2,ChEMBL__View-Unionable__assays_both_0_30_ec_ev,210,6,1.0,0.8333333333333334,0.9090909090909091,3
reduced_distance_topological,Distance-based + Topological,2,OpenData__Unionable__miller2_horizontal_0_ac1_av,2601,51,0.8181818181818182,0.35294117647058826,0.4931506849315068,3
reduced_distance_topological,Distance-based + Topological,2,ChEMBL__View-Unionable__assays_both_0_50_ac1_av,289,11,0.8,0.36363636363636365,0.5,3
reduced_distance_topological,Distance-based + Topological,2,TPC-DI__Joinable__prospect_vertical_70_ac4_ev,342,15,1.0,0.3333333333333333,0.5,3
reduced_distance_topological,Distance-based + Topological,2,TPC-DI__View-Unionable__prospect_both_0_70_ac3_ev,342,15,1.0,0.2,0.3333333333333333,3
reduced_distance_topological,Distance-based + Topological,2,ChEMBL__Joinable__assays_vertical_1_ec_ev,144,1,1.0,1.0,1.0,3
reduced_distance_topological,Distance-based + Topological,2,ChEMBL__View-Unionable__assays_both_0_50_ac1_ev,289,11,1.0,0.45454545454545453,0.625,3
reduced_distance_topological,Distance-based + Topological,2,TPC-DI__View-Unionable__prospect_both_0_70_ac4_av,342,15,0.42857142857142855,0.2,0.2727272727272727,3
reduced_distance_topological,Distance-based + Topological,2,ChEMBL__View-Unionable__assays_both_0_50_ac2_av,289,11,1.0,0.18181818181818182,0.3076923076923077,3
reduced_distance_topological,Distance-based + Topological,2,OpenData__Unionable__miller2_horizontal_0_ac2_ev,2601,51,0.6521739130434783,0.29411764705882354,0.40540540540540543,3
reduced_distance_topological,Distance-based + Topological,2,TPC-DI__Joinable__prospect_vertical_70_ec_ev,342,15,1.0,0.8,0.8888888888888888,3
reduced_distance_topological,Distance-based + Topological,2,TPC-DI__View-Unionable__prospect_both_0_70_ac4_ev,342,15,1.0,0.06666666666666667,0.125,3
reduced_distance_topological,Distance-based + Topological,2,TPC-DI__Semantically-Joinable__prospect_both_50_1_ac2_av,132,1,1.0,1.0,1.0,3
reduced_distance_topological,Distance-based + Topological,2,OpenData__Unionable__miller2_horizontal_0_ac4_av,2601,51,0.37142857142857144,0.2549019607843137,0.3023255813953488,3
reduced_distance_topological,Distance-based + Topological,2,ChEMBL__Joinable__assays_vertical_30_ec_ev,210,6,1.0,1.0,1.0,3
reduced_distance_topological,Distance-based + Topological,2,ChEMBL__View-Unionable__assays_both_0_50_ac4_ev,289,11,1.0,0.2727272727272727,0.42857142857142855,3
reduced_distance_topological,Distance-based + Topological,2,ChEMBL__Joinable__assays_vertical_50_ac1_ev,289,11,1.0,0.45454545454545453,0.625,3
reduced_distance_topological,Distance-based + Topological,2,Wikidata__Musicians__Musicians_semjoinable,196,8,1.0,0.75,0.8571428571428571,3
reduced_distance_topological,Distance-based + Topological,2,ChEMBL__View-Unionable__assays_both_0_50_ac5_ev,289,11,1.0,0.36363636363636365,0.5333333333333333,3
reduced_distance_topological,Distance-based + Topological,2,ChEMBL__Joinable__assays_vertical_50_ac3_ev,289,11,1.0,0.2727272727272727,0.42857142857142855,3
reduced_distance_topological,Distance-based + Topological,2,OpenData__Unionable__miller2_horizontal_0_ec_ev,2601,51,1.0,0.9019607843137255,0.9484536082474226,3
reduced_distance_topological,Distance-based + Topological,2,TPC-DI__Semantically-Joinable__prospect_both_50_30_ac2_av,196,6,0.6,0.5,0.5454545454545454,3
reduced_distance_topological,Distance-based + Topological,2,ChEMBL__Joinable__assays_vertical_50_ac4_ev,289,11,0.8333333333333334,0.45454545454545453,0.5882352941176471,3
reduced_distance_topological,Distance-based + Topological,2,ChEMBL__View-Unionable__assays_both_0_50_ec_ev,289,11,1.0,0.6363636363636364,0.7777777777777778,3
reduced_distance_topological,Distance-based + Topological,2,TPC-DI__Semantically-Joinable__prospect_both_50_30_ac3_av,196,6,0.4,0.3333333333333333,0.36363636363636365,3
reduced_distance_topological,Distance-based + Topological,2,ChEMBL__View-Unionable__assays_both_0_70_ac1_av,380,16,1.0,0.4375,0.6086956521739131,3
reduced_distance_topological,Distance-based + Topological,2,OpenData__Unionable__miller2_horizontal_100_ac2_av,2601,51,0.8421052631578947,0.3137254901960784,0.45714285714285713,3
reduced_distance_topological,Distance-based + Topological,2,ChEMBL__Joinable__assays_vertical_70_ac3_ev,380,16,1.0,0.1875,0.3157894736842105,3
reduced_distance_topological,Distance-based + Topological,2,OpenData__Unionable__miller2_horizontal_100_ac3_ev,2601,51,1.0,0.23529411764705882,0.38095238095238093,3
reduced_distance_topological,Distance-based + Topological,2,TPC-DI__Semantically-Joinable__prospect_both_50_50_ac2_av,272,11,0.3333333333333333,0.45454545454545453,0.38461538461538464,3
reduced_distance_topological,Distance-based + Topological,2,OpenData__Unionable__miller2_horizontal_100_ac4_av,2601,51,0.5151515151515151,0.3333333333333333,0.40476190476190477,3
reduced_distance_topological,Distance-based + Topological,2,OpenData__Unionable__miller2_horizontal_100_ac4_ev,2601,51,0.46153846153846156,0.11764705882352941,0.1875,3
reduced_distance_topological,Distance-based + Topological,2,ChEMBL__Semantically-Joinable__assays_both_50_1_ac1_av,144,1,1.0,1.0,1.0,3
reduced_distance_topological,Distance-based + Topological,2,TPC-DI__Semantically-Joinable__prospect_both_50_50_ec_av,272,11,1.0,0.7272727272727273,0.8421052631578947,3
reduced_distance_topological,Distance-based + Topological,2,TPC-DI__Semantically-Joinable__prospect_both_50_70_ac2_av,342,15,0.5555555555555556,0.3333333333333333,0.4166666666666667,3
reduced_distance_topological,Distance-based + Topological,2,TPC-DI__Semantically-Joinable__prospect_both_50_70_ac3_av,342,15,0.4444444444444444,0.26666666666666666,0.3333333333333333,3
reduced_distance_topological,Distance-based + Topological,2,Magellan__amazon_google_exp,16,4,1.0,0.25,0.4,3
reduced_distance_topological,Distance-based + Topological,2,TPC-DI__Semantically-Joinable__prospect_both_50_70_ac5_av,342,15,0.6,0.4,0.48,3
reduced_distance_topological,Distance-based + Topological,2,Magellan__dblp_acm,25,5,1.0,0.6,0.75,3
reduced_distance_topological,Distance-based + Topological,2,TPC-DI__Semantically-Joinable__prospect_vertical_1_ac1_av,132,1,1.0,1.0,1.0,3
reduced_distance_topological,Distance-based + Topological,2,OpenData__Unionable__miller2_horizontal_50_ac4_av,2601,51,0.48,0.23529411764705882,0.3157894736842105,3
reduced_distance_topological,Distance-based + Topological,2,TPC-DI__Semantically-Joinable__prospect_vertical_1_ac3_av,132,1,1.0,1.0,1.0,3
reduced_distance_topological,Distance-based + Topological,2,ChEMBL__Semantically-Joinable__assays_both_50_30_ac5_av,210,6,1.0,0.3333333333333333,0.5,3
reduced_distance_topological,Distance-based + Topological,2,OpenData__Unionable__miller2_horizontal_50_ac5_av,2601,51,1.0,0.17647058823529413,0.3,3
reduced_distance_topological,Distance-based + Topological,2,OpenData__Joinable__miller2_both_50_1_ac2_ev,676,1,0.06666666666666667,1.0,0.125,3
reduced_distance_topological,Distance-based + Topological,2,ChEMBL__Semantically-Joinable__assays_both_50_50_ac2_av,289,11,1.0,0.2727272727272727,0.42857142857142855,3
reduced_distance_topological,Distance-based + Topological,2,OpenData__Unionable__miller2_horizontal_50_ec_av,2601,51,1.0,0.9019607843137255,0.9484536082474226,3
reduced_distance_topological,Distance-based + Topological,2,ChEMBL__Semantically-Joinable__assays_both_50_50_ac4_av,289,11,0.6,0.2727272727272727,0.375,3
reduced_distance_topological,Distance-based + Topological,2,OpenData__View -Unionable__miller2_both_0_1_ac1_ev,676,1,1.0,1.0,1.0,3
reduced_distance_topological,Distance-based + Topological,2,ChEMBL__Semantically-Joinable__assays_both_50_50_ec_av,289,11,1.0,0.8181818181818182,0.9,3
reduced_distance_topological,Distance-based + Topological,2,OpenData__Joinable__miller2_both_50_30_ac1_ev,1089,15,1.0,0.5333333333333333,0.6956521739130435,3
reduced_distance_topological,Distance-based + Topological,2,OpenData__View -Unionable__miller2_both_0_1_ac2_ev,676,1,0.08333333333333333,1.0,0.15384615384615385,3
reduced_distance_topological,Distance-based + Topological,2,OpenData__View -Unionable__miller2_both_0_1_ac3_av,676,1,0.0,0.0,0.0,3
reduced_distance_topological,Distance-based + Topological,2,TPC-DI__Semantically-Joinable__prospect_vertical_50_ac2_av,272,11,0.6666666666666666,0.36363636363636365,0.47058823529411764,3
reduced_distance_topological,Distance-based + Topological,2,ChEMBL__Semantically-Joinable__assays_both_50_70_ac4_av,380,16,0.8,0.25,0.38095238095238093,3
reduced_distance_topological,Distance-based + Topological,2,OpenData__View -Unionable__miller2_both_0_1_ac4_av,676,1,0.0,0.0,0.0,3
reduced_distance_topological,Distance-based + Topological,2,TPC-DI__Semantically-Joinable__prospect_vertical_50_ac3_av,272,11,0.42857142857142855,0.2727272727272727,0.3333333333333333,3
reduced_distance_topological,Distance-based + Topological,2,OpenData__Joinable__miller2_both_50_30_ec_ev,1089,15,1.0,0.8,0.8888888888888888,3
reduced_distance_topological,Distance-based + Topological,2,TPC-DI__Semantically-Joinable__prospect_vertical_50_ac4_av,272,11,0.2,0.18181818181818182,0.19047619047619047,3
reduced_distance_topological,Distance-based + Topological,2,OpenData__View -Unionable__miller2_both_0_1_ac5_av,676,1,0.0,0.0,0.0,3
reduced_distance_topological,Distance-based + Topological,2,ChEMBL__Semantically-Joinable__assays_vertical_1_ac2_av,144,1,0.3333333333333333,1.0,0.5,3
reduced_distance_topological,Distance-based + Topological,2,OpenData__Joinable__miller2_both_50_50_ac4_ev,1444,25,0.48,0.48,0.48,3
reduced_distance_topological,Distance-based + Topological,2,TPC-DI__Semantically-Joinable__prospect_vertical_70_ac3_av,342,15,0.8333333333333334,0.3333333333333333,0.47619047619047616,3
reduced_distance_topological,Distance-based + Topological,2,ChEMBL__Semantically-Joinable__assays_vertical_1_ac5_av,144,1,1.0,1.0,1.0,3
reduced_distance_topological,Distance-based + Topological,2,OpenData__View -Unionable__miller2_both_0_30_ac1_ev,1089,15,1.0,0.4666666666666667,0.6363636363636364,3
reduced_distance_topological,Distance-based + Topological,2,OpenData__Joinable__miller2_both_50_70_ac2_ev,1849,35,0.9230769230769231,0.34285714285714286,0.5,3
reduced_distance_topological,Distance-based + Topological,2,OpenData__View -Unionable__miller2_both_0_30_ac2_ev,1089,15,0.5714285714285714,0.26666666666666666,0.36363636363636365,3
reduced_distance_topological,Distance-based + Topological,2,ChEMBL__Semantically-Joinable__assays_vertical_30_ac3_av,210,6,0.5,0.3333333333333333,0.4,3
reduced_distance_topological,Distance-based + Topological,2,TPC-DI__Unionable__prospect_horizontal_0_ac1_ev,484,22,1.0,0.4090909090909091,0.5806451612903226,3
reduced_distance_topological,Distance-based + Topological,2,OpenData__Joinable__miller2_both_50_70_ac5_ev,1849,35,1.0,0.2,0.3333333333333333,3
reduced_distance_topological,Distance-based + Topological,2,OpenData__View -Unionable__miller2_both_0_30_ac4_av,1089,15,0.18181818181818182,0.26666666666666666,0.21621621621621623,3
reduced_distance_topological,Distance-based + Topological,2,TPC-DI__Unionable__prospect_horizontal_0_ac2_av,484,22,0.75,0.13636363636363635,0.23076923076923078,3
reduced_distance_topological,Distance-based + Topological,2,ChEMBL__Semantically-Joinable__assays_vertical_30_ec_av,210,6,1.0,0.8333333333333334,0.9090909090909091,3
reduced_distance_topological,Distance-based + Topological,2,TPC-DI__Unionable__prospect_horizontal_0_ac3_av,484,22,1.0,0.18181818181818182,0.3076923076923077,3
reduced_distance_topological,Distance-based + Topological,2,OpenData__Joinable__miller2_vertical_1_ac2_ev,676,1,0.047619047619047616,1.0,0.09090909090909091,3
reduced_distance_topological,Distance-based + Topological,2,TPC-DI__Unionable__prospect_horizontal_0_ac4_av,484,22,1.0,0.13636363636363635,0.24,3
reduced_distance_topological,Distance-based + Topological,2,TPC-DI__Unionable__prospect_horizontal_0_ac4_ev,484,22,0.6666666666666666,0.09090909090909091,0.16,3
reduced_distance_topological,Distance-based + Topological,2,OpenData__Joinable__miller2_vertical_1_ac5_ev,676,1,0.0,0.0,0.0,3
reduced_distance_topological,Distance-based + Topological,2,TPC-DI__Unionable__prospect_horizontal_0_ac5_av,484,22,1.0,0.13636363636363635,0.24,3
reduced_distance_topological,Distance-based + Topological,2,OpenData__Joinable__miller2_vertical_1_ec_ev,676,1,1.0,1.0,1.0,3
reduced_distance_topological,Distance-based + Topological,2,OpenData__View -Unionable__miller2_both_0_50_ac1_ev,1444,25,1.0,0.4,0.5714285714285714,3
reduced_distance_topological,Distance-based + Topological,2,OpenData__View -Unionable__miller2_both_0_50_ac2_av,1444,25,0.2608695652173913,0.24,0.25,3
reduced_distance_topological,Distance-based + Topological,2,ChEMBL__Semantically-Joinable__assays_vertical_70_ac1_av,380,16,0.875,0.4375,0.5833333333333334,3
reduced_distance_topological,Distance-based + Topological,2,ChEMBL__Semantically-Joinable__assays_vertical_70_ac2_av,380,16,0.6666666666666666,0.125,0.21052631578947367,3
reduced_distance_topological,Distance-based + Topological,2,OpenData__Joinable__miller2_vertical_30_ac3_ev,1089,15,1.0,0.26666666666666666,0.42105263157894735,3
reduced_distance_topological,Distance-based + Topological,2,OpenData__View -Unionable__miller2_both_0_50_ac3_av,1444,25,0.1875,0.12,0.14634146341463414,3
reduced_distance_topological,Distance-based + Topological,2,TPC-DI__Unionable__prospect_horizontal_100_ac1_av,484,22,1.0,0.4090909090909091,0.5806451612903226,3
reduced_distance_topological,Distance-based + Topological,2,ChEMBL__Semantically-Joinable__assays_vertical_70_ac3_av,380,16,0.6666666666666666,0.125,0.21052631578947367,3
reduced_distance_topological,Distance-based + Topological,2,OpenData__View -Unionable__miller2_both_0_50_ac3_ev,1444,25,1.0,0.24,0.3870967741935484,3
reduced_distance_topological,Distance-based + Topological,2,ChEMBL__Semantically-Joinable__assays_vertical_70_ac4_av,380,16,1.0,0.25,0.4,3
reduced_distance_topological,Distance-based + Topological,2,OpenData__Joinable__miller2_vertical_30_ac5_ev,1089,15,1.0,0.06666666666666667,0.125,3
reduced_distance_topological,Distance-based + Topological,2,ChEMBL__Semantically-Joinable__assays_vertical_70_ac5_av,380,16,0.4,0.125,0.19047619047619047,3
reduced_distance_topological,Distance-based + Topological,2,OpenData__Joinable__miller2_vertical_50_ac2_ev,1444,25,0.7272727272727273,0.32,0.4444444444444444,3
reduced_distance_topological,Distance-based + Topological,2,ChEMBL__Unionable__assays_horizontal_0_ac1_ev,529,23,1.0,0.5217391304347826,0.6857142857142857,3
reduced_distance_topological,Distance-based + Topological,2,TPC-DI__Unionable__prospect_horizontal_100_ac4_av,484,22,0.6666666666666666,0.09090909090909091,0.16,3
reduced_distance_topological,Distance-based + Topological,2,OpenData__View -Unionable__miller2_both_0_50_ec_ev,1444,25,1.0,1.0,1.0,3
reduced_distance_topological,Distance-based + Topological,2,ChEMBL__Unionable__assays_horizontal_0_ac2_ev,529,23,1.0,0.2608695652173913,0.41379310344827586,3
reduced_distance_topological,Distance-based + Topological,2,OpenData__Joinable__miller2_vertical_70_ac1_ev,1849,35,1.0,0.5714285714285714,0.7272727272727273,3
reduced_distance_topological,Distance-based + Topological,2,OpenData__Joinable__miller2_vertical_70_ac2_ev,1849,35,0.875,0.4,0.5490196078431373,3
reduced_distance_topological,Distance-based + Topological,2,OpenData__View -Unionable__miller2_both_0_70_ac2_ev,1849,35,0.8,0.34285714285714286,0.48,3
reduced_distance_topological,Distance-based + Topological,2,ChEMBL__Unionable__assays_horizontal_0_ac4_ev,529,23,0.8571428571428571,0.2608695652173913,0.4,3
reduced_distance_topological,Distance-based + Topological,2,TPC-DI__Unionable__prospect_horizontal_50_ac1_av,484,22,1.0,0.4090909090909091,0.5806451612903226,3
reduced_distance_topological,Distance-based + Topological,2,ChEMBL__Unionable__assays_horizontal_0_ac5_av,529,23,1.0,0.30434782608695654,0.4666666666666667,3
reduced_distance_topological,Distance-based + Topological,2,OpenData__Joinable__miller2_vertical_70_ac4_ev,1849,35,0.6923076923076923,0.2571428571428571,0.375,3
reduced_distance_topological,Distance-based + Topological,2,ChEMBL__Unionable__assays_horizontal_0_ac5_ev,529,23,1.0,0.34782608695652173,0.5161290322580645,3
reduced_distance_topological,Distance-based + Topological,2,ChEMBL__Unionable__assays_horizontal_0_ec_av,529,23,0.9444444444444444,0.7391304347826086,0.8292682926829268,3
reduced_distance_topological,Distance-based + Topological,2,OpenData__View -Unionable__miller2_both_0_70_ac5_ev,1849,35,1.0,0.2,0.3333333333333333,3
reduced_distance_topological,Distance-based + Topological,2,ChEMBL__Unionable__assays_horizontal_100_ac1_ev,529,23,1.0,0.5217391304347826,0.6857142857142857,3
reduced_distance_topological,Distance-based + Topological,2,TPC-DI__Unionable__prospect_horizontal_50_ac4_av,484,22,1.0,0.13636363636363635,0.24,3
reduced_distance_topological,Distance-based + Topological,2,ChEMBL__Unionable__assays_horizontal_100_ac2_av,529,23,1.0,0.21739130434782608,0.35714285714285715,3
reduced_distance_topological,Distance-based + Topological,2,TPC-DI__Unionable__prospect_horizontal_50_ac4_ev,484,22,1.0,0.13636363636363635,0.24,3
reduced_distance_topological,Distance-based + Topological,2,ChEMBL__Unionable__assays_horizontal_100_ac2_ev,529,23,1.0,0.2608695652173913,0.41379310344827586,3
reduced_distance_topological,Distance-based + Topological,2,OpenData__Semantically-Joinable__miller2_both_50_1_ec_av,676,1,1.0,1.0,1.0,3
reduced_distance_topological,Distance-based + Topological,2,ChEMBL__Unionable__assays_horizontal_100_ac4_av,529,23,1.0,0.2608695652173913,0.41379310344827586,3
reduced_distance_topological,Distance-based + Topological,2,OpenData__Semantically-Joinable__miller2_both_50_30_ac2_av,1089,15,0.21052631578947367,0.26666666666666666,0.23529411764705882,3
reduced_distance_topological,Distance-based + Topological,2,TPC-DI__Joinable__prospect_both_50_1_ec_ev,132,1,1.0,1.0,1.0,3
reduced_distance_topological,Distance-based + Topological,2,OpenData__Semantically-Joinable__miller2_both_50_30_ac5_av,1089,15,0.3333333333333333,0.2,0.25,3
reduced_distance_topological,Distance-based + Topological,2,OpenData__Semantically-Joinable__miller2_both_50_30_ec_av,1089,15,0.9090909090909091,0.6666666666666666,0.7692307692307693,3
reduced_distance_topological,Distance-based + Topological,2,TPC-DI__View-Unionable__prospect_both_0_1_ac2_ev,132,1,1.0,1.0,1.0,3
reduced_distance_topological,Distance-based + Topological,2,TPC-DI__Joinable__prospect_both_50_30_ac3_ev,196,6,1.0,0.5,0.6666666666666666,3
reduced_distance_topological,Distance-based + Topological,2,TPC-DI__View-Unionable__prospect_both_0_1_ac3_ev,132,1,1.0,1.0,1.0,3
reduced_distance_topological,Distance-based + Topological,2,ChEMBL__Unionable__assays_horizontal_50_ac2_av,529,23,1.0,0.21739130434782608,0.35714285714285715,3
reduced_distance_topological,Distance-based + Topological,2,OpenData__Semantically-Joinable__miller2_both_50_50_ac4_av,1444,25,0.10714285714285714,0.12,0.11320754716981132,3
reduced_distance_topological,Distance-based + Topological,2,TPC-DI__Joinable__prospect_both_50_30_ec_ev,196,6,1.0,0.8333333333333334,0.9090909090909091,3
reduced_distance_topological,Distance-based + Topological,2,TPC-DI__View-Unionable__prospect_both_0_1_ac4_ev,132,1,0.5,1.0,0.6666666666666666,3
reduced_distance_topological,Distance-based + Topological,2,TPC-DI__Joinable__prospect_both_50_50_ac1_ev,272,11,1.0,0.36363636363636365,0.5333333333333333,3
reduced_distance_topological,Distance-based + Topological,2,TPC-DI__Joinable__prospect_both_50_50_ac2_ev,272,11,0.6666666666666666,0.36363636363636365,0.47058823529411764,3
reduced_distance_topological,Distance-based + Topological,2,TPC-DI__View-Unionable__prospect_both_0_1_ac5_ev,132,1,1.0,1.0,1.0,3
reduced_distance_topological,Distance-based + Topological,2,OpenData__Semantically-Joinable__miller2_both_50_70_ac1_av,1849,35,0.625,0.42857142857142855,0.5084745762711864,3
reduced_distance_topological,Distance-based + Topological,2,TPC-DI__Joinable__prospect_both_50_50_ac4_ev,272,11,1.0,0.18181818181818182,0.3076923076923077,3
reduced_distance_topological,Distance-based + Topological,2,TPC-DI__View-Unionable__prospect_both_0_30_ac1_av,196,6,0.5,0.5,0.5,3
reduced_distance_topological,Distance-based + Topological,3,ChEMBL__Unionable__assays_horizontal_50_ac5_ev,529,23,1.0,0.34782608695652173,0.5161290322580645,3
reduced_distance_topological,Distance-based + Topological,3,OpenData__Semantically-Joinable__miller2_both_50_70_ac5_av,1849,35,0.21951219512195122,0.2571428571428571,0.23684210526315788,3
reduced_distance_topological,Distance-based + Topological,3,OpenData__Semantically-Joinable__miller2_both_50_70_ec_av,1849,35,0.9259259259259259,0.7142857142857143,0.8064516129032258,3
reduced_distance_topological,Distance-based + Topological,3,TPC-DI__View-Unionable__prospect_both_0_30_ac3_av,196,6,0.3333333333333333,0.16666666666666666,0.2222222222222222,3
reduced_distance_topological,Distance-based + Topological,3,ChEMBL__Joinable__assays_both_50_1_ac5_ev,144,1,1.0,1.0,1.0,3
reduced_distance_topological,Distance-based + Topological,3,TPC-DI__Joinable__prospect_both_50_70_ac5_ev,342,15,1.0,0.2,0.3333333333333333,3
reduced_distance_topological,Distance-based + Topological,3,TPC-DI__View-Unionable__prospect_both_0_30_ac4_ev,196,6,1.0,0.3333333333333333,0.5,3
reduced_distance_topological,Distance-based + Topological,3,TPC-DI__Joinable__prospect_vertical_1_ac1_ev,132,1,1.0,1.0,1.0,3
reduced_distance_topological,Distance-based + Topological,3,ChEMBL__Joinable__assays_both_50_30_ac3_ev,210,6,1.0,0.3333333333333333,0.5,3
reduced_distance_topological,Distance-based + Topological,3,TPC-DI__View-Unionable__prospect_both_0_30_ac5_ev,196,6,1.0,0.6666666666666666,0.8,3
reduced_distance_topological,Distance-based + Topological,3,TPC-DI__Joinable__prospect_vertical_1_ac3_ev,132,1,1.0,1.0,1.0,3
reduced_distance_topological,Distance-based + Topological,3,OpenData__Semantically-Joinable__miller2_vertical_30_ac2_av,1089,15,0.12903225806451613,0.26666666666666666,0.17391304347826086,3
reduced_distance_topological,Distance-based + Topological,3,TPC-DI__View-Unionable__prospect_both_0_30_ec_ev,196,6,1.0,0.6666666666666666,0.8,3
reduced_distance_topological,Distance-based + Topological,3,ChEMBL__View-Unionable__assays_both_0_1_ac4_ev,144,1,0.3333333333333333,1.0,0.5,3
reduced_distance_topological,Distance-based + Topological,3,ChEMBL__Joinable__assays_both_50_50_ac1_ev,289,11,1.0,0.8181818181818182,0.9,3
reduced_distance_topological,Distance-based + Topological,3,OpenData__Semantically-Joinable__miller2_vertical_30_ac4_av,1089,15,0.1875,0.4,0.2553191489361702,3
reduced_distance_topological,Distance-based + Topological,3,TPC-DI__View-Unionable__prospect_both_0_50_ac2_av,272,11,0.5,0.2727272727272727,0.35294117647058826,3
reduced_distance_topological,Distance-based + Topological,3,ChEMBL__Joinable__assays_both_50_50_ac3_ev,289,11,1.0,0.36363636363636365,0.5333333333333333,3
reduced_distance_topological,Distance-based + Topological,3,TPC-DI__View-Unionable__prospect_both_0_50_ac2_ev,272,11,0.4444444444444444,0.36363636363636365,0.4,3
reduced_distance_topological,Distance-based + Topological,3,ChEMBL__Joinable__assays_both_50_50_ac4_ev,289,11,0.8,0.36363636363636365,0.5,3
reduced_distance_topological,Distance-based + Topological,3,OpenData__Semantically-Joinable__miller2_vertical_50_ac1_av,1444,25,0.7142857142857143,0.6,0.6521739130434783,3
reduced_distance_topological,Distance-based + Topological,3,TPC-DI__Joinable__prospect_vertical_30_ac3_ev,196,6,1.0,0.5,0.6666666666666666,3
reduced_distance_topological,Distance-based + Topological,3,ChEMBL__View-Unionable__assays_both_0_30_ac1_av,210,6,0.75,0.5,0.6,3
reduced_distance_topological,Distance-based + Topological,3,OpenData__Semantically-Joinable__miller2_vertical_50_ac2_av,1444,25,0.32142857142857145,0.36,0.33962264150943394,3
reduced_distance_topological,Distance-based + Topological,3,TPC-DI__Joinable__prospect_vertical_30_ac4_ev,196,6,1.0,0.6666666666666666,0.8,3
reduced_distance_topological,Distance-based + Topological,3,TPC-DI__View-Unionable__prospect_both_0_50_ac3_ev,272,11,1.0,0.18181818181818182,0.3076923076923077,3
reduced_distance_topological,Distance-based + Topological,3,ChEMBL__Joinable__assays_both_50_50_ec_ev,289,11,1.0,0.9090909090909091,0.9523809523809523,3
reduced_distance_topological,Distance-based + Topological,3,ChEMBL__View-Unionable__assays_both_0_30_ac2_av,210,6,1.0,0.16666666666666666,0.2857142857142857,3
reduced_distance_topological,Distance-based + Topological,3,OpenData__Semantically-Joinable__miller2_vertical_50_ac5_av,1444,25,0.18181818181818182,0.24,0.20689655172413793,3
reduced_distance_topological,Distance-based + Topological,3,ChEMBL__View-Unionable__assays_both_0_30_ac3_ev,210,6,1.0,0.3333333333333333,0.5,3
reduced_distance_topological,Distance-based + Topological,3,ChEMBL__Joinable__assays_both_50_70_ac5_ev,380,16,1.0,0.3125,0.47619047619047616,3
reduced_distance_topological,Distance-based + Topological,3,OpenData__Semantically-Joinable__miller2_vertical_70_ac2_av,1849,35,0.375,0.2571428571428571,0.3050847457627119,3
reduced_distance_topological,Distance-based + Topological,3,TPC-DI__Joinable__prospect_vertical_50_ac4_ev,272,11,0.75,0.2727272727272727,0.4,3
reduced_distance_topological,Distance-based + Topological,3,ChEMBL__Joinable__assays_both_50_70_ec_ev,380,16,1.0,0.9375,0.967741935483871,3
reduced_distance_topological,Distance-based + Topological,3,ChEMBL__View-Unionable__assays_both_0_30_ac4_ev,210,6,0.5,0.3333333333333333,0.4,3
reduced_distance_topological,Distance-based + Topological,3,TPC-DI__Joinable__prospect_vertical_50_ac5_ev,272,11,1.0,0.2727272727272727,0.42857142857142855,3
reduced_distance_topological,Distance-based + Topological,3,ChEMBL__Joinable__assays_vertical_1_ac1_ev,144,1,1.0,1.0,1.0,3
reduced_distance_topological,Distance-based + Topological,3,ChEMBL__View-Unionable__assays_both_0_30_ac5_ev,210,6,1.0,0.3333333333333333,0.5,3
reduced_distance_topological,Distance-based + Topological,3,TPC-DI__View-Unionable__prospect_both_0_70_ac2_av,342,15,0.45454545454545453,0.3333333333333333,0.38461538461538464,3
reduced_distance_topological,Distance-based + Topological,3,TPC-DI__View-Unionable__prospect_both_0_70_ac3_av,342,15,0.5555555555555556,0.3333333333333333,0.4166666666666667,3
reduced_distance_topological,Distance-based + Topological,3,TPC-DI__Joinable__prospect_vertical_70_ac4_ev,342,15,1.0,0.3333333333333333,0.5,3
reduced_distance_topological,Distance-based + Topological,3,TPC-DI__View-Unionable__prospect_both_0_70_ac3_ev,342,15,1.0,0.26666666666666666,0.42105263157894735,3
reduced_distance_topological,Distance-based + Topological,3,OpenData__Unionable__miller2_horizontal_0_ac2_av,2601,51,0.6111111111111112,0.43137254901960786,0.5057471264367817,3
reduced_distance_topological,Distance-based + Topological,3,ChEMBL__Joinable__assays_vertical_30_ac1_ev,210,6,1.0,0.6666666666666666,0.8,3
reduced_distance_topological,Distance-based + Topological,3,OpenData__Unionable__miller2_horizontal_0_ac2_ev,2601,51,0.7142857142857143,0.39215686274509803,0.5063291139240507,3
reduced_distance_topological,Distance-based + Topological,3,TPC-DI__Joinable__prospect_vertical_70_ec_ev,342,15,1.0,0.8666666666666667,0.9285714285714286,3
reduced_distance_topological,Distance-based + Topological,3,TPC-DI__View-Unionable__prospect_both_0_70_ac4_ev,342,15,1.0,0.2,0.3333333333333333,3
reduced_distance_topological,Distance-based + Topological,3,ChEMBL__Joinable__assays_vertical_30_ac2_ev,210,6,1.0,0.16666666666666666,0.2857142857142857,3
reduced_distance_topological,Distance-based + Topological,3,ChEMBL__View-Unionable__assays_both_0_50_ac3_ev,289,11,1.0,0.45454545454545453,0.625,3
reduced_distance_topological,Distance-based + Topological,3,TPC-DI__View-Unionable__prospect_both_0_70_ec_av,342,15,1.0,0.7333333333333333,0.8461538461538461,3
reduced_distance_topological,Distance-based + Topological,3,ChEMBL__Joinable__assays_vertical_30_ac5_ev,210,6,1.0,0.3333333333333333,0.5,3
reduced_distance_topological,Distance-based + Topological,3,ChEMBL__View-Unionable__assays_both_0_50_ac4_av,289,11,0.5,0.18181818181818182,0.26666666666666666,3
reduced_distance_topological,Distance-based + Topological,3,ChEMBL__View-Unionable__assays_both_0_50_ac4_ev,289,11,1.0,0.45454545454545453,0.625,3
reduced_distance_topological,Distance-based + Topological,3,OpenData__Unionable__miller2_horizontal_0_ac5_av,2601,51,0.8125,0.2549019607843137,0.3880597014925373,3
reduced_distance_topological,Distance-based + Topological,3,OpenData__Unionable__miller2_horizontal_0_ec_av,2601,51,0.8363636363636363,0.9019607843137255,0.8679245283018868,3
reduced_distance_topological,Distance-based + Topological,3,ChEMBL__Joinable__assays_vertical_50_ac3_ev,289,11,1.0,0.36363636363636365,0.5333333333333333,3
reduced_distance_topological,Distance-based + Topological,3,TPC-DI__Semantically-Joinable__prospect_both_50_30_ac2_av,196,6,0.6,0.5,0.5454545454545454,3
reduced_distance_topological,Distance-based + Topological,3,Wikidata__Musicians__Musicians_viewunion,169,5,0.8,0.8,0.8,3
reduced_distance_topological,Distance-based + Topological,3,TPC-DI__Semantically-Joinable__prospect_both_50_30_ac3_av,196,6,0.375,0.5,0.42857142857142855,3
reduced_distance_topological,Distance-based + Topological,3,OpenData__Unionable__miller2_horizontal_100_ac1_ev,2601,51,1.0,0.5882352941176471,0.7407407407407407,3
reduced_distance_topological,Distance-based + Topological,3,TPC-DI__Semantically-Joinable__prospect_both_50_30_ac4_av,196,6,0.6666666666666666,0.3333333333333333,0.4444444444444444,3
reduced_distance_topological,Distance-based + Topological,3,ChEMBL__View-Unionable__assays_both_0_70_ac1_ev,380,16,1.0,0.75,0.8571428571428571,3
reduced_distance_topological,Distance-based + Topological,3,OpenData__Unionable__miller2_horizontal_100_ac2_av,2601,51,0.9230769230769231,0.47058823529411764,0.6233766233766234,3
reduced_distance_topological,Distance-based + Topological,3,ChEMBL__View-Unionable__assays_both_0_70_ac2_av,380,16,1.0,0.1875,0.3157894736842105,3
reduced_distance_topological,Distance-based + Topological,3,OpenData__Unionable__miller2_horizontal_100_ac3_av,2601,51,1.0,0.3137254901960784,0.47761194029850745,3
reduced_distance_topological,Distance-based + Topological,3,TPC-DI__Semantically-Joinable__prospect_both_50_50_ac1_av,272,11,1.0,0.45454545454545453,0.625,3
reduced_distance_topological,Distance-based + Topological,3,ChEMBL__Joinable__assays_vertical_70_ac3_ev,380,16,1.0,0.25,0.4,3
reduced_distance_topological,Distance-based + Topological,3,ChEMBL__Joinable__assays_vertical_70_ec_ev,380,16,1.0,0.875,0.9333333333333333,3
reduced_distance_topological,Distance-based + Topological,3,ChEMBL__View-Unionable__assays_both_0_70_ac4_ev,380,16,0.8571428571428571,0.375,0.5217391304347826,3
reduced_distance_topological,Distance-based + Topological,3,ChEMBL__View-Unionable__assays_both_0_70_ac5_av,380,16,0.5714285714285714,0.25,0.34782608695652173,3
reduced_distance_topological,Distance-based + Topological,3,OpenData__Unionable__miller2_horizontal_100_ac5_ev,2601,51,1.0,0.27450980392156865,0.4307692307692308,3
reduced_distance_topological,Distance-based + Topological,3,TPC-DI__Semantically-Joinable__prospect_both_50_70_ac1_av,342,15,0.875,0.4666666666666667,0.6086956521739131,3
reduced_distance_topological,Distance-based + Topological,3,ChEMBL__View-Unionable__assays_both_0_70_ec_av,380,16,1.0,0.75,0.8571428571428571,3
reduced_distance_topological,Distance-based + Topological,3,OpenData__Unionable__miller2_horizontal_100_ec_ev,2601,51,1.0,0.9019607843137255,0.9484536082474226,3
reduced_distance_topological,Distance-based + Topological,3,TPC-DI__Semantically-Joinable__prospect_both_50_70_ac2_av,342,15,0.2727272727272727,0.2,0.23076923076923078,3
reduced_distance_topological,Distance-based + Topological,3,ChEMBL__Semantically-Joinable__assays_both_50_1_ac4_av,144,1,0.5,1.0,0.6666666666666666,3
reduced_distance_topological,Distance-based + Topological,3,OpenData__Unionable__miller2_horizontal_50_ac1_av,2601,51,1.0,0.5882352941176471,0.7407407407407407,3
reduced_distance_topological,Distance-based + Topological,3,TPC-DI__Semantically-Joinable__prospect_both_50_70_ac4_av,342,15,0.4,0.26666666666666666,0.32,3
reduced_distance_topological,Distance-based + Topological,3,ChEMBL__Semantically-Joinable__assays_both_50_1_ec_av,144,1,1.0,1.0,1.0,3
reduced_distance_topological,Distance-based + Topological,3,TPC-DI__Semantically-Joinable__prospect_both_50_70_ac5_av,342,15,0.3333333333333333,0.26666666666666666,0.2962962962962963,3
reduced_distance_topological,Distance-based + Topological,3,Magellan__fodors_zagats,49,7,1.0,0.7142857142857143,0.8333333333333334,3
reduced_distance_topological,Distance-based + Topological,3,Magellan__itunes_amazon,81,9,1.0,0.4444444444444444,0.6153846153846154,3
reduced_distance_topological,Distance-based + Topological,3,TPC-DI__Semantically-Joinable__prospect_vertical_1_ac3_av,132,1,1.0,1.0,1.0,3
reduced_distance_topological,Distance-based + Topological,3,OpenData__Joinable__miller2_both_50_1_ac1_ev,676,1,1.0,1.0,1.0,3
reduced_distance_topological,Distance-based + Topological,3,TPC-DI__Semantically-Joinable__prospect_vertical_1_ec_av,132,1,1.0,1.0,1.0,3
reduced_distance_topological,Distance-based + Topological,3,OpenData__Joinable__miller2_both_50_1_ac3_ev,676,1,1.0,1.0,1.0,3
reduced_distance_topological,Distance-based + Topological,3,OpenData__Unionable__miller2_horizontal_50_ec_av,2601,51,1.0,0.9019607843137255,0.9484536082474226,3
reduced_distance_topological,Distance-based + Topological,3,ChEMBL__Semantically-Joinable__assays_both_50_50_ac3_av,289,11,1.0,0.2727272727272727,0.42857142857142855,3
reduced_distance_topological,Distance-based + Topological,3,ChEMBL__Semantically-Joinable__assays_both_50_50_ac4_av,289,11,0.6666666666666666,0.36363636363636365,0.47058823529411764,3
reduced_distance_topological,Distance-based + Topological,3,OpenData__View -Unionable__miller2_both_0_1_ac1_ev,676,1,1.0,1.0,1.0,3
reduced_distance_topological,Distance-based + Topological,3,ChEMBL__Semantically-Joinable__assays_both_50_50_ec_av,289,11,0.9,0.8181818181818182,0.8571428571428571,3
reduced_distance_topological,Distance-based + Topological,3,OpenData__View -Unionable__miller2_both_0_1_ac2_av,676,1,0.05263157894736842,1.0,0.1,3
reduced_distance_topological,Distance-based + Topological,3,TPC-DI__Semantically-Joinable__prospect_vertical_30_ac5_av,196,6,0.5,0.3333333333333333,0.4,3
reduced_distance_topological,Distance-based + Topological,3,ChEMBL__Semantically-Joinable__assays_both_50_70_ac1_av,380,16,0.8181818181818182,0.5625,0.6666666666666666,3
reduced_distance_topological,Distance-based + Topological,3,OpenData__View -Unionable__miller2_both_0_1_ac2_ev,676,1,0.06666666666666667,1.0,0.125,3
reduced_distance_topological,Distance-based + Topological,3,ChEMBL__Semantically-Joinable__assays_both_50_70_ac2_av,380,16,0.8,0.25,0.38095238095238093,3
reduced_distance_topological,Distance-based + Topological,3,ChEMBL__Semantically-Joinable__assays_both_50_70_ac3_av,380,16,0.6666666666666666,0.25,0.36363636363636365,3
reduced_distance_topological,Distance-based + Topological,3,ChEMBL__Semantically-Joinable__assays_both_50_70_ec_av,380,16,1.0,0.75,0.8571428571428571,3
reduced_distance_topological,Distance-based + Topological,3,OpenData__View -Unionable__miller2_both_0_1_ac5_av,676,1,0.0,0.0,0.0,3
reduced_distance_topological,Distance-based + Topological,3,TPC-DI__Semantically-Joinable__prospect_vertical_50_ac5_av,272,11,0.3333333333333333,0.18181818181818182,0.23529411764705882,3
reduced_distance_topological,Distance-based + Topological,3,ChEMBL__Semantically-Joinable__assays_vertical_1_ac1_av,144,1,1.0,1.0,1.0,3
reduced_distance_topological,Distance-based + Topological,3,OpenData__Joinable__miller2_both_50_50_ac2_ev,1444,25,0.6842105263157895,0.52,0.5909090909090909,3
reduced_distance_topological,Distance-based + Topological,3,ChEMBL__Semantically-Joinable__assays_vertical_1_ac4_av,144,1,0.3333333333333333,1.0,0.5,3
reduced_distance_topological,Distance-based + Topological,3,ChEMBL__Semantically-Joinable__assays_vertical_1_ac5_av,144,1,1.0,1.0,1.0,3
reduced_distance_topological,Distance-based + Topological,3,TPC-DI__Semantically-Joinable__prospect_vertical_70_ac4_av,342,15,0.42857142857142855,0.2,0.2727272727272727,3
reduced_distance_topological,Distance-based + Topological,3,ChEMBL__Semantically-Joinable__assays_vertical_1_ec_av,144,1,1.0,1.0,1.0,3
reduced_distance_topological,Distance-based + Topological,3,OpenData__Joinable__miller2_both_50_70_ac1_ev,1849,35,1.0,0.6571428571428571,0.7931034482758621,3
reduced_distance_topological,Distance-based + Topological,3,TPC-DI__Semantically-Joinable__prospect_vertical_70_ec_av,342,15,0.9166666666666666,0.7333333333333333,0.8148148148148148,3
reduced_distance_topological,Distance-based + Topological,3,OpenData__Joinable__miller2_both_50_70_ac3_ev,1849,35,1.0,0.2857142857142857,0.4444444444444444,3
reduced_distance_topological,Distance-based + Topological,3,OpenData__View -Unionable__miller2_both_0_30_ac4_av,1089,15,0.21052631578947367,0.26666666666666666,0.23529411764705882,3
reduced_distance_topological,Distance-based + Topological,3,OpenData__Joinable__miller2_both_50_70_ec_ev,1849,35,1.0,0.9142857142857143,0.9552238805970149,3
reduced_distance_topological,Distance-based + Topological,3,TPC-DI__Unionable__prospect_horizontal_0_ac2_ev,484,22,0.9,0.4090909090909091,0.5625,3
reduced_distance_topological,Distance-based + Topological,3,OpenData__Joinable__miller2_vertical_1_ac2_ev,676,1,0.041666666666666664,1.0,0.08,3
reduced_distance_topological,Distance-based + Topological,3,OpenData__Joinable__miller2_vertical_1_ac3_ev,676,1,0.14285714285714285,1.0,0.25,3
reduced_distance_topological,Distance-based + Topological,3,TPC-DI__Unionable__prospect_horizontal_0_ac4_av,484,22,1.0,0.18181818181818182,0.3076923076923077,3
reduced_distance_topological,Distance-based + Topological,3,ChEMBL__Semantically-Joinable__assays_vertical_50_ac3_av,289,11,1.0,0.18181818181818182,0.3076923076923077,3
reduced_distance_topological,Distance-based + Topological,3,OpenData__Joinable__miller2_vertical_1_ec_ev,676,1,0.5,1.0,0.6666666666666666,3
reduced_distance_topological,Distance-based + Topological,3,TPC-DI__Unionable__prospect_horizontal_0_ac5_ev,484,22,1.0,0.22727272727272727,0.37037037037037035,3
reduced_distance_topological,Distance-based + Topological,3,OpenData__View -Unionable__miller2_both_0_50_ac2_av,1444,25,0.3235294117647059,0.44,0.3728813559322034,3
reduced_distance_topological,Distance-based + Topological,3,TPC-DI__Unionable__prospect_horizontal_0_ec_av,484,22,1.0,0.7272727272727273,0.8421052631578947,3
reduced_distance_topological,Distance-based + Topological,3,OpenData__Joinable__miller2_vertical_30_ac2_ev,1089,15,0.5,0.5333333333333333,0.5161290322580645,3
reduced_distance_topological,Distance-based + Topological,3,TPC-DI__Unionable__prospect_horizontal_0_ec_ev,484,22,1.0,0.7272727272727273,0.8421052631578947,3
reduced_distance_topological,Distance-based + Topological,3,OpenData__Joinable__miller2_vertical_30_ac3_ev,1089,15,1.0,0.4,0.5714285714285714,3
reduced_distance_topological,Distance-based + Topological,3,OpenData__View -Unionable__miller2_both_0_50_ac3_av,1444,25,0.36363636363636365,0.32,0.3404255319148936,3
reduced_distance_topological,Distance-based + Topological,3,OpenData__View -Unionable__miller2_both_0_50_ac4_av,1444,25,0.26666666666666666,0.16,0.2,3
reduced_distance_topological,Distance-based + Topological,3,TPC-DI__Unionable__prospect_horizontal_100_ac2_av,484,22,1.0,0.2727272727272727,0.42857142857142855,3
reduced_distance_topological,Distance-based + Topological,3,OpenData__Joinable__miller2_vertical_30_ec_ev,1089,15,1.0,1.0,1.0,3
reduced_distance_topological,Distance-based + Topological,3,OpenData__View -Unionable__miller2_both_0_50_ac5_av,1444,25,0.2413793103448276,0.28,0.25925925925925924,3
reduced_distance_topological,Distance-based + Topological,3,OpenData__View -Unionable__miller2_both_0_50_ac5_ev,1444,25,1.0,0.28,0.4375,3
reduced_distance_topological,Distance-based + Topological,3,ChEMBL__Unionable__assays_horizontal_0_ac2_ev,529,23,1.0,0.30434782608695654,0.4666666666666667,3
reduced_distance_topological,Distance-based + Topological,3,OpenData__Joinable__miller2_vertical_50_ac5_ev,1444,25,0.8333333333333334,0.2,0.3225806451612903,3
reduced_distance_topological,Distance-based + Topological,3,OpenData__View -Unionable__miller2_both_0_70_ac1_av,1849,35,0.8947368421052632,0.4857142857142857,0.6296296296296297,3
reduced_distance_topological,Distance-based + Topological,3,OpenData__Joinable__miller2_vertical_50_ec_ev,1444,25,1.0,1.0,1.0,3
reduced_distance_topological,Distance-based + Topological,3,TPC-DI__Unionable__prospect_horizontal_100_ac5_ev,484,22,1.0,0.22727272727272727,0.37037037037037035,3
reduced_distance_topological,Distance-based + Topological,3,TPC-DI__Unionable__prospect_horizontal_100_ec_av,484,22,1.0,0.7272727272727273,0.8421052631578947,3
reduced_distance_topological,Distance-based + Topological,3,ChEMBL__Unionable__assays_horizontal_0_ac4_ev,529,23,0.8888888888888888,0.34782608695652173,0.5,3
reduced_distance_topological,Distance-based + Topological,3,OpenData__View -Unionable__miller2_both_0_70_ac3_av,1849,35,0.16666666666666666,0.22857142857142856,0.1927710843373494,3
reduced_distance_topological,Distance-based + Topological,3,OpenData__Joinable__miller2_vertical_70_ac5_ev,1849,35,0.875,0.2,0.32558139534883723,3
reduced_distance_topological,Distance-based + Topological,3,OpenData__View -Unionable__miller2_both_0_70_ac4_av,1849,35,0.1951219512195122,0.22857142857142856,0.21052631578947367,3
reduced_distance_topological,Distance-based + Topological,3,TPC-DI__Unionable__prospect_horizontal_50_ac2_av,484,22,1.0,0.36363636363636365,0.5333333333333333,3
reduced_distance_topological,Distance-based + Topological,3,ChEMBL__Unionable__assays_horizontal_0_ec_av,529,23,0.9473684210526315,0.782608695652174,0.8571428571428571,3
reduced_distance_topological,Distance-based + Topological,3,OpenData__View -Unionable__miller2_both_0_70_ac4_ev,1849,35,0.6842105263157895,0.37142857142857144,0.48148148148148145,3
reduced_distance_topological,Distance-based + Topological,3,TPC-DI__Unionable__prospect_horizontal_50_ac2_ev,484,22,1.0,0.2727272727272727,0.42857142857142855,3
reduced_distance_topological,Distance-based + Topological,3,OpenData__Semantically-Joinable__miller2_both_50_1_ac1_av,676,1,1.0,1.0,1.0,3
reduced_distance_topological,Distance-based + Topological,3,ChEMBL__Unionable__assays_horizontal_100_ac1_av,529,23,1.0,0.6956521739130435,0.8205128205128205,3
reduced_distance_topological,Distance-based + Topological,3,ChEMBL__Unionable__assays_horizontal_100_ac2_av,529,23,1.0,0.30434782608695654,0.4666666666666667,3
reduced_distance_topological,Distance-based + Topological,3,OpenData__View -Unionable__miller2_both_0_70_ec_ev,1849,35,1.0,0.9428571428571428,0.9705882352941176,3
reduced_distance_topological,Distance-based + Topological,3,ChEMBL__Unionable__assays_horizontal_100_ac2_ev,529,23,1.0,0.21739130434782608,0.35714285714285715,3
reduced_distance_topological,Distance-based + Topological,3,OpenData__Semantically-Joinable__miller2_both_50_1_ac5_av,676,1,0.0,0.0,0.0,3
reduced_distance_topological,Distance-based + Topological,3,TPC-DI__Unionable__prospect_horizontal_50_ac5_ev,484,22,1.0,0.22727272727272727,0.37037037037037035,3
reduced_distance_topological,Distance-based + Topological,3,ChEMBL__Unionable__assays_horizontal_100_ac3_ev,529,23,1.0,0.2608695652173913,0.41379310344827586,3
reduced_distance_topological,Distance-based + Topological,3,TPC-DI__Joinable__prospect_both_50_1_ac3_ev,132,1,1.0,1.0,1.0,3
reduced_distance_topological,Distance-based + Topological,3,ChEMBL__Unionable__assays_horizontal_100_ac4_ev,529,23,0.7142857142857143,0.21739130434782608,0.3333333333333333,3
reduced_distance_topological,Distance-based + Topological,3,OpenData__Semantically-Joinable__miller2_both_50_30_ac4_av,1089,15,0.06451612903225806,0.13333333333333333,0.08695652173913043,3
reduced_distance_topological,Distance-based + Topological,3,TPC-DI__Joinable__prospect_both_50_30_ac1_ev,196,6,1.0,0.6666666666666666,0.8,3
reduced_distance_topological,Distance-based + Topological,3,OpenData__Semantically-Joinable__miller2_both_50_50_ac1_av,1444,25,0.7647058823529411,0.52,0.6190476190476191,3
reduced_distance_topological,Distance-based + Topological,3,TPC-DI__Joinable__prospect_both_50_30_ac4_ev,196,6,1.0,1.0,1.0,3
reduced_distance_topological,Distance-based + Topological,3,TPC-DI__View-Unionable__prospect_both_0_1_ac3_ev,132,1,1.0,1.0,1.0,3
reduced_distance_topological,Distance-based + Topological,3,ChEMBL__Unionable__assays_horizontal_50_ac1_ev,529,23,1.0,0.6956521739130435,0.8205128205128205,3
reduced_distance_topological,Distance-based + Topological,3,OpenData__Semantically-Joinable__miller2_both_50_50_ac3_av,1444,25,0.4,0.4,0.4,3
reduced_distance_topological,Distance-based + Topological,3,TPC-DI__Joinable__prospect_both_50_30_ac5_ev,196,6,1.0,0.3333333333333333,0.5,3
reduced_distance_topological,Distance-based + Topological,3,OpenData__Semantically-Joinable__miller2_both_50_50_ac4_av,1444,25,0.25,0.28,0.2641509433962264,3
reduced_distance_topological,Distance-based + Topological,3,TPC-DI__Joinable__prospect_both_50_30_ec_ev,196,6,1.0,0.8333333333333334,0.9090909090909091,3
reduced_distance_topological,Distance-based + Topological,3,TPC-DI__View-Unionable__prospect_both_0_1_ac5_av,132,1,0.5,1.0,0.6666666666666666,3
reduced_distance_topological,Distance-based + Topological,3,ChEMBL__Unionable__assays_horizontal_50_ac3_ev,529,23,1.0,0.2608695652173913,0.41379310344827586,3
reduced_distance_topological,Distance-based + Topological,3,OpenData__Semantically-Joinable__miller2_both_50_70_ac3_av,1849,35,0.22580645161290322,0.2,0.21212121212121213,3
reduced_distance_topological,Distance-based + Topological,4,ChEMBL__Joinable__assays_both_50_1_ac2_ev,144,1,1.0,1.0,1.0,3
reduced_distance_topological,Distance-based + Topological,4,ChEMBL__Unionable__assays_horizontal_50_ac5_ev,529,23,1.0,0.34782608695652173,0.5161290322580645,3
reduced_distance_topological,Distance-based + Topological,4,TPC-DI__View-Unionable__prospect_both_0_30_ac2_av,196,6,0.25,0.16666666666666666,0.2,3
reduced_distance_topological,Distance-based + Topological,4,ChEMBL__Joinable__assays_both_50_1_ac3_ev,144,1,1.0,1.0,1.0,3
reduced_distance_topological,Distance-based + Topological,4,OpenData__Semantically-Joinable__miller2_vertical_1_ac1_av,676,1,0.0,0.0,0.0,3
reduced_distance_topological,Distance-based + Topological,4,ChEMBL__View-Unionable__assays_both_0_1_ac1_ev,144,1,1.0,1.0,1.0,3
reduced_distance_topological,Distance-based + Topological,4,TPC-DI__View-Unionable__prospect_both_0_30_ac4_av,196,6,0.4,0.3333333333333333,0.36363636363636365,3
reduced_distance_topological,Distance-based + Topological,4,ChEMBL__View-Unionable__assays_both_0_1_ac2_av,144,1,1.0,1.0,1.0,3
reduced_distance_topological,Distance-based + Topological,4,OpenData__Semantically-Joinable__miller2_vertical_1_ac4_av,676,1,0.0,0.0,0.0,3
reduced_distance_topological,Distance-based + Topological,4,TPC-DI__Joinable__prospect_both_50_70_ec_ev,342,15,1.0,0.6666666666666666,0.8,3
reduced_distance_topological,Distance-based + Topological,4,ChEMBL__Joinable__assays_both_50_30_ac3_ev,210,6,1.0,0.16666666666666666,0.2857142857142857,3
reduced_distance_topological,Distance-based + Topological,4,OpenData__Semantically-Joinable__miller2_vertical_1_ec_av,676,1,1.0,1.0,1.0,3
reduced_distance_topological,Distance-based + Topological,4,TPC-DI__View-Unionable__prospect_both_0_30_ac5_ev,196,6,1.0,0.5,0.6666666666666666,3
reduced_distance_topological,Distance-based + Topological,4,TPC-DI__Joinable__prospect_vertical_1_ac3_ev,132,1,1.0,1.0,1.0,3
reduced_distance_topological,Distance-based + Topological,4,TPC-DI__View-Unionable__prospect_both_0_30_ec_av,196,6,0.8333333333333334,0.8333333333333334,0.8333333333333334,3
reduced_distance_topological,Distance-based + Topological,4,TPC-DI__Joinable__prospect_vertical_1_ac5_ev,132,1,1.0,1.0,1.0,3
reduced_distance_topological,Distance-based + Topological,4,TPC-DI__View-Unionable__prospect_both_0_50_ac1_av,272,11,0.5,0.36363636363636365,0.42105263157894735,3
reduced_distance_topological,Distance-based + Topological,4,ChEMBL__Joinable__assays_both_50_50_ac1_ev,289,11,1.0,0.6363636363636364,0.7777777777777778,3
reduced_distance_topological,Distance-based + Topological,4,TPC-DI__Joinable__prospect_vertical_1_ec_ev,132,1,1.0,1.0,1.0,3
reduced_distance_topological,Distance-based + Topological,4,ChEMBL__View-Unionable__assays_both_0_1_ec_av,144,1,1.0,1.0,1.0,3
reduced_distance_topological,Distance-based + Topological,4,TPC-DI__Joinable__prospect_vertical_30_ac2_ev,196,6,0.75,0.5,0.6,3
reduced_distance_topological,Distance-based + Topological,4,TPC-DI__View-Unionable__prospect_both_0_50_ac2_ev,272,11,1.0,0.36363636363636365,0.5333333333333333,3
reduced_distance_topological,Distance-based + Topological,4,ChEMBL__Joinable__assays_both_50_50_ac4_ev,289,11,1.0,0.45454545454545453,0.625,3
reduced_distance_topological,Distance-based + Topological,4,OpenData__Semantically-Joinable__miller2_vertical_50_ac2_av,1444,25,0.38095238095238093,0.32,0.34782608695652173,3
reduced_distance_topological,Distance-based + Topological,4,TPC-DI__View-Unionable__prospect_both_0_50_ac3_ev,272,11,1.0,0.36363636363636365,0.5333333333333333,3
reduced_distance_topological,Distance-based + Topological,4,ChEMBL__View-Unionable__assays_both_0_30_ac1_ev,210,6,1.0,0.5,0.6666666666666666,3
reduced_distance_topological,Distance-based + Topological,4,ChEMBL__View-Unionable__assays_both_0_30_ac2_av,210,6,1.0,0.16666666666666666,0.2857142857142857,3
reduced_distance_topological,Distance-based + Topological,4,OpenData__Semantically-Joinable__miller2_vertical_50_ac4_av,1444,25,0.10526315789473684,0.16,0.12698412698412698,3
reduced_distance_topological,Distance-based + Topological,4,ChEMBL__View-Unionable__assays_both_0_30_ac2_ev,210,6,0.5714285714285714,0.6666666666666666,0.6153846153846154,3
reduced_distance_topological,Distance-based + Topological,4,OpenData__Semantically-Joinable__miller2_vertical_70_ac1_av,1849,35,0.6129032258064516,0.5428571428571428,0.5757575757575758,3
reduced_distance_topological,Distance-based + Topological,4,ChEMBL__Joinable__assays_both_50_70_ac5_ev,380,16,1.0,0.3125,0.47619047619047616,3
reduced_distance_topological,Distance-based + Topological,4,OpenData__Semantically-Joinable__miller2_vertical_70_ac2_av,1849,35,0.39285714285714285,0.3142857142857143,0.3492063492063492,3
reduced_distance_topological,Distance-based + Topological,4,ChEMBL__Joinable__assays_both_50_70_ec_ev,380,16,1.0,0.625,0.7692307692307693,3
reduced_distance_topological,Distance-based + Topological,4,TPC-DI__View-Unionable__prospect_both_0_70_ac1_av,342,15,0.5454545454545454,0.4,0.46153846153846156,3
reduced_distance_topological,Distance-based + Topological,4,ChEMBL__View-Unionable__assays_both_0_30_ac5_ev,210,6,1.0,0.3333333333333333,0.5,3
reduced_distance_topological,Distance-based + Topological,4,TPC-DI__View-Unionable__prospect_both_0_70_ac2_av,342,15,0.38461538461538464,0.3333333333333333,0.35714285714285715,3
reduced_distance_topological,Distance-based + Topological,4,TPC-DI__Joinable__prospect_vertical_70_ac2_ev,342,15,0.875,0.4666666666666667,0.6086956521739131,3
reduced_distance_topological,Distance-based + Topological,4,ChEMBL__View-Unionable__assays_both_0_30_ec_ev,210,6,1.0,0.8333333333333334,0.9090909090909091,3
reduced_distance_topological,Distance-based + Topological,4,OpenData__Unionable__miller2_horizontal_0_ac1_av,2601,51,0.5909090909090909,0.5098039215686274,0.5473684210526316,3
reduced_distance_topological,Distance-based + Topological,4,TPC-DI__View-Unionable__prospect_both_0_70_ac3_av,342,15,0.6,0.4,0.48,3
reduced_distance_topological,Distance-based + Topological,4,TPC-DI__View-Unionable__prospect_both_0_70_ac4_av,342,15,0.5,0.3333333333333333,0.4,3
reduced_distance_topological,Distance-based + Topological,4,ChEMBL__Joinable__assays_vertical_30_ac1_ev,210,6,1.0,0.6666666666666666,0.8,3
reduced_distance_topological,Distance-based + Topological,4,TPC-DI__Joinable__prospect_vertical_70_ec_ev,342,15,1.0,0.8,0.8888888888888888,3
reduced_distance_topological,Distance-based + Topological,4,TPC-DI__View-Unionable__prospect_both_0_70_ac4_ev,342,15,1.0,0.2,0.3333333333333333,3
reduced_distance_topological,Distance-based + Topological,4,ChEMBL__Joinable__assays_vertical_30_ac2_ev,210,6,1.0,0.3333333333333333,0.5,3
reduced_distance_topological,Distance-based + Topological,4,ChEMBL__View-Unionable__assays_both_0_50_ac2_ev,289,11,1.0,0.36363636363636365,0.5333333333333333,3
reduced_distance_topological,Distance-based + Topological,4,ChEMBL__Joinable__assays_vertical_30_ac3_ev,210,6,1.0,0.5,0.6666666666666666,3
reduced_distance_topological,Distance-based + Topological,4,TPC-DI__Semantically-Joinable__prospect_both_50_1_ac3_av,132,1,0.3333333333333333,1.0,0.5,3
reduced_distance_topological,Distance-based + Topological,4,ChEMBL__Joinable__assays_vertical_30_ac5_ev,210,6,1.0,0.5,0.6666666666666666,3
reduced_distance_topological,Distance-based + Topological,4,OpenData__Unionable__miller2_horizontal_0_ac5_ev,2601,51,1.0,0.21568627450980393,0.3548387096774194,3
reduced_distance_topological,Distance-based + Topological,4,TPC-DI__Semantically-Joinable__prospect_both_50_1_ec_av,132,1,1.0,1.0,1.0,3
reduced_distance_topological,Distance-based + Topological,4,ChEMBL__Joinable__assays_vertical_50_ac2_ev,289,11,0.75,0.2727272727272727,0.4,3
reduced_distance_topological,Distance-based + Topological,4,ChEMBL__View-Unionable__assays_both_0_50_ac5_ev,289,11,1.0,0.36363636363636365,0.5333333333333333,3
reduced_distance_topological,Distance-based + Topological,4,Wikidata__Musicians__Musicians_unionable,400,19,0.9411764705882353,0.8421052631578947,0.8888888888888888,3
reduced_distance_topological,Distance-based + Topological,4,ChEMBL__Joinable__assays_vertical_50_ac5_ev,289,11,1.0,0.36363636363636365,0.5333333333333333,3
reduced_distance_topological,Distance-based + Topological,4,TPC-DI__Semantically-Joinable__prospect_both_50_30_ac4_av,196,6,0.6,0.5,0.5454545454545454,3
reduced_distance_topological,Distance-based + Topological,4,OpenData__Unionable__miller2_horizontal_100_ac2_av,2601,51,0.8275862068965517,0.47058823529411764,0.6,3
reduced_distance_topological,Distance-based + Topological,4,TPC-DI__Semantically-Joinable__prospect_both_50_30_ac5_av,196,6,0.4,0.3333333333333333,0.36363636363636365,3
reduced_distance_topological,Distance-based + Topological,4,ChEMBL__View-Unionable__assays_both_0_70_ac2_ev,380,16,1.0,0.25,0.4,3
reduced_distance_topological,Distance-based + Topological,4,TPC-DI__Semantically-Joinable__prospect_both_50_50_ac1_av,272,11,0.8571428571428571,0.5454545454545454,0.6666666666666666,3
reduced_distance_topological,Distance-based + Topological,4,ChEMBL__Joinable__assays_vertical_70_ac3_ev,380,16,1.0,0.25,0.4,3
reduced_distance_topological,Distance-based + Topological,4,ChEMBL__View-Unionable__assays_both_0_70_ac3_av,380,16,0.6,0.1875,0.2857142857142857,3
reduced_distance_topological,Distance-based + Topological,4,TPC-DI__Semantically-Joinable__prospect_both_50_50_ac2_av,272,11,0.5714285714285714,0.36363636363636365,0.4444444444444444,3
reduced_distance_topological,Distance-based + Topological,4,ChEMBL__Joinable__assays_vertical_70_ac4_ev,380,16,0.875,0.4375,0.5833333333333334,3
reduced_distance_topological,Distance-based + Topological,4,ChEMBL__View-Unionable__assays_both_0_70_ac3_ev,380,16,1.0,0.25,0.4,3
reduced_distance_topological,Distance-based + Topological,4,ChEMBL__View-Unionable__assays_both_0_70_ac4_ev,380,16,0.8571428571428571,0.375,0.5217391304347826,3
reduced_distance_topological,Distance-based + Topological,4,OpenData__Unionable__miller2_horizontal_100_ac5_av,2601,51,1.0,0.21568627450980393,0.3548387096774194,3
reduced_distance_topological,Distance-based + Topological,4,TPC-DI__Semantically-Joinable__prospect_both_50_50_ac5_av,272,11,0.3333333333333333,0.09090909090909091,0.14285714285714285,3
reduced_distance_topological,Distance-based + Topological,4,ChEMBL__Semantically-Joinable__assays_both_50_1_ac1_av,144,1,1.0,1.0,1.0,3
reduced_distance_topological,Distance-based + Topological,4,OpenData__Unionable__miller2_horizontal_100_ac5_ev,2601,51,1.0,0.21568627450980393,0.3548387096774194,3
reduced_distance_topological,Distance-based + Topological,4,ChEMBL__Semantically-Joinable__assays_both_50_1_ac3_av,144,1,1.0,1.0,1.0,3
reduced_distance_topological,Distance-based + Topological,4,ChEMBL__View-Unionable__assays_both_0_70_ec_av,380,16,0.8333333333333334,0.625,0.7142857142857143,3
reduced_distance_topological,Distance-based + Topological,4,OpenData__Unionable__miller2_horizontal_100_ec_ev,2601,51,1.0,0.5882352941176471,0.7407407407407407,3
reduced_distance_topological,Distance-based + Topological,4,ChEMBL__Semantically-Joinable__assays_both_50_1_ac4_av,144,1,1.0,1.0,1.0,3
reduced_distance_topological,Distance-based + Topological,4,OpenData__Unionable__miller2_horizontal_50_ac1_av,2601,51,1.0,0.5294117647058824,0.6923076923076923,3
reduced_distance_topological,Distance-based + Topological,4,ChEMBL__Semantically-Joinable__assays_both_50_1_ac5_av,144,1,1.0,1.0,1.0,3
reduced_distance_topological,Distance-based + Topological,4,TPC-DI__Semantically-Joinable__prospect_both_50_70_ac4_av,342,15,0.45454545454545453,0.3333333333333333,0.38461538461538464,3
reduced_distance_topological,Distance-based + Topological,4,ChEMBL__Semantically-Joinable__assays_both_50_1_ec_av,144,1,1.0,1.0,1.0,3
reduced_distance_topological,Distance-based + Topological,4,OpenData__Unionable__miller2_horizontal_50_ac2_av,2601,51,0.7142857142857143,0.49019607843137253,0.5813953488372093,3
reduced_distance_topological,Distance-based + Topological,4,TPC-DI__Semantically-Joinable__prospect_both_50_70_ac5_av,342,15,0.07692307692307693,0.06666666666666667,0.07142857142857142,3
reduced_distance_topological,Distance-based + Topological,4,OpenData__Unionable__miller2_horizontal_50_ac2_ev,2601,51,0.8928571428571429,0.49019607843137253,0.6329113924050633,3
reduced_distance_topological,Distance-based + Topological,4,TPC-DI__Semantically-Joinable__prospect_both_50_70_ec_av,342,15,0.8333333333333334,0.6666666666666666,0.7407407407407407,3
reduced_distance_topological,Distance-based + Topological,4,TPC-DI__Semantically-Joinable__prospect_vertical_1_ac1_av,132,1,1.0,1.0,1.0,3
reduced_distance_topological,Distance-based + Topological,4,ChEMBL__Semantically-Joinable__assays_both_50_30_ac3_av,210,6,0.5,0.16666666666666666,0.25,3
reduced_distance_topological,Distance-based + Topological,4,Magellan__itunes_amazon,81,9,1.0,0.4444444444444444,0.6153846153846154,3
reduced_distance_topological,Distance-based + Topological,4,Magellan__walmart_amazon,36,6,1.0,0.3333333333333333,0.5,3
reduced_distance_topological,Distance-based + Topological,4,OpenData__Unionable__miller2_horizontal_50_ac4_ev,2601,51,0.7083333333333334,0.3333333333333333,0.4533333333333333,3
reduced_distance_topological,Distance-based + Topological,4,OpenData__Joinable__miller2_both_50_1_ac2_ev,676,1,0.25,1.0,0.4,3
reduced_distance_topological,Distance-based + Topological,4,OpenData__Unionable__miller2_horizontal_50_ac5_ev,2601,51,1.0,0.21568627450980393,0.3548387096774194,3
reduced_distance_topological,Distance-based + Topological,4,TPC-DI__Semantically-Joinable__prospect_vertical_1_ec_av,132,1,1.0,1.0,1.0,3
reduced_distance_topological,Distance-based + Topological,4,OpenData__Joinable__miller2_both_50_1_ac4_ev,676,1,0.0,0.0,0.0,3
reduced_distance_topological,Distance-based + Topological,4,TPC-DI__Semantically-Joinable__prospect_vertical_30_ac2_av,196,6,0.6,0.5,0.5454545454545454,3
reduced_distance_topological,Distance-based + Topological,4,OpenData__View -Unionable__miller2_both_0_1_ac1_av,676,1,0.5,1.0,0.6666666666666666,3
reduced_distance_topological,Distance-based + Topological,4,ChEMBL__Semantically-Joinable__assays_both_50_50_ac5_av,289,11,0.375,0.2727272727272727,0.3157894736842105,3
reduced_distance_topological,Distance-based + Topological,4,OpenData__View -Unionable__miller2_both_0_1_ac1_ev,676,1,1.0,1.0,1.0,3
reduced_distance_topological,Distance-based + Topological,4,ChEMBL__Semantically-Joinable__assays_both_50_50_ec_av,289,11,1.0,0.6363636363636364,0.7777777777777778,3
reduced_distance_topological,Distance-based + Topological,4,ChEMBL__Semantically-Joinable__assays_both_50_70_ac1_av,380,16,0.9,0.5625,0.6923076923076923,3
reduced_distance_topological,Distance-based + Topological,4,TPC-DI__Semantically-Joinable__prospect_vertical_30_ec_av,196,6,0.8571428571428571,1.0,0.9230769230769231,3
reduced_distance_topological,Distance-based + Topological,4,OpenData__Joinable__miller2_both_50_30_ac3_ev,1089,15,1.0,0.26666666666666666,0.42105263157894735,3
reduced_distance_topological,Distance-based + Topological,4,OpenData__Joinable__miller2_both_50_30_ac5_ev,1089,15,1.0,0.4,0.5714285714285714,3
reduced_distance_topological,Distance-based + Topological,4,OpenData__View -Unionable__miller2_both_0_1_ac4_ev,676,1,0.0,0.0,0.0,3
reduced_distance_topological,Distance-based + Topological,4,OpenData__View -Unionable__miller2_both_0_1_ac5_av,676,1,0.0,0.0,0.0,3
reduced_distance_topological,Distance-based + Topological,4,ChEMBL__Semantically-Joinable__assays_vertical_1_ac2_av,144,1,0.5,1.0,0.6666666666666666,3
reduced_distance_topological,Distance-based + Topological,4,OpenData__View -Unionable__miller2_both_0_30_ac1_av,1089,15,0.7272727272727273,0.5333333333333333,0.6153846153846154,3
reduced_distance_topological,Distance-based + Topological,4,ChEMBL__Semantically-Joinable__assays_vertical_1_ac5_av,144,1,1.0,1.0,1.0,3
reduced_distance_topological,Distance-based + Topological,4,OpenData__View -Unionable__miller2_both_0_30_ac2_av,1089,15,0.4444444444444444,0.5333333333333333,0.48484848484848486,3
reduced_distance_topological,Distance-based + Topological,4,OpenData__Joinable__miller2_both_50_70_ac3_ev,1849,35,1.0,0.34285714285714286,0.5106382978723404,3
reduced_distance_topological,Distance-based + Topological,4,TPC-DI__Unionable__prospect_horizontal_0_ac1_av,484,22,1.0,0.36363636363636365,0.5333333333333333,3
reduced_distance_topological,Distance-based + Topological,4,TPC-DI__Unionable__prospect_horizontal_0_ac1_ev,484,22,1.0,0.36363636363636365,0.5333333333333333,3
reduced_distance_topological,Distance-based + Topological,4,OpenData__Joinable__miller2_both_50_70_ac5_ev,1849,35,1.0,0.2,0.3333333333333333,3
reduced_distance_topological,Distance-based + Topological,4,OpenData__Joinable__miller2_vertical_1_ac1_ev,676,1,0.14285714285714285,1.0,0.25,3
reduced_distance_topological,Distance-based + Topological,4,ChEMBL__Semantically-Joinable__assays_vertical_50_ac1_av,289,11,0.8571428571428571,0.5454545454545454,0.6666666666666666,3
reduced_distance_topological,Distance-based + Topological,4,ChEMBL__Semantically-Joinable__assays_vertical_50_ac2_av,289,11,1.0,0.36363636363636365,0.5333333333333333,3
reduced_distance_topological,Distance-based + Topological,4,TPC-DI__Unionable__prospect_horizontal_0_ac4_av,484,22,1.0,0.2727272727272727,0.42857142857142855,3
reduced_distance_topological,Distance-based + Topological,4,TPC-DI__Unionable__prospect_horizontal_0_ac4_ev,484,22,1.0,0.2727272727272727,0.42857142857142855,3
reduced_distance_topological,Distance-based + Topological,4,OpenData__View -Unionable__miller2_both_0_50_ac1_av,1444,25,0.8461538461538461,0.44,0.5789473684210527,3
reduced_distance_topological,Distance-based + Topological,4,TPC-DI__Unionable__prospect_horizontal_0_ac5_ev,484,22,1.0,0.22727272727272727,0.37037037037037035,3
reduced_distance_topological,Distance-based + Topological,4,OpenData__Joinable__miller2_vertical_30_ac1_ev,1089,15,0.9,0.6,0.72,3
reduced_distance_topological,Distance-based + Topological,4,OpenData__View -Unionable__miller2_both_0_50_ac2_av,1444,25,0.2857142857142857,0.32,0.3018867924528302,3
reduced_distance_topological,Distance-based + Topological,4,OpenData__Joinable__miller2_vertical_30_ac2_ev,1089,15,0.7142857142857143,0.6666666666666666,0.6896551724137931,3
reduced_distance_topological,Distance-based + Topological,4,TPC-DI__Unionable__prospect_horizontal_100_ac1_ev,484,22,1.0,0.36363636363636365,0.5333333333333333,3
reduced_distance_topological,Distance-based + Topological,4,ChEMBL__Semantically-Joinable__assays_vertical_70_ac4_av,380,16,0.5,0.3125,0.38461538461538464,3
reduced_distance_topological,Distance-based + Topological,4,OpenData__Joinable__miller2_vertical_30_ac5_ev,1089,15,1.0,0.06666666666666667,0.125,3
reduced_distance_topological,Distance-based + Topological,4,OpenData__Joinable__miller2_vertical_30_ec_ev,1089,15,1.0,0.5333333333333333,0.6956521739130435,3
reduced_distance_topological,Distance-based + Topological,4,OpenData__View -Unionable__miller2_both_0_50_ac4_ev,1444,25,0.6428571428571429,0.36,0.46153846153846156,3
reduced_distance_topological,Distance-based + Topological,4,TPC-DI__Unionable__prospect_horizontal_100_ac2_ev,484,22,1.0,0.2727272727272727,0.42857142857142855,3
reduced_distance_topological,Distance-based + Topological,4,OpenData__Joinable__miller2_vertical_50_ac1_ev,1444,25,0.9333333333333333,0.56,0.7,3
reduced_distance_topological,Distance-based + Topological,4,OpenData__View -Unionable__miller2_both_0_50_ac5_av,1444,25,0.21428571428571427,0.24,0.22641509433962265,3
reduced_distance_topological,Distance-based + Topological,4,OpenData__View -Unionable__miller2_both_0_50_ac5_ev,1444,25,1.0,0.32,0.48484848484848486,3
reduced_distance_topological,Distance-based + Topological,4,ChEMBL__Unionable__assays_horizontal_0_ac1_ev,529,23,1.0,0.5652173913043478,0.7222222222222222,3
reduced_distance_topological,Distance-based + Topological,4,ChEMBL__Unionable__assays_horizontal_0_ac2_ev,529,23,0.75,0.2608695652173913,0.3870967741935484,3
reduced_distance_topological,Distance-based + Topological,4,OpenData__Joinable__miller2_vertical_50_ec_ev,1444,25,1.0,0.44,0.6111111111111112,3
reduced_distance_topological,Distance-based + Topological,4,OpenData__View -Unionable__miller2_both_0_70_ac1_ev,1849,35,1.0,0.5142857142857142,0.6792452830188679,3
reduced_distance_topological,Distance-based + Topological,4,OpenData__View -Unionable__miller2_both_0_70_ac2_ev,1849,35,0.7083333333333334,0.4857142857142857,0.576271186440678,3
reduced_distance_topological,Distance-based + Topological,4,OpenData__Joinable__miller2_vertical_70_ac4_ev,1849,35,0.8461538461538461,0.3142857142857143,0.4583333333333333,3
reduced_distance_topological,Distance-based + Topological,4,TPC-DI__Unionable__prospect_horizontal_50_ac1_ev,484,22,1.0,0.36363636363636365,0.5333333333333333,3
reduced_distance_topological,Distance-based + Topological,4,ChEMBL__Unionable__assays_horizontal_0_ac5_ev,529,23,1.0,0.34782608695652173,0.5161290322580645,3
reduced_distance_topological,Distance-based + Topological,4,OpenData__View -Unionable__miller2_both_0_70_ac5_av,1849,35,0.3333333333333333,0.34285714285714286,0.3380281690140845,3
reduced_distance_topological,Distance-based + Topological,4,TPC-DI__Unionable__prospect_horizontal_50_ac3_ev,484,22,1.0,0.36363636363636365,0.5333333333333333,3
reduced_distance_topological,Distance-based + Topological,4,ChEMBL__Unionable__assays_horizontal_100_ac1_ev,529,23,1.0,0.5652173913043478,0.7222222222222222,3
reduced_distance_topological,Distance-based + Topological,4,OpenData__Semantically-Joinable__miller2_both_50_1_ac3_av,676,1,0.0,0.0,0.0,3
reduced_distance_topological,Distance-based + Topological,4,OpenData__View -Unionable__miller2_both_0_70_ec_av,1849,35,0.95,0.5428571428571428,0.6909090909090909,3
reduced_distance_topological,Distance-based + Topological,4,OpenData__Semantically-Joinable__miller2_both_50_1_ac4_av,676,1,0.0,0.0,0.0,3
reduced_distance_topological,Distance-based + Topological,4,ChEMBL__Unionable__assays_horizontal_100_ac2_ev,529,23,1.0,0.2608695652173913,0.41379310344827586,3
reduced_distance_topological,Distance-based + Topological,4,TPC-DI__Joinable__prospect_both_50_1_ac1_ev,132,1,1.0,1.0,1.0,3
reduced_distance_topological,Distance-based + Topological,4,TPC-DI__Joinable__prospect_both_50_1_ac2_ev,132,1,0.3333333333333333,1.0,0.5,3
reduced_distance_topological,Distance-based + Topological,4,OpenData__Semantically-Joinable__miller2_both_50_30_ac1_av,1089,15,0.4444444444444444,0.26666666666666666,0.3333333333333333,3
reduced_distance_topological,Distance-based + Topological,4,TPC-DI__Unionable__prospect_horizontal_50_ec_av,484,22,1.0,0.5909090909090909,0.7428571428571429,3
reduced_distance_topological,Distance-based + Topological,4,OpenData__Semantically-Joinable__miller2_both_50_30_ac2_av,1089,15,0.22727272727272727,0.3333333333333333,0.2702702702702703,3
reduced_distance_topological,Distance-based + Topological,4,TPC-DI__Joinable__prospect_both_50_1_ac4_ev,132,1,1.0,1.0,1.0,3
reduced_distance_topological,Distance-based + Topological,4,TPC-DI__Unionable__prospect_horizontal_50_ec_ev,484,22,1.0,0.5909090909090909,0.7428571428571429,3
reduced_distance_topological,Distance-based + Topological,4,TPC-DI__Joinable__prospect_both_50_1_ec_ev,132,1,1.0,1.0,1.0,3
reduced_distance_topological,Distance-based + Topological,4,OpenData__Semantically-Joinable__miller2_both_50_30_ac5_av,1089,15,0.16666666666666666,0.06666666666666667,0.09523809523809523,3
reduced_distance_topological,Distance-based + Topological,4,TPC-DI__Joinable__prospect_both_50_30_ac2_ev,196,6,1.0,0.6666666666666666,0.8,3
reduced_distance_topological,Distance-based + Topological,4,TPC-DI__View-Unionable__prospect_both_0_1_ac2_ev,132,1,1.0,1.0,1.0,3
reduced_distance_topological,Distance-based + Topological,4,ChEMBL__Unionable__assays_horizontal_100_ec_ev,529,23,1.0,0.6086956521739131,0.7567567567567568,3
reduced_distance_topological,Distance-based + Topological,4,OpenData__Semantically-Joinable__miller2_both_50_50_ac1_av,1444,25,0.7222222222222222,0.52,0.6046511627906976,3
reduced_distance_topological,Distance-based + Topological,4,ChEMBL__Unionable__assays_horizontal_50_ac1_av,529,23,1.0,0.5652173913043478,0.7222222222222222,3
reduced_distance_topological,Distance-based + Topological,4,TPC-DI__Joinable__prospect_both_50_30_ac4_ev,196,6,1.0,0.3333333333333333,0.5,3
reduced_distance_topological,Distance-based + Topological,4,ChEMBL__Unionable__assays_horizontal_50_ac1_ev,529,23,1.0,0.5652173913043478,0.7222222222222222,3
reduced_distance_topological,Distance-based + Topological,4,OpenData__Semantically-Joinable__miller2_both_50_50_ac3_av,1444,25,0.55,0.44,0.4888888888888889,3
reduced_distance_topological,Distance-based + Topological,4,TPC-DI__Joinable__prospect_both_50_30_ec_ev,196,6,1.0,0.6666666666666666,0.8,3
reduced_distance_topological,Distance-based + Topological,4,OpenData__Semantically-Joinable__miller2_both_50_50_ac5_av,1444,25,0.25,0.24,0.24489795918367346,3
reduced_distance_topological,Distance-based + Topological,4,ChEMBL__Unionable__assays_horizontal_50_ac3_av,529,23,1.0,0.17391304347826086,0.2962962962962963,3
reduced_distance_topological,Distance-based + Topological,4,ChEMBL__Unionable__assays_horizontal_50_ac3_ev,529,23,1.0,0.17391304347826086,0.2962962962962963,3
reduced_distance_topological,Distance-based + Topological,4,TPC-DI__View-Unionable__prospect_both_0_30_ac1_av,196,6,0.6,0.5,0.5454545454545454,3
reduced_distance_topological,Distance-based + Topological,5,ChEMBL__Unionable__assays_horizontal_50_ec_av,529,23,1.0,0.9565217391304348,0.9777777777777777,3
reduced_distance_topological,Distance-based + Topological,5,TPC-DI__Joinable__prospect_both_50_70_ac2_ev,342,15,1.0,0.4,0.5714285714285714,3
reduced_distance_topological,Distance-based + Topological,5,ChEMBL__Unionable__assays_horizontal_50_ec_ev,529,23,1.0,0.9565217391304348,0.9777777777777777,3
reduced_distance_topological,Distance-based + Topological,5,TPC-DI__Joinable__prospect_both_50_70_ac3_ev,342,15,1.0,0.4,0.5714285714285714,3
reduced_distance_topological,Distance-based + Topological,5,TPC-DI__Joinable__prospect_both_50_70_ac4_ev,342,15,1.0,0.26666666666666666,0.42105263157894735,3
reduced_distance_topological,Distance-based + Topological,5,ChEMBL__Joinable__assays_both_50_1_ec_ev,144,1,1.0,1.0,1.0,3
reduced_distance_topological,Distance-based + Topological,5,ChEMBL__Joinable__assays_both_50_30_ac1_ev,210,6,1.0,1.0,1.0,3
reduced_distance_topological,Distance-based + Topological,5,OpenData__Semantically-Joinable__miller2_vertical_1_ac5_av,676,1,0.0,0.0,0.0,3
reduced_distance_topological,Distance-based + Topological,5,TPC-DI__View-Unionable__prospect_both_0_30_ac5_av,196,6,0.5714285714285714,0.6666666666666666,0.6153846153846154,3
reduced_distance_topological,Distance-based + Topological,5,ChEMBL__Joinable__assays_both_50_30_ac4_ev,210,6,1.0,0.5,0.6666666666666666,3
reduced_distance_topological,Distance-based + Topological,5,ChEMBL__View-Unionable__assays_both_0_1_ac3_ev,144,1,0.0,0.0,0.0,3
reduced_distance_topological,Distance-based + Topological,5,ChEMBL__Joinable__assays_both_50_30_ac5_ev,210,6,1.0,0.3333333333333333,0.5,3
reduced_distance_topological,Distance-based + Topological,5,ChEMBL__View-Unionable__assays_both_0_1_ac5_av,144,1,1.0,1.0,1.0,3
reduced_distance_topological,Distance-based + Topological,5,ChEMBL__Joinable__assays_both_50_50_ac2_ev,289,11,1.0,0.18181818181818182,0.3076923076923077,3
reduced_distance_topological,Distance-based + Topological,5,TPC-DI__Joinable__prospect_vertical_30_ac1_ev,196,6,1.0,0.8333333333333334,0.9090909090909091,3
reduced_distance_topological,Distance-based + Topological,5,OpenData__Semantically-Joinable__miller2_vertical_30_ec_av,1089,15,0.8,0.8,0.8,3
reduced_distance_topological,Distance-based + Topological,5,ChEMBL__View-Unionable__assays_both_0_1_ec_ev,144,1,1.0,1.0,1.0,3
reduced_distance_topological,Distance-based + Topological,5,TPC-DI__View-Unionable__prospect_both_0_50_ac3_av,272,11,0.6,0.2727272727272727,0.375,3
reduced_distance_topological,Distance-based + Topological,5,ChEMBL__Joinable__assays_both_50_50_ac5_ev,289,11,1.0,0.36363636363636365,0.5333333333333333,3
reduced_distance_topological,Distance-based + Topological,5,TPC-DI__Joinable__prospect_vertical_30_ac5_ev,196,6,1.0,0.5,0.6666666666666666,3
reduced_distance_topological,Distance-based + Topological,5,TPC-DI__View-Unionable__prospect_both_0_50_ac4_av,272,11,0.5,0.45454545454545453,0.47619047619047616,3
reduced_distance_topological,Distance-based + Topological,5,ChEMBL__Joinable__assays_both_50_70_ac1_ev,380,16,1.0,0.8125,0.896551724137931,3
reduced_distance_topological,Distance-based + Topological,5,TPC-DI__View-Unionable__prospect_both_0_50_ac4_ev,272,11,1.0,0.45454545454545453,0.625,3
reduced_distance_topological,Distance-based + Topological,5,ChEMBL__Joinable__assays_both_50_70_ac2_ev,380,16,1.0,0.4375,0.6086956521739131,3
reduced_distance_topological,Distance-based + Topological,5,TPC-DI__View-Unionable__prospect_both_0_50_ac5_av,272,11,0.3,0.2727272727272727,0.2857142857142857,3
reduced_distance_topological,Distance-based + Topological,5,ChEMBL__View-Unionable__assays_both_0_30_ac3_av,210,6,0.0,0.0,0.0,3
reduced_distance_topological,Distance-based + Topological,5,OpenData__Semantically-Joinable__miller2_vertical_50_ec_av,1444,25,0.8333333333333334,0.8,0.8163265306122449,3
reduced_distance_topological,Distance-based + Topological,5,TPC-DI__Joinable__prospect_vertical_50_ac2_ev,272,11,1.0,0.45454545454545453,0.625,3
reduced_distance_topological,Distance-based + Topological,5,TPC-DI__View-Unionable__prospect_both_0_50_ac5_ev,272,11,1.0,0.2727272727272727,0.42857142857142855,3
reduced_distance_topological,Distance-based + Topological,5,TPC-DI__Joinable__prospect_vertical_50_ac3_ev,272,11,0.8571428571428571,0.5454545454545454,0.6666666666666666,3
reduced_distance_topological,Distance-based + Topological,5,ChEMBL__View-Unionable__assays_both_0_30_ac4_av,210,6,0.2857142857142857,0.3333333333333333,0.3076923076923077,3
reduced_distance_topological,Distance-based + Topological,5,OpenData__Semantically-Joinable__miller2_vertical_70_ac3_av,1849,35,0.30303030303030304,0.2857142857142857,0.29411764705882354,3
reduced_distance_topological,Distance-based + Topological,5,ChEMBL__View-Unionable__assays_both_0_30_ac5_av,210,6,0.6666666666666666,0.3333333333333333,0.4444444444444444,3
reduced_distance_topological,Distance-based + Topological,5,TPC-DI__View-Unionable__prospect_both_0_70_ac1_ev,342,15,1.0,0.5333333333333333,0.6956521739130435,3
reduced_distance_topological,Distance-based + Topological,5,ChEMBL__Joinable__assays_vertical_1_ac3_ev,144,1,0.3333333333333333,1.0,0.5,3
reduced_distance_topological,Distance-based + Topological,5,ChEMBL__Joinable__assays_vertical_1_ac4_ev,144,1,0.1,1.0,0.18181818181818182,3
reduced_distance_topological,Distance-based + Topological,5,TPC-DI__Joinable__prospect_vertical_70_ac3_ev,342,15,0.9090909090909091,0.6666666666666666,0.7692307692307693,3
reduced_distance_topological,Distance-based + Topological,5,ChEMBL__Joinable__assays_vertical_1_ac5_ev,144,1,1.0,1.0,1.0,3
reduced_distance_topological,Distance-based + Topological,5,OpenData__Unionable__miller2_horizontal_0_ac3_av,2601,51,0.5925925925925926,0.3137254901960784,0.41025641025641024,3
reduced_distance_topological,Distance-based + Topological,5,TPC-DI__Semantically-Joinable__prospect_both_50_1_ac1_av,132,1,1.0,1.0,1.0,3
reduced_distance_topological,Distance-based + Topological,5,OpenData__Unionable__miller2_horizontal_0_ac3_ev,2601,51,1.0,0.37254901960784315,0.5428571428571428,3
reduced_distance_topological,Distance-based + Topological,5,ChEMBL__Joinable__assays_vertical_30_ac4_ev,210,6,1.0,0.5,0.6666666666666666,3
reduced_distance_topological,Distance-based + Topological,5,TPC-DI__Semantically-Joinable__prospect_both_50_1_ac4_av,132,1,0.3333333333333333,1.0,0.5,3
reduced_distance_topological,Distance-based + Topological,5,TPC-DI__View-Unionable__prospect_both_0_70_ec_ev,342,15,1.0,0.6,0.75,3
reduced_distance_topological,Distance-based + Topological,5,TPC-DI__Semantically-Joinable__prospect_both_50_1_ac5_av,132,1,1.0,1.0,1.0,3
reduced_distance_topological,Distance-based + Topological,5,Wikidata__Musicians__Musicians_joinable,169,6,1.0,0.8333333333333334,0.9090909090909091,3
reduced_distance_topological,Distance-based + Topological,5,ChEMBL__View-Unionable__assays_both_0_50_ac5_av,289,11,1.0,0.36363636363636365,0.5333333333333333,3
reduced_distance_topological,Distance-based + Topological,5,TPC-DI__Semantically-Joinable__prospect_both_50_30_ac1_av,196,6,1.0,0.5,0.6666666666666666,3
reduced_distance_topological,Distance-based + Topological,5,OpenData__Unionable__miller2_horizontal_100_ac1_av,2601,51,1.0,0.6470588235294118,0.7857142857142857,3
reduced_distance_topological,Distance-based + Topological,5,ChEMBL__Joinable__assays_vertical_70_ac1_ev,380,16,1.0,0.6875,0.8148148148148148,3
reduced_distance_topological,Distance-based + Topological,5,ChEMBL__Joinable__assays_vertical_70_ac2_ev,380,16,1.0,0.4375,0.6086956521739131,3
reduced_distance_topological,Distance-based + Topological,5,TPC-DI__Semantically-Joinable__prospect_both_50_50_ac3_av,272,11,0.5,0.45454545454545453,0.47619047619047616,3
reduced_distance_topological,Distance-based + Topological,5,ChEMBL__Joinable__assays_vertical_70_ac5_ev,380,16,1.0,0.5,0.6666666666666666,3
reduced_distance_topological,Distance-based + Topological,5,ChEMBL__View-Unionable__assays_both_0_70_ac4_av,380,16,0.4166666666666667,0.3125,0.35714285714285715,3
reduced_distance_topological,Distance-based + Topological,5,OpenData__Unionable__miller2_horizontal_100_ec_av,2601,51,1.0,0.9215686274509803,0.9591836734693877,3
reduced_distance_topological,Distance-based + Topological,5,ChEMBL__View-Unionable__assays_both_0_70_ec_ev,380,16,1.0,0.9375,0.967741935483871,3
reduced_distance_topological,Distance-based + Topological,5,OpenData__Unionable__miller2_horizontal_50_ac1_ev,2601,51,1.0,0.6470588235294118,0.7857142857142857,3
reduced_distance_topological,Distance-based + Topological,5,Magellan__beeradvo_ratebeer,25,5,1.0,0.6,0.75,3
reduced_distance_topological,Distance-based + Topological,5,OpenData__Unionable__miller2_horizontal_50_ac3_ev,2601,51,1.0,0.37254901960784315,0.5428571428571428,3
reduced_distance_topological,Distance-based + Topological,5,ChEMBL__Semantically-Joinable__assays_both_50_30_ac4_av,210,6,1.0,0.6666666666666666,0.8,3
reduced_distance_topological,Distance-based + Topological,5,ChEMBL__Semantically-Joinable__assays_both_50_30_ec_av,210,6,1.0,0.6666666666666666,0.8,3
reduced_distance_topological,Distance-based + Topological,5,TPC-DI__Semantically-Joinable__prospect_vertical_1_ac5_av,132,1,0.0,0.0,0.0,3
reduced_distance_topological,Distance-based + Topological,5,ChEMBL__Semantically-Joinable__assays_both_50_50_ac1_av,289,11,0.7777777777777778,0.6363636363636364,0.7,3
reduced_distance_topological,Distance-based + Topological,5,TPC-DI__Semantically-Joinable__prospect_vertical_30_ac1_av,196,6,1.0,0.5,0.6666666666666666,3
reduced_distance_topological,Distance-based + Topological,5,OpenData__Joinable__miller2_both_50_1_ac5_ev,676,1,1.0,1.0,1.0,3
reduced_distance_topological,Distance-based + Topological,5,TPC-DI__Semantically-Joinable__prospect_vertical_30_ac3_av,196,6,0.5,0.3333333333333333,0.4,3
reduced_distance_topological,Distance-based + Topological,5,OpenData__Joinable__miller2_both_50_30_ac2_ev,1089,15,0.35,0.4666666666666667,0.4,3
reduced_distance_topological,Distance-based + Topological,5,OpenData__Joinable__miller2_both_50_30_ac4_ev,1089,15,0.2222222222222222,0.26666666666666666,0.24242424242424243,3
reduced_distance_topological,Distance-based + Topological,5,ChEMBL__Semantically-Joinable__assays_both_50_70_ac5_av,380,16,0.5555555555555556,0.3125,0.4,3
reduced_distance_topological,Distance-based + Topological,5,OpenData__Joinable__miller2_both_50_50_ac1_ev,1444,25,1.0,0.8,0.8888888888888888,3
reduced_distance_topological,Distance-based + Topological,5,OpenData__View -Unionable__miller2_both_0_1_ec_av,676,1,1.0,1.0,1.0,3
reduced_distance_topological,Distance-based + Topological,5,ChEMBL__Semantically-Joinable__assays_vertical_1_ac3_av,144,1,0.3333333333333333,1.0,0.5,3
reduced_distance_topological,Distance-based + Topological,5,OpenData__View -Unionable__miller2_both_0_1_ec_ev,676,1,1.0,1.0,1.0,3
reduced_distance_topological,Distance-based + Topological,5,OpenData__Joinable__miller2_both_50_50_ec_ev,1444,25,1.0,0.92,0.9583333333333334,3
reduced_distance_topological,Distance-based + Topological,5,TPC-DI__Semantically-Joinable__prospect_vertical_70_ac5_av,342,15,0.4444444444444444,0.26666666666666666,0.3333333333333333,3
reduced_distance_topological,Distance-based + Topological,5,ChEMBL__Semantically-Joinable__assays_vertical_30_ac1_av,210,6,1.0,0.5,0.6666666666666666,3
reduced_distance_topological,Distance-based + Topological,5,ChEMBL__Semantically-Joinable__assays_vertical_30_ac2_av,210,6,0.3333333333333333,0.16666666666666666,0.2222222222222222,3
reduced_distance_topological,Distance-based + Topological,5,OpenData__Joinable__miller2_both_50_70_ac4_ev,1849,35,0.8125,0.37142857142857144,0.5098039215686274,3
reduced_distance_topological,Distance-based + Topological,5,OpenData__View -Unionable__miller2_both_0_30_ac3_ev,1089,15,1.0,0.4,0.5714285714285714,3
reduced_distance_topological,Distance-based + Topological,5,ChEMBL__Semantically-Joinable__assays_vertical_30_ac4_av,210,6,0.18181818181818182,0.3333333333333333,0.23529411764705882,3
reduced_distance_topological,Distance-based + Topological,5,OpenData__View -Unionable__miller2_both_0_30_ac4_ev,1089,15,0.8,0.26666666666666666,0.4,3
reduced_distance_topological,Distance-based + Topological,5,OpenData__View -Unionable__miller2_both_0_30_ac5_ev,1089,15,1.0,0.2,0.3333333333333333,3
reduced_distance_topological,Distance-based + Topological,5,ChEMBL__Semantically-Joinable__assays_vertical_70_ec_av,380,16,1.0,0.75,0.8571428571428571,3
reduced_distance_topological,Distance-based + Topological,5,TPC-DI__Unionable__prospect_horizontal_100_ac3_av,484,22,1.0,0.45454545454545453,0.625,3
reduced_distance_topological,Distance-based + Topological,5,TPC-DI__Unionable__prospect_horizontal_100_ac3_ev,484,22,1.0,0.45454545454545453,0.625,3
reduced_distance_topological,Distance-based + Topological,5,OpenData__Joinable__miller2_vertical_50_ac4_ev,1444,25,0.38095238095238093,0.32,0.34782608695652173,3
reduced_distance_topological,Distance-based + Topological,5,OpenData__View -Unionable__miller2_both_0_70_ac2_av,1849,35,0.3333333333333333,0.42857142857142855,0.375,3
reduced_distance_topological,Distance-based + Topological,5,ChEMBL__Unionable__assays_horizontal_0_ac4_av,529,23,0.8333333333333334,0.43478260869565216,0.5714285714285714,3
reduced_distance_topological,Distance-based + Topological,5,TPC-DI__Unionable__prospect_horizontal_100_ec_ev,484,22,1.0,0.7272727272727273,0.8421052631578947,3
reduced_distance_topological,Distance-based + Topological,5,OpenData__Joinable__miller2_vertical_70_ac3_ev,1849,35,1.0,0.34285714285714286,0.5106382978723404,3
reduced_distance_topological,Distance-based + Topological,5,OpenData__Joinable__miller2_vertical_70_ec_ev,1849,35,0.9210526315789473,1.0,0.958904109589041,3
reduced_distance_topological,Distance-based + Topological,5,TPC-DI__Unionable__prospect_horizontal_50_ac3_av,484,22,1.0,0.45454545454545453,0.625,3
reduced_distance_topological,Distance-based + Topological,5,OpenData__Semantically-Joinable__miller2_both_50_1_ac2_av,676,1,0.0,0.0,0.0,3
reduced_distance_topological,Distance-based + Topological,5,ChEMBL__Unionable__assays_horizontal_100_ac3_av,529,23,1.0,0.30434782608695654,0.4666666666666667,3
reduced_distance_topological,Distance-based + Topological,5,TPC-DI__Joinable__prospect_both_50_1_ac5_ev,132,1,1.0,1.0,1.0,3
reduced_distance_topological,Distance-based + Topological,5,TPC-DI__View-Unionable__prospect_both_0_1_ac1_av,132,1,1.0,1.0,1.0,3
reduced_distance_topological,Distance-based + Topological,5,TPC-DI__View-Unionable__prospect_both_0_1_ac2_av,132,1,0.5,1.0,0.6666666666666666,3
reduced_distance_topological,Distance-based + Topological,5,ChEMBL__Unionable__assays_horizontal_100_ec_av,529,23,1.0,0.9565217391304348,0.9777777777777777,3
reduced_distance_topological,Distance-based + Topological,5,TPC-DI__View-Unionable__prospect_both_0_1_ac4_av,132,1,0.5,1.0,0.6666666666666666,3
reduced_distance_topological,Distance-based + Topological,5,ChEMBL__Unionable__assays_horizontal_50_ac2_ev,529,23,1.0,0.30434782608695654,0.4666666666666667,3
reduced_distance_topological,Distance-based + Topological,5,TPC-DI__View-Unionable__prospect_both_0_1_ec_av,132,1,1.0,1.0,1.0,3
reduced_distance_topological,Distance-based + Topological,5,ChEMBL__Unionable__assays_horizontal_50_ac4_av,529,23,0.9,0.391304347826087,0.5454545454545454,3
reduced_distance_topological,Distance-based + Topological,5,OpenData__Semantically-Joinable__miller2_both_50_70_ac2_av,1849,35,0.22916666666666666,0.3142857142857143,0.26506024096385544,3
reduced_distance_topological,Distance-based + Topological,5,TPC-DI__Joinable__prospect_both_50_50_ac5_ev,272,11,1.0,0.45454545454545453,0.625,3
