method,pair_id,runtime_sec_pair,runtime_min_pair,n_candidate_rows
MetaSpace,ChEMBL__Joinable__assays_both_50_1_ac1_ev,0.0,0.0,144.0
MetaSpace,ChEMBL__Joinable__assays_both_50_1_ac2_ev,0.0,0.0,576.0
MetaSpace,ChEMBL__Joinable__assays_both_50_1_ac3_ev,0.0,0.0,432.0
MetaSpace,ChEMBL__Joinable__assays_both_50_1_ac4_ev,0.0,0.0,144.0
MetaSpace,ChEMBL__Joinable__assays_both_50_1_ac5_ev,0.0,0.0,288.0
MetaSpace,ChEMBL__Joinable__assays_both_50_1_ec_ev,0.0,0.0,144.0
MetaSpace,ChEMBL__Joinable__assays_both_50_30_ac1_ev,0.0,0.0,210.0
MetaSpace,ChEMBL__Joinable__assays_both_50_30_ac2_ev,0.0,0.0,210.0
MetaSpace,ChEMBL__Joinable__assays_both_50_30_ac3_ev,0.0,0.0,420.0
MetaSpace,ChEMBL__Joinable__assays_both_50_30_ac4_ev,0.0,0.0,210.0
MetaSpace,ChEMBL__Joinable__assays_both_50_30_ac5_ev,0.0,0.0,210.0
MetaSpace,ChEMBL__Joinable__assays_both_50_30_ec_ev,0.0,0.0,420.0
MetaSpace,ChEMBL__Joinable__assays_both_50_50_ac1_ev,0.0,0.0,867.0
MetaSpace,ChEMBL__Joinable__assays_both_50_50_ac2_ev,0.0,0.0,289.0
MetaSpace,ChEMBL__Joinable__assays_both_50_50_ac3_ev,0.0,0.0,578.0
MetaSpace,ChEMBL__Joinable__assays_both_50_50_ac4_ev,0.0,0.0,578.0
MetaSpace,ChEMBL__Joinable__assays_both_50_50_ac5_ev,0.0,0.0,289.0
MetaSpace,ChEMBL__Joinable__assays_both_50_50_ec_ev,0.0,0.0,289.0
MetaSpace,ChEMBL__Joinable__assays_both_50_70_ac1_ev,0.0,0.0,380.0
MetaSpace,ChEMBL__Joinable__assays_both_50_70_ac2_ev,0.0,0.0,380.0
MetaSpace,ChEMBL__Joinable__assays_both_50_70_ac3_ev,0.0,0.0,380.0
MetaSpace,ChEMBL__Joinable__assays_both_50_70_ac4_ev,0.0,0.0,760.0
MetaSpace,ChEMBL__Joinable__assays_both_50_70_ac5_ev,0.01,0.0,1140.0
MetaSpace,ChEMBL__Joinable__assays_both_50_70_ec_ev,0.01,0.0,1900.0
MetaSpace,ChEMBL__Joinable__assays_vertical_1_ac1_ev,0.0,0.0,288.0
MetaSpace,ChEMBL__Joinable__assays_vertical_1_ac2_ev,0.0,0.0,288.0
MetaSpace,ChEMBL__Joinable__assays_vertical_1_ac3_ev,0.0,0.0,144.0
MetaSpace,ChEMBL__Joinable__assays_vertical_1_ac4_ev,0.0,0.0,144.0
MetaSpace,ChEMBL__Joinable__assays_vertical_1_ac5_ev,0.0,0.0,144.0
MetaSpace,ChEMBL__Joinable__assays_vertical_1_ec_ev,0.0,0.0,288.0
MetaSpace,ChEMBL__Joinable__assays_vertical_30_ac1_ev,0.0,0.0,420.0
MetaSpace,ChEMBL__Joinable__assays_vertical_30_ac2_ev,0.0,0.0,420.0
MetaSpace,ChEMBL__Joinable__assays_vertical_30_ac3_ev,0.0,0.0,630.0
MetaSpace,ChEMBL__Joinable__assays_vertical_30_ac4_ev,0.0,0.0,210.0
MetaSpace,ChEMBL__Joinable__assays_vertical_30_ac5_ev,0.0,0.0,630.0
MetaSpace,ChEMBL__Joinable__assays_vertical_30_ec_ev,0.0,0.0,630.0
MetaSpace,ChEMBL__Joinable__assays_vertical_50_ac1_ev,0.0,0.0,578.0
MetaSpace,ChEMBL__Joinable__assays_vertical_50_ac2_ev,0.0,0.0,578.0
MetaSpace,ChEMBL__Joinable__assays_vertical_50_ac3_ev,0.0,0.0,578.0
MetaSpace,ChEMBL__Joinable__assays_vertical_50_ac4_ev,0.0,0.0,578.0
MetaSpace,ChEMBL__Joinable__assays_vertical_50_ac5_ev,0.0,0.0,289.0
MetaSpace,ChEMBL__Joinable__assays_vertical_50_ec_ev,0.0,0.0,289.0
MetaSpace,ChEMBL__Joinable__assays_vertical_70_ac1_ev,0.0,0.0,380.0
MetaSpace,ChEMBL__Joinable__assays_vertical_70_ac2_ev,0.0,0.0,380.0
MetaSpace,ChEMBL__Joinable__assays_vertical_70_ac3_ev,0.01,0.0,1900.0
MetaSpace,ChEMBL__Joinable__assays_vertical_70_ac4_ev,0.0,0.0,760.0
MetaSpace,ChEMBL__Joinable__assays_vertical_70_ac5_ev,0.0,0.0,380.0
MetaSpace,ChEMBL__Joinable__assays_vertical_70_ec_ev,0.0,0.0,760.0
MetaSpace,ChEMBL__Semantically-Joinable__assays_both_50_1_ac1_av,0.0,0.0,288.0
MetaSpace,ChEMBL__Semantically-Joinable__assays_both_50_1_ac2_av,0.0,0.0,144.0
MetaSpace,ChEMBL__Semantically-Joinable__assays_both_50_1_ac3_av,0.0,0.0,144.0
MetaSpace,ChEMBL__Semantically-Joinable__assays_both_50_1_ac4_av,0.0,0.0,576.0
MetaSpace,ChEMBL__Semantically-Joinable__assays_both_50_1_ac5_av,0.0,0.0,144.0
MetaSpace,ChEMBL__Semantically-Joinable__assays_both_50_1_ec_av,0.0,0.0,432.0
MetaSpace,ChEMBL__Semantically-Joinable__assays_both_50_30_ac1_av,0.0,0.0,420.0
MetaSpace,ChEMBL__Semantically-Joinable__assays_both_50_30_ac2_av,0.0,0.0,210.0
MetaSpace,ChEMBL__Semantically-Joinable__assays_both_50_30_ac3_av,0.0,0.0,210.0
MetaSpace,ChEMBL__Semantically-Joinable__assays_both_50_30_ac4_av,0.0,0.0,210.0
MetaSpace,ChEMBL__Semantically-Joinable__assays_both_50_30_ac5_av,0.0,0.0,210.0
MetaSpace,ChEMBL__Semantically-Joinable__assays_both_50_30_ec_av,0.0,0.0,210.0
MetaSpace,ChEMBL__Semantically-Joinable__assays_both_50_50_ac1_av,0.0,0.0,289.0
MetaSpace,ChEMBL__Semantically-Joinable__assays_both_50_50_ac2_av,0.0,0.0,578.0
MetaSpace,ChEMBL__Semantically-Joinable__assays_both_50_50_ac3_av,0.0,0.0,578.0
MetaSpace,ChEMBL__Semantically-Joinable__assays_both_50_50_ac4_av,0.0,0.0,578.0
MetaSpace,ChEMBL__Semantically-Joinable__assays_both_50_50_ac5_av,0.0,0.0,578.0
MetaSpace,ChEMBL__Semantically-Joinable__assays_both_50_50_ec_av,0.01,0.0,1156.0
MetaSpace,ChEMBL__Semantically-Joinable__assays_both_50_70_ac1_av,0.01,0.0,1140.0
MetaSpace,ChEMBL__Semantically-Joinable__assays_both_50_70_ac2_av,0.0,0.0,760.0
MetaSpace,ChEMBL__Semantically-Joinable__assays_both_50_70_ac3_av,0.0,0.0,380.0
MetaSpace,ChEMBL__Semantically-Joinable__assays_both_50_70_ac4_av,0.0,0.0,760.0
MetaSpace,ChEMBL__Semantically-Joinable__assays_both_50_70_ac5_av,0.0,0.0,380.0
MetaSpace,ChEMBL__Semantically-Joinable__assays_both_50_70_ec_av,0.0,0.0,760.0
MetaSpace,ChEMBL__Semantically-Joinable__assays_vertical_1_ac1_av,0.0,0.0,288.0
MetaSpace,ChEMBL__Semantically-Joinable__assays_vertical_1_ac2_av,0.0,0.0,288.0
MetaSpace,ChEMBL__Semantically-Joinable__assays_vertical_1_ac3_av,0.0,0.0,144.0
MetaSpace,ChEMBL__Semantically-Joinable__assays_vertical_1_ac4_av,0.0,0.0,144.0
MetaSpace,ChEMBL__Semantically-Joinable__assays_vertical_1_ac5_av,0.0,0.0,576.0
MetaSpace,ChEMBL__Semantically-Joinable__assays_vertical_1_ec_av,0.0,0.0,144.0
MetaSpace,ChEMBL__Semantically-Joinable__assays_vertical_30_ac1_av,0.0,0.0,210.0
MetaSpace,ChEMBL__Semantically-Joinable__assays_vertical_30_ac2_av,0.0,0.0,210.0
MetaSpace,ChEMBL__Semantically-Joinable__assays_vertical_30_ac3_av,0.0,0.0,210.0
MetaSpace,ChEMBL__Semantically-Joinable__assays_vertical_30_ac4_av,0.0,0.0,210.0
MetaSpace,ChEMBL__Semantically-Joinable__assays_vertical_30_ac5_av,0.0,0.0,420.0
MetaSpace,ChEMBL__Semantically-Joinable__assays_vertical_30_ec_av,0.0,0.0,420.0
MetaSpace,ChEMBL__Semantically-Joinable__assays_vertical_50_ac1_av,0.0,0.0,578.0
MetaSpace,ChEMBL__Semantically-Joinable__assays_vertical_50_ac2_av,0.0,0.0,578.0
MetaSpace,ChEMBL__Semantically-Joinable__assays_vertical_50_ac3_av,0.0,0.0,289.0
MetaSpace,ChEMBL__Semantically-Joinable__assays_vertical_50_ac4_av,0.0,0.0,289.0
MetaSpace,ChEMBL__Semantically-Joinable__assays_vertical_50_ac5_av,0.0,0.0,289.0
MetaSpace,ChEMBL__Semantically-Joinable__assays_vertical_50_ec_av,0.0,0.0,289.0
MetaSpace,ChEMBL__Semantically-Joinable__assays_vertical_70_ac1_av,0.0,0.0,760.0
MetaSpace,ChEMBL__Semantically-Joinable__assays_vertical_70_ac2_av,0.01,0.0,1140.0
MetaSpace,ChEMBL__Semantically-Joinable__assays_vertical_70_ac3_av,0.0,0.0,380.0
MetaSpace,ChEMBL__Semantically-Joinable__assays_vertical_70_ac4_av,0.0,0.0,760.0
MetaSpace,ChEMBL__Semantically-Joinable__assays_vertical_70_ac5_av,0.0,0.0,760.0
MetaSpace,ChEMBL__Semantically-Joinable__assays_vertical_70_ec_av,0.0,0.0,380.0
MetaSpace,ChEMBL__Unionable__assays_horizontal_0_ac1_av,0.0,0.0,529.0
MetaSpace,ChEMBL__Unionable__assays_horizontal_0_ac1_ev,0.01,0.0,1058.0
MetaSpace,ChEMBL__Unionable__assays_horizontal_0_ac2_av,0.0,0.0,529.0
MetaSpace,ChEMBL__Unionable__assays_horizontal_0_ac2_ev,0.01,0.0,2116.0
MetaSpace,ChEMBL__Unionable__assays_horizontal_0_ac3_av,0.01,0.0,1058.0
MetaSpace,ChEMBL__Unionable__assays_horizontal_0_ac3_ev,0.0,0.0,529.0
MetaSpace,ChEMBL__Unionable__assays_horizontal_0_ac4_av,0.0,0.0,529.0
MetaSpace,ChEMBL__Unionable__assays_horizontal_0_ac4_ev,0.01,0.0,1587.0
MetaSpace,ChEMBL__Unionable__assays_horizontal_0_ac5_av,0.0,0.0,529.0
MetaSpace,ChEMBL__Unionable__assays_horizontal_0_ac5_ev,0.01,0.0,1058.0
MetaSpace,ChEMBL__Unionable__assays_horizontal_0_ec_av,0.01,0.0,1058.0
MetaSpace,ChEMBL__Unionable__assays_horizontal_0_ec_ev,0.0,0.0,529.0
MetaSpace,ChEMBL__Unionable__assays_horizontal_100_ac1_av,0.0,0.0,529.0
MetaSpace,ChEMBL__Unionable__assays_horizontal_100_ac1_ev,0.01,0.0,1058.0
MetaSpace,ChEMBL__Unionable__assays_horizontal_100_ac2_av,0.01,0.0,1587.0
MetaSpace,ChEMBL__Unionable__assays_horizontal_100_ac2_ev,0.01,0.0,1587.0
MetaSpace,ChEMBL__Unionable__assays_horizontal_100_ac3_av,0.0,0.0,529.0
MetaSpace,ChEMBL__Unionable__assays_horizontal_100_ac3_ev,0.0,0.0,529.0
MetaSpace,ChEMBL__Unionable__assays_horizontal_100_ac4_av,0.01,0.0,1587.0
MetaSpace,ChEMBL__Unionable__assays_horizontal_100_ac4_ev,0.01,0.0,1058.0
MetaSpace,ChEMBL__Unionable__assays_horizontal_100_ac5_av,0.0,0.0,529.0
MetaSpace,ChEMBL__Unionable__assays_horizontal_100_ac5_ev,0.0,0.0,529.0
MetaSpace,ChEMBL__Unionable__assays_horizontal_100_ec_av,0.0,0.0,529.0
MetaSpace,ChEMBL__Unionable__assays_horizontal_100_ec_ev,0.01,0.0,1587.0
MetaSpace,ChEMBL__Unionable__assays_horizontal_50_ac1_av,0.0,0.0,529.0
MetaSpace,ChEMBL__Unionable__assays_horizontal_50_ac1_ev,0.01,0.0,1058.0
MetaSpace,ChEMBL__Unionable__assays_horizontal_50_ac2_av,0.01,0.0,1058.0
MetaSpace,ChEMBL__Unionable__assays_horizontal_50_ac2_ev,0.0,0.0,529.0
MetaSpace,ChEMBL__Unionable__assays_horizontal_50_ac3_av,0.01,0.0,1058.0
MetaSpace,ChEMBL__Unionable__assays_horizontal_50_ac3_ev,0.01,0.0,1058.0
MetaSpace,ChEMBL__Unionable__assays_horizontal_50_ac4_av,0.0,0.0,529.0
MetaSpace,ChEMBL__Unionable__assays_horizontal_50_ac4_ev,0.0,0.0,529.0
MetaSpace,ChEMBL__Unionable__assays_horizontal_50_ac5_av,0.0,0.0,529.0
MetaSpace,ChEMBL__Unionable__assays_horizontal_50_ac5_ev,0.01,0.0,2116.0
MetaSpace,ChEMBL__Unionable__assays_horizontal_50_ec_av,0.0,0.0,529.0
MetaSpace,ChEMBL__Unionable__assays_horizontal_50_ec_ev,0.0,0.0,529.0
MetaSpace,ChEMBL__View-Unionable__assays_both_0_1_ac1_av,0.0,0.0,144.0
MetaSpace,ChEMBL__View-Unionable__assays_both_0_1_ac1_ev,0.0,0.0,144.0
MetaSpace,ChEMBL__View-Unionable__assays_both_0_1_ac2_av,0.0,0.0,144.0
MetaSpace,ChEMBL__View-Unionable__assays_both_0_1_ac2_ev,0.0,0.0,288.0
MetaSpace,ChEMBL__View-Unionable__assays_both_0_1_ac3_av,0.0,0.0,144.0
MetaSpace,ChEMBL__View-Unionable__assays_both_0_1_ac3_ev,0.0,0.0,144.0
MetaSpace,ChEMBL__View-Unionable__assays_both_0_1_ac4_av,0.0,0.0,144.0
MetaSpace,ChEMBL__View-Unionable__assays_both_0_1_ac4_ev,0.0,0.0,288.0
MetaSpace,ChEMBL__View-Unionable__assays_both_0_1_ac5_av,0.0,0.0,144.0
MetaSpace,ChEMBL__View-Unionable__assays_both_0_1_ac5_ev,0.0,0.0,144.0
MetaSpace,ChEMBL__View-Unionable__assays_both_0_1_ec_av,0.0,0.0,288.0
MetaSpace,ChEMBL__View-Unionable__assays_both_0_1_ec_ev,0.0,0.0,144.0
MetaSpace,ChEMBL__View-Unionable__assays_both_0_30_ac1_av,0.0,0.0,630.0
MetaSpace,ChEMBL__View-Unionable__assays_both_0_30_ac1_ev,0.0,0.0,420.0
MetaSpace,ChEMBL__View-Unionable__assays_both_0_30_ac2_av,0.0,0.0,630.0
MetaSpace,ChEMBL__View-Unionable__assays_both_0_30_ac2_ev,0.0,0.0,420.0
MetaSpace,ChEMBL__View-Unionable__assays_both_0_30_ac3_av,0.0,0.0,210.0
MetaSpace,ChEMBL__View-Unionable__assays_both_0_30_ac3_ev,0.0,0.0,210.0
MetaSpace,ChEMBL__View-Unionable__assays_both_0_30_ac4_av,0.0,0.0,210.0
MetaSpace,ChEMBL__View-Unionable__assays_both_0_30_ac4_ev,0.0,0.0,210.0
MetaSpace,ChEMBL__View-Unionable__assays_both_0_30_ac5_av,0.0,0.0,210.0
MetaSpace,ChEMBL__View-Unionable__assays_both_0_30_ac5_ev,0.0,0.0,420.0
MetaSpace,ChEMBL__View-Unionable__assays_both_0_30_ec_av,0.0,0.0,630.0
MetaSpace,ChEMBL__View-Unionable__assays_both_0_30_ec_ev,0.0,0.0,630.0
MetaSpace,ChEMBL__View-Unionable__assays_both_0_50_ac1_av,0.0,0.0,289.0
MetaSpace,ChEMBL__View-Unionable__assays_both_0_50_ac1_ev,0.0,0.0,289.0
MetaSpace,ChEMBL__View-Unionable__assays_both_0_50_ac2_av,0.0,0.0,289.0
MetaSpace,ChEMBL__View-Unionable__assays_both_0_50_ac2_ev,0.0,0.0,289.0
MetaSpace,ChEMBL__View-Unionable__assays_both_0_50_ac3_av,0.0,0.0,289.0
MetaSpace,ChEMBL__View-Unionable__assays_both_0_50_ac3_ev,0.0,0.0,578.0
MetaSpace,ChEMBL__View-Unionable__assays_both_0_50_ac4_av,0.0,0.0,289.0
MetaSpace,ChEMBL__View-Unionable__assays_both_0_50_ac4_ev,0.0,0.0,867.0
MetaSpace,ChEMBL__View-Unionable__assays_both_0_50_ac5_av,0.0,0.0,289.0
MetaSpace,ChEMBL__View-Unionable__assays_both_0_50_ac5_ev,0.0,0.0,867.0
MetaSpace,ChEMBL__View-Unionable__assays_both_0_50_ec_av,0.0,0.0,289.0
MetaSpace,ChEMBL__View-Unionable__assays_both_0_50_ec_ev,0.0,0.0,578.0
MetaSpace,ChEMBL__View-Unionable__assays_both_0_70_ac1_av,0.0,0.0,760.0
MetaSpace,ChEMBL__View-Unionable__assays_both_0_70_ac1_ev,0.0,0.0,380.0
MetaSpace,ChEMBL__View-Unionable__assays_both_0_70_ac2_av,0.0,0.0,760.0
MetaSpace,ChEMBL__View-Unionable__assays_both_0_70_ac2_ev,0.0,0.0,380.0
MetaSpace,ChEMBL__View-Unionable__assays_both_0_70_ac3_av,0.0,0.0,760.0
MetaSpace,ChEMBL__View-Unionable__assays_both_0_70_ac3_ev,0.0,0.0,760.0
MetaSpace,ChEMBL__View-Unionable__assays_both_0_70_ac4_av,0.0,0.0,380.0
MetaSpace,ChEMBL__View-Unionable__assays_both_0_70_ac4_ev,0.01,0.0,1520.0
MetaSpace,ChEMBL__View-Unionable__assays_both_0_70_ac5_av,0.01,0.0,1140.0
MetaSpace,ChEMBL__View-Unionable__assays_both_0_70_ac5_ev,0.0,0.0,760.0
MetaSpace,ChEMBL__View-Unionable__assays_both_0_70_ec_av,0.01,0.0,1520.0
MetaSpace,ChEMBL__View-Unionable__assays_both_0_70_ec_ev,0.0,0.0,380.0
MetaSpace,Magellan__amazon_google_exp,0.0,0.0,16.0
MetaSpace,Magellan__beeradvo_ratebeer,0.0,0.0,25.0
MetaSpace,Magellan__dblp_acm,0.0,0.0,75.0
MetaSpace,Magellan__dblp_scholar,0.0,0.0,25.0
MetaSpace,Magellan__fodors_zagats,0.0,0.0,98.0
MetaSpace,Magellan__itunes_amazon,0.0,0.0,162.0
MetaSpace,Magellan__walmart_amazon,0.0,0.0,36.0
MetaSpace,OpenData__Joinable__miller2_both_50_1_ac1_ev,0.01,0.0,1352.0
MetaSpace,OpenData__Joinable__miller2_both_50_1_ac2_ev,0.01,0.0,2028.0
MetaSpace,OpenData__Joinable__miller2_both_50_1_ac3_ev,0.01,0.0,1352.0
MetaSpace,OpenData__Joinable__miller2_both_50_1_ac4_ev,0.0,0.0,676.0
MetaSpace,OpenData__Joinable__miller2_both_50_1_ac5_ev,0.0,0.0,676.0
MetaSpace,OpenData__Joinable__miller2_both_50_1_ec_ev,0.0,0.0,676.0
MetaSpace,OpenData__Joinable__miller2_both_50_30_ac1_ev,0.01,0.0,2178.0
MetaSpace,OpenData__Joinable__miller2_both_50_30_ac2_ev,0.01,0.0,1089.0
MetaSpace,OpenData__Joinable__miller2_both_50_30_ac3_ev,0.01,0.0,1089.0
MetaSpace,OpenData__Joinable__miller2_both_50_30_ac4_ev,0.01,0.0,1089.0
MetaSpace,OpenData__Joinable__miller2_both_50_30_ac5_ev,0.01,0.0,1089.0
MetaSpace,OpenData__Joinable__miller2_both_50_30_ec_ev,0.02,0.0,3267.0
MetaSpace,OpenData__Joinable__miller2_both_50_50_ac1_ev,0.01,0.0,1444.0
MetaSpace,OpenData__Joinable__miller2_both_50_50_ac2_ev,0.01,0.0,1444.0
MetaSpace,OpenData__Joinable__miller2_both_50_50_ac3_ev,0.01,0.0,1444.0
MetaSpace,OpenData__Joinable__miller2_both_50_50_ac4_ev,0.01,0.0,1444.0
MetaSpace,OpenData__Joinable__miller2_both_50_50_ac5_ev,0.02,0.0,2888.0
MetaSpace,OpenData__Joinable__miller2_both_50_50_ec_ev,0.01,0.0,1444.0
MetaSpace,OpenData__Joinable__miller2_both_50_70_ac1_ev,0.02,0.0,3698.0
MetaSpace,OpenData__Joinable__miller2_both_50_70_ac2_ev,0.02,0.0,3698.0
MetaSpace,OpenData__Joinable__miller2_both_50_70_ac3_ev,0.03,0.0,5547.0
MetaSpace,OpenData__Joinable__miller2_both_50_70_ac4_ev,0.01,0.0,1849.0
MetaSpace,OpenData__Joinable__miller2_both_50_70_ac5_ev,0.04,0.0,7396.0
MetaSpace,OpenData__Joinable__miller2_both_50_70_ec_ev,0.02,0.0,3698.0
MetaSpace,OpenData__Joinable__miller2_vertical_1_ac1_ev,0.0,0.0,676.0
MetaSpace,OpenData__Joinable__miller2_vertical_1_ac2_ev,0.01,0.0,1352.0
MetaSpace,OpenData__Joinable__miller2_vertical_1_ac3_ev,0.0,0.0,676.0
MetaSpace,OpenData__Joinable__miller2_vertical_1_ac4_ev,0.0,0.0,676.0
MetaSpace,OpenData__Joinable__miller2_vertical_1_ac5_ev,0.01,0.0,1352.0
MetaSpace,OpenData__Joinable__miller2_vertical_1_ec_ev,0.01,0.0,1352.0
MetaSpace,OpenData__Joinable__miller2_vertical_30_ac1_ev,0.01,0.0,1089.0
MetaSpace,OpenData__Joinable__miller2_vertical_30_ac2_ev,0.02,0.0,3267.0
MetaSpace,OpenData__Joinable__miller2_vertical_30_ac3_ev,0.02,0.0,4356.0
MetaSpace,OpenData__Joinable__miller2_vertical_30_ac4_ev,0.01,0.0,1089.0
MetaSpace,OpenData__Joinable__miller2_vertical_30_ac5_ev,0.01,0.0,2178.0
MetaSpace,OpenData__Joinable__miller2_vertical_30_ec_ev,0.01,0.0,2178.0
MetaSpace,OpenData__Joinable__miller2_vertical_50_ac1_ev,0.02,0.0,4332.0
MetaSpace,OpenData__Joinable__miller2_vertical_50_ac2_ev,0.01,0.0,1444.0
MetaSpace,OpenData__Joinable__miller2_vertical_50_ac3_ev,0.01,0.0,1444.0
MetaSpace,OpenData__Joinable__miller2_vertical_50_ac4_ev,0.01,0.0,1444.0
MetaSpace,OpenData__Joinable__miller2_vertical_50_ac5_ev,0.01,0.0,1444.0
MetaSpace,OpenData__Joinable__miller2_vertical_50_ec_ev,0.02,0.0,4332.0
MetaSpace,OpenData__Joinable__miller2_vertical_70_ac1_ev,0.01,0.0,1849.0
MetaSpace,OpenData__Joinable__miller2_vertical_70_ac2_ev,0.02,0.0,3698.0
MetaSpace,OpenData__Joinable__miller2_vertical_70_ac3_ev,0.01,0.0,1849.0
MetaSpace,OpenData__Joinable__miller2_vertical_70_ac4_ev,0.04,0.0,7396.0
MetaSpace,OpenData__Joinable__miller2_vertical_70_ac5_ev,0.01,0.0,1849.0
MetaSpace,OpenData__Joinable__miller2_vertical_70_ec_ev,0.01,0.0,1849.0
MetaSpace,OpenData__Semantically-Joinable__miller2_both_50_1_ac1_av,0.01,0.0,1352.0
MetaSpace,OpenData__Semantically-Joinable__miller2_both_50_1_ac2_av,0.0,0.0,676.0
MetaSpace,OpenData__Semantically-Joinable__miller2_both_50_1_ac3_av,0.0,0.0,676.0
MetaSpace,OpenData__Semantically-Joinable__miller2_both_50_1_ac4_av,0.01,0.0,1352.0
MetaSpace,OpenData__Semantically-Joinable__miller2_both_50_1_ac5_av,0.01,0.0,2028.0
MetaSpace,OpenData__Semantically-Joinable__miller2_both_50_1_ec_av,0.01,0.0,1352.0
MetaSpace,OpenData__Semantically-Joinable__miller2_both_50_30_ac1_av,0.01,0.0,1089.0
MetaSpace,OpenData__Semantically-Joinable__miller2_both_50_30_ac2_av,0.01,0.0,2178.0
MetaSpace,OpenData__Semantically-Joinable__miller2_both_50_30_ac3_av,0.01,0.0,1089.0
MetaSpace,OpenData__Semantically-Joinable__miller2_both_50_30_ac4_av,0.01,0.0,1089.0
MetaSpace,OpenData__Semantically-Joinable__miller2_both_50_30_ac5_av,0.02,0.0,3267.0
MetaSpace,OpenData__Semantically-Joinable__miller2_both_50_30_ec_av,0.01,0.0,2178.0
MetaSpace,OpenData__Semantically-Joinable__miller2_both_50_50_ac1_av,0.02,0.0,4332.0
MetaSpace,OpenData__Semantically-Joinable__miller2_both_50_50_ac2_av,0.01,0.0,1444.0
MetaSpace,OpenData__Semantically-Joinable__miller2_both_50_50_ac3_av,0.02,0.0,2888.0
MetaSpace,OpenData__Semantically-Joinable__miller2_both_50_50_ac4_av,0.02,0.0,2888.0
MetaSpace,OpenData__Semantically-Joinable__miller2_both_50_50_ac5_av,0.01,0.0,1444.0
MetaSpace,OpenData__Semantically-Joinable__miller2_both_50_50_ec_av,0.01,0.0,1444.0
MetaSpace,OpenData__Semantically-Joinable__miller2_both_50_70_ac1_av,0.02,0.0,3698.0
MetaSpace,OpenData__Semantically-Joinable__miller2_both_50_70_ac2_av,0.01,0.0,1849.0
MetaSpace,OpenData__Semantically-Joinable__miller2_both_50_70_ac3_av,0.02,0.0,3698.0
MetaSpace,OpenData__Semantically-Joinable__miller2_both_50_70_ac4_av,0.03,0.0,5547.0
MetaSpace,OpenData__Semantically-Joinable__miller2_both_50_70_ac5_av,0.01,0.0,1849.0
MetaSpace,OpenData__Semantically-Joinable__miller2_both_50_70_ec_av,0.02,0.0,3698.0
MetaSpace,OpenData__Semantically-Joinable__miller2_vertical_1_ac1_av,0.0,0.0,676.0
MetaSpace,OpenData__Semantically-Joinable__miller2_vertical_1_ac2_av,0.0,0.0,676.0
MetaSpace,OpenData__Semantically-Joinable__miller2_vertical_1_ac3_av,0.0,0.0,676.0
MetaSpace,OpenData__Semantically-Joinable__miller2_vertical_1_ac4_av,0.01,0.0,1352.0
MetaSpace,OpenData__Semantically-Joinable__miller2_vertical_1_ac5_av,0.0,0.0,676.0
MetaSpace,OpenData__Semantically-Joinable__miller2_vertical_1_ec_av,0.0,0.0,676.0
MetaSpace,OpenData__Semantically-Joinable__miller2_vertical_30_ac1_av,0.01,0.0,1089.0
MetaSpace,OpenData__Semantically-Joinable__miller2_vertical_30_ac2_av,0.01,0.0,2178.0
MetaSpace,OpenData__Semantically-Joinable__miller2_vertical_30_ac3_av,0.01,0.0,1089.0
MetaSpace,OpenData__Semantically-Joinable__miller2_vertical_30_ac4_av,0.01,0.0,2178.0
MetaSpace,OpenData__Semantically-Joinable__miller2_vertical_30_ac5_av,0.01,0.0,1089.0
MetaSpace,OpenData__Semantically-Joinable__miller2_vertical_30_ec_av,0.01,0.0,1089.0
MetaSpace,OpenData__Semantically-Joinable__miller2_vertical_50_ac1_av,0.02,0.0,2888.0
MetaSpace,OpenData__Semantically-Joinable__miller2_vertical_50_ac2_av,0.02,0.0,2888.0
MetaSpace,OpenData__Semantically-Joinable__miller2_vertical_50_ac3_av,0.02,0.0,2888.0
MetaSpace,OpenData__Semantically-Joinable__miller2_vertical_50_ac4_av,0.02,0.0,4332.0
MetaSpace,OpenData__Semantically-Joinable__miller2_vertical_50_ac5_av,0.02,0.0,4332.0
MetaSpace,OpenData__Semantically-Joinable__miller2_vertical_50_ec_av,0.01,0.0,1444.0
MetaSpace,OpenData__Semantically-Joinable__miller2_vertical_70_ac1_av,0.02,0.0,3698.0
MetaSpace,OpenData__Semantically-Joinable__miller2_vertical_70_ac2_av,0.04,0.0,7396.0
MetaSpace,OpenData__Semantically-Joinable__miller2_vertical_70_ac3_av,0.01,0.0,1849.0
MetaSpace,OpenData__Semantically-Joinable__miller2_vertical_70_ac4_av,0.02,0.0,3698.0
MetaSpace,OpenData__Semantically-Joinable__miller2_vertical_70_ac5_av,0.01,0.0,1849.0
MetaSpace,OpenData__Semantically-Joinable__miller2_vertical_70_ec_av,0.01,0.0,1849.0
MetaSpace,OpenData__Unionable__miller2_horizontal_0_ac1_av,0.03,0.0,5202.0
MetaSpace,OpenData__Unionable__miller2_horizontal_0_ac1_ev,0.03,0.0,5202.0
MetaSpace,OpenData__Unionable__miller2_horizontal_0_ac2_av,0.03,0.0,5202.0
MetaSpace,OpenData__Unionable__miller2_horizontal_0_ac2_ev,0.04,0.0,7803.0
MetaSpace,OpenData__Unionable__miller2_horizontal_0_ac3_av,0.01,0.0,2601.0
MetaSpace,OpenData__Unionable__miller2_horizontal_0_ac3_ev,0.01,0.0,2601.0
MetaSpace,OpenData__Unionable__miller2_horizontal_0_ac4_av,0.03,0.0,5202.0
MetaSpace,OpenData__Unionable__miller2_horizontal_0_ac4_ev,0.01,0.0,2601.0
MetaSpace,OpenData__Unionable__miller2_horizontal_0_ac5_av,0.01,0.0,2601.0
MetaSpace,OpenData__Unionable__miller2_horizontal_0_ac5_ev,0.01,0.0,2601.0
MetaSpace,OpenData__Unionable__miller2_horizontal_0_ec_av,0.03,0.0,5202.0
MetaSpace,OpenData__Unionable__miller2_horizontal_0_ec_ev,0.01,0.0,2601.0
MetaSpace,OpenData__Unionable__miller2_horizontal_100_ac1_av,0.01,0.0,2601.0
MetaSpace,OpenData__Unionable__miller2_horizontal_100_ac1_ev,0.03,0.0,5202.0
MetaSpace,OpenData__Unionable__miller2_horizontal_100_ac2_av,0.04,0.0,7803.0
MetaSpace,OpenData__Unionable__miller2_horizontal_100_ac2_ev,0.01,0.0,2601.0
MetaSpace,OpenData__Unionable__miller2_horizontal_100_ac3_av,0.01,0.0,2601.0
MetaSpace,OpenData__Unionable__miller2_horizontal_100_ac3_ev,0.03,0.0,5202.0
MetaSpace,OpenData__Unionable__miller2_horizontal_100_ac4_av,0.03,0.0,5202.0
MetaSpace,OpenData__Unionable__miller2_horizontal_100_ac4_ev,0.03,0.0,5202.0
MetaSpace,OpenData__Unionable__miller2_horizontal_100_ac5_av,0.03,0.0,5202.0
MetaSpace,OpenData__Unionable__miller2_horizontal_100_ac5_ev,0.06,0.0,10404.0
MetaSpace,OpenData__Unionable__miller2_horizontal_100_ec_av,0.01,0.0,2601.0
MetaSpace,OpenData__Unionable__miller2_horizontal_100_ec_ev,0.04,0.0,7803.0
MetaSpace,OpenData__Unionable__miller2_horizontal_50_ac1_av,0.04,0.0,7803.0
MetaSpace,OpenData__Unionable__miller2_horizontal_50_ac1_ev,0.01,0.0,2601.0
MetaSpace,OpenData__Unionable__miller2_horizontal_50_ac2_av,0.01,0.0,2601.0
MetaSpace,OpenData__Unionable__miller2_horizontal_50_ac2_ev,0.03,0.0,5202.0
MetaSpace,OpenData__Unionable__miller2_horizontal_50_ac3_av,0.01,0.0,2601.0
MetaSpace,OpenData__Unionable__miller2_horizontal_50_ac3_ev,0.01,0.0,2601.0
MetaSpace,OpenData__Unionable__miller2_horizontal_50_ac4_av,0.03,0.0,5202.0
MetaSpace,OpenData__Unionable__miller2_horizontal_50_ac4_ev,0.01,0.0,2601.0
MetaSpace,OpenData__Unionable__miller2_horizontal_50_ac5_av,0.01,0.0,2601.0
MetaSpace,OpenData__Unionable__miller2_horizontal_50_ac5_ev,0.03,0.0,5202.0
MetaSpace,OpenData__Unionable__miller2_horizontal_50_ec_av,0.03,0.0,5202.0
MetaSpace,OpenData__Unionable__miller2_horizontal_50_ec_ev,0.01,0.0,2601.0
MetaSpace,OpenData__View -Unionable__miller2_both_0_1_ac1_av,0.0,0.0,676.0
MetaSpace,OpenData__View -Unionable__miller2_both_0_1_ac1_ev,0.02,0.0,2704.0
MetaSpace,OpenData__View -Unionable__miller2_both_0_1_ac2_av,0.0,0.0,676.0
MetaSpace,OpenData__View -Unionable__miller2_both_0_1_ac2_ev,0.01,0.0,2028.0
MetaSpace,OpenData__View -Unionable__miller2_both_0_1_ac3_av,0.01,0.0,1352.0
MetaSpace,OpenData__View -Unionable__miller2_both_0_1_ac3_ev,0.0,0.0,676.0
MetaSpace,OpenData__View -Unionable__miller2_both_0_1_ac4_av,0.01,0.0,1352.0
MetaSpace,OpenData__View -Unionable__miller2_both_0_1_ac4_ev,0.01,0.0,1352.0
MetaSpace,OpenData__View -Unionable__miller2_both_0_1_ac5_av,0.01,0.0,2028.0
MetaSpace,OpenData__View -Unionable__miller2_both_0_1_ac5_ev,0.0,0.0,676.0
MetaSpace,OpenData__View -Unionable__miller2_both_0_1_ec_av,0.0,0.0,676.0
MetaSpace,OpenData__View -Unionable__miller2_both_0_1_ec_ev,0.0,0.0,676.0
MetaSpace,OpenData__View -Unionable__miller2_both_0_30_ac1_av,0.01,0.0,1089.0
MetaSpace,OpenData__View -Unionable__miller2_both_0_30_ac1_ev,0.01,0.0,2178.0
MetaSpace,OpenData__View -Unionable__miller2_both_0_30_ac2_av,0.01,0.0,2178.0
MetaSpace,OpenData__View -Unionable__miller2_both_0_30_ac2_ev,0.01,0.0,1089.0
MetaSpace,OpenData__View -Unionable__miller2_both_0_30_ac3_av,0.01,0.0,2178.0
MetaSpace,OpenData__View -Unionable__miller2_both_0_30_ac3_ev,0.01,0.0,1089.0
MetaSpace,OpenData__View -Unionable__miller2_both_0_30_ac4_av,0.02,0.0,3267.0
MetaSpace,OpenData__View -Unionable__miller2_both_0_30_ac4_ev,0.01,0.0,1089.0
MetaSpace,OpenData__View -Unionable__miller2_both_0_30_ac5_av,0.01,0.0,1089.0
MetaSpace,OpenData__View -Unionable__miller2_both_0_30_ac5_ev,0.01,0.0,1089.0
MetaSpace,OpenData__View -Unionable__miller2_both_0_30_ec_av,0.01,0.0,1089.0
MetaSpace,OpenData__View -Unionable__miller2_both_0_30_ec_ev,0.01,0.0,1089.0
MetaSpace,OpenData__View -Unionable__miller2_both_0_50_ac1_av,0.01,0.0,1444.0
MetaSpace,OpenData__View -Unionable__miller2_both_0_50_ac1_ev,0.01,0.0,1444.0
MetaSpace,OpenData__View -Unionable__miller2_both_0_50_ac2_av,0.04,0.0,7220.0
MetaSpace,OpenData__View -Unionable__miller2_both_0_50_ac2_ev,0.01,0.0,1444.0
MetaSpace,OpenData__View -Unionable__miller2_both_0_50_ac3_av,0.02,0.0,2888.0
MetaSpace,OpenData__View -Unionable__miller2_both_0_50_ac3_ev,0.02,0.0,2888.0
MetaSpace,OpenData__View -Unionable__miller2_both_0_50_ac4_av,0.01,0.0,1444.0
MetaSpace,OpenData__View -Unionable__miller2_both_0_50_ac4_ev,0.01,0.0,1444.0
MetaSpace,OpenData__View -Unionable__miller2_both_0_50_ac5_av,0.02,0.0,4332.0
MetaSpace,OpenData__View -Unionable__miller2_both_0_50_ac5_ev,0.03,0.0,5776.0
MetaSpace,OpenData__View -Unionable__miller2_both_0_50_ec_av,0.01,0.0,1444.0
MetaSpace,OpenData__View -Unionable__miller2_both_0_50_ec_ev,0.01,0.0,1444.0
MetaSpace,OpenData__View -Unionable__miller2_both_0_70_ac1_av,0.01,0.0,1849.0
MetaSpace,OpenData__View -Unionable__miller2_both_0_70_ac1_ev,0.01,0.0,1849.0
MetaSpace,OpenData__View -Unionable__miller2_both_0_70_ac2_av,0.01,0.0,1849.0
MetaSpace,OpenData__View -Unionable__miller2_both_0_70_ac2_ev,0.02,0.0,3698.0
MetaSpace,OpenData__View -Unionable__miller2_both_0_70_ac3_av,0.01,0.0,1849.0
MetaSpace,OpenData__View -Unionable__miller2_both_0_70_ac3_ev,0.01,0.0,1849.0
MetaSpace,OpenData__View -Unionable__miller2_both_0_70_ac4_av,0.03,0.0,5547.0
MetaSpace,OpenData__View -Unionable__miller2_both_0_70_ac4_ev,0.01,0.0,1849.0
MetaSpace,OpenData__View -Unionable__miller2_both_0_70_ac5_av,0.01,0.0,1849.0
MetaSpace,OpenData__View -Unionable__miller2_both_0_70_ac5_ev,0.02,0.0,3698.0
MetaSpace,OpenData__View -Unionable__miller2_both_0_70_ec_av,0.02,0.0,3698.0
MetaSpace,OpenData__View -Unionable__miller2_both_0_70_ec_ev,0.02,0.0,3698.0
MetaSpace,TPC-DI__Joinable__prospect_both_50_1_ac1_ev,0.0,0.0,132.0
MetaSpace,TPC-DI__Joinable__prospect_both_50_1_ac2_ev,0.0,0.0,264.0
MetaSpace,TPC-DI__Joinable__prospect_both_50_1_ac3_ev,0.0,0.0,264.0
MetaSpace,TPC-DI__Joinable__prospect_both_50_1_ac4_ev,0.0,0.0,264.0
MetaSpace,TPC-DI__Joinable__prospect_both_50_1_ac5_ev,0.0,0.0,132.0
MetaSpace,TPC-DI__Joinable__prospect_both_50_1_ec_ev,0.0,0.0,396.0
MetaSpace,TPC-DI__Joinable__prospect_both_50_30_ac1_ev,0.0,0.0,196.0
MetaSpace,TPC-DI__Joinable__prospect_both_50_30_ac2_ev,0.0,0.0,588.0
MetaSpace,TPC-DI__Joinable__prospect_both_50_30_ac3_ev,0.0,0.0,392.0
MetaSpace,TPC-DI__Joinable__prospect_both_50_30_ac4_ev,0.0,0.0,588.0
MetaSpace,TPC-DI__Joinable__prospect_both_50_30_ac5_ev,0.0,0.0,392.0
MetaSpace,TPC-DI__Joinable__prospect_both_50_30_ec_ev,0.0,0.0,784.0
MetaSpace,TPC-DI__Joinable__prospect_both_50_50_ac1_ev,0.0,0.0,544.0
MetaSpace,TPC-DI__Joinable__prospect_both_50_50_ac2_ev,0.0,0.0,272.0
MetaSpace,TPC-DI__Joinable__prospect_both_50_50_ac3_ev,0.0,0.0,272.0
MetaSpace,TPC-DI__Joinable__prospect_both_50_50_ac4_ev,0.0,0.0,272.0
MetaSpace,TPC-DI__Joinable__prospect_both_50_50_ac5_ev,0.0,0.0,272.0
MetaSpace,TPC-DI__Joinable__prospect_both_50_50_ec_ev,0.0,0.0,272.0
MetaSpace,TPC-DI__Joinable__prospect_both_50_70_ac1_ev,0.0,0.0,342.0
MetaSpace,TPC-DI__Joinable__prospect_both_50_70_ac2_ev,0.0,0.0,342.0
MetaSpace,TPC-DI__Joinable__prospect_both_50_70_ac3_ev,0.0,0.0,342.0
MetaSpace,TPC-DI__Joinable__prospect_both_50_70_ac4_ev,0.0,0.0,342.0
MetaSpace,TPC-DI__Joinable__prospect_both_50_70_ac5_ev,0.0,0.0,342.0
MetaSpace,TPC-DI__Joinable__prospect_both_50_70_ec_ev,0.0,0.0,684.0
MetaSpace,TPC-DI__Joinable__prospect_vertical_1_ac1_ev,0.0,0.0,132.0
MetaSpace,TPC-DI__Joinable__prospect_vertical_1_ac2_ev,0.0,0.0,264.0
MetaSpace,TPC-DI__Joinable__prospect_vertical_1_ac3_ev,0.0,0.0,528.0
MetaSpace,TPC-DI__Joinable__prospect_vertical_1_ac4_ev,0.0,0.0,132.0
MetaSpace,TPC-DI__Joinable__prospect_vertical_1_ac5_ev,0.0,0.0,132.0
MetaSpace,TPC-DI__Joinable__prospect_vertical_1_ec_ev,0.0,0.0,396.0
MetaSpace,TPC-DI__Joinable__prospect_vertical_30_ac1_ev,0.0,0.0,196.0
MetaSpace,TPC-DI__Joinable__prospect_vertical_30_ac2_ev,0.0,0.0,196.0
MetaSpace,TPC-DI__Joinable__prospect_vertical_30_ac3_ev,0.0,0.0,392.0
MetaSpace,TPC-DI__Joinable__prospect_vertical_30_ac4_ev,0.0,0.0,392.0
MetaSpace,TPC-DI__Joinable__prospect_vertical_30_ac5_ev,0.0,0.0,196.0
MetaSpace,TPC-DI__Joinable__prospect_vertical_30_ec_ev,0.0,0.0,392.0
MetaSpace,TPC-DI__Joinable__prospect_vertical_50_ac1_ev,0.0,0.0,544.0
MetaSpace,TPC-DI__Joinable__prospect_vertical_50_ac2_ev,0.0,0.0,272.0
MetaSpace,TPC-DI__Joinable__prospect_vertical_50_ac3_ev,0.0,0.0,272.0
MetaSpace,TPC-DI__Joinable__prospect_vertical_50_ac4_ev,0.0,0.0,272.0
MetaSpace,TPC-DI__Joinable__prospect_vertical_50_ac5_ev,0.0,0.0,816.0
MetaSpace,TPC-DI__Joinable__prospect_vertical_50_ec_ev,0.0,0.0,272.0
MetaSpace,TPC-DI__Joinable__prospect_vertical_70_ac1_ev,0.0,0.0,342.0
MetaSpace,TPC-DI__Joinable__prospect_vertical_70_ac2_ev,0.0,0.0,342.0
MetaSpace,TPC-DI__Joinable__prospect_vertical_70_ac3_ev,0.0,0.0,342.0
MetaSpace,TPC-DI__Joinable__prospect_vertical_70_ac4_ev,0.01,0.0,1026.0
MetaSpace,TPC-DI__Joinable__prospect_vertical_70_ac5_ev,0.0,0.0,342.0
MetaSpace,TPC-DI__Joinable__prospect_vertical_70_ec_ev,0.01,0.0,1368.0
MetaSpace,TPC-DI__Semantically-Joinable__prospect_both_50_1_ac1_av,0.0,0.0,132.0
MetaSpace,TPC-DI__Semantically-Joinable__prospect_both_50_1_ac2_av,0.0,0.0,132.0
MetaSpace,TPC-DI__Semantically-Joinable__prospect_both_50_1_ac3_av,0.0,0.0,264.0
MetaSpace,TPC-DI__Semantically-Joinable__prospect_both_50_1_ac4_av,0.0,0.0,132.0
MetaSpace,TPC-DI__Semantically-Joinable__prospect_both_50_1_ac5_av,0.0,0.0,132.0
MetaSpace,TPC-DI__Semantically-Joinable__prospect_both_50_1_ec_av,0.0,0.0,132.0
MetaSpace,TPC-DI__Semantically-Joinable__prospect_both_50_30_ac1_av,0.0,0.0,196.0
MetaSpace,TPC-DI__Semantically-Joinable__prospect_both_50_30_ac2_av,0.0,0.0,392.0
MetaSpace,TPC-DI__Semantically-Joinable__prospect_both_50_30_ac3_av,0.0,0.0,588.0
MetaSpace,TPC-DI__Semantically-Joinable__prospect_both_50_30_ac4_av,0.0,0.0,588.0
MetaSpace,TPC-DI__Semantically-Joinable__prospect_both_50_30_ac5_av,0.0,0.0,196.0
MetaSpace,TPC-DI__Semantically-Joinable__prospect_both_50_30_ec_av,0.0,0.0,196.0
MetaSpace,TPC-DI__Semantically-Joinable__prospect_both_50_50_ac1_av,0.0,0.0,816.0
MetaSpace,TPC-DI__Semantically-Joinable__prospect_both_50_50_ac2_av,0.0,0.0,544.0
MetaSpace,TPC-DI__Semantically-Joinable__prospect_both_50_50_ac3_av,0.0,0.0,272.0
MetaSpace,TPC-DI__Semantically-Joinable__prospect_both_50_50_ac4_av,0.0,0.0,272.0
MetaSpace,TPC-DI__Semantically-Joinable__prospect_both_50_50_ac5_av,0.0,0.0,544.0
MetaSpace,TPC-DI__Semantically-Joinable__prospect_both_50_50_ec_av,0.0,0.0,544.0
MetaSpace,TPC-DI__Semantically-Joinable__prospect_both_50_70_ac1_av,0.0,0.0,684.0
MetaSpace,TPC-DI__Semantically-Joinable__prospect_both_50_70_ac2_av,0.0,0.0,684.0
MetaSpace,TPC-DI__Semantically-Joinable__prospect_both_50_70_ac3_av,0.0,0.0,342.0
MetaSpace,TPC-DI__Semantically-Joinable__prospect_both_50_70_ac4_av,0.01,0.0,1026.0
MetaSpace,TPC-DI__Semantically-Joinable__prospect_both_50_70_ac5_av,0.01,0.0,1368.0
MetaSpace,TPC-DI__Semantically-Joinable__prospect_both_50_70_ec_av,0.0,0.0,342.0
MetaSpace,TPC-DI__Semantically-Joinable__prospect_vertical_1_ac1_av,0.0,0.0,264.0
MetaSpace,TPC-DI__Semantically-Joinable__prospect_vertical_1_ac2_av,0.0,0.0,132.0
MetaSpace,TPC-DI__Semantically-Joinable__prospect_vertical_1_ac3_av,0.0,0.0,396.0
MetaSpace,TPC-DI__Semantically-Joinable__prospect_vertical_1_ac4_av,0.0,0.0,132.0
MetaSpace,TPC-DI__Semantically-Joinable__prospect_vertical_1_ac5_av,0.0,0.0,132.0
MetaSpace,TPC-DI__Semantically-Joinable__prospect_vertical_1_ec_av,0.0,0.0,396.0
MetaSpace,TPC-DI__Semantically-Joinable__prospect_vertical_30_ac1_av,0.0,0.0,196.0
MetaSpace,TPC-DI__Semantically-Joinable__prospect_vertical_30_ac2_av,0.0,0.0,392.0
MetaSpace,TPC-DI__Semantically-Joinable__prospect_vertical_30_ac3_av,0.0,0.0,196.0
MetaSpace,TPC-DI__Semantically-Joinable__prospect_vertical_30_ac4_av,0.0,0.0,196.0
MetaSpace,TPC-DI__Semantically-Joinable__prospect_vertical_30_ac5_av,0.0,0.0,588.0
MetaSpace,TPC-DI__Semantically-Joinable__prospect_vertical_30_ec_av,0.0,0.0,196.0
MetaSpace,TPC-DI__Semantically-Joinable__prospect_vertical_50_ac1_av,0.0,0.0,544.0
MetaSpace,TPC-DI__Semantically-Joinable__prospect_vertical_50_ac2_av,0.0,0.0,544.0
MetaSpace,TPC-DI__Semantically-Joinable__prospect_vertical_50_ac3_av,0.0,0.0,544.0
MetaSpace,TPC-DI__Semantically-Joinable__prospect_vertical_50_ac4_av,0.0,0.0,544.0
MetaSpace,TPC-DI__Semantically-Joinable__prospect_vertical_50_ac5_av,0.0,0.0,272.0
MetaSpace,TPC-DI__Semantically-Joinable__prospect_vertical_50_ec_av,0.0,0.0,272.0
MetaSpace,TPC-DI__Semantically-Joinable__prospect_vertical_70_ac1_av,0.0,0.0,342.0
MetaSpace,TPC-DI__Semantically-Joinable__prospect_vertical_70_ac2_av,0.0,0.0,342.0
MetaSpace,TPC-DI__Semantically-Joinable__prospect_vertical_70_ac3_av,0.0,0.0,342.0
MetaSpace,TPC-DI__Semantically-Joinable__prospect_vertical_70_ac4_av,0.0,0.0,342.0
MetaSpace,TPC-DI__Semantically-Joinable__prospect_vertical_70_ac5_av,0.0,0.0,342.0
MetaSpace,TPC-DI__Semantically-Joinable__prospect_vertical_70_ec_av,0.0,0.0,684.0
MetaSpace,TPC-DI__Unionable__prospect_horizontal_0_ac1_av,0.01,0.0,1452.0
MetaSpace,TPC-DI__Unionable__prospect_horizontal_0_ac1_ev,0.01,0.0,968.0
MetaSpace,TPC-DI__Unionable__prospect_horizontal_0_ac2_av,0.01,0.0,968.0
MetaSpace,TPC-DI__Unionable__prospect_horizontal_0_ac2_ev,0.01,0.0,968.0
MetaSpace,TPC-DI__Unionable__prospect_horizontal_0_ac3_av,0.01,0.0,968.0
MetaSpace,TPC-DI__Unionable__prospect_horizontal_0_ac3_ev,0.0,0.0,484.0
MetaSpace,TPC-DI__Unionable__prospect_horizontal_0_ac4_av,0.01,0.0,2420.0
MetaSpace,TPC-DI__Unionable__prospect_horizontal_0_ac4_ev,0.01,0.0,1452.0
MetaSpace,TPC-DI__Unionable__prospect_horizontal_0_ac5_av,0.0,0.0,484.0
MetaSpace,TPC-DI__Unionable__prospect_horizontal_0_ac5_ev,0.01,0.0,1452.0
MetaSpace,TPC-DI__Unionable__prospect_horizontal_0_ec_av,0.0,0.0,484.0
MetaSpace,TPC-DI__Unionable__prospect_horizontal_0_ec_ev,0.01,0.0,968.0
MetaSpace,TPC-DI__Unionable__prospect_horizontal_100_ac1_av,0.0,0.0,484.0
MetaSpace,TPC-DI__Unionable__prospect_horizontal_100_ac1_ev,0.0,0.0,484.0
MetaSpace,TPC-DI__Unionable__prospect_horizontal_100_ac2_av,0.01,0.0,968.0
MetaSpace,TPC-DI__Unionable__prospect_horizontal_100_ac2_ev,0.01,0.0,1452.0
MetaSpace,TPC-DI__Unionable__prospect_horizontal_100_ac3_av,0.0,0.0,484.0
MetaSpace,TPC-DI__Unionable__prospect_horizontal_100_ac3_ev,0.0,0.0,484.0
MetaSpace,TPC-DI__Unionable__prospect_horizontal_100_ac4_av,0.0,0.0,484.0
MetaSpace,TPC-DI__Unionable__prospect_horizontal_100_ac4_ev,0.0,0.0,484.0
MetaSpace,TPC-DI__Unionable__prospect_horizontal_100_ac5_av,0.0,0.0,484.0
MetaSpace,TPC-DI__Unionable__prospect_horizontal_100_ac5_ev,0.0,0.0,484.0
MetaSpace,TPC-DI__Unionable__prospect_horizontal_100_ec_av,0.0,0.0,484.0
MetaSpace,TPC-DI__Unionable__prospect_horizontal_100_ec_ev,0.0,0.0,484.0
MetaSpace,TPC-DI__Unionable__prospect_horizontal_50_ac1_av,0.0,0.0,484.0
MetaSpace,TPC-DI__Unionable__prospect_horizontal_50_ac1_ev,0.01,0.0,968.0
MetaSpace,TPC-DI__Unionable__prospect_horizontal_50_ac2_av,0.0,0.0,484.0
MetaSpace,TPC-DI__Unionable__prospect_horizontal_50_ac2_ev,0.01,0.0,968.0
MetaSpace,TPC-DI__Unionable__prospect_horizontal_50_ac3_av,0.0,0.0,484.0
MetaSpace,TPC-DI__Unionable__prospect_horizontal_50_ac3_ev,0.01,0.0,968.0
MetaSpace,TPC-DI__Unionable__prospect_horizontal_50_ac4_av,0.01,0.0,968.0
MetaSpace,TPC-DI__Unionable__prospect_horizontal_50_ac4_ev,0.01,0.0,968.0
MetaSpace,TPC-DI__Unionable__prospect_horizontal_50_ac5_av,0.0,0.0,484.0
MetaSpace,TPC-DI__Unionable__prospect_horizontal_50_ac5_ev,0.0,0.0,484.0
MetaSpace,TPC-DI__Unionable__prospect_horizontal_50_ec_av,0.0,0.0,484.0
MetaSpace,TPC-DI__Unionable__prospect_horizontal_50_ec_ev,0.0,0.0,484.0
MetaSpace,TPC-DI__View-Unionable__prospect_both_0_1_ac1_av,0.0,0.0,132.0
MetaSpace,TPC-DI__View-Unionable__prospect_both_0_1_ac1_ev,0.0,0.0,132.0
MetaSpace,TPC-DI__View-Unionable__prospect_both_0_1_ac2_av,0.0,0.0,132.0
MetaSpace,TPC-DI__View-Unionable__prospect_both_0_1_ac2_ev,0.0,0.0,396.0
MetaSpace,TPC-DI__View-Unionable__prospect_both_0_1_ac3_av,0.0,0.0,264.0
MetaSpace,TPC-DI__View-Unionable__prospect_both_0_1_ac3_ev,0.0,0.0,264.0
MetaSpace,TPC-DI__View-Unionable__prospect_both_0_1_ac4_av,0.0,0.0,132.0
MetaSpace,TPC-DI__View-Unionable__prospect_both_0_1_ac4_ev,0.0,0.0,264.0
MetaSpace,TPC-DI__View-Unionable__prospect_both_0_1_ac5_av,0.0,0.0,396.0
MetaSpace,TPC-DI__View-Unionable__prospect_both_0_1_ac5_ev,0.0,0.0,132.0
MetaSpace,TPC-DI__View-Unionable__prospect_both_0_1_ec_av,0.0,0.0,132.0
MetaSpace,TPC-DI__View-Unionable__prospect_both_0_1_ec_ev,0.0,0.0,132.0
MetaSpace,TPC-DI__View-Unionable__prospect_both_0_30_ac1_av,0.0,0.0,588.0
MetaSpace,TPC-DI__View-Unionable__prospect_both_0_30_ac1_ev,0.0,0.0,392.0
MetaSpace,TPC-DI__View-Unionable__prospect_both_0_30_ac2_av,0.0,0.0,588.0
MetaSpace,TPC-DI__View-Unionable__prospect_both_0_30_ac2_ev,0.0,0.0,196.0
MetaSpace,TPC-DI__View-Unionable__prospect_both_0_30_ac3_av,0.0,0.0,196.0
MetaSpace,TPC-DI__View-Unionable__prospect_both_0_30_ac3_ev,0.0,0.0,392.0
MetaSpace,TPC-DI__View-Unionable__prospect_both_0_30_ac4_av,0.0,0.0,196.0
MetaSpace,TPC-DI__View-Unionable__prospect_both_0_30_ac4_ev,0.0,0.0,196.0
MetaSpace,TPC-DI__View-Unionable__prospect_both_0_30_ac5_av,0.0,0.0,196.0
MetaSpace,TPC-DI__View-Unionable__prospect_both_0_30_ac5_ev,0.0,0.0,392.0
MetaSpace,TPC-DI__View-Unionable__prospect_both_0_30_ec_av,0.0,0.0,392.0
MetaSpace,TPC-DI__View-Unionable__prospect_both_0_30_ec_ev,0.0,0.0,196.0
MetaSpace,TPC-DI__View-Unionable__prospect_both_0_50_ac1_av,0.0,0.0,816.0
MetaSpace,TPC-DI__View-Unionable__prospect_both_0_50_ac1_ev,0.0,0.0,544.0
MetaSpace,TPC-DI__View-Unionable__prospect_both_0_50_ac2_av,0.0,0.0,272.0
MetaSpace,TPC-DI__View-Unionable__prospect_both_0_50_ac2_ev,0.0,0.0,816.0
MetaSpace,TPC-DI__View-Unionable__prospect_both_0_50_ac3_av,0.0,0.0,272.0
MetaSpace,TPC-DI__View-Unionable__prospect_both_0_50_ac3_ev,0.0,0.0,816.0
MetaSpace,TPC-DI__View-Unionable__prospect_both_0_50_ac4_av,0.0,0.0,272.0
MetaSpace,TPC-DI__View-Unionable__prospect_both_0_50_ac4_ev,0.0,0.0,272.0
MetaSpace,TPC-DI__View-Unionable__prospect_both_0_50_ac5_av,0.0,0.0,272.0
MetaSpace,TPC-DI__View-Unionable__prospect_both_0_50_ac5_ev,0.0,0.0,272.0
MetaSpace,TPC-DI__View-Unionable__prospect_both_0_50_ec_av,0.0,0.0,544.0
MetaSpace,TPC-DI__View-Unionable__prospect_both_0_50_ec_ev,0.0,0.0,272.0
MetaSpace,TPC-DI__View-Unionable__prospect_both_0_70_ac1_av,0.0,0.0,342.0
MetaSpace,TPC-DI__View-Unionable__prospect_both_0_70_ac1_ev,0.0,0.0,342.0
MetaSpace,TPC-DI__View-Unionable__prospect_both_0_70_ac2_av,0.01,0.0,1026.0
MetaSpace,TPC-DI__View-Unionable__prospect_both_0_70_ac2_ev,0.0,0.0,684.0
MetaSpace,TPC-DI__View-Unionable__prospect_both_0_70_ac3_av,0.0,0.0,684.0
MetaSpace,TPC-DI__View-Unionable__prospect_both_0_70_ac3_ev,0.01,0.0,1026.0
MetaSpace,TPC-DI__View-Unionable__prospect_both_0_70_ac4_av,0.0,0.0,684.0
MetaSpace,TPC-DI__View-Unionable__prospect_both_0_70_ac4_ev,0.01,0.0,1368.0
MetaSpace,TPC-DI__View-Unionable__prospect_both_0_70_ac5_av,0.0,0.0,342.0
MetaSpace,TPC-DI__View-Unionable__prospect_both_0_70_ac5_ev,0.0,0.0,684.0
MetaSpace,TPC-DI__View-Unionable__prospect_both_0_70_ec_av,0.0,0.0,342.0
MetaSpace,TPC-DI__View-Unionable__prospect_both_0_70_ec_ev,0.0,0.0,342.0
MetaSpace,Wikidata__Musicians__Musicians_joinable,0.0,0.0,169.0
MetaSpace,Wikidata__Musicians__Musicians_semjoinable,0.0,0.0,392.0
MetaSpace,Wikidata__Musicians__Musicians_unionable,0.0,0.0,800.0
MetaSpace,Wikidata__Musicians__Musicians_viewunion,0.0,0.0,169.0
LLMATCH,amazon_google_exp,3.35,0.06,
LLMATCH,assays_both_0_1_ac1_av,8.64,0.14,
LLMATCH,assays_both_0_1_ac1_ev,8.34,0.14,
LLMATCH,assays_both_0_1_ac2_av,8.34,0.14,
LLMATCH,assays_both_0_1_ac2_ev,11.06,0.18,
LLMATCH,assays_both_0_1_ac3_av,7.32,0.12,
LLMATCH,assays_both_0_1_ac3_ev,9.69,0.16,
LLMATCH,assays_both_0_1_ac4_av,9.54,0.16,
LLMATCH,assays_both_0_1_ac4_ev,14.11,0.24,
LLMATCH,assays_both_0_1_ac5_av,8.2,0.14,
LLMATCH,assays_both_0_1_ac5_ev,9.26,0.15,
LLMATCH,assays_both_0_1_ec_av,7.99,0.13,
LLMATCH,assays_both_0_1_ec_ev,7.76,0.13,
LLMATCH,assays_both_0_30_ac1_av,10.08,0.17,
LLMATCH,assays_both_0_30_ac1_ev,6.06,0.1,
LLMATCH,assays_both_0_30_ac2_av,6.98,0.12,
LLMATCH,assays_both_0_30_ac2_ev,9.4,0.16,
LLMATCH,assays_both_0_30_ac3_av,14.43,0.24,
LLMATCH,assays_both_0_30_ac3_ev,9.05,0.15,
LLMATCH,assays_both_0_30_ac4_av,10.28,0.17,
LLMATCH,assays_both_0_30_ac4_ev,8.34,0.14,
LLMATCH,assays_both_0_30_ac5_av,9.77,0.16,
LLMATCH,assays_both_0_30_ac5_ev,2313.27,38.55,
LLMATCH,assays_both_0_30_ec_av,11.28,0.19,
LLMATCH,assays_both_0_30_ec_ev,12.01,0.2,
LLMATCH,assays_both_0_50_ac1_av,10.02,0.17,
LLMATCH,assays_both_0_50_ac1_ev,15.53,0.26,
LLMATCH,assays_both_0_50_ac2_av,12.9,0.21,
LLMATCH,assays_both_0_50_ac2_ev,8.31,0.14,
LLMATCH,assays_both_0_50_ac3_av,14.1,0.23,
LLMATCH,assays_both_0_50_ac3_ev,8.47,0.14,
LLMATCH,assays_both_0_50_ac4_av,15.22,0.25,
LLMATCH,assays_both_0_50_ac4_ev,12.28,0.2,
LLMATCH,assays_both_0_50_ac5_av,8.75,0.15,
LLMATCH,assays_both_0_50_ac5_ev,4.06,0.07,
LLMATCH,assays_both_0_50_ec_av,13.05,0.22,
LLMATCH,assays_both_0_50_ec_ev,14.67,0.24,
LLMATCH,assays_both_0_70_ac1_av,13.07,0.22,
LLMATCH,assays_both_0_70_ac1_ev,15.49,0.26,
LLMATCH,assays_both_0_70_ac2_av,16.46,0.27,
LLMATCH,assays_both_0_70_ac2_ev,12.98,0.22,
LLMATCH,assays_both_0_70_ac3_av,14.87,0.25,
LLMATCH,assays_both_0_70_ac3_ev,14.04,0.23,
LLMATCH,assays_both_0_70_ac4_av,22.9,0.38,
LLMATCH,assays_both_0_70_ac4_ev,22.4,0.37,
LLMATCH,assays_both_0_70_ac5_av,20.99,0.35,
LLMATCH,assays_both_0_70_ac5_ev,15.12,0.25,
LLMATCH,assays_both_0_70_ec_av,15.06,0.25,
LLMATCH,assays_both_0_70_ec_ev,15.12,0.25,
LLMATCH,assays_both_50_1_ac1_av,9.53,0.16,
LLMATCH,assays_both_50_1_ac1_ev,7.01,0.12,
LLMATCH,assays_both_50_1_ac2_av,10.02,0.17,
LLMATCH,assays_both_50_1_ac2_ev,7.16,0.12,
LLMATCH,assays_both_50_1_ac3_av,9.38,0.16,
LLMATCH,assays_both_50_1_ac3_ev,9.36,0.16,
LLMATCH,assays_both_50_1_ac4_av,8.98,0.15,
LLMATCH,assays_both_50_1_ac4_ev,11.35,0.19,
LLMATCH,assays_both_50_1_ac5_av,9.51,0.16,
LLMATCH,assays_both_50_1_ac5_ev,8.66,0.14,
LLMATCH,assays_both_50_1_ec_av,8.04,0.13,
LLMATCH,assays_both_50_1_ec_ev,8.35,0.14,
LLMATCH,assays_both_50_30_ac1_av,10.15,0.17,
LLMATCH,assays_both_50_30_ac1_ev,10.96,0.18,
LLMATCH,assays_both_50_30_ac2_av,7.37,0.12,
LLMATCH,assays_both_50_30_ac2_ev,9.15,0.15,
LLMATCH,assays_both_50_30_ac3_av,9.28,0.15,
LLMATCH,assays_both_50_30_ac3_ev,8.71,0.15,
LLMATCH,assays_both_50_30_ac4_av,9.41,0.16,
LLMATCH,assays_both_50_30_ac4_ev,9.34,0.16,
LLMATCH,assays_both_50_30_ac5_av,7.49,0.12,
LLMATCH,assays_both_50_30_ac5_ev,10.39,0.17,
LLMATCH,assays_both_50_30_ec_av,6.3,0.11,
LLMATCH,assays_both_50_30_ec_ev,10.01,0.17,
LLMATCH,assays_both_50_50_ac1_av,12.89,0.21,
LLMATCH,assays_both_50_50_ac1_ev,12.79,0.21,
LLMATCH,assays_both_50_50_ac2_av,12.11,0.2,
LLMATCH,assays_both_50_50_ac2_ev,13.81,0.23,
LLMATCH,assays_both_50_50_ac3_av,12.34,0.21,
LLMATCH,assays_both_50_50_ac3_ev,10.55,0.18,
LLMATCH,assays_both_50_50_ac4_av,13.16,0.22,
LLMATCH,assays_both_50_50_ac4_ev,11.96,0.2,
LLMATCH,assays_both_50_50_ac5_av,13.4,0.22,
LLMATCH,assays_both_50_50_ac5_ev,17.25,0.29,
LLMATCH,assays_both_50_50_ec_av,11.44,0.19,
LLMATCH,assays_both_50_50_ec_ev,12.28,0.2,
LLMATCH,assays_both_50_70_ac1_av,13.67,0.23,
LLMATCH,assays_both_50_70_ac1_ev,17.05,0.28,
LLMATCH,assays_both_50_70_ac2_av,12.71,0.21,
LLMATCH,assays_both_50_70_ac2_ev,16.91,0.28,
LLMATCH,assays_both_50_70_ac3_av,19.35,0.32,
LLMATCH,assays_both_50_70_ac3_ev,14.99,0.25,
LLMATCH,assays_both_50_70_ac4_av,19.03,0.32,
LLMATCH,assays_both_50_70_ac4_ev,14.04,0.23,
LLMATCH,assays_both_50_70_ac5_av,15.13,0.25,
LLMATCH,assays_both_50_70_ac5_ev,14.2,0.24,
LLMATCH,assays_both_50_70_ec_av,30.35,0.51,
LLMATCH,assays_both_50_70_ec_ev,20.95,0.35,
LLMATCH,assays_horizontal_0_ac1_av,13.44,0.22,
LLMATCH,assays_horizontal_0_ac1_ev,12.52,0.21,
LLMATCH,assays_horizontal_0_ac2_av,12.68,0.21,
LLMATCH,assays_horizontal_0_ac2_ev,12.17,0.2,
LLMATCH,assays_horizontal_0_ac3_av,13.59,0.23,
LLMATCH,assays_horizontal_0_ac3_ev,14.23,0.24,
LLMATCH,assays_horizontal_0_ac4_av,16.47,0.27,
LLMATCH,assays_horizontal_0_ac4_ev,14.27,0.24,
LLMATCH,assays_horizontal_0_ac5_av,23.03,0.38,
LLMATCH,assays_horizontal_0_ac5_ev,15.76,0.26,
LLMATCH,assays_horizontal_0_ec_av,22.06,0.37,
LLMATCH,assays_horizontal_0_ec_ev,16.33,0.27,
LLMATCH,assays_horizontal_100_ac1_av,17.31,0.29,
LLMATCH,assays_horizontal_100_ac1_ev,16.02,0.27,
LLMATCH,assays_horizontal_100_ac2_av,16.14,0.27,
LLMATCH,assays_horizontal_100_ac2_ev,15.9,0.27,
LLMATCH,assays_horizontal_100_ac3_av,17.03,0.28,
LLMATCH,assays_horizontal_100_ac3_ev,19.76,0.33,
LLMATCH,assays_horizontal_100_ac4_av,14.41,0.24,
LLMATCH,assays_horizontal_100_ac4_ev,16.24,0.27,
LLMATCH,assays_horizontal_100_ac5_av,30.23,0.5,
LLMATCH,assays_horizontal_100_ac5_ev,20.02,0.33,
LLMATCH,assays_horizontal_100_ec_av,26.38,0.44,
LLMATCH,assays_horizontal_100_ec_ev,22.86,0.38,
LLMATCH,assays_horizontal_50_ac1_av,22.58,0.38,
LLMATCH,assays_horizontal_50_ac1_ev,20.08,0.33,
LLMATCH,assays_horizontal_50_ac2_av,18.23,0.3,
LLMATCH,assays_horizontal_50_ac2_ev,14.01,0.23,
LLMATCH,assays_horizontal_50_ac3_av,24.25,0.4,
LLMATCH,assays_horizontal_50_ac3_ev,19.39,0.32,
LLMATCH,assays_horizontal_50_ac4_av,17.48,0.29,
LLMATCH,assays_horizontal_50_ac4_ev,22.08,0.37,
LLMATCH,assays_horizontal_50_ac5_av,22.34,0.37,
LLMATCH,assays_horizontal_50_ac5_ev,29.31,0.49,
LLMATCH,assays_horizontal_50_ec_av,19.59,0.33,
LLMATCH,assays_horizontal_50_ec_ev,16.71,0.28,
LLMATCH,assays_vertical_1_ac1_av,12.45,0.21,
LLMATCH,assays_vertical_1_ac1_ev,10.51,0.18,
LLMATCH,assays_vertical_1_ac2_av,10.02,0.17,
LLMATCH,assays_vertical_1_ac2_ev,12.26,0.2,
LLMATCH,assays_vertical_1_ac3_av,10.14,0.17,
LLMATCH,assays_vertical_1_ac3_ev,9.95,0.17,
LLMATCH,assays_vertical_1_ac4_av,9.9,0.17,
LLMATCH,assays_vertical_1_ac4_ev,9.83,0.16,
LLMATCH,assays_vertical_1_ac5_av,10.77,0.18,
LLMATCH,assays_vertical_1_ac5_ev,10.38,0.17,
LLMATCH,assays_vertical_1_ec_av,9.34,0.16,
LLMATCH,assays_vertical_1_ec_ev,9.94,0.17,
LLMATCH,assays_vertical_30_ac1_av,8.09,0.13,
LLMATCH,assays_vertical_30_ac1_ev,9.83,0.16,
LLMATCH,assays_vertical_30_ac2_av,12.34,0.21,
LLMATCH,assays_vertical_30_ac2_ev,12.17,0.2,
LLMATCH,assays_vertical_30_ac3_av,11.83,0.2,
LLMATCH,assays_vertical_30_ac3_ev,11.18,0.19,
LLMATCH,assays_vertical_30_ac4_av,11.24,0.19,
LLMATCH,assays_vertical_30_ac4_ev,12.11,0.2,
LLMATCH,assays_vertical_30_ac5_av,9.49,0.16,
LLMATCH,assays_vertical_30_ac5_ev,9.76,0.16,
LLMATCH,assays_vertical_30_ec_av,8.27,0.14,
LLMATCH,assays_vertical_30_ec_ev,6.74,0.11,
LLMATCH,assays_vertical_50_ac1_av,13.06,0.22,
LLMATCH,assays_vertical_50_ac1_ev,12.04,0.2,
LLMATCH,assays_vertical_50_ac2_av,10.54,0.18,
LLMATCH,assays_vertical_50_ac2_ev,14.2,0.24,
LLMATCH,assays_vertical_50_ac3_av,10.97,0.18,
LLMATCH,assays_vertical_50_ac3_ev,10.22,0.17,
LLMATCH,assays_vertical_50_ac4_av,13.46,0.22,
LLMATCH,assays_vertical_50_ac4_ev,11.86,0.2,
LLMATCH,assays_vertical_50_ac5_av,5.98,0.1,
LLMATCH,assays_vertical_50_ac5_ev,13.15,0.22,
LLMATCH,assays_vertical_50_ec_av,5.95,0.1,
LLMATCH,assays_vertical_50_ec_ev,10.88,0.18,
LLMATCH,assays_vertical_70_ac1_av,7.56,0.13,
LLMATCH,assays_vertical_70_ac1_ev,14.48,0.24,
LLMATCH,assays_vertical_70_ac2_av,7.81,0.13,
LLMATCH,assays_vertical_70_ac2_ev,16.8,0.28,
LLMATCH,assays_vertical_70_ac3_av,8.53,0.14,
LLMATCH,assays_vertical_70_ac3_ev,12.45,0.21,
LLMATCH,assays_vertical_70_ac4_av,9.89,0.16,
LLMATCH,assays_vertical_70_ac4_ev,13.01,0.22,
LLMATCH,assays_vertical_70_ac5_av,11.27,0.19,
LLMATCH,assays_vertical_70_ac5_ev,13.31,0.22,
LLMATCH,assays_vertical_70_ec_av,8.91,0.15,
LLMATCH,assays_vertical_70_ec_ev,14.86,0.25,
LLMATCH,beeradvo_ratebeer,5.83,0.1,
LLMATCH,dblp_acm,3.75,0.06,
LLMATCH,dblp_scholar,4.63,0.08,
LLMATCH,fodors_zagats,6.42,0.11,
LLMATCH,itunes_amazon,6.34,0.11,
LLMATCH,miller2_both_0_1_ac1_av,17.49,0.29,
LLMATCH,miller2_both_0_1_ac1_ev,17.85,0.3,
LLMATCH,miller2_both_0_1_ac2_av,21.53,0.36,
LLMATCH,miller2_both_0_1_ac2_ev,19.91,0.33,
LLMATCH,miller2_both_0_1_ac3_av,30.63,0.51,
LLMATCH,miller2_both_0_1_ac3_ev,18.59,0.31,
LLMATCH,miller2_both_0_1_ac4_av,32.36,0.54,
LLMATCH,miller2_both_0_1_ac4_ev,23.23,0.39,
LLMATCH,miller2_both_0_1_ac5_av,21.48,0.36,
LLMATCH,miller2_both_0_1_ac5_ev,24.79,0.41,
LLMATCH,miller2_both_0_1_ec_av,30.04,0.5,
LLMATCH,miller2_both_0_1_ec_ev,31.35,0.52,
LLMATCH,miller2_both_0_30_ac1_av,30.4,0.51,
LLMATCH,miller2_both_0_30_ac1_ev,18.08,0.3,
LLMATCH,miller2_both_0_30_ac2_av,30.35,0.51,
LLMATCH,miller2_both_0_30_ac2_ev,27.57,0.46,
LLMATCH,miller2_both_0_30_ac3_av,24.03,0.4,
LLMATCH,miller2_both_0_30_ac3_ev,8.44,0.14,
LLMATCH,miller2_both_0_30_ac4_av,10.92,0.18,
LLMATCH,miller2_both_0_30_ac4_ev,25.68,0.43,
LLMATCH,miller2_both_0_30_ac5_av,17.46,0.29,
LLMATCH,miller2_both_0_30_ac5_ev,15.64,0.26,
LLMATCH,miller2_both_0_30_ec_av,20.36,0.34,
LLMATCH,miller2_both_0_30_ec_ev,13.43,0.22,
LLMATCH,miller2_both_0_50_ac1_av,19.13,0.32,
LLMATCH,miller2_both_0_50_ac1_ev,20.27,0.34,
LLMATCH,miller2_both_0_50_ac2_av,21.34,0.36,
LLMATCH,miller2_both_0_50_ac2_ev,30.55,0.51,
LLMATCH,miller2_both_0_50_ac3_av,31.43,0.52,
LLMATCH,miller2_both_0_50_ac3_ev,48.48,0.81,
LLMATCH,miller2_both_0_50_ac4_av,31.08,0.52,
LLMATCH,miller2_both_0_50_ac4_ev,31.64,0.53,
LLMATCH,miller2_both_0_50_ac5_av,28.29,0.47,
LLMATCH,miller2_both_0_50_ac5_ev,49.67,0.83,
LLMATCH,miller2_both_0_50_ec_av,27.84,0.46,
LLMATCH,miller2_both_0_50_ec_ev,33.76,0.56,
LLMATCH,miller2_both_0_70_ac1_av,49.22,0.82,
LLMATCH,miller2_both_0_70_ac1_ev,38.74,0.65,
LLMATCH,miller2_both_0_70_ac2_av,37.35,0.62,
LLMATCH,miller2_both_0_70_ac2_ev,34.53,0.58,
LLMATCH,miller2_both_0_70_ac3_av,34.78,0.58,
LLMATCH,miller2_both_0_70_ac3_ev,41.11,0.69,
LLMATCH,miller2_both_0_70_ac4_av,44.75,0.75,
LLMATCH,miller2_both_0_70_ac4_ev,48.8,0.81,
LLMATCH,miller2_both_0_70_ac5_av,58.26,0.97,
LLMATCH,miller2_both_0_70_ac5_ev,45.09,0.75,
LLMATCH,miller2_both_0_70_ec_av,55.73,0.93,
LLMATCH,miller2_both_0_70_ec_ev,50.4,0.84,
LLMATCH,miller2_both_50_1_ac1_av,22.03,0.37,
LLMATCH,miller2_both_50_1_ac1_ev,33.24,0.55,
LLMATCH,miller2_both_50_1_ac2_av,21.65,0.36,
LLMATCH,miller2_both_50_1_ac2_ev,21.81,0.36,
LLMATCH,miller2_both_50_1_ac3_av,27.0,0.45,
LLMATCH,miller2_both_50_1_ac3_ev,24.79,0.41,
LLMATCH,miller2_both_50_1_ac4_av,19.94,0.33,
LLMATCH,miller2_both_50_1_ac4_ev,17.25,0.29,
LLMATCH,miller2_both_50_1_ac5_av,30.28,0.5,
LLMATCH,miller2_both_50_1_ac5_ev,23.68,0.39,
LLMATCH,miller2_both_50_1_ec_av,24.06,0.4,
LLMATCH,miller2_both_50_1_ec_ev,22.05,0.37,
LLMATCH,miller2_both_50_30_ac1_av,47.96,0.8,
LLMATCH,miller2_both_50_30_ac1_ev,29.11,0.49,
LLMATCH,miller2_both_50_30_ac2_av,21.88,0.36,
LLMATCH,miller2_both_50_30_ac2_ev,24.82,0.41,
LLMATCH,miller2_both_50_30_ac3_av,29.94,0.5,
LLMATCH,miller2_both_50_30_ac3_ev,50.21,0.84,
LLMATCH,miller2_both_50_30_ac4_av,24.68,0.41,
LLMATCH,miller2_both_50_30_ac4_ev,25.56,0.43,
LLMATCH,miller2_both_50_30_ac5_av,33.16,0.55,
LLMATCH,miller2_both_50_30_ac5_ev,57.17,0.95,
LLMATCH,miller2_both_50_30_ec_av,41.45,0.69,
LLMATCH,miller2_both_50_30_ec_ev,22.73,0.38,
LLMATCH,miller2_both_50_50_ac1_av,54.04,0.9,
LLMATCH,miller2_both_50_50_ac1_ev,57.72,0.96,
LLMATCH,miller2_both_50_50_ac2_av,37.03,0.62,
LLMATCH,miller2_both_50_50_ac2_ev,23.97,0.4,
LLMATCH,miller2_both_50_50_ac3_av,24.84,0.41,
LLMATCH,miller2_both_50_50_ac3_ev,36.58,0.61,
LLMATCH,miller2_both_50_50_ac4_av,54.32,0.91,
LLMATCH,miller2_both_50_50_ac4_ev,24.43,0.41,
LLMATCH,miller2_both_50_50_ac5_av,38.41,0.64,
LLMATCH,miller2_both_50_50_ac5_ev,26.56,0.44,
LLMATCH,miller2_both_50_50_ec_av,36.95,0.62,
LLMATCH,miller2_both_50_50_ec_ev,42.04,0.7,
LLMATCH,miller2_both_50_70_ac1_av,34.07,0.57,
LLMATCH,miller2_both_50_70_ac1_ev,30.66,0.51,
LLMATCH,miller2_both_50_70_ac2_av,27.2,0.45,
LLMATCH,miller2_both_50_70_ac2_ev,24.69,0.41,
LLMATCH,miller2_both_50_70_ac3_av,28.19,0.47,
LLMATCH,miller2_both_50_70_ac3_ev,30.93,0.52,
LLMATCH,miller2_both_50_70_ac4_av,31.75,0.53,
LLMATCH,miller2_both_50_70_ac4_ev,35.73,0.6,
LLMATCH,miller2_both_50_70_ac5_av,28.78,0.48,
LLMATCH,miller2_both_50_70_ac5_ev,78.41,1.31,
LLMATCH,miller2_both_50_70_ec_av,35.34,0.59,
LLMATCH,miller2_both_50_70_ec_ev,52.61,0.88,
LLMATCH,miller2_horizontal_0_ac1_av,40.07,0.67,
LLMATCH,miller2_horizontal_0_ac1_ev,42.13,0.7,
LLMATCH,miller2_horizontal_0_ac2_av,18.75,0.31,
LLMATCH,miller2_horizontal_0_ac2_ev,32.65,0.54,
LLMATCH,miller2_horizontal_0_ac3_av,37.99,0.63,
LLMATCH,miller2_horizontal_0_ac3_ev,37.4,0.62,
LLMATCH,miller2_horizontal_0_ac4_av,23.87,0.4,
LLMATCH,miller2_horizontal_0_ac4_ev,37.69,0.63,
LLMATCH,miller2_horizontal_0_ac5_av,21.38,0.36,
LLMATCH,miller2_horizontal_0_ac5_ev,41.34,0.69,
LLMATCH,miller2_horizontal_0_ec_av,37.96,0.63,
LLMATCH,miller2_horizontal_0_ec_ev,38.87,0.65,
LLMATCH,miller2_horizontal_100_ac1_av,71.24,1.19,
LLMATCH,miller2_horizontal_100_ac1_ev,44.66,0.74,
LLMATCH,miller2_horizontal_100_ac2_av,36.48,0.61,
LLMATCH,miller2_horizontal_100_ac2_ev,36.23,0.6,
LLMATCH,miller2_horizontal_100_ac3_av,41.45,0.69,
LLMATCH,miller2_horizontal_100_ac3_ev,44.77,0.75,
LLMATCH,miller2_horizontal_100_ac4_av,44.45,0.74,
LLMATCH,miller2_horizontal_100_ac4_ev,41.87,0.7,
LLMATCH,miller2_horizontal_100_ac5_av,43.61,0.73,
LLMATCH,miller2_horizontal_100_ac5_ev,48.93,0.82,
LLMATCH,miller2_horizontal_100_ec_av,38.93,0.65,
LLMATCH,miller2_horizontal_100_ec_ev,36.86,0.61,
LLMATCH,miller2_horizontal_50_ac1_av,44.62,0.74,
LLMATCH,miller2_horizontal_50_ac1_ev,42.77,0.71,
LLMATCH,miller2_horizontal_50_ac2_av,46.97,0.78,
LLMATCH,miller2_horizontal_50_ac2_ev,53.77,0.9,
LLMATCH,miller2_horizontal_50_ac3_av,42.13,0.7,
LLMATCH,miller2_horizontal_50_ac3_ev,61.73,1.03,
LLMATCH,miller2_horizontal_50_ac4_av,38.64,0.64,
LLMATCH,miller2_horizontal_50_ac4_ev,38.14,0.64,
LLMATCH,miller2_horizontal_50_ac5_av,41.48,0.69,
LLMATCH,miller2_horizontal_50_ac5_ev,44.89,0.75,
LLMATCH,miller2_horizontal_50_ec_av,39.12,0.65,
LLMATCH,miller2_horizontal_50_ec_ev,43.6,0.73,
LLMATCH,miller2_vertical_1_ac1_av,19.64,0.33,
LLMATCH,miller2_vertical_1_ac1_ev,21.53,0.36,
LLMATCH,miller2_vertical_1_ac2_av,18.8,0.31,
LLMATCH,miller2_vertical_1_ac2_ev,20.53,0.34,
LLMATCH,miller2_vertical_1_ac3_av,19.91,0.33,
LLMATCH,miller2_vertical_1_ac3_ev,29.07,0.48,
LLMATCH,miller2_vertical_1_ac4_av,29.34,0.49,
LLMATCH,miller2_vertical_1_ac4_ev,31.0,0.52,
LLMATCH,miller2_vertical_1_ac5_av,19.81,0.33,
LLMATCH,miller2_vertical_1_ac5_ev,37.91,0.63,
LLMATCH,miller2_vertical_1_ec_av,18.75,0.31,
LLMATCH,miller2_vertical_1_ec_ev,16.35,0.27,
LLMATCH,miller2_vertical_30_ac1_av,45.96,0.77,
LLMATCH,miller2_vertical_30_ac1_ev,37.89,0.63,
LLMATCH,miller2_vertical_30_ac2_av,17.53,0.29,
LLMATCH,miller2_vertical_30_ac2_ev,45.06,0.75,
LLMATCH,miller2_vertical_30_ac3_av,30.97,0.52,
LLMATCH,miller2_vertical_30_ac3_ev,22.87,0.38,
LLMATCH,miller2_vertical_30_ac4_av,38.43,0.64,
LLMATCH,miller2_vertical_30_ac4_ev,27.66,0.46,
LLMATCH,miller2_vertical_30_ac5_av,30.27,0.5,
LLMATCH,miller2_vertical_30_ac5_ev,24.82,0.41,
LLMATCH,miller2_vertical_30_ec_av,35.35,0.59,
LLMATCH,miller2_vertical_30_ec_ev,30.3,0.5,
LLMATCH,miller2_vertical_50_ac1_av,30.91,0.52,
LLMATCH,miller2_vertical_50_ac1_ev,42.39,0.71,
LLMATCH,miller2_vertical_50_ac2_av,32.59,0.54,
LLMATCH,miller2_vertical_50_ac2_ev,56.17,0.94,
LLMATCH,miller2_vertical_50_ac3_av,39.44,0.66,
LLMATCH,miller2_vertical_50_ac3_ev,32.05,0.53,
LLMATCH,miller2_vertical_50_ac4_av,41.7,0.7,
LLMATCH,miller2_vertical_50_ac4_ev,21.87,0.36,
LLMATCH,miller2_vertical_50_ac5_av,38.54,0.64,
LLMATCH,miller2_vertical_50_ac5_ev,38.38,0.64,
LLMATCH,miller2_vertical_50_ec_av,54.95,0.92,
LLMATCH,miller2_vertical_50_ec_ev,25.45,0.42,
LLMATCH,miller2_vertical_70_ac1_av,35.83,0.6,
LLMATCH,miller2_vertical_70_ac1_ev,36.8,0.61,
LLMATCH,miller2_vertical_70_ac2_av,52.41,0.87,
LLMATCH,miller2_vertical_70_ac2_ev,64.92,1.08,
LLMATCH,miller2_vertical_70_ac3_av,67.54,1.13,
LLMATCH,miller2_vertical_70_ac3_ev,71.12,1.19,
LLMATCH,miller2_vertical_70_ac4_av,58.27,0.97,
LLMATCH,miller2_vertical_70_ac4_ev,68.76,1.15,
LLMATCH,miller2_vertical_70_ac5_av,64.59,1.08,
LLMATCH,miller2_vertical_70_ac5_ev,34.82,0.58,
LLMATCH,miller2_vertical_70_ec_av,49.58,0.83,
LLMATCH,miller2_vertical_70_ec_ev,45.29,0.75,
LLMATCH,musicians_joinable,7.82,0.13,
LLMATCH,musicians_semjoinable,15.09,0.25,
LLMATCH,musicians_unionable,19.34,0.32,
LLMATCH,musicians_viewunion,9.89,0.16,
LLMATCH,prospect_both_0_1_ac1_av,6.0,0.1,
LLMATCH,prospect_both_0_1_ac1_ev,6.59,0.11,
LLMATCH,prospect_both_0_1_ac2_av,5.84,0.1,
LLMATCH,prospect_both_0_1_ac2_ev,7.74,0.13,
LLMATCH,prospect_both_0_1_ac3_av,8.7,0.14,
LLMATCH,prospect_both_0_1_ac3_ev,10.4,0.17,
LLMATCH,prospect_both_0_1_ac4_av,8.35,0.14,
LLMATCH,prospect_both_0_1_ac4_ev,8.05,0.13,
LLMATCH,prospect_both_0_1_ac5_av,8.84,0.15,
LLMATCH,prospect_both_0_1_ac5_ev,7.72,0.13,
LLMATCH,prospect_both_0_1_ec_av,7.23,0.12,
LLMATCH,prospect_both_0_1_ec_ev,7.19,0.12,
LLMATCH,prospect_both_0_30_ac1_av,12.37,0.21,
LLMATCH,prospect_both_0_30_ac1_ev,17.96,0.3,
LLMATCH,prospect_both_0_30_ac2_av,10.64,0.18,
LLMATCH,prospect_both_0_30_ac2_ev,9.32,0.16,
LLMATCH,prospect_both_0_30_ac3_av,13.53,0.23,
LLMATCH,prospect_both_0_30_ac3_ev,10.2,0.17,
LLMATCH,prospect_both_0_30_ac4_av,11.68,0.19,
LLMATCH,prospect_both_0_30_ac4_ev,11.62,0.19,
LLMATCH,prospect_both_0_30_ac5_av,12.13,0.2,
LLMATCH,prospect_both_0_30_ac5_ev,11.25,0.19,
LLMATCH,prospect_both_0_30_ec_av,9.23,0.15,
LLMATCH,prospect_both_0_30_ec_ev,15.03,0.25,
LLMATCH,prospect_both_0_50_ac1_av,12.99,0.22,
LLMATCH,prospect_both_0_50_ac1_ev,13.05,0.22,
LLMATCH,prospect_both_0_50_ac2_av,13.54,0.23,
LLMATCH,prospect_both_0_50_ac2_ev,16.47,0.27,
LLMATCH,prospect_both_0_50_ac3_av,12.55,0.21,
LLMATCH,prospect_both_0_50_ac3_ev,12.89,0.21,
LLMATCH,prospect_both_0_50_ac4_av,11.09,0.18,
LLMATCH,prospect_both_0_50_ac4_ev,10.96,0.18,
LLMATCH,prospect_both_0_50_ac5_av,10.71,0.18,
LLMATCH,prospect_both_0_50_ac5_ev,12.51,0.21,
LLMATCH,prospect_both_0_50_ec_av,10.51,0.18,
LLMATCH,prospect_both_0_50_ec_ev,13.03,0.22,
LLMATCH,prospect_both_0_70_ac1_av,14.46,0.24,
LLMATCH,prospect_both_0_70_ac1_ev,16.4,0.27,
LLMATCH,prospect_both_0_70_ac2_av,14.18,0.24,
LLMATCH,prospect_both_0_70_ac2_ev,13.77,0.23,
LLMATCH,prospect_both_0_70_ac3_av,18.57,0.31,
LLMATCH,prospect_both_0_70_ac3_ev,14.03,0.23,
LLMATCH,prospect_both_0_70_ac4_av,14.19,0.24,
LLMATCH,prospect_both_0_70_ac4_ev,18.43,0.31,
LLMATCH,prospect_both_0_70_ac5_av,16.21,0.27,
LLMATCH,prospect_both_0_70_ac5_ev,18.02,0.3,
LLMATCH,prospect_both_0_70_ec_av,17.3,0.29,
LLMATCH,prospect_both_0_70_ec_ev,13.75,0.23,
LLMATCH,prospect_both_50_1_ac1_av,8.56,0.14,
LLMATCH,prospect_both_50_1_ac1_ev,9.92,0.17,
LLMATCH,prospect_both_50_1_ac2_av,8.21,0.14,
LLMATCH,prospect_both_50_1_ac2_ev,8.48,0.14,
LLMATCH,prospect_both_50_1_ac3_av,10.14,0.17,
LLMATCH,prospect_both_50_1_ac3_ev,7.78,0.13,
LLMATCH,prospect_both_50_1_ac4_av,8.47,0.14,
LLMATCH,prospect_both_50_1_ac4_ev,14.63,0.24,
LLMATCH,prospect_both_50_1_ac5_av,12.2,0.2,
LLMATCH,prospect_both_50_1_ac5_ev,8.13,0.14,
LLMATCH,prospect_both_50_1_ec_av,14.2,0.24,
LLMATCH,prospect_both_50_1_ec_ev,7.69,0.13,
LLMATCH,prospect_both_50_30_ac1_av,10.58,0.18,
LLMATCH,prospect_both_50_30_ac1_ev,11.66,0.19,
LLMATCH,prospect_both_50_30_ac2_av,8.59,0.14,
LLMATCH,prospect_both_50_30_ac2_ev,13.07,0.22,
LLMATCH,prospect_both_50_30_ac3_av,11.24,0.19,
LLMATCH,prospect_both_50_30_ac3_ev,12.52,0.21,
LLMATCH,prospect_both_50_30_ac4_av,11.44,0.19,
LLMATCH,prospect_both_50_30_ac4_ev,12.17,0.2,
LLMATCH,prospect_both_50_30_ac5_av,12.05,0.2,
LLMATCH,prospect_both_50_30_ac5_ev,13.79,0.23,
LLMATCH,prospect_both_50_30_ec_av,20.48,0.34,
LLMATCH,prospect_both_50_30_ec_ev,10.46,0.17,
LLMATCH,prospect_both_50_50_ac1_av,15.38,0.26,
LLMATCH,prospect_both_50_50_ac1_ev,15.18,0.25,
LLMATCH,prospect_both_50_50_ac2_av,14.43,0.24,
LLMATCH,prospect_both_50_50_ac2_ev,12.63,0.21,
LLMATCH,prospect_both_50_50_ac3_av,12.96,0.22,
LLMATCH,prospect_both_50_50_ac3_ev,17.26,0.29,
LLMATCH,prospect_both_50_50_ac4_av,12.17,0.2,
LLMATCH,prospect_both_50_50_ac4_ev,15.47,0.26,
LLMATCH,prospect_both_50_50_ac5_av,15.52,0.26,
LLMATCH,prospect_both_50_50_ac5_ev,12.29,0.2,
LLMATCH,prospect_both_50_50_ec_av,11.08,0.18,
LLMATCH,prospect_both_50_50_ec_ev,15.1,0.25,
LLMATCH,prospect_both_50_70_ac1_av,14.47,0.24,
LLMATCH,prospect_both_50_70_ac1_ev,21.15,0.35,
LLMATCH,prospect_both_50_70_ac2_av,14.31,0.24,
LLMATCH,prospect_both_50_70_ac2_ev,16.87,0.28,
LLMATCH,prospect_both_50_70_ac3_av,11.87,0.2,
LLMATCH,prospect_both_50_70_ac3_ev,12.91,0.22,
LLMATCH,prospect_both_50_70_ac4_av,13.53,0.23,
LLMATCH,prospect_both_50_70_ac4_ev,20.77,0.35,
LLMATCH,prospect_both_50_70_ac5_av,15.73,0.26,
LLMATCH,prospect_both_50_70_ac5_ev,14.62,0.24,
LLMATCH,prospect_both_50_70_ec_av,14.43,0.24,
LLMATCH,prospect_both_50_70_ec_ev,11.42,0.19,
LLMATCH,prospect_horizontal_0_ac1_av,18.33,0.31,
LLMATCH,prospect_horizontal_0_ac1_ev,18.11,0.3,
LLMATCH,prospect_horizontal_0_ac2_av,17.54,0.29,
LLMATCH,prospect_horizontal_0_ac2_ev,16.48,0.27,
LLMATCH,prospect_horizontal_0_ac3_av,20.57,0.34,
LLMATCH,prospect_horizontal_0_ac3_ev,17.79,0.3,
LLMATCH,prospect_horizontal_0_ac4_av,16.94,0.28,
LLMATCH,prospect_horizontal_0_ac4_ev,16.99,0.28,
LLMATCH,prospect_horizontal_0_ac5_av,17.25,0.29,
LLMATCH,prospect_horizontal_0_ac5_ev,15.85,0.26,
LLMATCH,prospect_horizontal_0_ec_av,15.54,0.26,
LLMATCH,prospect_horizontal_0_ec_ev,12.51,0.21,
LLMATCH,prospect_horizontal_100_ac1_av,16.24,0.27,
LLMATCH,prospect_horizontal_100_ac1_ev,18.24,0.3,
LLMATCH,prospect_horizontal_100_ac2_av,17.39,0.29,
LLMATCH,prospect_horizontal_100_ac2_ev,14.64,0.24,
LLMATCH,prospect_horizontal_100_ac3_av,14.9,0.25,
LLMATCH,prospect_horizontal_100_ac3_ev,15.16,0.25,
LLMATCH,prospect_horizontal_100_ac4_av,15.47,0.26,
LLMATCH,prospect_horizontal_100_ac4_ev,14.83,0.25,
LLMATCH,prospect_horizontal_100_ac5_av,15.24,0.25,
LLMATCH,prospect_horizontal_100_ac5_ev,14.77,0.25,
LLMATCH,prospect_horizontal_100_ec_av,14.47,0.24,
LLMATCH,prospect_horizontal_100_ec_ev,15.31,0.26,
LLMATCH,prospect_horizontal_50_ac1_av,15.58,0.26,
LLMATCH,prospect_horizontal_50_ac1_ev,14.14,0.24,
LLMATCH,prospect_horizontal_50_ac2_av,13.07,0.22,
LLMATCH,prospect_horizontal_50_ac2_ev,14.13,0.24,
LLMATCH,prospect_horizontal_50_ac3_av,15.31,0.26,
LLMATCH,prospect_horizontal_50_ac3_ev,21.09,0.35,
LLMATCH,prospect_horizontal_50_ac4_av,12.81,0.21,
LLMATCH,prospect_horizontal_50_ac4_ev,21.29,0.35,
LLMATCH,prospect_horizontal_50_ac5_av,16.81,0.28,
LLMATCH,prospect_horizontal_50_ac5_ev,12.84,0.21,
LLMATCH,prospect_horizontal_50_ec_av,16.04,0.27,
LLMATCH,prospect_horizontal_50_ec_ev,17.71,0.3,
LLMATCH,prospect_vertical_1_ac1_av,5.92,0.1,
LLMATCH,prospect_vertical_1_ac1_ev,7.98,0.13,
LLMATCH,prospect_vertical_1_ac2_av,6.26,0.1,
LLMATCH,prospect_vertical_1_ac2_ev,7.34,0.12,
LLMATCH,prospect_vertical_1_ac3_av,5.83,0.1,
LLMATCH,prospect_vertical_1_ac3_ev,7.35,0.12,
LLMATCH,prospect_vertical_1_ac4_av,6.22,0.1,
LLMATCH,prospect_vertical_1_ac4_ev,7.42,0.12,
LLMATCH,prospect_vertical_1_ac5_av,6.89,0.11,
LLMATCH,prospect_vertical_1_ac5_ev,7.13,0.12,
LLMATCH,prospect_vertical_1_ec_av,6.23,0.1,
LLMATCH,prospect_vertical_1_ec_ev,7.96,0.13,
LLMATCH,prospect_vertical_30_ac1_av,10.37,0.17,
LLMATCH,prospect_vertical_30_ac1_ev,11.83,0.2,
LLMATCH,prospect_vertical_30_ac2_av,9.8,0.16,
LLMATCH,prospect_vertical_30_ac2_ev,10.19,0.17,
LLMATCH,prospect_vertical_30_ac3_av,10.34,0.17,
LLMATCH,prospect_vertical_30_ac3_ev,13.25,0.22,
LLMATCH,prospect_vertical_30_ac4_av,11.68,0.19,
LLMATCH,prospect_vertical_30_ac4_ev,12.37,0.21,
LLMATCH,prospect_vertical_30_ac5_av,10.53,0.18,
LLMATCH,prospect_vertical_30_ac5_ev,12.69,0.21,
LLMATCH,prospect_vertical_30_ec_av,9.87,0.16,
LLMATCH,prospect_vertical_30_ec_ev,9.56,0.16,
LLMATCH,prospect_vertical_50_ac1_av,11.24,0.19,
LLMATCH,prospect_vertical_50_ac1_ev,8.26,0.14,
LLMATCH,prospect_vertical_50_ac2_av,18.44,0.31,
LLMATCH,prospect_vertical_50_ac2_ev,9.6,0.16,
LLMATCH,prospect_vertical_50_ac3_av,11.55,0.19,
LLMATCH,prospect_vertical_50_ac3_ev,12.15,0.2,
LLMATCH,prospect_vertical_50_ac4_av,12.82,0.21,
LLMATCH,prospect_vertical_50_ac4_ev,12.66,0.21,
LLMATCH,prospect_vertical_50_ac5_av,14.7,0.25,
LLMATCH,prospect_vertical_50_ac5_ev,9.53,0.16,
LLMATCH,prospect_vertical_50_ec_av,15.53,0.26,
LLMATCH,prospect_vertical_50_ec_ev,10.5,0.18,
LLMATCH,prospect_vertical_70_ac1_av,21.13,0.35,
LLMATCH,prospect_vertical_70_ac1_ev,11.82,0.2,
LLMATCH,prospect_vertical_70_ac2_av,16.87,0.28,
LLMATCH,prospect_vertical_70_ac2_ev,12.76,0.21,
LLMATCH,prospect_vertical_70_ac3_av,17.17,0.29,
LLMATCH,prospect_vertical_70_ac3_ev,11.61,0.19,
LLMATCH,prospect_vertical_70_ac4_av,10.27,0.17,
LLMATCH,prospect_vertical_70_ac4_ev,13.42,0.22,
LLMATCH,prospect_vertical_70_ac5_av,10.08,0.17,
LLMATCH,prospect_vertical_70_ac5_ev,15.3,0.26,
LLMATCH,prospect_vertical_70_ec_av,11.26,0.19,
LLMATCH,prospect_vertical_70_ec_ev,11.91,0.2,
LLMATCH,walmart_amazon,5.43,0.09,
SMUTF,amazon_google_exp,6.27,0.1,
SMUTF,assays_both_0_1_ac1_av,16.08,0.27,
SMUTF,assays_both_0_1_ac1_ev,16.03,0.27,
SMUTF,assays_both_0_1_ac2_av,16.09,0.27,
SMUTF,assays_both_0_1_ac2_ev,16.17,0.27,
SMUTF,assays_both_0_1_ac3_av,23.48,0.39,
SMUTF,assays_both_0_1_ac3_ev,16.63,0.28,
SMUTF,assays_both_0_1_ac4_av,16.51,0.28,
SMUTF,assays_both_0_1_ac4_ev,16.46,0.27,
SMUTF,assays_both_0_1_ac5_av,16.35,0.27,
SMUTF,assays_both_0_1_ac5_ev,18.16,0.3,
SMUTF,assays_both_0_1_ec_av,18.9,0.32,
SMUTF,assays_both_0_1_ec_ev,16.17,0.27,
SMUTF,assays_both_0_30_ac1_av,18.83,0.31,
SMUTF,assays_both_0_30_ac1_ev,22.04,0.37,
SMUTF,assays_both_0_30_ac2_av,19.19,0.32,
SMUTF,assays_both_0_30_ac2_ev,20.9,0.35,
SMUTF,assays_both_0_30_ac3_av,18.9,0.31,
SMUTF,assays_both_0_30_ac3_ev,20.81,0.35,
SMUTF,assays_both_0_30_ac4_av,19.61,0.33,
SMUTF,assays_both_0_30_ac4_ev,17.78,0.3,
SMUTF,assays_both_0_30_ac5_av,17.36,0.29,
SMUTF,assays_both_0_30_ac5_ev,20.52,0.34,
SMUTF,assays_both_0_30_ec_av,22.55,0.38,
SMUTF,assays_both_0_30_ec_ev,24.07,0.4,
SMUTF,assays_both_0_50_ac1_av,29.97,0.5,
SMUTF,assays_both_0_50_ac1_ev,29.81,0.5,
SMUTF,assays_both_0_50_ac2_av,21.64,0.36,
SMUTF,assays_both_0_50_ac2_ev,27.15,0.45,
SMUTF,assays_both_0_50_ac3_av,22.86,0.38,
SMUTF,assays_both_0_50_ac3_ev,25.51,0.43,
SMUTF,assays_both_0_50_ac4_av,22.23,0.37,
SMUTF,assays_both_0_50_ac4_ev,24.76,0.41,
SMUTF,assays_both_0_50_ac5_av,19.82,0.33,
SMUTF,assays_both_0_50_ac5_ev,20.4,0.34,
SMUTF,assays_both_0_50_ec_av,22.2,0.37,
SMUTF,assays_both_0_50_ec_ev,19.7,0.33,
SMUTF,assays_both_0_70_ac1_av,25.13,0.42,
SMUTF,assays_both_0_70_ac1_ev,30.68,0.51,
SMUTF,assays_both_0_70_ac2_av,23.91,0.4,
SMUTF,assays_both_0_70_ac2_ev,23.31,0.39,
SMUTF,assays_both_0_70_ac3_av,25.25,0.42,
SMUTF,assays_both_0_70_ac3_ev,24.22,0.4,
SMUTF,assays_both_0_70_ac4_av,28.87,0.48,
SMUTF,assays_both_0_70_ac4_ev,22.76,0.38,
SMUTF,assays_both_0_70_ac5_av,25.43,0.42,
SMUTF,assays_both_0_70_ac5_ev,26.18,0.44,
SMUTF,assays_both_0_70_ec_av,33.82,0.56,
SMUTF,assays_both_0_70_ec_ev,33.99,0.57,
SMUTF,assays_both_50_1_ac1_av,18.85,0.31,
SMUTF,assays_both_50_1_ac1_ev,23.15,0.39,
SMUTF,assays_both_50_1_ac2_av,18.41,0.31,
SMUTF,assays_both_50_1_ac2_ev,25.69,0.43,
SMUTF,assays_both_50_1_ac3_av,20.73,0.35,
SMUTF,assays_both_50_1_ac3_ev,21.38,0.36,
SMUTF,assays_both_50_1_ac4_av,17.02,0.28,
SMUTF,assays_both_50_1_ac4_ev,19.87,0.33,
SMUTF,assays_both_50_1_ac5_av,18.91,0.32,
SMUTF,assays_both_50_1_ac5_ev,27.89,0.46,
SMUTF,assays_both_50_1_ec_av,19.38,0.32,
SMUTF,assays_both_50_1_ec_ev,28.95,0.48,
SMUTF,assays_both_50_30_ac1_av,21.62,0.36,
SMUTF,assays_both_50_30_ac1_ev,22.48,0.37,
SMUTF,assays_both_50_30_ac2_av,22.65,0.38,
SMUTF,assays_both_50_30_ac2_ev,28.85,0.48,
SMUTF,assays_both_50_30_ac3_av,24.57,0.41,
SMUTF,assays_both_50_30_ac3_ev,36.3,0.6,
SMUTF,assays_both_50_30_ac4_av,29.28,0.49,
SMUTF,assays_both_50_30_ac4_ev,42.73,0.71,
SMUTF,assays_both_50_30_ac5_av,23.78,0.4,
SMUTF,assays_both_50_30_ac5_ev,33.12,0.55,
SMUTF,assays_both_50_30_ec_av,21.12,0.35,
SMUTF,assays_both_50_30_ec_ev,29.18,0.49,
SMUTF,assays_both_50_50_ac1_av,23.23,0.39,
SMUTF,assays_both_50_50_ac1_ev,43.48,0.72,
SMUTF,assays_both_50_50_ac2_av,27.66,0.46,
SMUTF,assays_both_50_50_ac2_ev,45.9,0.77,
SMUTF,assays_both_50_50_ac3_av,27.23,0.45,
SMUTF,assays_both_50_50_ac3_ev,41.12,0.69,
SMUTF,assays_both_50_50_ac4_av,24.39,0.41,
SMUTF,assays_both_50_50_ac4_ev,49.23,0.82,
SMUTF,assays_both_50_50_ac5_av,23.89,0.4,
SMUTF,assays_both_50_50_ac5_ev,27.54,0.46,
SMUTF,assays_both_50_50_ec_av,28.69,0.48,
SMUTF,assays_both_50_50_ec_ev,21.94,0.37,
SMUTF,assays_both_50_70_ac1_av,30.72,0.51,
SMUTF,assays_both_50_70_ac1_ev,32.17,0.54,
SMUTF,assays_both_50_70_ac2_av,36.87,0.61,
SMUTF,assays_both_50_70_ac2_ev,27.56,0.46,
SMUTF,assays_both_50_70_ac3_av,29.1,0.48,
SMUTF,assays_both_50_70_ac3_ev,32.62,0.54,
SMUTF,assays_both_50_70_ac4_av,27.2,0.45,
SMUTF,assays_both_50_70_ac4_ev,66.88,1.11,
SMUTF,assays_both_50_70_ac5_av,26.85,0.45,
SMUTF,assays_both_50_70_ac5_ev,41.45,0.69,
SMUTF,assays_both_50_70_ec_av,25.89,0.43,
SMUTF,assays_both_50_70_ec_ev,45.6,0.76,
SMUTF,assays_horizontal_0_ac1_av,30.19,0.5,
SMUTF,assays_horizontal_0_ac1_ev,29.85,0.5,
SMUTF,assays_horizontal_0_ac2_av,29.65,0.49,
SMUTF,assays_horizontal_0_ac2_ev,32.75,0.55,
SMUTF,assays_horizontal_0_ac3_av,34.14,0.57,
SMUTF,assays_horizontal_0_ac3_ev,32.68,0.54,
SMUTF,assays_horizontal_0_ac4_av,29.87,0.5,
SMUTF,assays_horizontal_0_ac4_ev,33.64,0.56,
SMUTF,assays_horizontal_0_ac5_av,30.23,0.5,
SMUTF,assays_horizontal_0_ac5_ev,31.99,0.53,
SMUTF,assays_horizontal_0_ec_av,32.46,0.54,
SMUTF,assays_horizontal_0_ec_ev,34.0,0.57,
SMUTF,assays_horizontal_100_ac1_av,38.6,0.64,
SMUTF,assays_horizontal_100_ac1_ev,36.22,0.6,
SMUTF,assays_horizontal_100_ac2_av,35.47,0.59,
SMUTF,assays_horizontal_100_ac2_ev,36.06,0.6,
SMUTF,assays_horizontal_100_ac3_av,34.53,0.58,
SMUTF,assays_horizontal_100_ac3_ev,34.57,0.58,
SMUTF,assays_horizontal_100_ac4_av,34.76,0.58,
SMUTF,assays_horizontal_100_ac4_ev,35.14,0.59,
SMUTF,assays_horizontal_100_ac5_av,34.61,0.58,
SMUTF,assays_horizontal_100_ac5_ev,40.01,0.67,
SMUTF,assays_horizontal_100_ec_av,39.73,0.66,
SMUTF,assays_horizontal_100_ec_ev,39.82,0.66,
SMUTF,assays_horizontal_50_ac1_av,36.48,0.61,
SMUTF,assays_horizontal_50_ac1_ev,42.81,0.71,
SMUTF,assays_horizontal_50_ac2_av,37.97,0.63,
SMUTF,assays_horizontal_50_ac2_ev,37.04,0.62,
SMUTF,assays_horizontal_50_ac3_av,36.68,0.61,
SMUTF,assays_horizontal_50_ac3_ev,34.91,0.58,
SMUTF,assays_horizontal_50_ac4_av,36.89,0.61,
SMUTF,assays_horizontal_50_ac4_ev,37.17,0.62,
SMUTF,assays_horizontal_50_ac5_av,36.94,0.62,
SMUTF,assays_horizontal_50_ac5_ev,35.59,0.59,
SMUTF,assays_horizontal_50_ec_av,36.81,0.61,
SMUTF,assays_horizontal_50_ec_ev,34.18,0.57,
SMUTF,assays_vertical_1_ac1_av,21.56,0.36,
SMUTF,assays_vertical_1_ac1_ev,29.54,0.49,
SMUTF,assays_vertical_1_ac2_av,21.4,0.36,
SMUTF,assays_vertical_1_ac2_ev,31.19,0.52,
SMUTF,assays_vertical_1_ac3_av,21.44,0.36,
SMUTF,assays_vertical_1_ac3_ev,25.8,0.43,
SMUTF,assays_vertical_1_ac4_av,21.47,0.36,
SMUTF,assays_vertical_1_ac4_ev,33.83,0.56,
SMUTF,assays_vertical_1_ac5_av,22.67,0.38,
SMUTF,assays_vertical_1_ac5_ev,24.58,0.41,
SMUTF,assays_vertical_1_ec_av,22.78,0.38,
SMUTF,assays_vertical_1_ec_ev,22.93,0.38,
SMUTF,assays_vertical_30_ac1_av,28.79,0.48,
SMUTF,assays_vertical_30_ac1_ev,61.94,1.03,
SMUTF,assays_vertical_30_ac2_av,31.1,0.52,
SMUTF,assays_vertical_30_ac2_ev,123.88,2.06,
SMUTF,assays_vertical_30_ac3_av,23.89,0.4,
SMUTF,assays_vertical_30_ac3_ev,106.51,1.78,
SMUTF,assays_vertical_30_ac4_av,24.02,0.4,
SMUTF,assays_vertical_30_ac4_ev,43.51,0.73,
SMUTF,assays_vertical_30_ac5_av,25.45,0.42,
SMUTF,assays_vertical_30_ac5_ev,43.33,0.72,
SMUTF,assays_vertical_30_ec_av,26.93,0.45,
SMUTF,assays_vertical_30_ec_ev,40.45,0.67,
SMUTF,assays_vertical_50_ac1_av,34.96,0.58,
SMUTF,assays_vertical_50_ac1_ev,57.74,0.96,
SMUTF,assays_vertical_50_ac2_av,30.09,0.5,
SMUTF,assays_vertical_50_ac2_ev,45.19,0.75,
SMUTF,assays_vertical_50_ac3_av,32.18,0.54,
SMUTF,assays_vertical_50_ac3_ev,48.03,0.8,
SMUTF,assays_vertical_50_ac4_av,38.08,0.63,
SMUTF,assays_vertical_50_ac4_ev,43.34,0.72,
SMUTF,assays_vertical_50_ac5_av,29.9,0.5,
SMUTF,assays_vertical_50_ac5_ev,36.27,0.6,
SMUTF,assays_vertical_50_ec_av,30.65,0.51,
SMUTF,assays_vertical_50_ec_ev,53.63,0.89,
SMUTF,assays_vertical_70_ac1_av,37.59,0.63,
SMUTF,assays_vertical_70_ac1_ev,53.54,0.89,
SMUTF,assays_vertical_70_ac2_av,34.04,0.57,
SMUTF,assays_vertical_70_ac2_ev,56.16,0.94,
SMUTF,assays_vertical_70_ac3_av,36.66,0.61,
SMUTF,assays_vertical_70_ac3_ev,48.47,0.81,
SMUTF,assays_vertical_70_ac4_av,42.35,0.71,
SMUTF,assays_vertical_70_ac4_ev,64.64,1.08,
SMUTF,assays_vertical_70_ac5_av,42.95,0.72,
SMUTF,assays_vertical_70_ac5_ev,60.46,1.01,
SMUTF,assays_vertical_70_ec_av,42.7,0.71,
SMUTF,assays_vertical_70_ec_ev,38.57,0.64,
SMUTF,beeradvo_ratebeer,12.12,0.2,
SMUTF,dblp_acm,12.61,0.21,
SMUTF,dblp_scholar,46.43,0.77,
SMUTF,fodors_zagats,19.37,0.32,
SMUTF,itunes_amazon,132.97,2.22,
SMUTF,miller2_both_0_1_ac1_av,44.32,0.74,
SMUTF,miller2_both_0_1_ac1_ev,47.33,0.79,
SMUTF,miller2_both_0_1_ac2_av,47.18,0.79,
SMUTF,miller2_both_0_1_ac2_ev,45.7,0.76,
SMUTF,miller2_both_0_1_ac3_av,47.05,0.78,
SMUTF,miller2_both_0_1_ac3_ev,50.3,0.84,
SMUTF,miller2_both_0_1_ac4_av,47.39,0.79,
SMUTF,miller2_both_0_1_ac4_ev,51.95,0.87,
SMUTF,miller2_both_0_1_ac5_av,51.28,0.85,
SMUTF,miller2_both_0_1_ac5_ev,50.55,0.84,
SMUTF,miller2_both_0_1_ec_av,56.06,0.93,
SMUTF,miller2_both_0_1_ec_ev,58.09,0.97,
SMUTF,miller2_both_0_30_ac1_av,64.94,1.08,
SMUTF,miller2_both_0_30_ac1_ev,65.73,1.1,
SMUTF,miller2_both_0_30_ac2_av,55.59,0.93,
SMUTF,miller2_both_0_30_ac2_ev,65.47,1.09,
SMUTF,miller2_both_0_30_ac3_av,58.46,0.97,
SMUTF,miller2_both_0_30_ac3_ev,59.71,1.0,
SMUTF,miller2_both_0_30_ac4_av,62.38,1.04,
SMUTF,miller2_both_0_30_ac4_ev,63.2,1.05,
SMUTF,miller2_both_0_30_ac5_av,59.6,0.99,
SMUTF,miller2_both_0_30_ac5_ev,54.27,0.9,
SMUTF,miller2_both_0_30_ec_av,60.9,1.02,
SMUTF,miller2_both_0_30_ec_ev,61.04,1.02,
SMUTF,miller2_both_0_50_ac1_av,73.6,1.23,
SMUTF,miller2_both_0_50_ac1_ev,72.51,1.21,
SMUTF,miller2_both_0_50_ac2_av,77.0,1.28,
SMUTF,miller2_both_0_50_ac2_ev,79.24,1.32,
SMUTF,miller2_both_0_50_ac3_av,73.93,1.23,
SMUTF,miller2_both_0_50_ac3_ev,71.9,1.2,
SMUTF,miller2_both_0_50_ac4_av,67.15,1.12,
SMUTF,miller2_both_0_50_ac4_ev,65.76,1.1,
SMUTF,miller2_both_0_50_ac5_av,73.17,1.22,
SMUTF,miller2_both_0_50_ac5_ev,67.36,1.12,
SMUTF,miller2_both_0_50_ec_av,70.25,1.17,
SMUTF,miller2_both_0_50_ec_ev,69.87,1.16,
SMUTF,miller2_both_0_70_ac1_av,73.09,1.22,
SMUTF,miller2_both_0_70_ac1_ev,88.17,1.47,
SMUTF,miller2_both_0_70_ac2_av,72.31,1.21,
SMUTF,miller2_both_0_70_ac2_ev,69.9,1.16,
SMUTF,miller2_both_0_70_ac3_av,73.37,1.22,
SMUTF,miller2_both_0_70_ac3_ev,72.76,1.21,
SMUTF,miller2_both_0_70_ac4_av,76.53,1.28,
SMUTF,miller2_both_0_70_ac4_ev,71.72,1.2,
SMUTF,miller2_both_0_70_ac5_av,78.32,1.31,
SMUTF,miller2_both_0_70_ac5_ev,75.95,1.27,
SMUTF,miller2_both_0_70_ec_av,76.75,1.28,
SMUTF,miller2_both_0_70_ec_ev,70.88,1.18,
SMUTF,miller2_both_50_1_ac1_av,50.91,0.85,
SMUTF,miller2_both_50_1_ac1_ev,106.96,1.78,
SMUTF,miller2_both_50_1_ac2_av,50.32,0.84,
SMUTF,miller2_both_50_1_ac2_ev,65.8,1.1,
SMUTF,miller2_both_50_1_ac3_av,50.4,0.84,
SMUTF,miller2_both_50_1_ac3_ev,63.96,1.07,
SMUTF,miller2_both_50_1_ac4_av,50.45,0.84,
SMUTF,miller2_both_50_1_ac4_ev,59.97,1.0,
SMUTF,miller2_both_50_1_ac5_av,51.1,0.85,
SMUTF,miller2_both_50_1_ac5_ev,51.8,0.86,
SMUTF,miller2_both_50_1_ec_av,50.68,0.84,
SMUTF,miller2_both_50_1_ec_ev,52.59,0.88,
SMUTF,miller2_both_50_30_ac1_av,68.62,1.14,
SMUTF,miller2_both_50_30_ac1_ev,67.53,1.13,
SMUTF,miller2_both_50_30_ac2_av,64.93,1.08,
SMUTF,miller2_both_50_30_ac2_ev,70.35,1.17,
SMUTF,miller2_both_50_30_ac3_av,65.01,1.08,
SMUTF,miller2_both_50_30_ac3_ev,62.19,1.04,
SMUTF,miller2_both_50_30_ac4_av,66.06,1.1,
SMUTF,miller2_both_50_30_ac4_ev,63.54,1.06,
SMUTF,miller2_both_50_30_ac5_av,64.34,1.07,
SMUTF,miller2_both_50_30_ac5_ev,73.25,1.22,
SMUTF,miller2_both_50_30_ec_av,64.65,1.08,
SMUTF,miller2_both_50_30_ec_ev,67.14,1.12,
SMUTF,miller2_both_50_50_ac1_av,72.27,1.2,
SMUTF,miller2_both_50_50_ac1_ev,76.42,1.27,
SMUTF,miller2_both_50_50_ac2_av,74.45,1.24,
SMUTF,miller2_both_50_50_ac2_ev,77.2,1.29,
SMUTF,miller2_both_50_50_ac3_av,76.24,1.27,
SMUTF,miller2_both_50_50_ac3_ev,92.83,1.55,
SMUTF,miller2_both_50_50_ac4_av,77.77,1.3,
SMUTF,miller2_both_50_50_ac4_ev,74.94,1.25,
SMUTF,miller2_both_50_50_ac5_av,76.18,1.27,
SMUTF,miller2_both_50_50_ac5_ev,73.97,1.23,
SMUTF,miller2_both_50_50_ec_av,74.62,1.24,
SMUTF,miller2_both_50_50_ec_ev,77.19,1.29,
SMUTF,miller2_both_50_70_ac1_av,77.54,1.29,
SMUTF,miller2_both_50_70_ac1_ev,90.63,1.51,
SMUTF,miller2_both_50_70_ac2_av,81.34,1.36,
SMUTF,miller2_both_50_70_ac2_ev,87.41,1.46,
SMUTF,miller2_both_50_70_ac3_av,82.62,1.38,
SMUTF,miller2_both_50_70_ac3_ev,101.1,1.68,
SMUTF,miller2_both_50_70_ac4_av,87.7,1.46,
SMUTF,miller2_both_50_70_ac4_ev,121.85,2.03,
SMUTF,miller2_both_50_70_ac5_av,84.8,1.41,
SMUTF,miller2_both_50_70_ac5_ev,96.73,1.61,
SMUTF,miller2_both_50_70_ec_av,87.71,1.46,
SMUTF,miller2_both_50_70_ec_ev,94.84,1.58,
SMUTF,miller2_horizontal_0_ac1_av,89.9,1.5,
SMUTF,miller2_horizontal_0_ac1_ev,90.2,1.5,
SMUTF,miller2_horizontal_0_ac2_av,85.61,1.43,
SMUTF,miller2_horizontal_0_ac2_ev,86.2,1.44,
SMUTF,miller2_horizontal_0_ac3_av,87.34,1.46,
SMUTF,miller2_horizontal_0_ac3_ev,87.34,1.46,
SMUTF,miller2_horizontal_0_ac4_av,87.35,1.46,
SMUTF,miller2_horizontal_0_ac4_ev,87.84,1.46,
SMUTF,miller2_horizontal_0_ac5_av,88.7,1.48,
SMUTF,miller2_horizontal_0_ac5_ev,88.72,1.48,
SMUTF,miller2_horizontal_0_ec_av,88.68,1.48,
SMUTF,miller2_horizontal_0_ec_ev,88.87,1.48,
SMUTF,miller2_horizontal_100_ac1_av,114.05,1.9,
SMUTF,miller2_horizontal_100_ac1_ev,114.76,1.91,
SMUTF,miller2_horizontal_100_ac2_av,110.21,1.84,
SMUTF,miller2_horizontal_100_ac2_ev,110.95,1.85,
SMUTF,miller2_horizontal_100_ac3_av,111.65,1.86,
SMUTF,miller2_horizontal_100_ac3_ev,111.51,1.86,
SMUTF,miller2_horizontal_100_ac4_av,112.37,1.87,
SMUTF,miller2_horizontal_100_ac4_ev,112.01,1.87,
SMUTF,miller2_horizontal_100_ac5_av,113.14,1.89,
SMUTF,miller2_horizontal_100_ac5_ev,113.08,1.88,
SMUTF,miller2_horizontal_100_ec_av,112.96,1.88,
SMUTF,miller2_horizontal_100_ec_ev,113.82,1.9,
SMUTF,miller2_vertical_1_ac1_av,70.83,1.18,
SMUTF,miller2_vertical_1_ac1_ev,76.17,1.27,
SMUTF,miller2_vertical_1_ac2_av,69.65,1.16,
SMUTF,miller2_vertical_1_ac2_ev,81.78,1.36,
SMUTF,miller2_vertical_1_ac3_av,70.38,1.17,
SMUTF,miller2_vertical_1_ac3_ev,75.98,1.27,
SMUTF,miller2_vertical_1_ac4_av,70.17,1.17,
SMUTF,miller2_vertical_1_ac4_ev,94.31,1.57,
SMUTF,miller2_vertical_1_ac5_av,70.73,1.18,
SMUTF,miller2_vertical_1_ac5_ev,96.29,1.6,
SMUTF,miller2_vertical_1_ec_av,70.38,1.17,
SMUTF,miller2_vertical_1_ec_ev,93.19,1.55,
SMUTF,miller2_vertical_30_ac1_av,91.75,1.53,
SMUTF,miller2_vertical_30_ac1_ev,136.24,2.27,
SMUTF,miller2_vertical_30_ac2_av,85.38,1.42,
SMUTF,miller2_vertical_30_ac2_ev,117.0,1.95,
SMUTF,miller2_vertical_30_ac3_av,93.06,1.55,
SMUTF,miller2_vertical_30_ac3_ev,113.97,1.9,
SMUTF,miller2_vertical_30_ac4_av,84.09,1.4,
SMUTF,miller2_vertical_30_ac4_ev,140.3,2.34,
SMUTF,miller2_vertical_30_ac5_av,93.14,1.55,
SMUTF,miller2_vertical_30_ac5_ev,105.52,1.76,
SMUTF,miller2_vertical_30_ec_av,86.29,1.44,
SMUTF,miller2_vertical_30_ec_ev,122.07,2.03,
SMUTF,miller2_vertical_50_ac1_av,99.35,1.66,
SMUTF,miller2_vertical_50_ac1_ev,130.07,2.17,
SMUTF,miller2_vertical_50_ac2_av,107.48,1.79,
SMUTF,miller2_vertical_50_ac2_ev,114.44,1.91,
SMUTF,miller2_vertical_50_ac3_av,103.31,1.72,
SMUTF,miller2_vertical_50_ac3_ev,126.68,2.11,
SMUTF,miller2_vertical_50_ac4_av,108.59,1.81,
SMUTF,miller2_vertical_50_ac4_ev,134.62,2.24,
SMUTF,miller2_vertical_50_ac5_av,106.65,1.78,
SMUTF,miller2_vertical_50_ac5_ev,129.15,2.15,
SMUTF,miller2_vertical_50_ec_av,104.38,1.74,
SMUTF,miller2_vertical_50_ec_ev,109.18,1.82,
SMUTF,miller2_vertical_70_ac1_av,112.37,1.87,
SMUTF,miller2_vertical_70_ac1_ev,134.06,2.23,
SMUTF,miller2_vertical_70_ac2_av,114.8,1.91,
SMUTF,miller2_vertical_70_ac2_ev,114.78,1.91,
SMUTF,miller2_vertical_70_ac3_av,117.67,1.96,
SMUTF,miller2_vertical_70_ac3_ev,112.59,1.88,
SMUTF,miller2_vertical_70_ac4_av,117.42,1.96,
SMUTF,miller2_vertical_70_ac4_ev,116.25,1.94,
SMUTF,miller2_vertical_70_ac5_av,111.22,1.85,
SMUTF,miller2_vertical_70_ac5_ev,114.72,1.91,
SMUTF,miller2_vertical_70_ec_av,120.6,2.01,
SMUTF,miller2_vertical_70_ec_ev,114.29,1.9,
SMUTF,musicians_joinable,25.99,0.43,
SMUTF,musicians_semjoinable,28.39,0.47,
SMUTF,musicians_unionable,41.62,0.69,
SMUTF,musicians_viewunion,20.6,0.34,
SMUTF,prospect_both_0_1_ac1_av,23.65,0.39,
SMUTF,prospect_both_0_1_ac1_ev,20.72,0.35,
SMUTF,prospect_both_0_1_ac2_av,20.46,0.34,
SMUTF,prospect_both_0_1_ac2_ev,21.93,0.37,
SMUTF,prospect_both_0_1_ac3_av,23.11,0.39,
SMUTF,prospect_both_0_1_ac3_ev,23.7,0.39,
SMUTF,prospect_both_0_1_ac4_av,25.25,0.42,
SMUTF,prospect_both_0_1_ac4_ev,24.92,0.42,
SMUTF,prospect_both_0_1_ac5_av,23.9,0.4,
SMUTF,prospect_both_0_1_ac5_ev,24.11,0.4,
SMUTF,prospect_both_0_1_ec_av,22.62,0.38,
SMUTF,prospect_both_0_1_ec_ev,23.31,0.39,
SMUTF,prospect_both_0_30_ac1_av,32.69,0.54,
SMUTF,prospect_both_0_30_ac1_ev,27.46,0.46,
SMUTF,prospect_both_0_30_ac2_av,32.3,0.54,
SMUTF,prospect_both_0_30_ac2_ev,29.43,0.49,
SMUTF,prospect_both_0_30_ac3_av,28.06,0.47,
SMUTF,prospect_both_0_30_ac3_ev,26.76,0.45,
SMUTF,prospect_both_0_30_ac4_av,27.57,0.46,
SMUTF,prospect_both_0_30_ac4_ev,28.37,0.47,
SMUTF,prospect_both_0_30_ac5_av,26.37,0.44,
SMUTF,prospect_both_0_30_ac5_ev,28.26,0.47,
SMUTF,prospect_both_0_30_ec_av,27.08,0.45,
SMUTF,prospect_both_0_30_ec_ev,26.42,0.44,
SMUTF,prospect_both_0_50_ac1_av,41.19,0.69,
SMUTF,prospect_both_0_50_ac1_ev,35.63,0.59,
SMUTF,prospect_both_0_50_ac2_av,34.54,0.58,
SMUTF,prospect_both_0_50_ac2_ev,29.75,0.5,
SMUTF,prospect_both_0_50_ac3_av,27.56,0.46,
SMUTF,prospect_both_0_50_ac3_ev,29.63,0.49,
SMUTF,prospect_both_0_50_ac4_av,31.29,0.52,
SMUTF,prospect_both_0_50_ac4_ev,29.23,0.49,
SMUTF,prospect_both_0_50_ac5_av,28.93,0.48,
SMUTF,prospect_both_0_50_ac5_ev,27.12,0.45,
SMUTF,prospect_both_0_50_ec_av,28.54,0.48,
SMUTF,prospect_both_0_50_ec_ev,30.11,0.5,
SMUTF,prospect_both_0_70_ac1_av,34.73,0.58,
SMUTF,prospect_both_0_70_ac1_ev,35.3,0.59,
SMUTF,prospect_both_0_70_ac2_av,33.92,0.57,
SMUTF,prospect_both_0_70_ac2_ev,33.6,0.56,
SMUTF,prospect_both_0_70_ac3_av,31.42,0.52,
SMUTF,prospect_both_0_70_ac3_ev,35.62,0.59,
SMUTF,prospect_both_0_70_ac4_av,34.02,0.57,
SMUTF,prospect_both_0_70_ac4_ev,33.49,0.56,
SMUTF,prospect_both_0_70_ac5_av,34.29,0.57,
SMUTF,prospect_both_0_70_ac5_ev,33.63,0.56,
SMUTF,prospect_both_0_70_ec_av,31.11,0.52,
SMUTF,prospect_both_0_70_ec_ev,34.28,0.57,
SMUTF,prospect_both_50_1_ac1_av,22.12,0.37,
SMUTF,prospect_both_50_1_ac1_ev,22.11,0.37,
SMUTF,prospect_both_50_1_ac2_av,24.05,0.4,
SMUTF,prospect_both_50_1_ac2_ev,21.77,0.36,
SMUTF,prospect_both_50_1_ac3_av,27.24,0.45,
SMUTF,prospect_both_50_1_ac3_ev,25.27,0.42,
SMUTF,prospect_both_50_1_ac4_av,24.77,0.41,
SMUTF,prospect_both_50_1_ac4_ev,25.86,0.43,
SMUTF,prospect_both_50_1_ac5_av,24.82,0.41,
SMUTF,prospect_both_50_1_ac5_ev,27.3,0.45,
SMUTF,prospect_both_50_1_ec_av,24.63,0.41,
SMUTF,prospect_both_50_1_ec_ev,23.48,0.39,
SMUTF,prospect_both_50_30_ac1_av,30.65,0.51,
SMUTF,prospect_both_50_30_ac1_ev,27.04,0.45,
SMUTF,prospect_both_50_30_ac2_av,31.73,0.53,
SMUTF,prospect_both_50_30_ac2_ev,26.87,0.45,
SMUTF,prospect_both_50_30_ac3_av,27.88,0.46,
SMUTF,prospect_both_50_30_ac3_ev,26.13,0.44,
SMUTF,prospect_both_50_30_ac4_av,30.18,0.5,
SMUTF,prospect_both_50_30_ac4_ev,32.64,0.54,
SMUTF,prospect_both_50_30_ac5_av,28.22,0.47,
SMUTF,prospect_both_50_30_ac5_ev,33.84,0.56,
SMUTF,prospect_both_50_30_ec_av,30.21,0.5,
SMUTF,prospect_both_50_30_ec_ev,28.61,0.48,
SMUTF,prospect_both_50_50_ac1_av,35.94,0.6,
SMUTF,prospect_both_50_50_ac1_ev,30.33,0.51,
SMUTF,prospect_both_50_50_ac2_av,37.74,0.63,
SMUTF,prospect_both_50_50_ac2_ev,31.84,0.53,
SMUTF,prospect_both_50_50_ac3_av,35.1,0.58,
SMUTF,prospect_both_50_50_ac3_ev,31.64,0.53,
SMUTF,prospect_both_50_50_ac4_av,37.94,0.63,
SMUTF,prospect_both_50_50_ac4_ev,32.2,0.54,
SMUTF,prospect_both_50_50_ac5_av,38.48,0.64,
SMUTF,prospect_both_50_50_ac5_ev,30.56,0.51,
SMUTF,prospect_both_50_50_ec_av,38.51,0.64,
SMUTF,prospect_both_50_50_ec_ev,31.74,0.53,
SMUTF,prospect_both_50_70_ac1_av,47.15,0.79,
SMUTF,prospect_both_50_70_ac1_ev,38.51,0.64,
SMUTF,prospect_both_50_70_ac2_av,49.83,0.83,
SMUTF,prospect_both_50_70_ac2_ev,40.9,0.68,
SMUTF,prospect_both_50_70_ac3_av,45.59,0.76,
SMUTF,prospect_both_50_70_ac3_ev,40.56,0.68,
SMUTF,prospect_both_50_70_ac4_av,46.45,0.77,
SMUTF,prospect_both_50_70_ac4_ev,43.83,0.73,
SMUTF,prospect_both_50_70_ac5_av,49.18,0.82,
SMUTF,prospect_both_50_70_ac5_ev,41.42,0.69,
SMUTF,prospect_both_50_70_ec_av,45.79,0.76,
SMUTF,prospect_both_50_70_ec_ev,39.37,0.66,
SMUTF,prospect_horizontal_0_ac1_av,42.08,0.7,
SMUTF,prospect_horizontal_0_ac1_ev,46.93,0.78,
SMUTF,prospect_horizontal_0_ac2_av,43.07,0.72,
SMUTF,prospect_horizontal_0_ac2_ev,42.53,0.71,
SMUTF,prospect_horizontal_0_ac3_av,42.72,0.71,
SMUTF,prospect_horizontal_0_ac3_ev,42.76,0.71,
SMUTF,prospect_horizontal_0_ac4_av,42.51,0.71,
SMUTF,prospect_horizontal_0_ac4_ev,41.56,0.69,
SMUTF,prospect_horizontal_0_ac5_av,43.15,0.72,
SMUTF,prospect_horizontal_0_ac5_ev,43.18,0.72,
SMUTF,prospect_horizontal_0_ec_av,42.57,0.71,
SMUTF,prospect_horizontal_0_ec_ev,93.19,1.55,
SMUTF,prospect_horizontal_100_ac1_av,101.27,1.69,
SMUTF,prospect_horizontal_100_ac1_ev,107.52,1.79,
SMUTF,prospect_horizontal_100_ac2_av,51.72,0.86,
SMUTF,prospect_horizontal_100_ac2_ev,50.99,0.85,
SMUTF,prospect_horizontal_100_ac3_av,53.78,0.9,
SMUTF,prospect_horizontal_100_ac3_ev,52.88,0.88,
SMUTF,prospect_horizontal_100_ac4_av,53.34,0.89,
SMUTF,prospect_horizontal_100_ac4_ev,53.32,0.89,
SMUTF,prospect_horizontal_100_ac5_av,48.55,0.81,
SMUTF,prospect_horizontal_100_ac5_ev,48.06,0.8,
SMUTF,prospect_horizontal_100_ec_av,48.26,0.8,
SMUTF,prospect_horizontal_100_ec_ev,47.8,0.8,
SMUTF,prospect_horizontal_50_ac1_av,55.06,0.92,
SMUTF,prospect_horizontal_50_ac1_ev,49.8,0.83,
SMUTF,prospect_horizontal_50_ac2_av,49.98,0.83,
SMUTF,prospect_horizontal_50_ac2_ev,46.77,0.78,
SMUTF,prospect_horizontal_50_ac3_av,47.9,0.8,
SMUTF,prospect_horizontal_50_ac3_ev,45.02,0.75,
SMUTF,prospect_horizontal_50_ac4_av,45.78,0.76,
SMUTF,prospect_horizontal_50_ac4_ev,49.62,0.83,
SMUTF,prospect_horizontal_50_ac5_av,49.07,0.82,
SMUTF,prospect_horizontal_50_ac5_ev,45.28,0.75,
SMUTF,prospect_horizontal_50_ec_av,48.08,0.8,
SMUTF,prospect_horizontal_50_ec_ev,44.11,0.74,
SMUTF,prospect_vertical_1_ac1_av,36.38,0.61,
SMUTF,prospect_vertical_1_ac1_ev,30.6,0.51,
SMUTF,prospect_vertical_1_ac2_av,36.36,0.61,
SMUTF,prospect_vertical_1_ac2_ev,31.94,0.53,
SMUTF,prospect_vertical_1_ac3_av,36.49,0.61,
SMUTF,prospect_vertical_1_ac3_ev,30.43,0.51,
SMUTF,prospect_vertical_1_ac4_av,36.62,0.61,
SMUTF,prospect_vertical_1_ac4_ev,30.11,0.5,
SMUTF,prospect_vertical_1_ac5_av,36.63,0.61,
SMUTF,prospect_vertical_1_ac5_ev,33.01,0.55,
SMUTF,prospect_vertical_1_ec_av,37.1,0.62,
SMUTF,prospect_vertical_1_ec_ev,30.08,0.5,
SMUTF,prospect_vertical_30_ac1_av,52.82,0.88,
SMUTF,prospect_vertical_30_ac1_ev,42.25,0.7,
SMUTF,prospect_vertical_30_ac2_av,45.81,0.76,
SMUTF,prospect_vertical_30_ac2_ev,36.24,0.6,
SMUTF,prospect_vertical_30_ac3_av,45.1,0.75,
SMUTF,prospect_vertical_30_ac3_ev,41.58,0.69,
SMUTF,prospect_vertical_30_ac4_av,47.55,0.79,
SMUTF,prospect_vertical_30_ac4_ev,41.66,0.69,
SMUTF,prospect_vertical_30_ac5_av,44.31,0.74,
SMUTF,prospect_vertical_30_ac5_ev,37.06,0.62,
SMUTF,prospect_vertical_30_ec_av,43.83,0.73,
SMUTF,prospect_vertical_30_ec_ev,37.4,0.62,
SMUTF,prospect_vertical_50_ac1_av,55.71,0.93,
SMUTF,prospect_vertical_50_ac1_ev,42.0,0.7,
SMUTF,prospect_vertical_50_ac2_av,54.41,0.91,
SMUTF,prospect_vertical_50_ac2_ev,42.01,0.7,
SMUTF,prospect_vertical_50_ac3_av,50.88,0.85,
SMUTF,prospect_vertical_50_ac3_ev,44.12,0.74,
SMUTF,prospect_vertical_50_ac4_av,55.28,0.92,
SMUTF,prospect_vertical_50_ac4_ev,44.5,0.74,
SMUTF,prospect_vertical_50_ac5_av,56.15,0.94,
SMUTF,prospect_vertical_50_ac5_ev,42.48,0.71,
SMUTF,prospect_vertical_50_ec_av,200.27,3.34,
SMUTF,prospect_vertical_50_ec_ev,40.05,0.67,
SMUTF,prospect_vertical_70_ac1_av,312.76,5.21,
SMUTF,prospect_vertical_70_ac1_ev,51.07,0.85,
SMUTF,prospect_vertical_70_ac2_av,127.0,2.12,
SMUTF,prospect_vertical_70_ac2_ev,51.44,0.86,
SMUTF,prospect_vertical_70_ac3_av,54.25,0.9,
SMUTF,prospect_vertical_70_ac3_ev,50.84,0.85,
SMUTF,prospect_vertical_70_ac4_av,52.0,0.87,
SMUTF,prospect_vertical_70_ac4_ev,48.53,0.81,
SMUTF,prospect_vertical_70_ac5_av,49.63,0.83,
SMUTF,prospect_vertical_70_ac5_ev,51.26,0.85,
SMUTF,prospect_vertical_70_ec_av,52.26,0.87,
SMUTF,prospect_vertical_70_ec_ev,49.05,0.82,
SMUTF,walmart_amazon,22.62,0.38,
MagnetoFTGPT,ChEMBL__assays_both_0_1_ac1_av_source.csv__assays_both_0_1_ac1_av_target.csv,18.84,0.31,
MagnetoFTGPT,ChEMBL__assays_both_0_1_ac1_ev_source.csv__assays_both_0_1_ac1_ev_target.csv,20.06,0.33,
MagnetoFTGPT,ChEMBL__assays_both_0_1_ac2_av_source.csv__assays_both_0_1_ac2_av_target.csv,17.19,0.29,
MagnetoFTGPT,ChEMBL__assays_both_0_1_ac2_ev_source.csv__assays_both_0_1_ac2_ev_target.csv,16.14,0.27,
MagnetoFTGPT,ChEMBL__assays_both_0_1_ac3_av_source.csv__assays_both_0_1_ac3_av_target.csv,20.41,0.34,
MagnetoFTGPT,ChEMBL__assays_both_0_1_ac3_ev_source.csv__assays_both_0_1_ac3_ev_target.csv,21.8,0.36,
MagnetoFTGPT,ChEMBL__assays_both_0_1_ac4_av_source.csv__assays_both_0_1_ac4_av_target.csv,27.93,0.47,
MagnetoFTGPT,ChEMBL__assays_both_0_1_ac4_ev_source.csv__assays_both_0_1_ac4_ev_target.csv,24.79,0.41,
MagnetoFTGPT,ChEMBL__assays_both_0_1_ac5_av_source.csv__assays_both_0_1_ac5_av_target.csv,29.86,0.5,
MagnetoFTGPT,ChEMBL__assays_both_0_1_ac5_ev_source.csv__assays_both_0_1_ac5_ev_target.csv,27.59,0.46,
MagnetoFTGPT,ChEMBL__assays_both_0_1_ec_av_source.csv__assays_both_0_1_ec_av_target.csv,11.61,0.19,
MagnetoFTGPT,ChEMBL__assays_both_0_1_ec_ev_source.csv__assays_both_0_1_ec_ev_target.csv,12.75,0.21,
MagnetoFTGPT,ChEMBL__assays_both_0_30_ac1_av_source.csv__assays_both_0_30_ac1_av_target.csv,25.34,0.42,
MagnetoFTGPT,ChEMBL__assays_both_0_30_ac1_ev_source.csv__assays_both_0_30_ac1_ev_target.csv,35.47,0.59,
MagnetoFTGPT,ChEMBL__assays_both_0_30_ac2_av_source.csv__assays_both_0_30_ac2_av_target.csv,28.22,0.47,
MagnetoFTGPT,ChEMBL__assays_both_0_30_ac2_ev_source.csv__assays_both_0_30_ac2_ev_target.csv,27.25,0.45,
MagnetoFTGPT,ChEMBL__assays_both_0_30_ac3_av_source.csv__assays_both_0_30_ac3_av_target.csv,30.67,0.51,
MagnetoFTGPT,ChEMBL__assays_both_0_30_ac3_ev_source.csv__assays_both_0_30_ac3_ev_target.csv,28.65,0.48,
MagnetoFTGPT,ChEMBL__assays_both_0_30_ac4_av_source.csv__assays_both_0_30_ac4_av_target.csv,27.32,0.46,
MagnetoFTGPT,ChEMBL__assays_both_0_30_ac4_ev_source.csv__assays_both_0_30_ac4_ev_target.csv,34.9,0.58,
MagnetoFTGPT,ChEMBL__assays_both_0_30_ac5_av_source.csv__assays_both_0_30_ac5_av_target.csv,36.58,0.61,
MagnetoFTGPT,ChEMBL__assays_both_0_30_ac5_ev_source.csv__assays_both_0_30_ac5_ev_target.csv,42.6,0.71,
MagnetoFTGPT,ChEMBL__assays_both_0_30_ec_av_source.csv__assays_both_0_30_ec_av_target.csv,26.13,0.44,
MagnetoFTGPT,ChEMBL__assays_both_0_30_ec_ev_source.csv__assays_both_0_30_ec_ev_target.csv,21.66,0.36,
MagnetoFTGPT,ChEMBL__assays_both_0_50_ac1_av_source.csv__assays_both_0_50_ac1_av_target.csv,33.5,0.56,
MagnetoFTGPT,ChEMBL__assays_both_0_50_ac1_ev_source.csv__assays_both_0_50_ac1_ev_target.csv,40.4,0.67,
MagnetoFTGPT,ChEMBL__assays_both_0_50_ac2_av_source.csv__assays_both_0_50_ac2_av_target.csv,31.33,0.52,
MagnetoFTGPT,ChEMBL__assays_both_0_50_ac2_ev_source.csv__assays_both_0_50_ac2_ev_target.csv,35.56,0.59,
MagnetoFTGPT,ChEMBL__assays_both_0_50_ac3_av_source.csv__assays_both_0_50_ac3_av_target.csv,37.28,0.62,
MagnetoFTGPT,ChEMBL__assays_both_0_50_ac3_ev_source.csv__assays_both_0_50_ac3_ev_target.csv,46.49,0.77,
MagnetoFTGPT,ChEMBL__assays_both_0_50_ac4_av_source.csv__assays_both_0_50_ac4_av_target.csv,47.17,0.79,
MagnetoFTGPT,ChEMBL__assays_both_0_50_ac4_ev_source.csv__assays_both_0_50_ac4_ev_target.csv,38.34,0.64,
MagnetoFTGPT,ChEMBL__assays_both_0_50_ac5_av_source.csv__assays_both_0_50_ac5_av_target.csv,39.19,0.65,
MagnetoFTGPT,ChEMBL__assays_both_0_50_ac5_ev_source.csv__assays_both_0_50_ac5_ev_target.csv,37.73,0.63,
MagnetoFTGPT,ChEMBL__assays_both_0_50_ec_av_source.csv__assays_both_0_50_ec_av_target.csv,37.12,0.62,
MagnetoFTGPT,ChEMBL__assays_both_0_50_ec_ev_source.csv__assays_both_0_50_ec_ev_target.csv,36.37,0.61,
MagnetoFTGPT,ChEMBL__assays_both_0_70_ac1_av_source.csv__assays_both_0_70_ac1_av_target.csv,51.61,0.86,
MagnetoFTGPT,ChEMBL__assays_both_0_70_ac1_ev_source.csv__assays_both_0_70_ac1_ev_target.csv,43.07,0.72,
MagnetoFTGPT,ChEMBL__assays_both_0_70_ac2_av_source.csv__assays_both_0_70_ac2_av_target.csv,42.72,0.71,
MagnetoFTGPT,ChEMBL__assays_both_0_70_ac2_ev_source.csv__assays_both_0_70_ac2_ev_target.csv,36.77,0.61,
MagnetoFTGPT,ChEMBL__assays_both_0_70_ac3_av_source.csv__assays_both_0_70_ac3_av_target.csv,61.8,1.03,
MagnetoFTGPT,ChEMBL__assays_both_0_70_ac3_ev_source.csv__assays_both_0_70_ac3_ev_target.csv,43.63,0.73,
MagnetoFTGPT,ChEMBL__assays_both_0_70_ac4_av_source.csv__assays_both_0_70_ac4_av_target.csv,59.95,1.0,
MagnetoFTGPT,ChEMBL__assays_both_0_70_ac4_ev_source.csv__assays_both_0_70_ac4_ev_target.csv,48.58,0.81,
MagnetoFTGPT,ChEMBL__assays_both_0_70_ac5_av_source.csv__assays_both_0_70_ac5_av_target.csv,59.48,0.99,
MagnetoFTGPT,ChEMBL__assays_both_0_70_ac5_ev_source.csv__assays_both_0_70_ac5_ev_target.csv,52.01,0.87,
MagnetoFTGPT,ChEMBL__assays_both_0_70_ec_av_source.csv__assays_both_0_70_ec_av_target.csv,52.5,0.88,
MagnetoFTGPT,ChEMBL__assays_both_0_70_ec_ev_source.csv__assays_both_0_70_ec_ev_target.csv,42.86,0.71,
MagnetoFTGPT,ChEMBL__assays_both_50_1_ac1_av_source.csv__assays_both_50_1_ac1_av_target.csv,16.78,0.28,
MagnetoFTGPT,ChEMBL__assays_both_50_1_ac1_ev_source.csv__assays_both_50_1_ac1_ev_target.csv,24.16,0.4,
MagnetoFTGPT,ChEMBL__assays_both_50_1_ac2_av_source.csv__assays_both_50_1_ac2_av_target.csv,18.97,0.32,
MagnetoFTGPT,ChEMBL__assays_both_50_1_ac2_ev_source.csv__assays_both_50_1_ac2_ev_target.csv,19.34,0.32,
MagnetoFTGPT,ChEMBL__assays_both_50_1_ac3_av_source.csv__assays_both_50_1_ac3_av_target.csv,21.36,0.36,
MagnetoFTGPT,ChEMBL__assays_both_50_1_ac3_ev_source.csv__assays_both_50_1_ac3_ev_target.csv,21.05,0.35,
MagnetoFTGPT,ChEMBL__assays_both_50_1_ac4_av_source.csv__assays_both_50_1_ac4_av_target.csv,25.68,0.43,
MagnetoFTGPT,ChEMBL__assays_both_50_1_ac4_ev_source.csv__assays_both_50_1_ac4_ev_target.csv,22.61,0.38,
MagnetoFTGPT,ChEMBL__assays_both_50_1_ac5_av_source.csv__assays_both_50_1_ac5_av_target.csv,26.41,0.44,
MagnetoFTGPT,ChEMBL__assays_both_50_1_ac5_ev_source.csv__assays_both_50_1_ac5_ev_target.csv,28.56,0.48,
MagnetoFTGPT,ChEMBL__assays_both_50_1_ec_av_source.csv__assays_both_50_1_ec_av_target.csv,15.03,0.25,
MagnetoFTGPT,ChEMBL__assays_both_50_1_ec_ev_source.csv__assays_both_50_1_ec_ev_target.csv,14.17,0.24,
MagnetoFTGPT,ChEMBL__assays_both_50_30_ac1_av_source.csv__assays_both_50_30_ac1_av_target.csv,28.35,0.47,
MagnetoFTGPT,ChEMBL__assays_both_50_30_ac1_ev_source.csv__assays_both_50_30_ac1_ev_target.csv,29.47,0.49,
MagnetoFTGPT,ChEMBL__assays_both_50_30_ac2_av_source.csv__assays_both_50_30_ac2_av_target.csv,27.2,0.45,
MagnetoFTGPT,ChEMBL__assays_both_50_30_ac2_ev_source.csv__assays_both_50_30_ac2_ev_target.csv,28.57,0.48,
MagnetoFTGPT,ChEMBL__assays_both_50_30_ac3_av_source.csv__assays_both_50_30_ac3_av_target.csv,39.05,0.65,
MagnetoFTGPT,ChEMBL__assays_both_50_30_ac3_ev_source.csv__assays_both_50_30_ac3_ev_target.csv,38.59,0.64,
MagnetoFTGPT,ChEMBL__assays_both_50_30_ac4_av_source.csv__assays_both_50_30_ac4_av_target.csv,88.05,1.47,
MagnetoFTGPT,ChEMBL__assays_both_50_30_ac4_ev_source.csv__assays_both_50_30_ac4_ev_target.csv,36.75,0.61,
MagnetoFTGPT,ChEMBL__assays_both_50_30_ac5_av_source.csv__assays_both_50_30_ac5_av_target.csv,40.5,0.68,
MagnetoFTGPT,ChEMBL__assays_both_50_30_ac5_ev_source.csv__assays_both_50_30_ac5_ev_target.csv,36.67,0.61,
MagnetoFTGPT,ChEMBL__assays_both_50_30_ec_av_source.csv__assays_both_50_30_ec_av_target.csv,21.95,0.37,
MagnetoFTGPT,ChEMBL__assays_both_50_30_ec_ev_source.csv__assays_both_50_30_ec_ev_target.csv,24.41,0.41,
MagnetoFTGPT,ChEMBL__assays_both_50_50_ac1_av_source.csv__assays_both_50_50_ac1_av_target.csv,40.76,0.68,
MagnetoFTGPT,ChEMBL__assays_both_50_50_ac1_ev_source.csv__assays_both_50_50_ac1_ev_target.csv,44.72,0.75,
MagnetoFTGPT,ChEMBL__assays_both_50_50_ac2_av_source.csv__assays_both_50_50_ac2_av_target.csv,43.27,0.72,
MagnetoFTGPT,ChEMBL__assays_both_50_50_ac2_ev_source.csv__assays_both_50_50_ac2_ev_target.csv,37.3,0.62,
MagnetoFTGPT,ChEMBL__assays_both_50_50_ac3_av_source.csv__assays_both_50_50_ac3_av_target.csv,41.8,0.7,
MagnetoFTGPT,ChEMBL__assays_both_50_50_ac3_ev_source.csv__assays_both_50_50_ac3_ev_target.csv,40.84,0.68,
MagnetoFTGPT,ChEMBL__assays_both_50_50_ac4_av_source.csv__assays_both_50_50_ac4_av_target.csv,41.61,0.69,
MagnetoFTGPT,ChEMBL__assays_both_50_50_ac4_ev_source.csv__assays_both_50_50_ac4_ev_target.csv,45.45,0.76,
MagnetoFTGPT,ChEMBL__assays_both_50_50_ac5_av_source.csv__assays_both_50_50_ac5_av_target.csv,42.37,0.71,
MagnetoFTGPT,ChEMBL__assays_both_50_50_ac5_ev_source.csv__assays_both_50_50_ac5_ev_target.csv,45.62,0.76,
MagnetoFTGPT,ChEMBL__assays_both_50_50_ec_av_source.csv__assays_both_50_50_ec_av_target.csv,32.75,0.55,
MagnetoFTGPT,ChEMBL__assays_both_50_50_ec_ev_source.csv__assays_both_50_50_ec_ev_target.csv,37.79,0.63,
MagnetoFTGPT,ChEMBL__assays_both_50_70_ac1_av_source.csv__assays_both_50_70_ac1_av_target.csv,58.31,0.97,
MagnetoFTGPT,ChEMBL__assays_both_50_70_ac1_ev_source.csv__assays_both_50_70_ac1_ev_target.csv,83.1,1.38,
MagnetoFTGPT,ChEMBL__assays_both_50_70_ac2_av_source.csv__assays_both_50_70_ac2_av_target.csv,52.04,0.87,
MagnetoFTGPT,ChEMBL__assays_both_50_70_ac2_ev_source.csv__assays_both_50_70_ac2_ev_target.csv,54.9,0.91,
MagnetoFTGPT,ChEMBL__assays_both_50_70_ac3_av_source.csv__assays_both_50_70_ac3_av_target.csv,47.57,0.79,
MagnetoFTGPT,ChEMBL__assays_both_50_70_ac3_ev_source.csv__assays_both_50_70_ac3_ev_target.csv,53.98,0.9,
MagnetoFTGPT,ChEMBL__assays_both_50_70_ac4_av_source.csv__assays_both_50_70_ac4_av_target.csv,47.41,0.79,
MagnetoFTGPT,ChEMBL__assays_both_50_70_ac4_ev_source.csv__assays_both_50_70_ac4_ev_target.csv,48.85,0.81,
MagnetoFTGPT,ChEMBL__assays_both_50_70_ac5_av_source.csv__assays_both_50_70_ac5_av_target.csv,49.72,0.83,
MagnetoFTGPT,ChEMBL__assays_both_50_70_ac5_ev_source.csv__assays_both_50_70_ac5_ev_target.csv,59.44,0.99,
MagnetoFTGPT,ChEMBL__assays_both_50_70_ec_av_source.csv__assays_both_50_70_ec_av_target.csv,39.67,0.66,
MagnetoFTGPT,ChEMBL__assays_both_50_70_ec_ev_source.csv__assays_both_50_70_ec_ev_target.csv,51.15,0.85,
MagnetoFTGPT,ChEMBL__assays_horizontal_0_ac1_av_source.csv__assays_horizontal_0_ac1_av_target.csv,63.77,1.06,
MagnetoFTGPT,ChEMBL__assays_horizontal_0_ac1_ev_source.csv__assays_horizontal_0_ac1_ev_target.csv,67.85,1.13,
MagnetoFTGPT,ChEMBL__assays_horizontal_0_ac2_av_source.csv__assays_horizontal_0_ac2_av_target.csv,52.5,0.87,
MagnetoFTGPT,ChEMBL__assays_horizontal_0_ac2_ev_source.csv__assays_horizontal_0_ac2_ev_target.csv,67.45,1.12,
MagnetoFTGPT,ChEMBL__assays_horizontal_0_ac3_av_source.csv__assays_horizontal_0_ac3_av_target.csv,60.09,1.0,
MagnetoFTGPT,ChEMBL__assays_horizontal_0_ac3_ev_source.csv__assays_horizontal_0_ac3_ev_target.csv,62.28,1.04,
MagnetoFTGPT,ChEMBL__assays_horizontal_0_ac4_av_source.csv__assays_horizontal_0_ac4_av_target.csv,60.97,1.02,
MagnetoFTGPT,ChEMBL__assays_horizontal_0_ac4_ev_source.csv__assays_horizontal_0_ac4_ev_target.csv,64.15,1.07,
MagnetoFTGPT,ChEMBL__assays_horizontal_0_ac5_av_source.csv__assays_horizontal_0_ac5_av_target.csv,83.54,1.39,
MagnetoFTGPT,ChEMBL__assays_horizontal_0_ac5_ev_source.csv__assays_horizontal_0_ac5_ev_target.csv,82.11,1.37,
MagnetoFTGPT,ChEMBL__assays_horizontal_0_ec_av_source.csv__assays_horizontal_0_ec_av_target.csv,54.14,0.9,
MagnetoFTGPT,ChEMBL__assays_horizontal_0_ec_ev_source.csv__assays_horizontal_0_ec_ev_target.csv,49.7,0.83,
MagnetoFTGPT,ChEMBL__assays_horizontal_100_ac1_av_source.csv__assays_horizontal_100_ac1_av_target.csv,58.55,0.98,
MagnetoFTGPT,ChEMBL__assays_horizontal_100_ac1_ev_source.csv__assays_horizontal_100_ac1_ev_target.csv,61.85,1.03,
MagnetoFTGPT,ChEMBL__assays_horizontal_100_ac2_av_source.csv__assays_horizontal_100_ac2_av_target.csv,64.49,1.07,
MagnetoFTGPT,ChEMBL__assays_horizontal_100_ac2_ev_source.csv__assays_horizontal_100_ac2_ev_target.csv,74.15,1.24,
MagnetoFTGPT,ChEMBL__assays_horizontal_100_ac3_av_source.csv__assays_horizontal_100_ac3_av_target.csv,74.36,1.24,
MagnetoFTGPT,ChEMBL__assays_horizontal_100_ac3_ev_source.csv__assays_horizontal_100_ac3_ev_target.csv,61.4,1.02,
MagnetoFTGPT,ChEMBL__assays_horizontal_100_ac4_av_source.csv__assays_horizontal_100_ac4_av_target.csv,81.68,1.36,
MagnetoFTGPT,ChEMBL__assays_horizontal_100_ac4_ev_source.csv__assays_horizontal_100_ac4_ev_target.csv,62.77,1.05,
MagnetoFTGPT,ChEMBL__assays_horizontal_100_ac5_av_source.csv__assays_horizontal_100_ac5_av_target.csv,78.53,1.31,
MagnetoFTGPT,ChEMBL__assays_horizontal_100_ac5_ev_source.csv__assays_horizontal_100_ac5_ev_target.csv,63.05,1.05,
MagnetoFTGPT,ChEMBL__assays_horizontal_100_ec_av_source.csv__assays_horizontal_100_ec_av_target.csv,56.99,0.95,
MagnetoFTGPT,ChEMBL__assays_horizontal_100_ec_ev_source.csv__assays_horizontal_100_ec_ev_target.csv,52.92,0.88,
MagnetoFTGPT,ChEMBL__assays_horizontal_50_ac1_av_source.csv__assays_horizontal_50_ac1_av_target.csv,89.37,1.49,
MagnetoFTGPT,ChEMBL__assays_horizontal_50_ac1_ev_source.csv__assays_horizontal_50_ac1_ev_target.csv,59.56,0.99,
MagnetoFTGPT,ChEMBL__assays_horizontal_50_ac2_av_source.csv__assays_horizontal_50_ac2_av_target.csv,56.47,0.94,
MagnetoFTGPT,ChEMBL__assays_horizontal_50_ac2_ev_source.csv__assays_horizontal_50_ac2_ev_target.csv,53.03,0.88,
MagnetoFTGPT,ChEMBL__assays_horizontal_50_ac3_av_source.csv__assays_horizontal_50_ac3_av_target.csv,64.57,1.08,
MagnetoFTGPT,ChEMBL__assays_horizontal_50_ac3_ev_source.csv__assays_horizontal_50_ac3_ev_target.csv,53.38,0.89,
MagnetoFTGPT,ChEMBL__assays_horizontal_50_ac4_av_source.csv__assays_horizontal_50_ac4_av_target.csv,62.45,1.04,
MagnetoFTGPT,ChEMBL__assays_horizontal_50_ac4_ev_source.csv__assays_horizontal_50_ac4_ev_target.csv,69.79,1.16,
MagnetoFTGPT,ChEMBL__assays_horizontal_50_ac5_av_source.csv__assays_horizontal_50_ac5_av_target.csv,82.08,1.37,
MagnetoFTGPT,ChEMBL__assays_horizontal_50_ac5_ev_source.csv__assays_horizontal_50_ac5_ev_target.csv,65.33,1.09,
MagnetoFTGPT,ChEMBL__assays_horizontal_50_ec_av_source.csv__assays_horizontal_50_ec_av_target.csv,54.13,0.9,
MagnetoFTGPT,ChEMBL__assays_horizontal_50_ec_ev_source.csv__assays_horizontal_50_ec_ev_target.csv,58.23,0.97,
MagnetoFTGPT,ChEMBL__assays_vertical_1_ac1_av_source.csv__assays_vertical_1_ac1_av_target.csv,25.8,0.43,
MagnetoFTGPT,ChEMBL__assays_vertical_1_ac1_ev_source.csv__assays_vertical_1_ac1_ev_target.csv,24.08,0.4,
MagnetoFTGPT,ChEMBL__assays_vertical_1_ac2_av_source.csv__assays_vertical_1_ac2_av_target.csv,22.39,0.37,
MagnetoFTGPT,ChEMBL__assays_vertical_1_ac2_ev_source.csv__assays_vertical_1_ac2_ev_target.csv,19.33,0.32,
MagnetoFTGPT,ChEMBL__assays_vertical_1_ac3_av_source.csv__assays_vertical_1_ac3_av_target.csv,22.5,0.37,
MagnetoFTGPT,ChEMBL__assays_vertical_1_ac3_ev_source.csv__assays_vertical_1_ac3_ev_target.csv,26.89,0.45,
MagnetoFTGPT,ChEMBL__assays_vertical_1_ac4_av_source.csv__assays_vertical_1_ac4_av_target.csv,30.22,0.5,
MagnetoFTGPT,ChEMBL__assays_vertical_1_ac4_ev_source.csv__assays_vertical_1_ac4_ev_target.csv,22.17,0.37,
MagnetoFTGPT,ChEMBL__assays_vertical_1_ac5_av_source.csv__assays_vertical_1_ac5_av_target.csv,25.38,0.42,
MagnetoFTGPT,ChEMBL__assays_vertical_1_ac5_ev_source.csv__assays_vertical_1_ac5_ev_target.csv,24.71,0.41,
MagnetoFTGPT,ChEMBL__assays_vertical_1_ec_av_source.csv__assays_vertical_1_ec_av_target.csv,13.44,0.22,
MagnetoFTGPT,ChEMBL__assays_vertical_1_ec_ev_source.csv__assays_vertical_1_ec_ev_target.csv,20.18,0.34,
MagnetoFTGPT,ChEMBL__assays_vertical_30_ac1_av_source.csv__assays_vertical_30_ac1_av_target.csv,34.84,0.58,
MagnetoFTGPT,ChEMBL__assays_vertical_30_ac1_ev_source.csv__assays_vertical_30_ac1_ev_target.csv,32.19,0.54,
MagnetoFTGPT,ChEMBL__assays_vertical_30_ac2_av_source.csv__assays_vertical_30_ac2_av_target.csv,27.7,0.46,
MagnetoFTGPT,ChEMBL__assays_vertical_30_ac2_ev_source.csv__assays_vertical_30_ac2_ev_target.csv,26.25,0.44,
MagnetoFTGPT,ChEMBL__assays_vertical_30_ac3_av_source.csv__assays_vertical_30_ac3_av_target.csv,28.07,0.47,
MagnetoFTGPT,ChEMBL__assays_vertical_30_ac3_ev_source.csv__assays_vertical_30_ac3_ev_target.csv,30.58,0.51,
MagnetoFTGPT,ChEMBL__assays_vertical_30_ac4_av_source.csv__assays_vertical_30_ac4_av_target.csv,32.77,0.55,
MagnetoFTGPT,ChEMBL__assays_vertical_30_ac4_ev_source.csv__assays_vertical_30_ac4_ev_target.csv,35.55,0.59,
MagnetoFTGPT,ChEMBL__assays_vertical_30_ac5_av_source.csv__assays_vertical_30_ac5_av_target.csv,35.07,0.58,
MagnetoFTGPT,ChEMBL__assays_vertical_30_ac5_ev_source.csv__assays_vertical_30_ac5_ev_target.csv,32.75,0.55,
MagnetoFTGPT,ChEMBL__assays_vertical_30_ec_av_source.csv__assays_vertical_30_ec_av_target.csv,23.81,0.4,
MagnetoFTGPT,ChEMBL__assays_vertical_30_ec_ev_source.csv__assays_vertical_30_ec_ev_target.csv,24.54,0.41,
MagnetoFTGPT,ChEMBL__assays_vertical_50_ac1_av_source.csv__assays_vertical_50_ac1_av_target.csv,42.26,0.7,
MagnetoFTGPT,ChEMBL__assays_vertical_50_ac1_ev_source.csv__assays_vertical_50_ac1_ev_target.csv,47.79,0.8,
MagnetoFTGPT,ChEMBL__assays_vertical_50_ac2_av_source.csv__assays_vertical_50_ac2_av_target.csv,36.65,0.61,
MagnetoFTGPT,ChEMBL__assays_vertical_50_ac2_ev_source.csv__assays_vertical_50_ac2_ev_target.csv,34.98,0.58,
MagnetoFTGPT,ChEMBL__assays_vertical_50_ac3_av_source.csv__assays_vertical_50_ac3_av_target.csv,33.77,0.56,
MagnetoFTGPT,ChEMBL__assays_vertical_50_ac3_ev_source.csv__assays_vertical_50_ac3_ev_target.csv,66.43,1.11,
MagnetoFTGPT,ChEMBL__assays_vertical_50_ac4_av_source.csv__assays_vertical_50_ac4_av_target.csv,45.51,0.76,
MagnetoFTGPT,ChEMBL__assays_vertical_50_ac4_ev_source.csv__assays_vertical_50_ac4_ev_target.csv,36.32,0.61,
MagnetoFTGPT,ChEMBL__assays_vertical_50_ac5_av_source.csv__assays_vertical_50_ac5_av_target.csv,50.31,0.84,
MagnetoFTGPT,ChEMBL__assays_vertical_50_ac5_ev_source.csv__assays_vertical_50_ac5_ev_target.csv,43.03,0.72,
MagnetoFTGPT,ChEMBL__assays_vertical_50_ec_av_source.csv__assays_vertical_50_ec_av_target.csv,40.9,0.68,
MagnetoFTGPT,ChEMBL__assays_vertical_50_ec_ev_source.csv__assays_vertical_50_ec_ev_target.csv,35.54,0.59,
MagnetoFTGPT,ChEMBL__assays_vertical_70_ac1_av_source.csv__assays_vertical_70_ac1_av_target.csv,52.75,0.88,
MagnetoFTGPT,ChEMBL__assays_vertical_70_ac1_ev_source.csv__assays_vertical_70_ac1_ev_target.csv,49.03,0.82,
MagnetoFTGPT,ChEMBL__assays_vertical_70_ac2_av_source.csv__assays_vertical_70_ac2_av_target.csv,47.2,0.79,
MagnetoFTGPT,ChEMBL__assays_vertical_70_ac2_ev_source.csv__assays_vertical_70_ac2_ev_target.csv,46.54,0.78,
MagnetoFTGPT,ChEMBL__assays_vertical_70_ac3_av_source.csv__assays_vertical_70_ac3_av_target.csv,55.02,0.92,
MagnetoFTGPT,ChEMBL__assays_vertical_70_ac3_ev_source.csv__assays_vertical_70_ac3_ev_target.csv,53.13,0.89,
MagnetoFTGPT,ChEMBL__assays_vertical_70_ac4_av_source.csv__assays_vertical_70_ac4_av_target.csv,62.81,1.05,
MagnetoFTGPT,ChEMBL__assays_vertical_70_ac4_ev_source.csv__assays_vertical_70_ac4_ev_target.csv,53.7,0.9,
MagnetoFTGPT,ChEMBL__assays_vertical_70_ac5_av_source.csv__assays_vertical_70_ac5_av_target.csv,75.11,1.25,
MagnetoFTGPT,ChEMBL__assays_vertical_70_ac5_ev_source.csv__assays_vertical_70_ac5_ev_target.csv,50.07,0.83,
MagnetoFTGPT,ChEMBL__assays_vertical_70_ec_av_source.csv__assays_vertical_70_ec_av_target.csv,40.71,0.68,
MagnetoFTGPT,ChEMBL__assays_vertical_70_ec_ev_source.csv__assays_vertical_70_ec_ev_target.csv,45.36,0.76,
MagnetoFTGPT,Magellan__amazon_google_exp_source.csv__amazon_google_exp_target.csv,7.26,0.12,
MagnetoFTGPT,Magellan__beeradvo_ratebeer_source.csv__beeradvo_ratebeer_target.csv,9.24,0.15,
MagnetoFTGPT,Magellan__dblp_acm_source.csv__dblp_acm_target.csv,8.59,0.14,
MagnetoFTGPT,Magellan__dblp_scholar_source.csv__dblp_scholar_target.csv,11.92,0.2,
MagnetoFTGPT,Magellan__fodors_zagats_source.csv__fodors_zagats_target.csv,11.59,0.19,
MagnetoFTGPT,Magellan__itunes_amazon_source.csv__itunes_amazon_target.csv,19.29,0.32,
MagnetoFTGPT,Magellan__walmart_amazon_source.csv__walmart_amazon_target.csv,10.69,0.18,
MagnetoFTGPT,OpenData__miller2_both_0_1_ac1_av_source.csv__miller2_both_0_1_ac1_av_target.csv,28.75,0.48,
MagnetoFTGPT,OpenData__miller2_both_0_1_ac1_ev_source.csv__miller2_both_0_1_ac1_ev_target.csv,30.55,0.51,
MagnetoFTGPT,OpenData__miller2_both_0_1_ac2_av_source.csv__miller2_both_0_1_ac2_av_target.csv,38.64,0.64,
MagnetoFTGPT,OpenData__miller2_both_0_1_ac2_ev_source.csv__miller2_both_0_1_ac2_ev_target.csv,34.5,0.58,
MagnetoFTGPT,OpenData__miller2_both_0_1_ac3_av_source.csv__miller2_both_0_1_ac3_av_target.csv,49.29,0.82,
MagnetoFTGPT,OpenData__miller2_both_0_1_ac3_ev_source.csv__miller2_both_0_1_ac3_ev_target.csv,47.43,0.79,
MagnetoFTGPT,OpenData__miller2_both_0_1_ac4_av_source.csv__miller2_both_0_1_ac4_av_target.csv,34.67,0.58,
MagnetoFTGPT,OpenData__miller2_both_0_1_ac4_ev_source.csv__miller2_both_0_1_ac4_ev_target.csv,32.76,0.55,
MagnetoFTGPT,OpenData__miller2_both_0_1_ac5_av_source.csv__miller2_both_0_1_ac5_av_target.csv,38.7,0.65,
MagnetoFTGPT,OpenData__miller2_both_0_1_ac5_ev_source.csv__miller2_both_0_1_ac5_ev_target.csv,39.94,0.67,
MagnetoFTGPT,OpenData__miller2_both_0_1_ec_av_source.csv__miller2_both_0_1_ec_av_target.csv,23.58,0.39,
MagnetoFTGPT,OpenData__miller2_both_0_1_ec_ev_source.csv__miller2_both_0_1_ec_ev_target.csv,25.3,0.42,
MagnetoFTGPT,OpenData__miller2_both_0_30_ac1_av_source.csv__miller2_both_0_30_ac1_av_target.csv,50.07,0.83,
MagnetoFTGPT,OpenData__miller2_both_0_30_ac1_ev_source.csv__miller2_both_0_30_ac1_ev_target.csv,52.11,0.87,
MagnetoFTGPT,OpenData__miller2_both_0_30_ac2_av_source.csv__miller2_both_0_30_ac2_av_target.csv,61.5,1.03,
MagnetoFTGPT,OpenData__miller2_both_0_30_ac2_ev_source.csv__miller2_both_0_30_ac2_ev_target.csv,60.3,1.01,
MagnetoFTGPT,OpenData__miller2_both_0_30_ac3_av_source.csv__miller2_both_0_30_ac3_av_target.csv,75.86,1.26,
MagnetoFTGPT,OpenData__miller2_both_0_30_ac3_ev_source.csv__miller2_both_0_30_ac3_ev_target.csv,67.59,1.13,
MagnetoFTGPT,OpenData__miller2_both_0_30_ac4_av_source.csv__miller2_both_0_30_ac4_av_target.csv,53.79,0.9,
MagnetoFTGPT,OpenData__miller2_both_0_30_ac4_ev_source.csv__miller2_both_0_30_ac4_ev_target.csv,51.51,0.86,
MagnetoFTGPT,OpenData__miller2_both_0_30_ac5_av_source.csv__miller2_both_0_30_ac5_av_target.csv,61.99,1.03,
MagnetoFTGPT,OpenData__miller2_both_0_30_ac5_ev_source.csv__miller2_both_0_30_ac5_ev_target.csv,59.74,1.0,
MagnetoFTGPT,OpenData__miller2_both_0_30_ec_av_source.csv__miller2_both_0_30_ec_av_target.csv,45.31,0.76,
MagnetoFTGPT,OpenData__miller2_both_0_30_ec_ev_source.csv__miller2_both_0_30_ec_ev_target.csv,44.1,0.74,
MagnetoFTGPT,OpenData__miller2_both_0_50_ac1_av_source.csv__miller2_both_0_50_ac1_av_target.csv,76.04,1.27,
MagnetoFTGPT,OpenData__miller2_both_0_50_ac1_ev_source.csv__miller2_both_0_50_ac1_ev_target.csv,79.57,1.33,
MagnetoFTGPT,OpenData__miller2_both_0_50_ac2_av_source.csv__miller2_both_0_50_ac2_av_target.csv,80.35,1.34,
MagnetoFTGPT,OpenData__miller2_both_0_50_ac2_ev_source.csv__miller2_both_0_50_ac2_ev_target.csv,74.03,1.23,
MagnetoFTGPT,OpenData__miller2_both_0_50_ac3_av_source.csv__miller2_both_0_50_ac3_av_target.csv,80.48,1.34,
MagnetoFTGPT,OpenData__miller2_both_0_50_ac3_ev_source.csv__miller2_both_0_50_ac3_ev_target.csv,100.01,1.67,
MagnetoFTGPT,OpenData__miller2_both_0_50_ac4_av_source.csv__miller2_both_0_50_ac4_av_target.csv,78.8,1.31,
MagnetoFTGPT,OpenData__miller2_both_0_50_ac4_ev_source.csv__miller2_both_0_50_ac4_ev_target.csv,61.89,1.03,
MagnetoFTGPT,OpenData__miller2_both_0_50_ac5_av_source.csv__miller2_both_0_50_ac5_av_target.csv,60.99,1.02,
MagnetoFTGPT,OpenData__miller2_both_0_50_ac5_ev_source.csv__miller2_both_0_50_ac5_ev_target.csv,68.58,1.14,
MagnetoFTGPT,OpenData__miller2_both_0_50_ec_av_source.csv__miller2_both_0_50_ec_av_target.csv,64.46,1.07,
MagnetoFTGPT,OpenData__miller2_both_0_50_ec_ev_source.csv__miller2_both_0_50_ec_ev_target.csv,60.12,1.0,
MagnetoFTGPT,OpenData__miller2_both_0_70_ac1_av_source.csv__miller2_both_0_70_ac1_av_target.csv,107.81,1.8,
MagnetoFTGPT,OpenData__miller2_both_0_70_ac1_ev_source.csv__miller2_both_0_70_ac1_ev_target.csv,78.44,1.31,
MagnetoFTGPT,OpenData__miller2_both_0_70_ac2_av_source.csv__miller2_both_0_70_ac2_av_target.csv,106.79,1.78,
MagnetoFTGPT,OpenData__miller2_both_0_70_ac2_ev_source.csv__miller2_both_0_70_ac2_ev_target.csv,86.81,1.45,
MagnetoFTGPT,OpenData__miller2_both_0_70_ac3_av_source.csv__miller2_both_0_70_ac3_av_target.csv,108.96,1.82,
MagnetoFTGPT,OpenData__miller2_both_0_70_ac3_ev_source.csv__miller2_both_0_70_ac3_ev_target.csv,110.08,1.83,
MagnetoFTGPT,OpenData__miller2_both_0_70_ac4_av_source.csv__miller2_both_0_70_ac4_av_target.csv,92.14,1.54,
MagnetoFTGPT,OpenData__miller2_both_0_70_ac4_ev_source.csv__miller2_both_0_70_ac4_ev_target.csv,82.56,1.38,
MagnetoFTGPT,OpenData__miller2_both_0_70_ac5_av_source.csv__miller2_both_0_70_ac5_av_target.csv,95.27,1.59,
MagnetoFTGPT,OpenData__miller2_both_0_70_ac5_ev_source.csv__miller2_both_0_70_ac5_ev_target.csv,89.08,1.48,
MagnetoFTGPT,OpenData__miller2_both_0_70_ec_av_source.csv__miller2_both_0_70_ec_av_target.csv,76.62,1.28,
MagnetoFTGPT,OpenData__miller2_both_0_70_ec_ev_source.csv__miller2_both_0_70_ec_ev_target.csv,79.26,1.32,
MagnetoFTGPT,OpenData__miller2_both_50_1_ac1_av_source.csv__miller2_both_50_1_ac1_av_target.csv,34.88,0.58,
MagnetoFTGPT,OpenData__miller2_both_50_1_ac1_ev_source.csv__miller2_both_50_1_ac1_ev_target.csv,35.83,0.6,
MagnetoFTGPT,OpenData__miller2_both_50_1_ac2_av_source.csv__miller2_both_50_1_ac2_av_target.csv,41.01,0.68,
MagnetoFTGPT,OpenData__miller2_both_50_1_ac2_ev_source.csv__miller2_both_50_1_ac2_ev_target.csv,35.15,0.59,
MagnetoFTGPT,OpenData__miller2_both_50_1_ac3_av_source.csv__miller2_both_50_1_ac3_av_target.csv,39.23,0.65,
MagnetoFTGPT,OpenData__miller2_both_50_1_ac3_ev_source.csv__miller2_both_50_1_ac3_ev_target.csv,37.68,0.63,
MagnetoFTGPT,OpenData__miller2_both_50_1_ac4_av_source.csv__miller2_both_50_1_ac4_av_target.csv,27.2,0.45,
MagnetoFTGPT,OpenData__miller2_both_50_1_ac4_ev_source.csv__miller2_both_50_1_ac4_ev_target.csv,24.75,0.41,
MagnetoFTGPT,OpenData__miller2_both_50_1_ac5_av_source.csv__miller2_both_50_1_ac5_av_target.csv,41.12,0.69,
MagnetoFTGPT,OpenData__miller2_both_50_1_ac5_ev_source.csv__miller2_both_50_1_ac5_ev_target.csv,34.82,0.58,
MagnetoFTGPT,OpenData__miller2_both_50_1_ec_av_source.csv__miller2_both_50_1_ec_av_target.csv,22.93,0.38,
MagnetoFTGPT,OpenData__miller2_both_50_1_ec_ev_source.csv__miller2_both_50_1_ec_ev_target.csv,22.07,0.37,
MagnetoFTGPT,OpenData__miller2_both_50_30_ac1_av_source.csv__miller2_both_50_30_ac1_av_target.csv,48.34,0.81,
MagnetoFTGPT,OpenData__miller2_both_50_30_ac1_ev_source.csv__miller2_both_50_30_ac1_ev_target.csv,54.64,0.91,
MagnetoFTGPT,OpenData__miller2_both_50_30_ac2_av_source.csv__miller2_both_50_30_ac2_av_target.csv,60.92,1.02,
MagnetoFTGPT,OpenData__miller2_both_50_30_ac2_ev_source.csv__miller2_both_50_30_ac2_ev_target.csv,65.7,1.09,
MagnetoFTGPT,OpenData__miller2_both_50_30_ac3_av_source.csv__miller2_both_50_30_ac3_av_target.csv,94.51,1.58,
MagnetoFTGPT,OpenData__miller2_both_50_30_ac3_ev_source.csv__miller2_both_50_30_ac3_ev_target.csv,66.91,1.12,
MagnetoFTGPT,OpenData__miller2_both_50_30_ac4_av_source.csv__miller2_both_50_30_ac4_av_target.csv,57.44,0.96,
MagnetoFTGPT,OpenData__miller2_both_50_30_ac4_ev_source.csv__miller2_both_50_30_ac4_ev_target.csv,47.29,0.79,
MagnetoFTGPT,OpenData__miller2_both_50_30_ac5_av_source.csv__miller2_both_50_30_ac5_av_target.csv,61.91,1.03,
MagnetoFTGPT,OpenData__miller2_both_50_30_ac5_ev_source.csv__miller2_both_50_30_ac5_ev_target.csv,64.73,1.08,
MagnetoFTGPT,OpenData__miller2_both_50_30_ec_av_source.csv__miller2_both_50_30_ec_av_target.csv,51.29,0.85,
MagnetoFTGPT,OpenData__miller2_both_50_30_ec_ev_source.csv__miller2_both_50_30_ec_ev_target.csv,41.73,0.7,
MagnetoFTGPT,OpenData__miller2_both_50_50_ac1_av_source.csv__miller2_both_50_50_ac1_av_target.csv,72.91,1.22,
MagnetoFTGPT,OpenData__miller2_both_50_50_ac1_ev_source.csv__miller2_both_50_50_ac1_ev_target.csv,58.98,0.98,
MagnetoFTGPT,OpenData__miller2_both_50_50_ac2_av_source.csv__miller2_both_50_50_ac2_av_target.csv,78.08,1.3,
MagnetoFTGPT,OpenData__miller2_both_50_50_ac2_ev_source.csv__miller2_both_50_50_ac2_ev_target.csv,79.02,1.32,
MagnetoFTGPT,OpenData__miller2_both_50_50_ac3_av_source.csv__miller2_both_50_50_ac3_av_target.csv,100.19,1.67,
MagnetoFTGPT,OpenData__miller2_both_50_50_ac3_ev_source.csv__miller2_both_50_50_ac3_ev_target.csv,96.26,1.6,
MagnetoFTGPT,OpenData__miller2_both_50_50_ac4_av_source.csv__miller2_both_50_50_ac4_av_target.csv,73.86,1.23,
MagnetoFTGPT,OpenData__miller2_both_50_50_ac4_ev_source.csv__miller2_both_50_50_ac4_ev_target.csv,66.25,1.1,
MagnetoFTGPT,OpenData__miller2_both_50_50_ac5_av_source.csv__miller2_both_50_50_ac5_av_target.csv,59.16,0.99,
MagnetoFTGPT,OpenData__miller2_both_50_50_ac5_ev_source.csv__miller2_both_50_50_ac5_ev_target.csv,61.11,1.02,
MagnetoFTGPT,OpenData__miller2_both_50_50_ec_av_source.csv__miller2_both_50_50_ec_av_target.csv,62.55,1.04,
MagnetoFTGPT,OpenData__miller2_both_50_50_ec_ev_source.csv__miller2_both_50_50_ec_ev_target.csv,62.34,1.04,
MagnetoFTGPT,OpenData__miller2_both_50_70_ac1_av_source.csv__miller2_both_50_70_ac1_av_target.csv,91.41,1.52,
MagnetoFTGPT,OpenData__miller2_both_50_70_ac1_ev_source.csv__miller2_both_50_70_ac1_ev_target.csv,84.45,1.41,
MagnetoFTGPT,OpenData__miller2_both_50_70_ac2_av_source.csv__miller2_both_50_70_ac2_av_target.csv,104.81,1.75,
MagnetoFTGPT,OpenData__miller2_both_50_70_ac2_ev_source.csv__miller2_both_50_70_ac2_ev_target.csv,103.15,1.72,
MagnetoFTGPT,OpenData__miller2_both_50_70_ac3_av_source.csv__miller2_both_50_70_ac3_av_target.csv,119.47,1.99,
MagnetoFTGPT,OpenData__miller2_both_50_70_ac3_ev_source.csv__miller2_both_50_70_ac3_ev_target.csv,137.83,2.3,
MagnetoFTGPT,OpenData__miller2_both_50_70_ac4_av_source.csv__miller2_both_50_70_ac4_av_target.csv,78.24,1.3,
MagnetoFTGPT,OpenData__miller2_both_50_70_ac4_ev_source.csv__miller2_both_50_70_ac4_ev_target.csv,83.33,1.39,
MagnetoFTGPT,OpenData__miller2_both_50_70_ac5_av_source.csv__miller2_both_50_70_ac5_av_target.csv,84.55,1.41,
MagnetoFTGPT,OpenData__miller2_both_50_70_ac5_ev_source.csv__miller2_both_50_70_ac5_ev_target.csv,84.16,1.4,
MagnetoFTGPT,OpenData__miller2_both_50_70_ec_av_source.csv__miller2_both_50_70_ec_av_target.csv,89.29,1.49,
MagnetoFTGPT,OpenData__miller2_both_50_70_ec_ev_source.csv__miller2_both_50_70_ec_ev_target.csv,74.41,1.24,
MagnetoFTGPT,OpenData__miller2_horizontal_0_ac1_av_source.csv__miller2_horizontal_0_ac1_av_target.csv,107.75,1.8,
MagnetoFTGPT,OpenData__miller2_horizontal_0_ac1_ev_source.csv__miller2_horizontal_0_ac1_ev_target.csv,135.55,2.26,
MagnetoFTGPT,OpenData__miller2_horizontal_0_ac2_av_source.csv__miller2_horizontal_0_ac2_av_target.csv,115.65,1.93,
MagnetoFTGPT,OpenData__miller2_horizontal_0_ac2_ev_source.csv__miller2_horizontal_0_ac2_ev_target.csv,111.99,1.87,
MagnetoFTGPT,OpenData__miller2_horizontal_0_ac3_av_source.csv__miller2_horizontal_0_ac3_av_target.csv,142.67,2.38,
MagnetoFTGPT,OpenData__miller2_horizontal_0_ac3_ev_source.csv__miller2_horizontal_0_ac3_ev_target.csv,135.63,2.26,
MagnetoFTGPT,OpenData__miller2_horizontal_0_ac4_av_source.csv__miller2_horizontal_0_ac4_av_target.csv,97.97,1.63,
MagnetoFTGPT,OpenData__miller2_horizontal_0_ac4_ev_source.csv__miller2_horizontal_0_ac4_ev_target.csv,112.25,1.87,
MagnetoFTGPT,OpenData__miller2_horizontal_0_ac5_av_source.csv__miller2_horizontal_0_ac5_av_target.csv,113.74,1.9,
MagnetoFTGPT,OpenData__miller2_horizontal_0_ac5_ev_source.csv__miller2_horizontal_0_ac5_ev_target.csv,122.38,2.04,
MagnetoFTGPT,OpenData__miller2_horizontal_0_ec_av_source.csv__miller2_horizontal_0_ec_av_target.csv,97.71,1.63,
MagnetoFTGPT,OpenData__miller2_horizontal_0_ec_ev_source.csv__miller2_horizontal_0_ec_ev_target.csv,109.68,1.83,
MagnetoFTGPT,OpenData__miller2_horizontal_100_ac1_av_source.csv__miller2_horizontal_100_ac1_av_target.csv,114.11,1.9,
MagnetoFTGPT,OpenData__miller2_horizontal_100_ac1_ev_source.csv__miller2_horizontal_100_ac1_ev_target.csv,108.37,1.81,
MagnetoFTGPT,OpenData__miller2_horizontal_100_ac2_av_source.csv__miller2_horizontal_100_ac2_av_target.csv,149.36,2.49,
MagnetoFTGPT,OpenData__miller2_horizontal_100_ac2_ev_source.csv__miller2_horizontal_100_ac2_ev_target.csv,136.39,2.27,
MagnetoFTGPT,OpenData__miller2_horizontal_100_ac3_av_source.csv__miller2_horizontal_100_ac3_av_target.csv,153.79,2.56,
MagnetoFTGPT,OpenData__miller2_horizontal_100_ac3_ev_source.csv__miller2_horizontal_100_ac3_ev_target.csv,154.79,2.58,
MagnetoFTGPT,OpenData__miller2_horizontal_100_ac4_av_source.csv__miller2_horizontal_100_ac4_av_target.csv,107.78,1.8,
MagnetoFTGPT,OpenData__miller2_horizontal_100_ac4_ev_source.csv__miller2_horizontal_100_ac4_ev_target.csv,100.49,1.67,
MagnetoFTGPT,OpenData__miller2_horizontal_100_ac5_av_source.csv__miller2_horizontal_100_ac5_av_target.csv,115.65,1.93,
MagnetoFTGPT,OpenData__miller2_horizontal_100_ac5_ev_source.csv__miller2_horizontal_100_ac5_ev_target.csv,100.31,1.67,
MagnetoFTGPT,OpenData__miller2_horizontal_100_ec_av_source.csv__miller2_horizontal_100_ec_av_target.csv,119.34,1.99,
MagnetoFTGPT,OpenData__miller2_horizontal_100_ec_ev_source.csv__miller2_horizontal_100_ec_ev_target.csv,100.33,1.67,
MagnetoFTGPT,OpenData__miller2_horizontal_50_ac1_av_source.csv__miller2_horizontal_50_ac1_av_target.csv,104.53,1.74,
MagnetoFTGPT,OpenData__miller2_horizontal_50_ac1_ev_source.csv__miller2_horizontal_50_ac1_ev_target.csv,143.43,2.39,
MagnetoFTGPT,OpenData__miller2_horizontal_50_ac2_av_source.csv__miller2_horizontal_50_ac2_av_target.csv,123.53,2.06,
MagnetoFTGPT,OpenData__miller2_horizontal_50_ac2_ev_source.csv__miller2_horizontal_50_ac2_ev_target.csv,133.39,2.22,
MagnetoFTGPT,OpenData__miller2_horizontal_50_ac3_av_source.csv__miller2_horizontal_50_ac3_av_target.csv,148.38,2.47,
MagnetoFTGPT,OpenData__miller2_horizontal_50_ac3_ev_source.csv__miller2_horizontal_50_ac3_ev_target.csv,156.79,2.61,
MagnetoFTGPT,OpenData__miller2_horizontal_50_ac4_av_source.csv__miller2_horizontal_50_ac4_av_target.csv,111.19,1.85,
MagnetoFTGPT,OpenData__miller2_horizontal_50_ac4_ev_source.csv__miller2_horizontal_50_ac4_ev_target.csv,135.74,2.26,
MagnetoFTGPT,OpenData__miller2_horizontal_50_ac5_av_source.csv__miller2_horizontal_50_ac5_av_target.csv,136.5,2.28,
MagnetoFTGPT,OpenData__miller2_horizontal_50_ac5_ev_source.csv__miller2_horizontal_50_ac5_ev_target.csv,109.6,1.83,
MagnetoFTGPT,OpenData__miller2_horizontal_50_ec_av_source.csv__miller2_horizontal_50_ec_av_target.csv,104.24,1.74,
MagnetoFTGPT,OpenData__miller2_horizontal_50_ec_ev_source.csv__miller2_horizontal_50_ec_ev_target.csv,100.52,1.68,
MagnetoFTGPT,OpenData__miller2_vertical_1_ac1_av_source.csv__miller2_vertical_1_ac1_av_target.csv,27.98,0.47,
MagnetoFTGPT,OpenData__miller2_vertical_1_ac1_ev_source.csv__miller2_vertical_1_ac1_ev_target.csv,32.34,0.54,
MagnetoFTGPT,OpenData__miller2_vertical_1_ac2_av_source.csv__miller2_vertical_1_ac2_av_target.csv,38.74,0.65,
MagnetoFTGPT,OpenData__miller2_vertical_1_ac2_ev_source.csv__miller2_vertical_1_ac2_ev_target.csv,32.81,0.55,
MagnetoFTGPT,OpenData__miller2_vertical_1_ac3_av_source.csv__miller2_vertical_1_ac3_av_target.csv,46.54,0.78,
MagnetoFTGPT,OpenData__miller2_vertical_1_ac3_ev_source.csv__miller2_vertical_1_ac3_ev_target.csv,41.08,0.68,
MagnetoFTGPT,OpenData__miller2_vertical_1_ac4_av_source.csv__miller2_vertical_1_ac4_av_target.csv,30.38,0.51,
MagnetoFTGPT,OpenData__miller2_vertical_1_ac4_ev_source.csv__miller2_vertical_1_ac4_ev_target.csv,26.79,0.45,
MagnetoFTGPT,OpenData__miller2_vertical_1_ac5_av_source.csv__miller2_vertical_1_ac5_av_target.csv,39.16,0.65,
MagnetoFTGPT,OpenData__miller2_vertical_1_ac5_ev_source.csv__miller2_vertical_1_ac5_ev_target.csv,45.0,0.75,
MagnetoFTGPT,OpenData__miller2_vertical_1_ec_av_source.csv__miller2_vertical_1_ec_av_target.csv,24.8,0.41,
MagnetoFTGPT,OpenData__miller2_vertical_1_ec_ev_source.csv__miller2_vertical_1_ec_ev_target.csv,26.62,0.44,
MagnetoFTGPT,OpenData__miller2_vertical_30_ac1_av_source.csv__miller2_vertical_30_ac1_av_target.csv,51.04,0.85,
MagnetoFTGPT,OpenData__miller2_vertical_30_ac1_ev_source.csv__miller2_vertical_30_ac1_ev_target.csv,45.82,0.76,
MagnetoFTGPT,OpenData__miller2_vertical_30_ac2_av_source.csv__miller2_vertical_30_ac2_av_target.csv,83.87,1.4,
MagnetoFTGPT,OpenData__miller2_vertical_30_ac2_ev_source.csv__miller2_vertical_30_ac2_ev_target.csv,57.52,0.96,
MagnetoFTGPT,OpenData__miller2_vertical_30_ac3_av_source.csv__miller2_vertical_30_ac3_av_target.csv,68.9,1.15,
MagnetoFTGPT,OpenData__miller2_vertical_30_ac3_ev_source.csv__miller2_vertical_30_ac3_ev_target.csv,91.12,1.52,
MagnetoFTGPT,OpenData__miller2_vertical_30_ac4_av_source.csv__miller2_vertical_30_ac4_av_target.csv,32.22,0.54,
MagnetoFTGPT,OpenData__miller2_vertical_30_ac4_ev_source.csv__miller2_vertical_30_ac4_ev_target.csv,54.56,0.91,
MagnetoFTGPT,OpenData__miller2_vertical_30_ac5_av_source.csv__miller2_vertical_30_ac5_av_target.csv,50.07,0.83,
MagnetoFTGPT,OpenData__miller2_vertical_30_ac5_ev_source.csv__miller2_vertical_30_ac5_ev_target.csv,51.51,0.86,
MagnetoFTGPT,OpenData__miller2_vertical_30_ec_av_source.csv__miller2_vertical_30_ec_av_target.csv,49.14,0.82,
MagnetoFTGPT,OpenData__miller2_vertical_30_ec_ev_source.csv__miller2_vertical_30_ec_ev_target.csv,43.18,0.72,
MagnetoFTGPT,OpenData__miller2_vertical_50_ac1_av_source.csv__miller2_vertical_50_ac1_av_target.csv,67.33,1.12,
MagnetoFTGPT,OpenData__miller2_vertical_50_ac1_ev_source.csv__miller2_vertical_50_ac1_ev_target.csv,74.26,1.24,
MagnetoFTGPT,OpenData__miller2_vertical_50_ac2_av_source.csv__miller2_vertical_50_ac2_av_target.csv,7525.13,125.42,
MagnetoFTGPT,OpenData__miller2_vertical_50_ac2_ev_source.csv__miller2_vertical_50_ac2_ev_target.csv,95.04,1.58,
MagnetoFTGPT,OpenData__miller2_vertical_50_ac3_av_source.csv__miller2_vertical_50_ac3_av_target.csv,96.51,1.61,
MagnetoFTGPT,OpenData__miller2_vertical_50_ac3_ev_source.csv__miller2_vertical_50_ac3_ev_target.csv,102.25,1.7,
MagnetoFTGPT,OpenData__miller2_vertical_50_ac4_av_source.csv__miller2_vertical_50_ac4_av_target.csv,59.78,1.0,
MagnetoFTGPT,OpenData__miller2_vertical_50_ac4_ev_source.csv__miller2_vertical_50_ac4_ev_target.csv,72.69,1.21,
MagnetoFTGPT,OpenData__miller2_vertical_50_ac5_av_source.csv__miller2_vertical_50_ac5_av_target.csv,65.41,1.09,
MagnetoFTGPT,OpenData__miller2_vertical_50_ac5_ev_source.csv__miller2_vertical_50_ac5_ev_target.csv,79.55,1.33,
MagnetoFTGPT,OpenData__miller2_vertical_50_ec_av_source.csv__miller2_vertical_50_ec_av_target.csv,69.65,1.16,
MagnetoFTGPT,OpenData__miller2_vertical_50_ec_ev_source.csv__miller2_vertical_50_ec_ev_target.csv,53.95,0.9,
MagnetoFTGPT,OpenData__miller2_vertical_70_ac1_av_source.csv__miller2_vertical_70_ac1_av_target.csv,93.79,1.56,
MagnetoFTGPT,OpenData__miller2_vertical_70_ac1_ev_source.csv__miller2_vertical_70_ac1_ev_target.csv,98.89,1.65,
MagnetoFTGPT,OpenData__miller2_vertical_70_ac2_av_source.csv__miller2_vertical_70_ac2_av_target.csv,97.91,1.63,
MagnetoFTGPT,OpenData__miller2_vertical_70_ac2_ev_source.csv__miller2_vertical_70_ac2_ev_target.csv,107.29,1.79,
MagnetoFTGPT,OpenData__miller2_vertical_70_ac3_av_source.csv__miller2_vertical_70_ac3_av_target.csv,102.94,1.72,
MagnetoFTGPT,OpenData__miller2_vertical_70_ac3_ev_source.csv__miller2_vertical_70_ac3_ev_target.csv,106.24,1.77,
MagnetoFTGPT,OpenData__miller2_vertical_70_ac4_av_source.csv__miller2_vertical_70_ac4_av_target.csv,68.44,1.14,
MagnetoFTGPT,OpenData__miller2_vertical_70_ac4_ev_source.csv__miller2_vertical_70_ac4_ev_target.csv,76.29,1.27,
MagnetoFTGPT,OpenData__miller2_vertical_70_ac5_av_source.csv__miller2_vertical_70_ac5_av_target.csv,91.77,1.53,
MagnetoFTGPT,OpenData__miller2_vertical_70_ac5_ev_source.csv__miller2_vertical_70_ac5_ev_target.csv,87.72,1.46,
MagnetoFTGPT,OpenData__miller2_vertical_70_ec_av_source.csv__miller2_vertical_70_ec_av_target.csv,85.28,1.42,
MagnetoFTGPT,OpenData__miller2_vertical_70_ec_ev_source.csv__miller2_vertical_70_ec_ev_target.csv,86.14,1.44,
MagnetoFTGPT,TPC-DI__prospect_both_0_1_ac1_av_source.csv__prospect_both_0_1_ac1_av_target.csv,13.02,0.22,
MagnetoFTGPT,TPC-DI__prospect_both_0_1_ac1_ev_source.csv__prospect_both_0_1_ac1_ev_target.csv,9.61,0.16,
MagnetoFTGPT,TPC-DI__prospect_both_0_1_ac2_av_source.csv__prospect_both_0_1_ac2_av_target.csv,10.73,0.18,
MagnetoFTGPT,TPC-DI__prospect_both_0_1_ac2_ev_source.csv__prospect_both_0_1_ac2_ev_target.csv,12.9,0.22,
MagnetoFTGPT,TPC-DI__prospect_both_0_1_ac3_av_source.csv__prospect_both_0_1_ac3_av_target.csv,13.68,0.23,
MagnetoFTGPT,TPC-DI__prospect_both_0_1_ac3_ev_source.csv__prospect_both_0_1_ac3_ev_target.csv,12.02,0.2,
MagnetoFTGPT,TPC-DI__prospect_both_0_1_ac4_av_source.csv__prospect_both_0_1_ac4_av_target.csv,14.2,0.24,
MagnetoFTGPT,TPC-DI__prospect_both_0_1_ac4_ev_source.csv__prospect_both_0_1_ac4_ev_target.csv,14.92,0.25,
MagnetoFTGPT,TPC-DI__prospect_both_0_1_ac5_av_source.csv__prospect_both_0_1_ac5_av_target.csv,12.03,0.2,
MagnetoFTGPT,TPC-DI__prospect_both_0_1_ac5_ev_source.csv__prospect_both_0_1_ac5_ev_target.csv,12.41,0.21,
MagnetoFTGPT,TPC-DI__prospect_both_0_1_ec_av_source.csv__prospect_both_0_1_ec_av_target.csv,7.89,0.13,
MagnetoFTGPT,TPC-DI__prospect_both_0_1_ec_ev_source.csv__prospect_both_0_1_ec_ev_target.csv,10.31,0.17,
MagnetoFTGPT,TPC-DI__prospect_both_0_30_ac1_av_source.csv__prospect_both_0_30_ac1_av_target.csv,22.78,0.38,
MagnetoFTGPT,TPC-DI__prospect_both_0_30_ac1_ev_source.csv__prospect_both_0_30_ac1_ev_target.csv,17.13,0.29,
MagnetoFTGPT,TPC-DI__prospect_both_0_30_ac2_av_source.csv__prospect_both_0_30_ac2_av_target.csv,18.62,0.31,
MagnetoFTGPT,TPC-DI__prospect_both_0_30_ac2_ev_source.csv__prospect_both_0_30_ac2_ev_target.csv,23.09,0.38,
MagnetoFTGPT,TPC-DI__prospect_both_0_30_ac3_av_source.csv__prospect_both_0_30_ac3_av_target.csv,22.17,0.37,
MagnetoFTGPT,TPC-DI__prospect_both_0_30_ac3_ev_source.csv__prospect_both_0_30_ac3_ev_target.csv,22.56,0.38,
MagnetoFTGPT,TPC-DI__prospect_both_0_30_ac4_av_source.csv__prospect_both_0_30_ac4_av_target.csv,22.27,0.37,
MagnetoFTGPT,TPC-DI__prospect_both_0_30_ac4_ev_source.csv__prospect_both_0_30_ac4_ev_target.csv,26.93,0.45,
MagnetoFTGPT,TPC-DI__prospect_both_0_30_ac5_av_source.csv__prospect_both_0_30_ac5_av_target.csv,20.07,0.33,
MagnetoFTGPT,TPC-DI__prospect_both_0_30_ac5_ev_source.csv__prospect_both_0_30_ac5_ev_target.csv,28.73,0.48,
MagnetoFTGPT,TPC-DI__prospect_both_0_30_ec_av_source.csv__prospect_both_0_30_ec_av_target.csv,17.2,0.29,
MagnetoFTGPT,TPC-DI__prospect_both_0_30_ec_ev_source.csv__prospect_both_0_30_ec_ev_target.csv,17.77,0.3,
MagnetoFTGPT,TPC-DI__prospect_both_0_50_ac1_av_source.csv__prospect_both_0_50_ac1_av_target.csv,24.71,0.41,
MagnetoFTGPT,TPC-DI__prospect_both_0_50_ac1_ev_source.csv__prospect_both_0_50_ac1_ev_target.csv,23.75,0.4,
MagnetoFTGPT,TPC-DI__prospect_both_0_50_ac2_av_source.csv__prospect_both_0_50_ac2_av_target.csv,28.75,0.48,
MagnetoFTGPT,TPC-DI__prospect_both_0_50_ac2_ev_source.csv__prospect_both_0_50_ac2_ev_target.csv,33.03,0.55,
MagnetoFTGPT,TPC-DI__prospect_both_0_50_ac3_av_source.csv__prospect_both_0_50_ac3_av_target.csv,29.34,0.49,
MagnetoFTGPT,TPC-DI__prospect_both_0_50_ac3_ev_source.csv__prospect_both_0_50_ac3_ev_target.csv,26.33,0.44,
MagnetoFTGPT,TPC-DI__prospect_both_0_50_ac4_av_source.csv__prospect_both_0_50_ac4_av_target.csv,32.74,0.55,
MagnetoFTGPT,TPC-DI__prospect_both_0_50_ac4_ev_source.csv__prospect_both_0_50_ac4_ev_target.csv,30.75,0.51,
MagnetoFTGPT,TPC-DI__prospect_both_0_50_ac5_av_source.csv__prospect_both_0_50_ac5_av_target.csv,33.51,0.56,
MagnetoFTGPT,TPC-DI__prospect_both_0_50_ac5_ev_source.csv__prospect_both_0_50_ac5_ev_target.csv,29.42,0.49,
MagnetoFTGPT,TPC-DI__prospect_both_0_50_ec_av_source.csv__prospect_both_0_50_ec_av_target.csv,17.84,0.3,
MagnetoFTGPT,TPC-DI__prospect_both_0_50_ec_ev_source.csv__prospect_both_0_50_ec_ev_target.csv,28.75,0.48,
MagnetoFTGPT,TPC-DI__prospect_both_0_70_ac1_av_source.csv__prospect_both_0_70_ac1_av_target.csv,31.1,0.52,
MagnetoFTGPT,TPC-DI__prospect_both_0_70_ac1_ev_source.csv__prospect_both_0_70_ac1_ev_target.csv,36.94,0.62,
MagnetoFTGPT,TPC-DI__prospect_both_0_70_ac2_av_source.csv__prospect_both_0_70_ac2_av_target.csv,43.17,0.72,
MagnetoFTGPT,TPC-DI__prospect_both_0_70_ac2_ev_source.csv__prospect_both_0_70_ac2_ev_target.csv,33.45,0.56,
MagnetoFTGPT,TPC-DI__prospect_both_0_70_ac3_av_source.csv__prospect_both_0_70_ac3_av_target.csv,36.14,0.6,
MagnetoFTGPT,TPC-DI__prospect_both_0_70_ac3_ev_source.csv__prospect_both_0_70_ac3_ev_target.csv,37.01,0.62,
MagnetoFTGPT,TPC-DI__prospect_both_0_70_ac4_av_source.csv__prospect_both_0_70_ac4_av_target.csv,34.83,0.58,
MagnetoFTGPT,TPC-DI__prospect_both_0_70_ac4_ev_source.csv__prospect_both_0_70_ac4_ev_target.csv,33.89,0.56,
MagnetoFTGPT,TPC-DI__prospect_both_0_70_ac5_av_source.csv__prospect_both_0_70_ac5_av_target.csv,35.14,0.59,
MagnetoFTGPT,TPC-DI__prospect_both_0_70_ac5_ev_source.csv__prospect_both_0_70_ac5_ev_target.csv,41.29,0.69,
MagnetoFTGPT,TPC-DI__prospect_both_0_70_ec_av_source.csv__prospect_both_0_70_ec_av_target.csv,23.83,0.4,
MagnetoFTGPT,TPC-DI__prospect_both_0_70_ec_ev_source.csv__prospect_both_0_70_ec_ev_target.csv,29.7,0.5,
MagnetoFTGPT,TPC-DI__prospect_both_50_1_ac1_av_source.csv__prospect_both_50_1_ac1_av_target.csv,10.19,0.17,
MagnetoFTGPT,TPC-DI__prospect_both_50_1_ac1_ev_source.csv__prospect_both_50_1_ac1_ev_target.csv,10.72,0.18,
MagnetoFTGPT,TPC-DI__prospect_both_50_1_ac2_av_source.csv__prospect_both_50_1_ac2_av_target.csv,13.51,0.23,
MagnetoFTGPT,TPC-DI__prospect_both_50_1_ac2_ev_source.csv__prospect_both_50_1_ac2_ev_target.csv,12.18,0.2,
MagnetoFTGPT,TPC-DI__prospect_both_50_1_ac3_av_source.csv__prospect_both_50_1_ac3_av_target.csv,13.38,0.22,
MagnetoFTGPT,TPC-DI__prospect_both_50_1_ac3_ev_source.csv__prospect_both_50_1_ac3_ev_target.csv,14.87,0.25,
MagnetoFTGPT,TPC-DI__prospect_both_50_1_ac4_av_source.csv__prospect_both_50_1_ac4_av_target.csv,14.33,0.24,
MagnetoFTGPT,TPC-DI__prospect_both_50_1_ac4_ev_source.csv__prospect_both_50_1_ac4_ev_target.csv,12.82,0.21,
MagnetoFTGPT,TPC-DI__prospect_both_50_1_ac5_av_source.csv__prospect_both_50_1_ac5_av_target.csv,18.85,0.31,
MagnetoFTGPT,TPC-DI__prospect_both_50_1_ac5_ev_source.csv__prospect_both_50_1_ac5_ev_target.csv,13.88,0.23,
MagnetoFTGPT,TPC-DI__prospect_both_50_1_ec_av_source.csv__prospect_both_50_1_ec_av_target.csv,9.9,0.17,
MagnetoFTGPT,TPC-DI__prospect_both_50_1_ec_ev_source.csv__prospect_both_50_1_ec_ev_target.csv,9.09,0.15,
MagnetoFTGPT,TPC-DI__prospect_both_50_30_ac1_av_source.csv__prospect_both_50_30_ac1_av_target.csv,18.6,0.31,
MagnetoFTGPT,TPC-DI__prospect_both_50_30_ac1_ev_source.csv__prospect_both_50_30_ac1_ev_target.csv,18.92,0.32,
MagnetoFTGPT,TPC-DI__prospect_both_50_30_ac2_av_source.csv__prospect_both_50_30_ac2_av_target.csv,20.64,0.34,
MagnetoFTGPT,TPC-DI__prospect_both_50_30_ac2_ev_source.csv__prospect_both_50_30_ac2_ev_target.csv,18.55,0.31,
MagnetoFTGPT,TPC-DI__prospect_both_50_30_ac3_av_source.csv__prospect_both_50_30_ac3_av_target.csv,19.43,0.32,
MagnetoFTGPT,TPC-DI__prospect_both_50_30_ac3_ev_source.csv__prospect_both_50_30_ac3_ev_target.csv,22.9,0.38,
MagnetoFTGPT,TPC-DI__prospect_both_50_30_ac4_av_source.csv__prospect_both_50_30_ac4_av_target.csv,19.31,0.32,
MagnetoFTGPT,TPC-DI__prospect_both_50_30_ac4_ev_source.csv__prospect_both_50_30_ac4_ev_target.csv,20.85,0.35,
MagnetoFTGPT,TPC-DI__prospect_both_50_30_ac5_av_source.csv__prospect_both_50_30_ac5_av_target.csv,22.66,0.38,
MagnetoFTGPT,TPC-DI__prospect_both_50_30_ac5_ev_source.csv__prospect_both_50_30_ac5_ev_target.csv,27.31,0.46,
MagnetoFTGPT,TPC-DI__prospect_both_50_30_ec_av_source.csv__prospect_both_50_30_ec_av_target.csv,15.17,0.25,
MagnetoFTGPT,TPC-DI__prospect_both_50_30_ec_ev_source.csv__prospect_both_50_30_ec_ev_target.csv,14.91,0.25,
MagnetoFTGPT,TPC-DI__prospect_both_50_50_ac1_av_source.csv__prospect_both_50_50_ac1_av_target.csv,22.55,0.38,
MagnetoFTGPT,TPC-DI__prospect_both_50_50_ac1_ev_source.csv__prospect_both_50_50_ac1_ev_target.csv,27.83,0.46,
MagnetoFTGPT,TPC-DI__prospect_both_50_50_ac2_av_source.csv__prospect_both_50_50_ac2_av_target.csv,32.65,0.54,
MagnetoFTGPT,TPC-DI__prospect_both_50_50_ac2_ev_source.csv__prospect_both_50_50_ac2_ev_target.csv,27.78,0.46,
MagnetoFTGPT,TPC-DI__prospect_both_50_50_ac3_av_source.csv__prospect_both_50_50_ac3_av_target.csv,34.0,0.57,
MagnetoFTGPT,TPC-DI__prospect_both_50_50_ac3_ev_source.csv__prospect_both_50_50_ac3_ev_target.csv,25.7,0.43,
MagnetoFTGPT,TPC-DI__prospect_both_50_50_ac4_av_source.csv__prospect_both_50_50_ac4_av_target.csv,26.56,0.44,
MagnetoFTGPT,TPC-DI__prospect_both_50_50_ac4_ev_source.csv__prospect_both_50_50_ac4_ev_target.csv,25.68,0.43,
MagnetoFTGPT,TPC-DI__prospect_both_50_50_ac5_av_source.csv__prospect_both_50_50_ac5_av_target.csv,33.0,0.55,
MagnetoFTGPT,TPC-DI__prospect_both_50_50_ac5_ev_source.csv__prospect_both_50_50_ac5_ev_target.csv,30.64,0.51,
MagnetoFTGPT,TPC-DI__prospect_both_50_50_ec_av_source.csv__prospect_both_50_50_ec_av_target.csv,22.93,0.38,
MagnetoFTGPT,TPC-DI__prospect_both_50_50_ec_ev_source.csv__prospect_both_50_50_ec_ev_target.csv,20.62,0.34,
MagnetoFTGPT,TPC-DI__prospect_both_50_70_ac1_av_source.csv__prospect_both_50_70_ac1_av_target.csv,27.99,0.47,
MagnetoFTGPT,TPC-DI__prospect_both_50_70_ac1_ev_source.csv__prospect_both_50_70_ac1_ev_target.csv,30.25,0.5,
MagnetoFTGPT,TPC-DI__prospect_both_50_70_ac2_av_source.csv__prospect_both_50_70_ac2_av_target.csv,39.23,0.65,
MagnetoFTGPT,TPC-DI__prospect_both_50_70_ac2_ev_source.csv__prospect_both_50_70_ac2_ev_target.csv,35.63,0.59,
MagnetoFTGPT,TPC-DI__prospect_both_50_70_ac3_av_source.csv__prospect_both_50_70_ac3_av_target.csv,37.34,0.62,
MagnetoFTGPT,TPC-DI__prospect_both_50_70_ac3_ev_source.csv__prospect_both_50_70_ac3_ev_target.csv,35.66,0.59,
MagnetoFTGPT,TPC-DI__prospect_both_50_70_ac4_av_source.csv__prospect_both_50_70_ac4_av_target.csv,38.84,0.65,
MagnetoFTGPT,TPC-DI__prospect_both_50_70_ac4_ev_source.csv__prospect_both_50_70_ac4_ev_target.csv,35.73,0.6,
MagnetoFTGPT,TPC-DI__prospect_both_50_70_ac5_av_source.csv__prospect_both_50_70_ac5_av_target.csv,37.99,0.63,
MagnetoFTGPT,TPC-DI__prospect_both_50_70_ac5_ev_source.csv__prospect_both_50_70_ac5_ev_target.csv,33.96,0.57,
MagnetoFTGPT,TPC-DI__prospect_both_50_70_ec_av_source.csv__prospect_both_50_70_ec_av_target.csv,24.35,0.41,
MagnetoFTGPT,TPC-DI__prospect_both_50_70_ec_ev_source.csv__prospect_both_50_70_ec_ev_target.csv,31.49,0.52,
MagnetoFTGPT,TPC-DI__prospect_horizontal_0_ac1_av_source.csv__prospect_horizontal_0_ac1_av_target.csv,50.33,0.84,
MagnetoFTGPT,TPC-DI__prospect_horizontal_0_ac1_ev_source.csv__prospect_horizontal_0_ac1_ev_target.csv,43.45,0.72,
MagnetoFTGPT,TPC-DI__prospect_horizontal_0_ac2_av_source.csv__prospect_horizontal_0_ac2_av_target.csv,50.22,0.84,
MagnetoFTGPT,TPC-DI__prospect_horizontal_0_ac2_ev_source.csv__prospect_horizontal_0_ac2_ev_target.csv,44.68,0.74,
MagnetoFTGPT,TPC-DI__prospect_horizontal_0_ac3_av_source.csv__prospect_horizontal_0_ac3_av_target.csv,55.09,0.92,
MagnetoFTGPT,TPC-DI__prospect_horizontal_0_ac3_ev_source.csv__prospect_horizontal_0_ac3_ev_target.csv,48.2,0.8,
MagnetoFTGPT,TPC-DI__prospect_horizontal_0_ac4_av_source.csv__prospect_horizontal_0_ac4_av_target.csv,49.18,0.82,
MagnetoFTGPT,TPC-DI__prospect_horizontal_0_ac4_ev_source.csv__prospect_horizontal_0_ac4_ev_target.csv,48.95,0.82,
MagnetoFTGPT,TPC-DI__prospect_horizontal_0_ac5_av_source.csv__prospect_horizontal_0_ac5_av_target.csv,45.15,0.75,
MagnetoFTGPT,TPC-DI__prospect_horizontal_0_ac5_ev_source.csv__prospect_horizontal_0_ac5_ev_target.csv,42.72,0.71,
MagnetoFTGPT,TPC-DI__prospect_horizontal_0_ec_av_source.csv__prospect_horizontal_0_ec_av_target.csv,38.6,0.64,
MagnetoFTGPT,TPC-DI__prospect_horizontal_0_ec_ev_source.csv__prospect_horizontal_0_ec_ev_target.csv,41.17,0.69,
MagnetoFTGPT,TPC-DI__prospect_horizontal_100_ac1_av_source.csv__prospect_horizontal_100_ac1_av_target.csv,40.05,0.67,
MagnetoFTGPT,TPC-DI__prospect_horizontal_100_ac1_ev_source.csv__prospect_horizontal_100_ac1_ev_target.csv,52.09,0.87,
MagnetoFTGPT,TPC-DI__prospect_horizontal_100_ac2_av_source.csv__prospect_horizontal_100_ac2_av_target.csv,54.31,0.91,
MagnetoFTGPT,TPC-DI__prospect_horizontal_100_ac2_ev_source.csv__prospect_horizontal_100_ac2_ev_target.csv,48.76,0.81,
MagnetoFTGPT,TPC-DI__prospect_horizontal_100_ac3_av_source.csv__prospect_horizontal_100_ac3_av_target.csv,57.25,0.95,
MagnetoFTGPT,TPC-DI__prospect_horizontal_100_ac3_ev_source.csv__prospect_horizontal_100_ac3_ev_target.csv,52.88,0.88,
MagnetoFTGPT,TPC-DI__prospect_horizontal_100_ac4_av_source.csv__prospect_horizontal_100_ac4_av_target.csv,59.94,1.0,
MagnetoFTGPT,TPC-DI__prospect_horizontal_100_ac4_ev_source.csv__prospect_horizontal_100_ac4_ev_target.csv,47.52,0.79,
MagnetoFTGPT,TPC-DI__prospect_horizontal_100_ac5_av_source.csv__prospect_horizontal_100_ac5_av_target.csv,51.3,0.86,
MagnetoFTGPT,TPC-DI__prospect_horizontal_100_ac5_ev_source.csv__prospect_horizontal_100_ac5_ev_target.csv,54.3,0.9,
MagnetoFTGPT,TPC-DI__prospect_horizontal_100_ec_av_source.csv__prospect_horizontal_100_ec_av_target.csv,37.65,0.63,
MagnetoFTGPT,TPC-DI__prospect_horizontal_100_ec_ev_source.csv__prospect_horizontal_100_ec_ev_target.csv,42.17,0.7,
MagnetoFTGPT,TPC-DI__prospect_horizontal_50_ac1_av_source.csv__prospect_horizontal_50_ac1_av_target.csv,43.62,0.73,
MagnetoFTGPT,TPC-DI__prospect_horizontal_50_ac1_ev_source.csv__prospect_horizontal_50_ac1_ev_target.csv,53.33,0.89,
MagnetoFTGPT,TPC-DI__prospect_horizontal_50_ac2_av_source.csv__prospect_horizontal_50_ac2_av_target.csv,45.85,0.76,
MagnetoFTGPT,TPC-DI__prospect_horizontal_50_ac2_ev_source.csv__prospect_horizontal_50_ac2_ev_target.csv,54.04,0.9,
MagnetoFTGPT,TPC-DI__prospect_horizontal_50_ac3_av_source.csv__prospect_horizontal_50_ac3_av_target.csv,43.32,0.72,
MagnetoFTGPT,TPC-DI__prospect_horizontal_50_ac3_ev_source.csv__prospect_horizontal_50_ac3_ev_target.csv,44.86,0.75,
MagnetoFTGPT,TPC-DI__prospect_horizontal_50_ac4_av_source.csv__prospect_horizontal_50_ac4_av_target.csv,54.48,0.91,
MagnetoFTGPT,TPC-DI__prospect_horizontal_50_ac4_ev_source.csv__prospect_horizontal_50_ac4_ev_target.csv,55.47,0.92,
MagnetoFTGPT,TPC-DI__prospect_horizontal_50_ac5_av_source.csv__prospect_horizontal_50_ac5_av_target.csv,44.08,0.73,
MagnetoFTGPT,TPC-DI__prospect_horizontal_50_ac5_ev_source.csv__prospect_horizontal_50_ac5_ev_target.csv,56.64,0.94,
MagnetoFTGPT,TPC-DI__prospect_horizontal_50_ec_av_source.csv__prospect_horizontal_50_ec_av_target.csv,42.61,0.71,
MagnetoFTGPT,TPC-DI__prospect_horizontal_50_ec_ev_source.csv__prospect_horizontal_50_ec_ev_target.csv,43.41,0.72,
MagnetoFTGPT,TPC-DI__prospect_vertical_1_ac1_av_source.csv__prospect_vertical_1_ac1_av_target.csv,10.28,0.17,
MagnetoFTGPT,TPC-DI__prospect_vertical_1_ac1_ev_source.csv__prospect_vertical_1_ac1_ev_target.csv,9.42,0.16,
MagnetoFTGPT,TPC-DI__prospect_vertical_1_ac2_av_source.csv__prospect_vertical_1_ac2_av_target.csv,13.35,0.22,
MagnetoFTGPT,TPC-DI__prospect_vertical_1_ac2_ev_source.csv__prospect_vertical_1_ac2_ev_target.csv,13.05,0.22,
MagnetoFTGPT,TPC-DI__prospect_vertical_1_ac3_av_source.csv__prospect_vertical_1_ac3_av_target.csv,13.0,0.22,
MagnetoFTGPT,TPC-DI__prospect_vertical_1_ac3_ev_source.csv__prospect_vertical_1_ac3_ev_target.csv,15.42,0.26,
MagnetoFTGPT,TPC-DI__prospect_vertical_1_ac4_av_source.csv__prospect_vertical_1_ac4_av_target.csv,14.05,0.23,
MagnetoFTGPT,TPC-DI__prospect_vertical_1_ac4_ev_source.csv__prospect_vertical_1_ac4_ev_target.csv,15.09,0.25,
MagnetoFTGPT,TPC-DI__prospect_vertical_1_ac5_av_source.csv__prospect_vertical_1_ac5_av_target.csv,16.81,0.28,
MagnetoFTGPT,TPC-DI__prospect_vertical_1_ac5_ev_source.csv__prospect_vertical_1_ac5_ev_target.csv,14.21,0.24,
MagnetoFTGPT,TPC-DI__prospect_vertical_1_ec_av_source.csv__prospect_vertical_1_ec_av_target.csv,8.21,0.14,
MagnetoFTGPT,TPC-DI__prospect_vertical_1_ec_ev_source.csv__prospect_vertical_1_ec_ev_target.csv,7.65,0.13,
MagnetoFTGPT,TPC-DI__prospect_vertical_30_ac1_av_source.csv__prospect_vertical_30_ac1_av_target.csv,18.07,0.3,
MagnetoFTGPT,TPC-DI__prospect_vertical_30_ac1_ev_source.csv__prospect_vertical_30_ac1_ev_target.csv,16.43,0.27,
MagnetoFTGPT,TPC-DI__prospect_vertical_30_ac2_av_source.csv__prospect_vertical_30_ac2_av_target.csv,19.04,0.32,
MagnetoFTGPT,TPC-DI__prospect_vertical_30_ac2_ev_source.csv__prospect_vertical_30_ac2_ev_target.csv,16.22,0.27,
MagnetoFTGPT,TPC-DI__prospect_vertical_30_ac3_av_source.csv__prospect_vertical_30_ac3_av_target.csv,19.24,0.32,
MagnetoFTGPT,TPC-DI__prospect_vertical_30_ac3_ev_source.csv__prospect_vertical_30_ac3_ev_target.csv,27.51,0.46,
MagnetoFTGPT,TPC-DI__prospect_vertical_30_ac4_av_source.csv__prospect_vertical_30_ac4_av_target.csv,23.1,0.38,
MagnetoFTGPT,TPC-DI__prospect_vertical_30_ac4_ev_source.csv__prospect_vertical_30_ac4_ev_target.csv,20.17,0.34,
MagnetoFTGPT,TPC-DI__prospect_vertical_30_ac5_av_source.csv__prospect_vertical_30_ac5_av_target.csv,20.02,0.33,
MagnetoFTGPT,TPC-DI__prospect_vertical_30_ac5_ev_source.csv__prospect_vertical_30_ac5_ev_target.csv,19.69,0.33,
MagnetoFTGPT,TPC-DI__prospect_vertical_30_ec_av_source.csv__prospect_vertical_30_ec_av_target.csv,16.75,0.28,
MagnetoFTGPT,TPC-DI__prospect_vertical_30_ec_ev_source.csv__prospect_vertical_30_ec_ev_target.csv,14.16,0.24,
MagnetoFTGPT,TPC-DI__prospect_vertical_50_ac1_av_source.csv__prospect_vertical_50_ac1_av_target.csv,26.86,0.45,
MagnetoFTGPT,TPC-DI__prospect_vertical_50_ac1_ev_source.csv__prospect_vertical_50_ac1_ev_target.csv,31.48,0.52,
MagnetoFTGPT,TPC-DI__prospect_vertical_50_ac2_av_source.csv__prospect_vertical_50_ac2_av_target.csv,35.94,0.6,
MagnetoFTGPT,TPC-DI__prospect_vertical_50_ac2_ev_source.csv__prospect_vertical_50_ac2_ev_target.csv,24.45,0.41,
MagnetoFTGPT,TPC-DI__prospect_vertical_50_ac3_av_source.csv__prospect_vertical_50_ac3_av_target.csv,35.35,0.59,
MagnetoFTGPT,TPC-DI__prospect_vertical_50_ac3_ev_source.csv__prospect_vertical_50_ac3_ev_target.csv,26.29,0.44,
MagnetoFTGPT,TPC-DI__prospect_vertical_50_ac4_av_source.csv__prospect_vertical_50_ac4_av_target.csv,30.98,0.52,
MagnetoFTGPT,TPC-DI__prospect_vertical_50_ac4_ev_source.csv__prospect_vertical_50_ac4_ev_target.csv,36.74,0.61,
MagnetoFTGPT,TPC-DI__prospect_vertical_50_ac5_av_source.csv__prospect_vertical_50_ac5_av_target.csv,31.42,0.52,
MagnetoFTGPT,TPC-DI__prospect_vertical_50_ac5_ev_source.csv__prospect_vertical_50_ac5_ev_target.csv,29.1,0.49,
MagnetoFTGPT,TPC-DI__prospect_vertical_50_ec_av_source.csv__prospect_vertical_50_ec_av_target.csv,21.28,0.35,
MagnetoFTGPT,TPC-DI__prospect_vertical_50_ec_ev_source.csv__prospect_vertical_50_ec_ev_target.csv,20.39,0.34,
MagnetoFTGPT,TPC-DI__prospect_vertical_70_ac1_av_source.csv__prospect_vertical_70_ac1_av_target.csv,36.06,0.6,
MagnetoFTGPT,TPC-DI__prospect_vertical_70_ac1_ev_source.csv__prospect_vertical_70_ac1_ev_target.csv,26.35,0.44,
MagnetoFTGPT,TPC-DI__prospect_vertical_70_ac2_av_source.csv__prospect_vertical_70_ac2_av_target.csv,35.24,0.59,
MagnetoFTGPT,TPC-DI__prospect_vertical_70_ac2_ev_source.csv__prospect_vertical_70_ac2_ev_target.csv,38.67,0.64,
MagnetoFTGPT,TPC-DI__prospect_vertical_70_ac3_av_source.csv__prospect_vertical_70_ac3_av_target.csv,34.59,0.58,
MagnetoFTGPT,TPC-DI__prospect_vertical_70_ac3_ev_source.csv__prospect_vertical_70_ac3_ev_target.csv,34.9,0.58,
MagnetoFTGPT,TPC-DI__prospect_vertical_70_ac4_av_source.csv__prospect_vertical_70_ac4_av_target.csv,36.55,0.61,
MagnetoFTGPT,TPC-DI__prospect_vertical_70_ac4_ev_source.csv__prospect_vertical_70_ac4_ev_target.csv,36.42,0.61,
MagnetoFTGPT,TPC-DI__prospect_vertical_70_ac5_av_source.csv__prospect_vertical_70_ac5_av_target.csv,34.95,0.58,
MagnetoFTGPT,TPC-DI__prospect_vertical_70_ac5_ev_source.csv__prospect_vertical_70_ac5_ev_target.csv,35.6,0.59,
MagnetoFTGPT,TPC-DI__prospect_vertical_70_ec_av_source.csv__prospect_vertical_70_ec_av_target.csv,25.38,0.42,
MagnetoFTGPT,TPC-DI__prospect_vertical_70_ec_ev_source.csv__prospect_vertical_70_ec_ev_target.csv,31.05,0.52,
MagnetoFTGPT,Wikidata__musicians_joinable_source.csv__musicians_joinable_target.csv,29.89,0.5,
MagnetoFTGPT,Wikidata__musicians_semjoinable_source.csv__musicians_semjoinable_target.csv,35.49,0.59,
MagnetoFTGPT,Wikidata__musicians_unionable_source.csv__musicians_unionable_target.csv,54.66,0.91,
MagnetoFTGPT,Wikidata__musicians_viewunion_source.csv__musicians_viewunion_target.csv,25.5,0.42,
MagnetoFT,ChEMBL__assays_both_0_1_ac1_av_source.csv__assays_both_0_1_ac1_av_target.csv,3.89,0.06,
MagnetoFT,ChEMBL__assays_both_0_1_ac1_ev_source.csv__assays_both_0_1_ac1_ev_target.csv,3.44,0.06,
MagnetoFT,ChEMBL__assays_both_0_1_ac2_av_source.csv__assays_both_0_1_ac2_av_target.csv,3.29,0.05,
MagnetoFT,ChEMBL__assays_both_0_1_ac2_ev_source.csv__assays_both_0_1_ac2_ev_target.csv,3.11,0.05,
MagnetoFT,ChEMBL__assays_both_0_1_ac3_av_source.csv__assays_both_0_1_ac3_av_target.csv,3.34,0.06,
MagnetoFT,ChEMBL__assays_both_0_1_ac3_ev_source.csv__assays_both_0_1_ac3_ev_target.csv,3.29,0.05,
MagnetoFT,ChEMBL__assays_both_0_1_ac4_av_source.csv__assays_both_0_1_ac4_av_target.csv,3.55,0.06,
MagnetoFT,ChEMBL__assays_both_0_1_ac4_ev_source.csv__assays_both_0_1_ac4_ev_target.csv,3.17,0.05,
MagnetoFT,ChEMBL__assays_both_0_1_ac5_av_source.csv__assays_both_0_1_ac5_av_target.csv,3.83,0.06,
MagnetoFT,ChEMBL__assays_both_0_1_ac5_ev_source.csv__assays_both_0_1_ac5_ev_target.csv,3.33,0.06,
MagnetoFT,ChEMBL__assays_both_0_1_ec_av_source.csv__assays_both_0_1_ec_av_target.csv,3.46,0.06,
MagnetoFT,ChEMBL__assays_both_0_1_ec_ev_source.csv__assays_both_0_1_ec_ev_target.csv,3.63,0.06,
MagnetoFT,ChEMBL__assays_both_0_30_ac1_av_source.csv__assays_both_0_30_ac1_av_target.csv,4.19,0.07,
MagnetoFT,ChEMBL__assays_both_0_30_ac1_ev_source.csv__assays_both_0_30_ac1_ev_target.csv,4.49,0.07,
MagnetoFT,ChEMBL__assays_both_0_30_ac2_av_source.csv__assays_both_0_30_ac2_av_target.csv,4.38,0.07,
MagnetoFT,ChEMBL__assays_both_0_30_ac2_ev_source.csv__assays_both_0_30_ac2_ev_target.csv,3.46,0.06,
MagnetoFT,ChEMBL__assays_both_0_30_ac3_av_source.csv__assays_both_0_30_ac3_av_target.csv,3.57,0.06,
MagnetoFT,ChEMBL__assays_both_0_30_ac3_ev_source.csv__assays_both_0_30_ac3_ev_target.csv,3.54,0.06,
MagnetoFT,ChEMBL__assays_both_0_30_ac4_av_source.csv__assays_both_0_30_ac4_av_target.csv,3.69,0.06,
MagnetoFT,ChEMBL__assays_both_0_30_ac4_ev_source.csv__assays_both_0_30_ac4_ev_target.csv,3.5,0.06,
MagnetoFT,ChEMBL__assays_both_0_30_ac5_av_source.csv__assays_both_0_30_ac5_av_target.csv,3.6,0.06,
MagnetoFT,ChEMBL__assays_both_0_30_ac5_ev_source.csv__assays_both_0_30_ac5_ev_target.csv,3.68,0.06,
MagnetoFT,ChEMBL__assays_both_0_30_ec_av_source.csv__assays_both_0_30_ec_av_target.csv,3.57,0.06,
MagnetoFT,ChEMBL__assays_both_0_30_ec_ev_source.csv__assays_both_0_30_ec_ev_target.csv,4.2,0.07,
MagnetoFT,ChEMBL__assays_both_0_50_ac1_av_source.csv__assays_both_0_50_ac1_av_target.csv,4.69,0.08,
MagnetoFT,ChEMBL__assays_both_0_50_ac1_ev_source.csv__assays_both_0_50_ac1_ev_target.csv,4.66,0.08,
MagnetoFT,ChEMBL__assays_both_0_50_ac2_av_source.csv__assays_both_0_50_ac2_av_target.csv,3.73,0.06,
MagnetoFT,ChEMBL__assays_both_0_50_ac2_ev_source.csv__assays_both_0_50_ac2_ev_target.csv,4.47,0.07,
MagnetoFT,ChEMBL__assays_both_0_50_ac3_av_source.csv__assays_both_0_50_ac3_av_target.csv,3.84,0.06,
MagnetoFT,ChEMBL__assays_both_0_50_ac3_ev_source.csv__assays_both_0_50_ac3_ev_target.csv,3.89,0.06,
MagnetoFT,ChEMBL__assays_both_0_50_ac4_av_source.csv__assays_both_0_50_ac4_av_target.csv,3.81,0.06,
MagnetoFT,ChEMBL__assays_both_0_50_ac4_ev_source.csv__assays_both_0_50_ac4_ev_target.csv,4.75,0.08,
MagnetoFT,ChEMBL__assays_both_0_50_ac5_av_source.csv__assays_both_0_50_ac5_av_target.csv,3.94,0.07,
MagnetoFT,ChEMBL__assays_both_0_50_ac5_ev_source.csv__assays_both_0_50_ac5_ev_target.csv,3.88,0.06,
MagnetoFT,ChEMBL__assays_both_0_50_ec_av_source.csv__assays_both_0_50_ec_av_target.csv,3.84,0.06,
MagnetoFT,ChEMBL__assays_both_0_50_ec_ev_source.csv__assays_both_0_50_ec_ev_target.csv,3.83,0.06,
MagnetoFT,ChEMBL__assays_both_0_70_ac1_av_source.csv__assays_both_0_70_ac1_av_target.csv,4.29,0.07,
MagnetoFT,ChEMBL__assays_both_0_70_ac1_ev_source.csv__assays_both_0_70_ac1_ev_target.csv,5.05,0.08,
MagnetoFT,ChEMBL__assays_both_0_70_ac2_av_source.csv__assays_both_0_70_ac2_av_target.csv,4.28,0.07,
MagnetoFT,ChEMBL__assays_both_0_70_ac2_ev_source.csv__assays_both_0_70_ac2_ev_target.csv,3.92,0.07,
MagnetoFT,ChEMBL__assays_both_0_70_ac3_av_source.csv__assays_both_0_70_ac3_av_target.csv,4.15,0.07,
MagnetoFT,ChEMBL__assays_both_0_70_ac3_ev_source.csv__assays_both_0_70_ac3_ev_target.csv,4.19,0.07,
MagnetoFT,ChEMBL__assays_both_0_70_ac4_av_source.csv__assays_both_0_70_ac4_av_target.csv,8.09,0.13,
MagnetoFT,ChEMBL__assays_both_0_70_ac4_ev_source.csv__assays_both_0_70_ac4_ev_target.csv,4.08,0.07,
MagnetoFT,ChEMBL__assays_both_0_70_ac5_av_source.csv__assays_both_0_70_ac5_av_target.csv,7.89,0.13,
MagnetoFT,ChEMBL__assays_both_0_70_ac5_ev_source.csv__assays_both_0_70_ac5_ev_target.csv,4.92,0.08,
MagnetoFT,ChEMBL__assays_both_0_70_ec_av_source.csv__assays_both_0_70_ec_av_target.csv,7.18,0.12,
MagnetoFT,ChEMBL__assays_both_0_70_ec_ev_source.csv__assays_both_0_70_ec_ev_target.csv,4.89,0.08,
MagnetoFT,ChEMBL__assays_both_50_1_ac1_av_source.csv__assays_both_50_1_ac1_av_target.csv,3.6,0.06,
MagnetoFT,ChEMBL__assays_both_50_1_ac1_ev_source.csv__assays_both_50_1_ac1_ev_target.csv,3.69,0.06,
MagnetoFT,ChEMBL__assays_both_50_1_ac2_av_source.csv__assays_both_50_1_ac2_av_target.csv,3.25,0.05,
MagnetoFT,ChEMBL__assays_both_50_1_ac2_ev_source.csv__assays_both_50_1_ac2_ev_target.csv,3.19,0.05,
MagnetoFT,ChEMBL__assays_both_50_1_ac3_av_source.csv__assays_both_50_1_ac3_av_target.csv,3.32,0.06,
MagnetoFT,ChEMBL__assays_both_50_1_ac3_ev_source.csv__assays_both_50_1_ac3_ev_target.csv,3.61,0.06,
MagnetoFT,ChEMBL__assays_both_50_1_ac4_av_source.csv__assays_both_50_1_ac4_av_target.csv,3.29,0.05,
MagnetoFT,ChEMBL__assays_both_50_1_ac4_ev_source.csv__assays_both_50_1_ac4_ev_target.csv,5.52,0.09,
MagnetoFT,ChEMBL__assays_both_50_1_ac5_av_source.csv__assays_both_50_1_ac5_av_target.csv,3.92,0.07,
MagnetoFT,ChEMBL__assays_both_50_1_ac5_ev_source.csv__assays_both_50_1_ac5_ev_target.csv,3.9,0.07,
MagnetoFT,ChEMBL__assays_both_50_1_ec_av_source.csv__assays_both_50_1_ec_av_target.csv,3.98,0.07,
MagnetoFT,ChEMBL__assays_both_50_1_ec_ev_source.csv__assays_both_50_1_ec_ev_target.csv,3.37,0.06,
MagnetoFT,ChEMBL__assays_both_50_30_ac1_av_source.csv__assays_both_50_30_ac1_av_target.csv,3.8,0.06,
MagnetoFT,ChEMBL__assays_both_50_30_ac1_ev_source.csv__assays_both_50_30_ac1_ev_target.csv,5.44,0.09,
MagnetoFT,ChEMBL__assays_both_50_30_ac2_av_source.csv__assays_both_50_30_ac2_av_target.csv,6.37,0.11,
MagnetoFT,ChEMBL__assays_both_50_30_ac2_ev_source.csv__assays_both_50_30_ac2_ev_target.csv,6.95,0.12,
MagnetoFT,ChEMBL__assays_both_50_30_ac3_av_source.csv__assays_both_50_30_ac3_av_target.csv,3.84,0.06,
MagnetoFT,ChEMBL__assays_both_50_30_ac3_ev_source.csv__assays_both_50_30_ac3_ev_target.csv,3.5,0.06,
MagnetoFT,ChEMBL__assays_both_50_30_ac4_av_source.csv__assays_both_50_30_ac4_av_target.csv,3.8,0.06,
MagnetoFT,ChEMBL__assays_both_50_30_ac4_ev_source.csv__assays_both_50_30_ac4_ev_target.csv,3.7,0.06,
MagnetoFT,ChEMBL__assays_both_50_30_ac5_av_source.csv__assays_both_50_30_ac5_av_target.csv,7.62,0.13,
MagnetoFT,ChEMBL__assays_both_50_30_ac5_ev_source.csv__assays_both_50_30_ac5_ev_target.csv,6.17,0.1,
MagnetoFT,ChEMBL__assays_both_50_30_ec_av_source.csv__assays_both_50_30_ec_av_target.csv,3.71,0.06,
MagnetoFT,ChEMBL__assays_both_50_30_ec_ev_source.csv__assays_both_50_30_ec_ev_target.csv,5.93,0.1,
MagnetoFT,ChEMBL__assays_both_50_50_ac1_av_source.csv__assays_both_50_50_ac1_av_target.csv,4.19,0.07,
MagnetoFT,ChEMBL__assays_both_50_50_ac1_ev_source.csv__assays_both_50_50_ac1_ev_target.csv,6.42,0.11,
MagnetoFT,ChEMBL__assays_both_50_50_ac2_av_source.csv__assays_both_50_50_ac2_av_target.csv,7.63,0.13,
MagnetoFT,ChEMBL__assays_both_50_50_ac2_ev_source.csv__assays_both_50_50_ac2_ev_target.csv,4.68,0.08,
MagnetoFT,ChEMBL__assays_both_50_50_ac3_av_source.csv__assays_both_50_50_ac3_av_target.csv,7.14,0.12,
MagnetoFT,ChEMBL__assays_both_50_50_ac3_ev_source.csv__assays_both_50_50_ac3_ev_target.csv,6.65,0.11,
MagnetoFT,ChEMBL__assays_both_50_50_ac4_av_source.csv__assays_both_50_50_ac4_av_target.csv,4.16,0.07,
MagnetoFT,ChEMBL__assays_both_50_50_ac4_ev_source.csv__assays_both_50_50_ac4_ev_target.csv,5.49,0.09,
MagnetoFT,ChEMBL__assays_both_50_50_ac5_av_source.csv__assays_both_50_50_ac5_av_target.csv,4.18,0.07,
MagnetoFT,ChEMBL__assays_both_50_50_ac5_ev_source.csv__assays_both_50_50_ac5_ev_target.csv,7.06,0.12,
MagnetoFT,ChEMBL__assays_both_50_50_ec_av_source.csv__assays_both_50_50_ec_av_target.csv,7.08,0.12,
MagnetoFT,ChEMBL__assays_both_50_50_ec_ev_source.csv__assays_both_50_50_ec_ev_target.csv,3.99,0.07,
MagnetoFT,ChEMBL__assays_both_50_70_ac1_av_source.csv__assays_both_50_70_ac1_av_target.csv,8.1,0.13,
MagnetoFT,ChEMBL__assays_both_50_70_ac1_ev_source.csv__assays_both_50_70_ac1_ev_target.csv,7.59,0.13,
MagnetoFT,ChEMBL__assays_both_50_70_ac2_av_source.csv__assays_both_50_70_ac2_av_target.csv,8.79,0.15,
MagnetoFT,ChEMBL__assays_both_50_70_ac2_ev_source.csv__assays_both_50_70_ac2_ev_target.csv,4.18,0.07,
MagnetoFT,ChEMBL__assays_both_50_70_ac3_av_source.csv__assays_both_50_70_ac3_av_target.csv,7.93,0.13,
MagnetoFT,ChEMBL__assays_both_50_70_ac3_ev_source.csv__assays_both_50_70_ac3_ev_target.csv,6.23,0.1,
MagnetoFT,ChEMBL__assays_both_50_70_ac4_av_source.csv__assays_both_50_70_ac4_av_target.csv,4.19,0.07,
MagnetoFT,ChEMBL__assays_both_50_70_ac4_ev_source.csv__assays_both_50_70_ac4_ev_target.csv,7.85,0.13,
MagnetoFT,ChEMBL__assays_both_50_70_ac5_av_source.csv__assays_both_50_70_ac5_av_target.csv,4.66,0.08,
MagnetoFT,ChEMBL__assays_both_50_70_ac5_ev_source.csv__assays_both_50_70_ac5_ev_target.csv,5.69,0.09,
MagnetoFT,ChEMBL__assays_both_50_70_ec_av_source.csv__assays_both_50_70_ec_av_target.csv,4.25,0.07,
MagnetoFT,ChEMBL__assays_both_50_70_ec_ev_source.csv__assays_both_50_70_ec_ev_target.csv,8.51,0.14,
MagnetoFT,ChEMBL__assays_horizontal_0_ac1_av_source.csv__assays_horizontal_0_ac1_av_target.csv,5.86,0.1,
MagnetoFT,ChEMBL__assays_horizontal_0_ac1_ev_source.csv__assays_horizontal_0_ac1_ev_target.csv,5.67,0.09,
MagnetoFT,ChEMBL__assays_horizontal_0_ac2_av_source.csv__assays_horizontal_0_ac2_av_target.csv,5.66,0.09,
MagnetoFT,ChEMBL__assays_horizontal_0_ac2_ev_source.csv__assays_horizontal_0_ac2_ev_target.csv,5.77,0.1,
MagnetoFT,ChEMBL__assays_horizontal_0_ac3_av_source.csv__assays_horizontal_0_ac3_av_target.csv,5.88,0.1,
MagnetoFT,ChEMBL__assays_horizontal_0_ac3_ev_source.csv__assays_horizontal_0_ac3_ev_target.csv,6.01,0.1,
MagnetoFT,ChEMBL__assays_horizontal_0_ac4_av_source.csv__assays_horizontal_0_ac4_av_target.csv,5.79,0.1,
MagnetoFT,ChEMBL__assays_horizontal_0_ac4_ev_source.csv__assays_horizontal_0_ac4_ev_target.csv,6.26,0.1,
MagnetoFT,ChEMBL__assays_horizontal_0_ac5_av_source.csv__assays_horizontal_0_ac5_av_target.csv,6.79,0.11,
MagnetoFT,ChEMBL__assays_horizontal_0_ac5_ev_source.csv__assays_horizontal_0_ac5_ev_target.csv,5.84,0.1,
MagnetoFT,ChEMBL__assays_horizontal_0_ec_av_source.csv__assays_horizontal_0_ec_av_target.csv,5.76,0.1,
MagnetoFT,ChEMBL__assays_horizontal_0_ec_ev_source.csv__assays_horizontal_0_ec_ev_target.csv,5.59,0.09,
MagnetoFT,ChEMBL__assays_horizontal_100_ac1_av_source.csv__assays_horizontal_100_ac1_av_target.csv,6.38,0.11,
MagnetoFT,ChEMBL__assays_horizontal_100_ac1_ev_source.csv__assays_horizontal_100_ac1_ev_target.csv,5.92,0.1,
MagnetoFT,ChEMBL__assays_horizontal_100_ac2_av_source.csv__assays_horizontal_100_ac2_av_target.csv,6.98,0.12,
MagnetoFT,ChEMBL__assays_horizontal_100_ac2_ev_source.csv__assays_horizontal_100_ac2_ev_target.csv,6.54,0.11,
MagnetoFT,ChEMBL__assays_horizontal_100_ac3_av_source.csv__assays_horizontal_100_ac3_av_target.csv,7.46,0.12,
MagnetoFT,ChEMBL__assays_horizontal_100_ac3_ev_source.csv__assays_horizontal_100_ac3_ev_target.csv,5.88,0.1,
MagnetoFT,ChEMBL__assays_horizontal_100_ac4_av_source.csv__assays_horizontal_100_ac4_av_target.csv,7.31,0.12,
MagnetoFT,ChEMBL__assays_horizontal_100_ac4_ev_source.csv__assays_horizontal_100_ac4_ev_target.csv,6.04,0.1,
MagnetoFT,ChEMBL__assays_horizontal_100_ac5_av_source.csv__assays_horizontal_100_ac5_av_target.csv,6.35,0.11,
MagnetoFT,ChEMBL__assays_horizontal_100_ac5_ev_source.csv__assays_horizontal_100_ac5_ev_target.csv,6.06,0.1,
MagnetoFT,ChEMBL__assays_horizontal_100_ec_av_source.csv__assays_horizontal_100_ec_av_target.csv,5.9,0.1,
MagnetoFT,ChEMBL__assays_horizontal_100_ec_ev_source.csv__assays_horizontal_100_ec_ev_target.csv,5.75,0.1,
MagnetoFT,ChEMBL__assays_horizontal_50_ac1_av_source.csv__assays_horizontal_50_ac1_av_target.csv,6.88,0.11,
MagnetoFT,ChEMBL__assays_horizontal_50_ac1_ev_source.csv__assays_horizontal_50_ac1_ev_target.csv,5.98,0.1,
MagnetoFT,ChEMBL__assays_horizontal_50_ac2_av_source.csv__assays_horizontal_50_ac2_av_target.csv,6.45,0.11,
MagnetoFT,ChEMBL__assays_horizontal_50_ac2_ev_source.csv__assays_horizontal_50_ac2_ev_target.csv,5.94,0.1,
MagnetoFT,ChEMBL__assays_horizontal_50_ac3_av_source.csv__assays_horizontal_50_ac3_av_target.csv,6.86,0.11,
MagnetoFT,ChEMBL__assays_horizontal_50_ac3_ev_source.csv__assays_horizontal_50_ac3_ev_target.csv,7.34,0.12,
MagnetoFT,ChEMBL__assays_horizontal_50_ac4_av_source.csv__assays_horizontal_50_ac4_av_target.csv,6.46,0.11,
MagnetoFT,ChEMBL__assays_horizontal_50_ac4_ev_source.csv__assays_horizontal_50_ac4_ev_target.csv,6.08,0.1,
MagnetoFT,ChEMBL__assays_horizontal_50_ac5_av_source.csv__assays_horizontal_50_ac5_av_target.csv,6.58,0.11,
MagnetoFT,ChEMBL__assays_horizontal_50_ac5_ev_source.csv__assays_horizontal_50_ac5_ev_target.csv,6.35,0.11,
MagnetoFT,ChEMBL__assays_horizontal_50_ec_av_source.csv__assays_horizontal_50_ec_av_target.csv,6.51,0.11,
MagnetoFT,ChEMBL__assays_horizontal_50_ec_ev_source.csv__assays_horizontal_50_ec_ev_target.csv,5.77,0.1,
MagnetoFT,ChEMBL__assays_vertical_1_ac1_av_source.csv__assays_vertical_1_ac1_av_target.csv,3.89,0.06,
MagnetoFT,ChEMBL__assays_vertical_1_ac1_ev_source.csv__assays_vertical_1_ac1_ev_target.csv,3.68,0.06,
MagnetoFT,ChEMBL__assays_vertical_1_ac2_av_source.csv__assays_vertical_1_ac2_av_target.csv,3.41,0.06,
MagnetoFT,ChEMBL__assays_vertical_1_ac2_ev_source.csv__assays_vertical_1_ac2_ev_target.csv,3.34,0.06,
MagnetoFT,ChEMBL__assays_vertical_1_ac3_av_source.csv__assays_vertical_1_ac3_av_target.csv,3.71,0.06,
MagnetoFT,ChEMBL__assays_vertical_1_ac3_ev_source.csv__assays_vertical_1_ac3_ev_target.csv,3.62,0.06,
MagnetoFT,ChEMBL__assays_vertical_1_ac4_av_source.csv__assays_vertical_1_ac4_av_target.csv,3.76,0.06,
MagnetoFT,ChEMBL__assays_vertical_1_ac4_ev_source.csv__assays_vertical_1_ac4_ev_target.csv,3.58,0.06,
MagnetoFT,ChEMBL__assays_vertical_1_ac5_av_source.csv__assays_vertical_1_ac5_av_target.csv,3.6,0.06,
MagnetoFT,ChEMBL__assays_vertical_1_ac5_ev_source.csv__assays_vertical_1_ac5_ev_target.csv,5.81,0.1,
MagnetoFT,ChEMBL__assays_vertical_1_ec_av_source.csv__assays_vertical_1_ec_av_target.csv,3.72,0.06,
MagnetoFT,ChEMBL__assays_vertical_1_ec_ev_source.csv__assays_vertical_1_ec_ev_target.csv,3.53,0.06,
MagnetoFT,ChEMBL__assays_vertical_30_ac1_av_source.csv__assays_vertical_30_ac1_av_target.csv,4.34,0.07,
MagnetoFT,ChEMBL__assays_vertical_30_ac1_ev_source.csv__assays_vertical_30_ac1_ev_target.csv,6.44,0.11,
MagnetoFT,ChEMBL__assays_vertical_30_ac2_av_source.csv__assays_vertical_30_ac2_av_target.csv,6.09,0.1,
MagnetoFT,ChEMBL__assays_vertical_30_ac2_ev_source.csv__assays_vertical_30_ac2_ev_target.csv,6.0,0.1,
MagnetoFT,ChEMBL__assays_vertical_30_ac3_av_source.csv__assays_vertical_30_ac3_av_target.csv,3.87,0.06,
MagnetoFT,ChEMBL__assays_vertical_30_ac3_ev_source.csv__assays_vertical_30_ac3_ev_target.csv,4.41,0.07,
MagnetoFT,ChEMBL__assays_vertical_30_ac4_av_source.csv__assays_vertical_30_ac4_av_target.csv,3.79,0.06,
MagnetoFT,ChEMBL__assays_vertical_30_ac4_ev_source.csv__assays_vertical_30_ac4_ev_target.csv,7.37,0.12,
MagnetoFT,ChEMBL__assays_vertical_30_ac5_av_source.csv__assays_vertical_30_ac5_av_target.csv,4.04,0.07,
MagnetoFT,ChEMBL__assays_vertical_30_ac5_ev_source.csv__assays_vertical_30_ac5_ev_target.csv,6.4,0.11,
MagnetoFT,ChEMBL__assays_vertical_30_ec_av_source.csv__assays_vertical_30_ec_av_target.csv,3.83,0.06,
MagnetoFT,ChEMBL__assays_vertical_30_ec_ev_source.csv__assays_vertical_30_ec_ev_target.csv,6.68,0.11,
MagnetoFT,ChEMBL__assays_vertical_50_ac1_av_source.csv__assays_vertical_50_ac1_av_target.csv,7.04,0.12,
MagnetoFT,ChEMBL__assays_vertical_50_ac1_ev_source.csv__assays_vertical_50_ac1_ev_target.csv,4.95,0.08,
MagnetoFT,ChEMBL__assays_vertical_50_ac2_av_source.csv__assays_vertical_50_ac2_av_target.csv,4.7,0.08,
MagnetoFT,ChEMBL__assays_vertical_50_ac2_ev_source.csv__assays_vertical_50_ac2_ev_target.csv,4.44,0.07,
MagnetoFT,ChEMBL__assays_vertical_50_ac3_av_source.csv__assays_vertical_50_ac3_av_target.csv,4.42,0.07,
MagnetoFT,ChEMBL__assays_vertical_50_ac3_ev_source.csv__assays_vertical_50_ac3_ev_target.csv,5.86,0.1,
MagnetoFT,ChEMBL__assays_vertical_50_ac4_av_source.csv__assays_vertical_50_ac4_av_target.csv,7.32,0.12,
MagnetoFT,ChEMBL__assays_vertical_50_ac4_ev_source.csv__assays_vertical_50_ac4_ev_target.csv,4.83,0.08,
MagnetoFT,ChEMBL__assays_vertical_50_ac5_av_source.csv__assays_vertical_50_ac5_av_target.csv,4.35,0.07,
MagnetoFT,ChEMBL__assays_vertical_50_ac5_ev_source.csv__assays_vertical_50_ac5_ev_target.csv,6.54,0.11,
MagnetoFT,ChEMBL__assays_vertical_50_ec_av_source.csv__assays_vertical_50_ec_av_target.csv,6.6,0.11,
MagnetoFT,ChEMBL__assays_vertical_50_ec_ev_source.csv__assays_vertical_50_ec_ev_target.csv,7.3,0.12,
MagnetoFT,ChEMBL__assays_vertical_70_ac1_av_source.csv__assays_vertical_70_ac1_av_target.csv,7.75,0.13,
MagnetoFT,ChEMBL__assays_vertical_70_ac1_ev_source.csv__assays_vertical_70_ac1_ev_target.csv,5.3,0.09,
MagnetoFT,ChEMBL__assays_vertical_70_ac2_av_source.csv__assays_vertical_70_ac2_av_target.csv,7.17,0.12,
MagnetoFT,ChEMBL__assays_vertical_70_ac2_ev_source.csv__assays_vertical_70_ac2_ev_target.csv,8.34,0.14,
MagnetoFT,ChEMBL__assays_vertical_70_ac3_av_source.csv__assays_vertical_70_ac3_av_target.csv,7.61,0.13,
MagnetoFT,ChEMBL__assays_vertical_70_ac3_ev_source.csv__assays_vertical_70_ac3_ev_target.csv,7.69,0.13,
MagnetoFT,ChEMBL__assays_vertical_70_ac4_av_source.csv__assays_vertical_70_ac4_av_target.csv,7.95,0.13,
MagnetoFT,ChEMBL__assays_vertical_70_ac4_ev_source.csv__assays_vertical_70_ac4_ev_target.csv,6.03,0.1,
MagnetoFT,ChEMBL__assays_vertical_70_ac5_av_source.csv__assays_vertical_70_ac5_av_target.csv,7.53,0.13,
MagnetoFT,ChEMBL__assays_vertical_70_ac5_ev_source.csv__assays_vertical_70_ac5_ev_target.csv,5.49,0.09,
MagnetoFT,ChEMBL__assays_vertical_70_ec_av_source.csv__assays_vertical_70_ec_av_target.csv,7.11,0.12,
MagnetoFT,ChEMBL__assays_vertical_70_ec_ev_source.csv__assays_vertical_70_ec_ev_target.csv,5.81,0.1,
MagnetoFT,Magellan__amazon_google_exp_source.csv__amazon_google_exp_target.csv,4.35,0.07,
MagnetoFT,Magellan__beeradvo_ratebeer_source.csv__beeradvo_ratebeer_target.csv,4.16,0.07,
MagnetoFT,Magellan__dblp_acm_source.csv__dblp_acm_target.csv,4.44,0.07,
MagnetoFT,Magellan__dblp_scholar_source.csv__dblp_scholar_target.csv,4.34,0.07,
MagnetoFT,Magellan__fodors_zagats_source.csv__fodors_zagats_target.csv,2.94,0.05,
MagnetoFT,Magellan__itunes_amazon_source.csv__itunes_amazon_target.csv,7.48,0.12,
MagnetoFT,Magellan__walmart_amazon_source.csv__walmart_amazon_target.csv,4.24,0.07,
MagnetoFT,OpenData__miller2_both_0_1_ac1_av_source.csv__miller2_both_0_1_ac1_av_target.csv,8.08,0.13,
MagnetoFT,OpenData__miller2_both_0_1_ac1_ev_source.csv__miller2_both_0_1_ac1_ev_target.csv,9.98,0.17,
MagnetoFT,OpenData__miller2_both_0_1_ac2_av_source.csv__miller2_both_0_1_ac2_av_target.csv,8.6,0.14,
MagnetoFT,OpenData__miller2_both_0_1_ac2_ev_source.csv__miller2_both_0_1_ac2_ev_target.csv,7.88,0.13,
MagnetoFT,OpenData__miller2_both_0_1_ac3_av_source.csv__miller2_both_0_1_ac3_av_target.csv,8.79,0.15,
MagnetoFT,OpenData__miller2_both_0_1_ac3_ev_source.csv__miller2_both_0_1_ac3_ev_target.csv,9.26,0.15,
MagnetoFT,OpenData__miller2_both_0_1_ac4_av_source.csv__miller2_both_0_1_ac4_av_target.csv,8.87,0.15,
MagnetoFT,OpenData__miller2_both_0_1_ac4_ev_source.csv__miller2_both_0_1_ac4_ev_target.csv,8.7,0.15,
MagnetoFT,OpenData__miller2_both_0_1_ac5_av_source.csv__miller2_both_0_1_ac5_av_target.csv,8.61,0.14,
MagnetoFT,OpenData__miller2_both_0_1_ac5_ev_source.csv__miller2_both_0_1_ac5_ev_target.csv,9.11,0.15,
MagnetoFT,OpenData__miller2_both_0_1_ec_av_source.csv__miller2_both_0_1_ec_av_target.csv,8.13,0.14,
MagnetoFT,OpenData__miller2_both_0_1_ec_ev_source.csv__miller2_both_0_1_ec_ev_target.csv,9.47,0.16,
MagnetoFT,OpenData__miller2_both_0_30_ac1_av_source.csv__miller2_both_0_30_ac1_av_target.csv,14.63,0.24,
MagnetoFT,OpenData__miller2_both_0_30_ac1_ev_source.csv__miller2_both_0_30_ac1_ev_target.csv,11.32,0.19,
MagnetoFT,OpenData__miller2_both_0_30_ac2_av_source.csv__miller2_both_0_30_ac2_av_target.csv,10.55,0.18,
MagnetoFT,OpenData__miller2_both_0_30_ac2_ev_source.csv__miller2_both_0_30_ac2_ev_target.csv,10.84,0.18,
MagnetoFT,OpenData__miller2_both_0_30_ac3_av_source.csv__miller2_both_0_30_ac3_av_target.csv,10.78,0.18,
MagnetoFT,OpenData__miller2_both_0_30_ac3_ev_source.csv__miller2_both_0_30_ac3_ev_target.csv,9.28,0.15,
MagnetoFT,OpenData__miller2_both_0_30_ac4_av_source.csv__miller2_both_0_30_ac4_av_target.csv,11.14,0.19,
MagnetoFT,OpenData__miller2_both_0_30_ac4_ev_source.csv__miller2_both_0_30_ac4_ev_target.csv,10.83,0.18,
MagnetoFT,OpenData__miller2_both_0_30_ac5_av_source.csv__miller2_both_0_30_ac5_av_target.csv,12.22,0.2,
MagnetoFT,OpenData__miller2_both_0_30_ac5_ev_source.csv__miller2_both_0_30_ac5_ev_target.csv,13.26,0.22,
MagnetoFT,OpenData__miller2_both_0_30_ec_av_source.csv__miller2_both_0_30_ec_av_target.csv,10.15,0.17,
MagnetoFT,OpenData__miller2_both_0_30_ec_ev_source.csv__miller2_both_0_30_ec_ev_target.csv,9.73,0.16,
MagnetoFT,OpenData__miller2_both_0_50_ac1_av_source.csv__miller2_both_0_50_ac1_av_target.csv,13.48,0.22,
MagnetoFT,OpenData__miller2_both_0_50_ac1_ev_source.csv__miller2_both_0_50_ac1_ev_target.csv,12.03,0.2,
MagnetoFT,OpenData__miller2_both_0_50_ac2_av_source.csv__miller2_both_0_50_ac2_av_target.csv,10.74,0.18,
MagnetoFT,OpenData__miller2_both_0_50_ac2_ev_source.csv__miller2_both_0_50_ac2_ev_target.csv,14.79,0.25,
MagnetoFT,OpenData__miller2_both_0_50_ac3_av_source.csv__miller2_both_0_50_ac3_av_target.csv,13.05,0.22,
MagnetoFT,OpenData__miller2_both_0_50_ac3_ev_source.csv__miller2_both_0_50_ac3_ev_target.csv,12.84,0.21,
MagnetoFT,OpenData__miller2_both_0_50_ac4_av_source.csv__miller2_both_0_50_ac4_av_target.csv,11.13,0.19,
MagnetoFT,OpenData__miller2_both_0_50_ac4_ev_source.csv__miller2_both_0_50_ac4_ev_target.csv,11.65,0.19,
MagnetoFT,OpenData__miller2_both_0_50_ac5_av_source.csv__miller2_both_0_50_ac5_av_target.csv,10.45,0.17,
MagnetoFT,OpenData__miller2_both_0_50_ac5_ev_source.csv__miller2_both_0_50_ac5_ev_target.csv,13.81,0.23,
MagnetoFT,OpenData__miller2_both_0_50_ec_av_source.csv__miller2_both_0_50_ec_av_target.csv,12.02,0.2,
MagnetoFT,OpenData__miller2_both_0_50_ec_ev_source.csv__miller2_both_0_50_ec_ev_target.csv,10.77,0.18,
MagnetoFT,OpenData__miller2_both_0_70_ac1_av_source.csv__miller2_both_0_70_ac1_av_target.csv,18.02,0.3,
MagnetoFT,OpenData__miller2_both_0_70_ac1_ev_source.csv__miller2_both_0_70_ac1_ev_target.csv,12.15,0.2,
MagnetoFT,OpenData__miller2_both_0_70_ac2_av_source.csv__miller2_both_0_70_ac2_av_target.csv,13.06,0.22,
MagnetoFT,OpenData__miller2_both_0_70_ac2_ev_source.csv__miller2_both_0_70_ac2_ev_target.csv,12.98,0.22,
MagnetoFT,OpenData__miller2_both_0_70_ac3_av_source.csv__miller2_both_0_70_ac3_av_target.csv,15.37,0.26,
MagnetoFT,OpenData__miller2_both_0_70_ac3_ev_source.csv__miller2_both_0_70_ac3_ev_target.csv,15.78,0.26,
MagnetoFT,OpenData__miller2_both_0_70_ac4_av_source.csv__miller2_both_0_70_ac4_av_target.csv,14.77,0.25,
MagnetoFT,OpenData__miller2_both_0_70_ac4_ev_source.csv__miller2_both_0_70_ac4_ev_target.csv,14.05,0.23,
MagnetoFT,OpenData__miller2_both_0_70_ac5_av_source.csv__miller2_both_0_70_ac5_av_target.csv,17.45,0.29,
MagnetoFT,OpenData__miller2_both_0_70_ac5_ev_source.csv__miller2_both_0_70_ac5_ev_target.csv,15.63,0.26,
MagnetoFT,OpenData__miller2_both_0_70_ec_av_source.csv__miller2_both_0_70_ec_av_target.csv,15.39,0.26,
MagnetoFT,OpenData__miller2_both_0_70_ec_ev_source.csv__miller2_both_0_70_ec_ev_target.csv,11.41,0.19,
MagnetoFT,OpenData__miller2_both_50_1_ac1_av_source.csv__miller2_both_50_1_ac1_av_target.csv,11.56,0.19,
MagnetoFT,OpenData__miller2_both_50_1_ac1_ev_source.csv__miller2_both_50_1_ac1_ev_target.csv,13.0,0.22,
MagnetoFT,OpenData__miller2_both_50_1_ac2_av_source.csv__miller2_both_50_1_ac2_av_target.csv,7.17,0.12,
MagnetoFT,OpenData__miller2_both_50_1_ac2_ev_source.csv__miller2_both_50_1_ac2_ev_target.csv,8.59,0.14,
MagnetoFT,OpenData__miller2_both_50_1_ac3_av_source.csv__miller2_both_50_1_ac3_av_target.csv,7.98,0.13,
MagnetoFT,OpenData__miller2_both_50_1_ac3_ev_source.csv__miller2_both_50_1_ac3_ev_target.csv,7.64,0.13,
MagnetoFT,OpenData__miller2_both_50_1_ac4_av_source.csv__miller2_both_50_1_ac4_av_target.csv,8.68,0.14,
MagnetoFT,OpenData__miller2_both_50_1_ac4_ev_source.csv__miller2_both_50_1_ac4_ev_target.csv,7.65,0.13,
MagnetoFT,OpenData__miller2_both_50_1_ac5_av_source.csv__miller2_both_50_1_ac5_av_target.csv,8.49,0.14,
MagnetoFT,OpenData__miller2_both_50_1_ac5_ev_source.csv__miller2_both_50_1_ac5_ev_target.csv,8.46,0.14,
MagnetoFT,OpenData__miller2_both_50_1_ec_av_source.csv__miller2_both_50_1_ec_av_target.csv,9.38,0.16,
MagnetoFT,OpenData__miller2_both_50_1_ec_ev_source.csv__miller2_both_50_1_ec_ev_target.csv,7.45,0.12,
MagnetoFT,OpenData__miller2_both_50_30_ac1_av_source.csv__miller2_both_50_30_ac1_av_target.csv,11.92,0.2,
MagnetoFT,OpenData__miller2_both_50_30_ac1_ev_source.csv__miller2_both_50_30_ac1_ev_target.csv,9.22,0.15,
MagnetoFT,OpenData__miller2_both_50_30_ac2_av_source.csv__miller2_both_50_30_ac2_av_target.csv,11.09,0.18,
MagnetoFT,OpenData__miller2_both_50_30_ac2_ev_source.csv__miller2_both_50_30_ac2_ev_target.csv,12.69,0.21,
MagnetoFT,OpenData__miller2_both_50_30_ac3_av_source.csv__miller2_both_50_30_ac3_av_target.csv,21.63,0.36,
MagnetoFT,OpenData__miller2_both_50_30_ac3_ev_source.csv__miller2_both_50_30_ac3_ev_target.csv,10.59,0.18,
MagnetoFT,OpenData__miller2_both_50_30_ac4_av_source.csv__miller2_both_50_30_ac4_av_target.csv,13.84,0.23,
MagnetoFT,OpenData__miller2_both_50_30_ac4_ev_source.csv__miller2_both_50_30_ac4_ev_target.csv,11.24,0.19,
MagnetoFT,OpenData__miller2_both_50_30_ac5_av_source.csv__miller2_both_50_30_ac5_av_target.csv,10.75,0.18,
MagnetoFT,OpenData__miller2_both_50_30_ac5_ev_source.csv__miller2_both_50_30_ac5_ev_target.csv,11.34,0.19,
MagnetoFT,OpenData__miller2_both_50_30_ec_av_source.csv__miller2_both_50_30_ec_av_target.csv,12.73,0.21,
MagnetoFT,OpenData__miller2_both_50_30_ec_ev_source.csv__miller2_both_50_30_ec_ev_target.csv,9.29,0.15,
MagnetoFT,OpenData__miller2_both_50_50_ac1_av_source.csv__miller2_both_50_50_ac1_av_target.csv,14.23,0.24,
MagnetoFT,OpenData__miller2_both_50_50_ac1_ev_source.csv__miller2_both_50_50_ac1_ev_target.csv,11.21,0.19,
MagnetoFT,OpenData__miller2_both_50_50_ac2_av_source.csv__miller2_both_50_50_ac2_av_target.csv,11.27,0.19,
MagnetoFT,OpenData__miller2_both_50_50_ac2_ev_source.csv__miller2_both_50_50_ac2_ev_target.csv,10.22,0.17,
MagnetoFT,OpenData__miller2_both_50_50_ac3_av_source.csv__miller2_both_50_50_ac3_av_target.csv,18.87,0.31,
MagnetoFT,OpenData__miller2_both_50_50_ac3_ev_source.csv__miller2_both_50_50_ac3_ev_target.csv,13.16,0.22,
MagnetoFT,OpenData__miller2_both_50_50_ac4_av_source.csv__miller2_both_50_50_ac4_av_target.csv,14.7,0.24,
MagnetoFT,OpenData__miller2_both_50_50_ac4_ev_source.csv__miller2_both_50_50_ac4_ev_target.csv,11.36,0.19,
MagnetoFT,OpenData__miller2_both_50_50_ac5_av_source.csv__miller2_both_50_50_ac5_av_target.csv,14.52,0.24,
MagnetoFT,OpenData__miller2_both_50_50_ac5_ev_source.csv__miller2_both_50_50_ac5_ev_target.csv,11.5,0.19,
MagnetoFT,OpenData__miller2_both_50_50_ec_av_source.csv__miller2_both_50_50_ec_av_target.csv,12.45,0.21,
MagnetoFT,OpenData__miller2_both_50_50_ec_ev_source.csv__miller2_both_50_50_ec_ev_target.csv,12.04,0.2,
MagnetoFT,OpenData__miller2_both_50_70_ac1_av_source.csv__miller2_both_50_70_ac1_av_target.csv,13.62,0.23,
MagnetoFT,OpenData__miller2_both_50_70_ac1_ev_source.csv__miller2_both_50_70_ac1_ev_target.csv,13.83,0.23,
MagnetoFT,OpenData__miller2_both_50_70_ac2_av_source.csv__miller2_both_50_70_ac2_av_target.csv,16.43,0.27,
MagnetoFT,OpenData__miller2_both_50_70_ac2_ev_source.csv__miller2_both_50_70_ac2_ev_target.csv,13.21,0.22,
MagnetoFT,OpenData__miller2_both_50_70_ac3_av_source.csv__miller2_both_50_70_ac3_av_target.csv,14.83,0.25,
MagnetoFT,OpenData__miller2_both_50_70_ac3_ev_source.csv__miller2_both_50_70_ac3_ev_target.csv,14.97,0.25,
MagnetoFT,OpenData__miller2_both_50_70_ac4_av_source.csv__miller2_both_50_70_ac4_av_target.csv,14.16,0.24,
MagnetoFT,OpenData__miller2_both_50_70_ac4_ev_source.csv__miller2_both_50_70_ac4_ev_target.csv,11.81,0.2,
MagnetoFT,OpenData__miller2_both_50_70_ac5_av_source.csv__miller2_both_50_70_ac5_av_target.csv,18.78,0.31,
MagnetoFT,OpenData__miller2_both_50_70_ac5_ev_source.csv__miller2_both_50_70_ac5_ev_target.csv,23.39,0.39,
MagnetoFT,OpenData__miller2_both_50_70_ec_av_source.csv__miller2_both_50_70_ec_av_target.csv,18.24,0.3,
MagnetoFT,OpenData__miller2_both_50_70_ec_ev_source.csv__miller2_both_50_70_ec_ev_target.csv,13.65,0.23,
MagnetoFT,OpenData__miller2_horizontal_0_ac1_av_source.csv__miller2_horizontal_0_ac1_av_target.csv,16.78,0.28,
MagnetoFT,OpenData__miller2_horizontal_0_ac1_ev_source.csv__miller2_horizontal_0_ac1_ev_target.csv,24.35,0.41,
MagnetoFT,OpenData__miller2_horizontal_0_ac2_av_source.csv__miller2_horizontal_0_ac2_av_target.csv,15.08,0.25,
MagnetoFT,OpenData__miller2_horizontal_0_ac2_ev_source.csv__miller2_horizontal_0_ac2_ev_target.csv,12.67,0.21,
MagnetoFT,OpenData__miller2_horizontal_0_ac3_av_source.csv__miller2_horizontal_0_ac3_av_target.csv,13.94,0.23,
MagnetoFT,OpenData__miller2_horizontal_0_ac3_ev_source.csv__miller2_horizontal_0_ac3_ev_target.csv,12.72,0.21,
MagnetoFT,OpenData__miller2_horizontal_0_ac4_av_source.csv__miller2_horizontal_0_ac4_av_target.csv,13.49,0.22,
MagnetoFT,OpenData__miller2_horizontal_0_ac4_ev_source.csv__miller2_horizontal_0_ac4_ev_target.csv,26.92,0.45,
MagnetoFT,OpenData__miller2_horizontal_0_ac5_av_source.csv__miller2_horizontal_0_ac5_av_target.csv,17.74,0.3,
MagnetoFT,OpenData__miller2_horizontal_0_ac5_ev_source.csv__miller2_horizontal_0_ac5_ev_target.csv,26.41,0.44,
MagnetoFT,OpenData__miller2_horizontal_0_ec_av_source.csv__miller2_horizontal_0_ec_av_target.csv,16.07,0.27,
MagnetoFT,OpenData__miller2_horizontal_0_ec_ev_source.csv__miller2_horizontal_0_ec_ev_target.csv,15.34,0.26,
MagnetoFT,OpenData__miller2_horizontal_100_ac1_av_source.csv__miller2_horizontal_100_ac1_av_target.csv,18.1,0.3,
MagnetoFT,OpenData__miller2_horizontal_100_ac1_ev_source.csv__miller2_horizontal_100_ac1_ev_target.csv,19.18,0.32,
MagnetoFT,OpenData__miller2_horizontal_100_ac2_av_source.csv__miller2_horizontal_100_ac2_av_target.csv,19.17,0.32,
MagnetoFT,OpenData__miller2_horizontal_100_ac2_ev_source.csv__miller2_horizontal_100_ac2_ev_target.csv,25.57,0.43,
MagnetoFT,OpenData__miller2_horizontal_100_ac3_av_source.csv__miller2_horizontal_100_ac3_av_target.csv,19.91,0.33,
MagnetoFT,OpenData__miller2_horizontal_100_ac3_ev_source.csv__miller2_horizontal_100_ac3_ev_target.csv,18.77,0.31,
MagnetoFT,OpenData__miller2_horizontal_100_ac4_av_source.csv__miller2_horizontal_100_ac4_av_target.csv,16.87,0.28,
MagnetoFT,OpenData__miller2_horizontal_100_ac4_ev_source.csv__miller2_horizontal_100_ac4_ev_target.csv,13.71,0.23,
MagnetoFT,OpenData__miller2_horizontal_100_ac5_av_source.csv__miller2_horizontal_100_ac5_av_target.csv,19.89,0.33,
MagnetoFT,OpenData__miller2_horizontal_100_ac5_ev_source.csv__miller2_horizontal_100_ac5_ev_target.csv,19.2,0.32,
MagnetoFT,OpenData__miller2_horizontal_100_ec_av_source.csv__miller2_horizontal_100_ec_av_target.csv,19.27,0.32,
MagnetoFT,OpenData__miller2_horizontal_100_ec_ev_source.csv__miller2_horizontal_100_ec_ev_target.csv,13.68,0.23,
MagnetoFT,OpenData__miller2_horizontal_50_ac1_av_source.csv__miller2_horizontal_50_ac1_av_target.csv,15.61,0.26,
MagnetoFT,OpenData__miller2_horizontal_50_ac1_ev_source.csv__miller2_horizontal_50_ac1_ev_target.csv,27.69,0.46,
MagnetoFT,OpenData__miller2_horizontal_50_ac2_av_source.csv__miller2_horizontal_50_ac2_av_target.csv,18.08,0.3,
MagnetoFT,OpenData__miller2_horizontal_50_ac2_ev_source.csv__miller2_horizontal_50_ac2_ev_target.csv,13.37,0.22,
MagnetoFT,OpenData__miller2_horizontal_50_ac3_av_source.csv__miller2_horizontal_50_ac3_av_target.csv,16.48,0.27,
MagnetoFT,OpenData__miller2_horizontal_50_ac3_ev_source.csv__miller2_horizontal_50_ac3_ev_target.csv,14.68,0.24,
MagnetoFT,OpenData__miller2_horizontal_50_ac4_av_source.csv__miller2_horizontal_50_ac4_av_target.csv,19.41,0.32,
MagnetoFT,OpenData__miller2_horizontal_50_ac4_ev_source.csv__miller2_horizontal_50_ac4_ev_target.csv,44.97,0.75,
MagnetoFT,OpenData__miller2_horizontal_50_ac5_av_source.csv__miller2_horizontal_50_ac5_av_target.csv,32.67,0.54,
MagnetoFT,OpenData__miller2_horizontal_50_ac5_ev_source.csv__miller2_horizontal_50_ac5_ev_target.csv,16.03,0.27,
MagnetoFT,OpenData__miller2_horizontal_50_ec_av_source.csv__miller2_horizontal_50_ec_av_target.csv,15.89,0.26,
MagnetoFT,OpenData__miller2_horizontal_50_ec_ev_source.csv__miller2_horizontal_50_ec_ev_target.csv,14.86,0.25,
MagnetoFT,OpenData__miller2_vertical_1_ac1_av_source.csv__miller2_vertical_1_ac1_av_target.csv,9.07,0.15,
MagnetoFT,OpenData__miller2_vertical_1_ac1_ev_source.csv__miller2_vertical_1_ac1_ev_target.csv,12.06,0.2,
MagnetoFT,OpenData__miller2_vertical_1_ac2_av_source.csv__miller2_vertical_1_ac2_av_target.csv,9.38,0.16,
MagnetoFT,OpenData__miller2_vertical_1_ac2_ev_source.csv__miller2_vertical_1_ac2_ev_target.csv,8.6,0.14,
MagnetoFT,OpenData__miller2_vertical_1_ac3_av_source.csv__miller2_vertical_1_ac3_av_target.csv,10.88,0.18,
MagnetoFT,OpenData__miller2_vertical_1_ac3_ev_source.csv__miller2_vertical_1_ac3_ev_target.csv,9.92,0.17,
MagnetoFT,OpenData__miller2_vertical_1_ac4_av_source.csv__miller2_vertical_1_ac4_av_target.csv,8.88,0.15,
MagnetoFT,OpenData__miller2_vertical_1_ac4_ev_source.csv__miller2_vertical_1_ac4_ev_target.csv,10.16,0.17,
MagnetoFT,OpenData__miller2_vertical_1_ac5_av_source.csv__miller2_vertical_1_ac5_av_target.csv,9.72,0.16,
MagnetoFT,OpenData__miller2_vertical_1_ac5_ev_source.csv__miller2_vertical_1_ac5_ev_target.csv,9.69,0.16,
MagnetoFT,OpenData__miller2_vertical_1_ec_av_source.csv__miller2_vertical_1_ec_av_target.csv,9.33,0.16,
MagnetoFT,OpenData__miller2_vertical_1_ec_ev_source.csv__miller2_vertical_1_ec_ev_target.csv,8.75,0.15,
MagnetoFT,OpenData__miller2_vertical_30_ac1_av_source.csv__miller2_vertical_30_ac1_av_target.csv,11.46,0.19,
MagnetoFT,OpenData__miller2_vertical_30_ac1_ev_source.csv__miller2_vertical_30_ac1_ev_target.csv,11.66,0.19,
MagnetoFT,OpenData__miller2_vertical_30_ac2_av_source.csv__miller2_vertical_30_ac2_av_target.csv,12.01,0.2,
MagnetoFT,OpenData__miller2_vertical_30_ac2_ev_source.csv__miller2_vertical_30_ac2_ev_target.csv,10.61,0.18,
MagnetoFT,OpenData__miller2_vertical_30_ac3_av_source.csv__miller2_vertical_30_ac3_av_target.csv,13.37,0.22,
MagnetoFT,OpenData__miller2_vertical_30_ac3_ev_source.csv__miller2_vertical_30_ac3_ev_target.csv,13.86,0.23,
MagnetoFT,OpenData__miller2_vertical_30_ac4_av_source.csv__miller2_vertical_30_ac4_av_target.csv,12.07,0.2,
MagnetoFT,OpenData__miller2_vertical_30_ac4_ev_source.csv__miller2_vertical_30_ac4_ev_target.csv,12.14,0.2,
MagnetoFT,OpenData__miller2_vertical_30_ac5_av_source.csv__miller2_vertical_30_ac5_av_target.csv,13.99,0.23,
MagnetoFT,OpenData__miller2_vertical_30_ac5_ev_source.csv__miller2_vertical_30_ac5_ev_target.csv,12.12,0.2,
MagnetoFT,OpenData__miller2_vertical_30_ec_av_source.csv__miller2_vertical_30_ec_av_target.csv,12.17,0.2,
MagnetoFT,OpenData__miller2_vertical_30_ec_ev_source.csv__miller2_vertical_30_ec_ev_target.csv,11.34,0.19,
MagnetoFT,OpenData__miller2_vertical_50_ac1_av_source.csv__miller2_vertical_50_ac1_av_target.csv,18.63,0.31,
MagnetoFT,OpenData__miller2_vertical_50_ac1_ev_source.csv__miller2_vertical_50_ac1_ev_target.csv,23.51,0.39,
MagnetoFT,OpenData__miller2_vertical_50_ac2_av_source.csv__miller2_vertical_50_ac2_av_target.csv,15.82,0.26,
MagnetoFT,OpenData__miller2_vertical_50_ac2_ev_source.csv__miller2_vertical_50_ac2_ev_target.csv,12.62,0.21,
MagnetoFT,OpenData__miller2_vertical_50_ac3_av_source.csv__miller2_vertical_50_ac3_av_target.csv,16.65,0.28,
MagnetoFT,OpenData__miller2_vertical_50_ac3_ev_source.csv__miller2_vertical_50_ac3_ev_target.csv,13.21,0.22,
MagnetoFT,OpenData__miller2_vertical_50_ac4_av_source.csv__miller2_vertical_50_ac4_av_target.csv,16.85,0.28,
MagnetoFT,OpenData__miller2_vertical_50_ac4_ev_source.csv__miller2_vertical_50_ac4_ev_target.csv,13.75,0.23,
MagnetoFT,OpenData__miller2_vertical_50_ac5_av_source.csv__miller2_vertical_50_ac5_av_target.csv,14.91,0.25,
MagnetoFT,OpenData__miller2_vertical_50_ac5_ev_source.csv__miller2_vertical_50_ac5_ev_target.csv,19.51,0.33,
MagnetoFT,OpenData__miller2_vertical_50_ec_av_source.csv__miller2_vertical_50_ec_av_target.csv,14.13,0.24,
MagnetoFT,OpenData__miller2_vertical_50_ec_ev_source.csv__miller2_vertical_50_ec_ev_target.csv,13.47,0.22,
MagnetoFT,OpenData__miller2_vertical_70_ac1_av_source.csv__miller2_vertical_70_ac1_av_target.csv,17.24,0.29,
MagnetoFT,OpenData__miller2_vertical_70_ac1_ev_source.csv__miller2_vertical_70_ac1_ev_target.csv,17.91,0.3,
MagnetoFT,OpenData__miller2_vertical_70_ac2_av_source.csv__miller2_vertical_70_ac2_av_target.csv,14.89,0.25,
MagnetoFT,OpenData__miller2_vertical_70_ac2_ev_source.csv__miller2_vertical_70_ac2_ev_target.csv,15.73,0.26,
MagnetoFT,OpenData__miller2_vertical_70_ac3_av_source.csv__miller2_vertical_70_ac3_av_target.csv,15.99,0.27,
MagnetoFT,OpenData__miller2_vertical_70_ac3_ev_source.csv__miller2_vertical_70_ac3_ev_target.csv,14.2,0.24,
MagnetoFT,OpenData__miller2_vertical_70_ac4_av_source.csv__miller2_vertical_70_ac4_av_target.csv,17.56,0.29,
MagnetoFT,OpenData__miller2_vertical_70_ac4_ev_source.csv__miller2_vertical_70_ac4_ev_target.csv,14.36,0.24,
MagnetoFT,OpenData__miller2_vertical_70_ac5_av_source.csv__miller2_vertical_70_ac5_av_target.csv,18.95,0.32,
MagnetoFT,OpenData__miller2_vertical_70_ac5_ev_source.csv__miller2_vertical_70_ac5_ev_target.csv,19.14,0.32,
MagnetoFT,OpenData__miller2_vertical_70_ec_av_source.csv__miller2_vertical_70_ec_av_target.csv,18.88,0.31,
MagnetoFT,OpenData__miller2_vertical_70_ec_ev_source.csv__miller2_vertical_70_ec_ev_target.csv,12.51,0.21,
MagnetoFT,TPC-DI__prospect_both_0_1_ac1_av_source.csv__prospect_both_0_1_ac1_av_target.csv,7.95,0.13,
MagnetoFT,TPC-DI__prospect_both_0_1_ac1_ev_source.csv__prospect_both_0_1_ac1_ev_target.csv,5.91,0.1,
MagnetoFT,TPC-DI__prospect_both_0_1_ac2_av_source.csv__prospect_both_0_1_ac2_av_target.csv,5.37,0.09,
MagnetoFT,TPC-DI__prospect_both_0_1_ac2_ev_source.csv__prospect_both_0_1_ac2_ev_target.csv,5.09,0.08,
MagnetoFT,TPC-DI__prospect_both_0_1_ac3_av_source.csv__prospect_both_0_1_ac3_av_target.csv,8.21,0.14,
MagnetoFT,TPC-DI__prospect_both_0_1_ac3_ev_source.csv__prospect_both_0_1_ac3_ev_target.csv,4.91,0.08,
MagnetoFT,TPC-DI__prospect_both_0_1_ac4_av_source.csv__prospect_both_0_1_ac4_av_target.csv,5.47,0.09,
MagnetoFT,TPC-DI__prospect_both_0_1_ac4_ev_source.csv__prospect_both_0_1_ac4_ev_target.csv,7.78,0.13,
MagnetoFT,TPC-DI__prospect_both_0_1_ac5_av_source.csv__prospect_both_0_1_ac5_av_target.csv,5.77,0.1,
MagnetoFT,TPC-DI__prospect_both_0_1_ac5_ev_source.csv__prospect_both_0_1_ac5_ev_target.csv,5.39,0.09,
MagnetoFT,TPC-DI__prospect_both_0_1_ec_av_source.csv__prospect_both_0_1_ec_av_target.csv,4.99,0.08,
MagnetoFT,TPC-DI__prospect_both_0_1_ec_ev_source.csv__prospect_both_0_1_ec_ev_target.csv,6.13,0.1,
MagnetoFT,TPC-DI__prospect_both_0_30_ac1_av_source.csv__prospect_both_0_30_ac1_av_target.csv,9.36,0.16,
MagnetoFT,TPC-DI__prospect_both_0_30_ac1_ev_source.csv__prospect_both_0_30_ac1_ev_target.csv,9.15,0.15,
MagnetoFT,TPC-DI__prospect_both_0_30_ac2_av_source.csv__prospect_both_0_30_ac2_av_target.csv,7.21,0.12,
MagnetoFT,TPC-DI__prospect_both_0_30_ac2_ev_source.csv__prospect_both_0_30_ac2_ev_target.csv,9.02,0.15,
MagnetoFT,TPC-DI__prospect_both_0_30_ac3_av_source.csv__prospect_both_0_30_ac3_av_target.csv,7.3,0.12,
MagnetoFT,TPC-DI__prospect_both_0_30_ac3_ev_source.csv__prospect_both_0_30_ac3_ev_target.csv,10.97,0.18,
MagnetoFT,TPC-DI__prospect_both_0_30_ac4_av_source.csv__prospect_both_0_30_ac4_av_target.csv,9.5,0.16,
MagnetoFT,TPC-DI__prospect_both_0_30_ac4_ev_source.csv__prospect_both_0_30_ac4_ev_target.csv,12.9,0.21,
MagnetoFT,TPC-DI__prospect_both_0_30_ac5_av_source.csv__prospect_both_0_30_ac5_av_target.csv,6.51,0.11,
MagnetoFT,TPC-DI__prospect_both_0_30_ac5_ev_source.csv__prospect_both_0_30_ac5_ev_target.csv,8.42,0.14,
MagnetoFT,TPC-DI__prospect_both_0_30_ec_av_source.csv__prospect_both_0_30_ec_av_target.csv,9.12,0.15,
MagnetoFT,TPC-DI__prospect_both_0_30_ec_ev_source.csv__prospect_both_0_30_ec_ev_target.csv,7.53,0.13,
MagnetoFT,TPC-DI__prospect_both_0_50_ac1_av_source.csv__prospect_both_0_50_ac1_av_target.csv,10.06,0.17,
MagnetoFT,TPC-DI__prospect_both_0_50_ac1_ev_source.csv__prospect_both_0_50_ac1_ev_target.csv,10.73,0.18,
MagnetoFT,TPC-DI__prospect_both_0_50_ac2_av_source.csv__prospect_both_0_50_ac2_av_target.csv,6.87,0.11,
MagnetoFT,TPC-DI__prospect_both_0_50_ac2_ev_source.csv__prospect_both_0_50_ac2_ev_target.csv,10.56,0.18,
MagnetoFT,TPC-DI__prospect_both_0_50_ac3_av_source.csv__prospect_both_0_50_ac3_av_target.csv,10.36,0.17,
MagnetoFT,TPC-DI__prospect_both_0_50_ac3_ev_source.csv__prospect_both_0_50_ac3_ev_target.csv,6.47,0.11,
MagnetoFT,TPC-DI__prospect_both_0_50_ac4_av_source.csv__prospect_both_0_50_ac4_av_target.csv,10.85,0.18,
MagnetoFT,TPC-DI__prospect_both_0_50_ac4_ev_source.csv__prospect_both_0_50_ac4_ev_target.csv,8.14,0.14,
MagnetoFT,TPC-DI__prospect_both_0_50_ac5_av_source.csv__prospect_both_0_50_ac5_av_target.csv,10.19,0.17,
MagnetoFT,TPC-DI__prospect_both_0_50_ac5_ev_source.csv__prospect_both_0_50_ac5_ev_target.csv,7.93,0.13,
MagnetoFT,TPC-DI__prospect_both_0_50_ec_av_source.csv__prospect_both_0_50_ec_av_target.csv,6.62,0.11,
MagnetoFT,TPC-DI__prospect_both_0_50_ec_ev_source.csv__prospect_both_0_50_ec_ev_target.csv,12.62,0.21,
MagnetoFT,TPC-DI__prospect_both_0_70_ac1_av_source.csv__prospect_both_0_70_ac1_av_target.csv,13.94,0.23,
MagnetoFT,TPC-DI__prospect_both_0_70_ac1_ev_source.csv__prospect_both_0_70_ac1_ev_target.csv,12.54,0.21,
MagnetoFT,TPC-DI__prospect_both_0_70_ac2_av_source.csv__prospect_both_0_70_ac2_av_target.csv,12.77,0.21,
MagnetoFT,TPC-DI__prospect_both_0_70_ac2_ev_source.csv__prospect_both_0_70_ac2_ev_target.csv,12.33,0.21,
MagnetoFT,TPC-DI__prospect_both_0_70_ac3_av_source.csv__prospect_both_0_70_ac3_av_target.csv,12.17,0.2,
MagnetoFT,TPC-DI__prospect_both_0_70_ac3_ev_source.csv__prospect_both_0_70_ac3_ev_target.csv,10.68,0.18,
MagnetoFT,TPC-DI__prospect_both_0_70_ac4_av_source.csv__prospect_both_0_70_ac4_av_target.csv,11.36,0.19,
MagnetoFT,TPC-DI__prospect_both_0_70_ac4_ev_source.csv__prospect_both_0_70_ac4_ev_target.csv,12.37,0.21,
MagnetoFT,TPC-DI__prospect_both_0_70_ac5_av_source.csv__prospect_both_0_70_ac5_av_target.csv,9.49,0.16,
MagnetoFT,TPC-DI__prospect_both_0_70_ac5_ev_source.csv__prospect_both_0_70_ac5_ev_target.csv,12.92,0.22,
MagnetoFT,TPC-DI__prospect_both_0_70_ec_av_source.csv__prospect_both_0_70_ec_av_target.csv,9.38,0.16,
MagnetoFT,TPC-DI__prospect_both_0_70_ec_ev_source.csv__prospect_both_0_70_ec_ev_target.csv,11.05,0.18,
MagnetoFT,TPC-DI__prospect_both_50_1_ac1_av_source.csv__prospect_both_50_1_ac1_av_target.csv,5.84,0.1,
MagnetoFT,TPC-DI__prospect_both_50_1_ac1_ev_source.csv__prospect_both_50_1_ac1_ev_target.csv,5.73,0.1,
MagnetoFT,TPC-DI__prospect_both_50_1_ac2_av_source.csv__prospect_both_50_1_ac2_av_target.csv,7.27,0.12,
MagnetoFT,TPC-DI__prospect_both_50_1_ac2_ev_source.csv__prospect_both_50_1_ac2_ev_target.csv,4.9,0.08,
MagnetoFT,TPC-DI__prospect_both_50_1_ac3_av_source.csv__prospect_both_50_1_ac3_av_target.csv,5.5,0.09,
MagnetoFT,TPC-DI__prospect_both_50_1_ac3_ev_source.csv__prospect_both_50_1_ac3_ev_target.csv,5.48,0.09,
MagnetoFT,TPC-DI__prospect_both_50_1_ac4_av_source.csv__prospect_both_50_1_ac4_av_target.csv,6.16,0.1,
MagnetoFT,TPC-DI__prospect_both_50_1_ac4_ev_source.csv__prospect_both_50_1_ac4_ev_target.csv,5.8,0.1,
MagnetoFT,TPC-DI__prospect_both_50_1_ac5_av_source.csv__prospect_both_50_1_ac5_av_target.csv,5.6,0.09,
MagnetoFT,TPC-DI__prospect_both_50_1_ac5_ev_source.csv__prospect_both_50_1_ac5_ev_target.csv,5.45,0.09,
MagnetoFT,TPC-DI__prospect_both_50_1_ec_av_source.csv__prospect_both_50_1_ec_av_target.csv,6.13,0.1,
MagnetoFT,TPC-DI__prospect_both_50_1_ec_ev_source.csv__prospect_both_50_1_ec_ev_target.csv,5.31,0.09,
MagnetoFT,TPC-DI__prospect_both_50_30_ac1_av_source.csv__prospect_both_50_30_ac1_av_target.csv,6.24,0.1,
MagnetoFT,TPC-DI__prospect_both_50_30_ac1_ev_source.csv__prospect_both_50_30_ac1_ev_target.csv,6.15,0.1,
MagnetoFT,TPC-DI__prospect_both_50_30_ac2_av_source.csv__prospect_both_50_30_ac2_av_target.csv,6.05,0.1,
MagnetoFT,TPC-DI__prospect_both_50_30_ac2_ev_source.csv__prospect_both_50_30_ac2_ev_target.csv,6.19,0.1,
MagnetoFT,TPC-DI__prospect_both_50_30_ac3_av_source.csv__prospect_both_50_30_ac3_av_target.csv,6.63,0.11,
MagnetoFT,TPC-DI__prospect_both_50_30_ac3_ev_source.csv__prospect_both_50_30_ac3_ev_target.csv,7.06,0.12,
MagnetoFT,TPC-DI__prospect_both_50_30_ac4_av_source.csv__prospect_both_50_30_ac4_av_target.csv,7.26,0.12,
MagnetoFT,TPC-DI__prospect_both_50_30_ac4_ev_source.csv__prospect_both_50_30_ac4_ev_target.csv,6.88,0.11,
MagnetoFT,TPC-DI__prospect_both_50_30_ac5_av_source.csv__prospect_both_50_30_ac5_av_target.csv,5.77,0.1,
MagnetoFT,TPC-DI__prospect_both_50_30_ac5_ev_source.csv__prospect_both_50_30_ac5_ev_target.csv,6.99,0.12,
MagnetoFT,TPC-DI__prospect_both_50_30_ec_av_source.csv__prospect_both_50_30_ec_av_target.csv,8.51,0.14,
MagnetoFT,TPC-DI__prospect_both_50_30_ec_ev_source.csv__prospect_both_50_30_ec_ev_target.csv,6.03,0.1,
MagnetoFT,TPC-DI__prospect_both_50_50_ac1_av_source.csv__prospect_both_50_50_ac1_av_target.csv,6.98,0.12,
MagnetoFT,TPC-DI__prospect_both_50_50_ac1_ev_source.csv__prospect_both_50_50_ac1_ev_target.csv,7.45,0.12,
MagnetoFT,TPC-DI__prospect_both_50_50_ac2_av_source.csv__prospect_both_50_50_ac2_av_target.csv,6.84,0.11,
MagnetoFT,TPC-DI__prospect_both_50_50_ac2_ev_source.csv__prospect_both_50_50_ac2_ev_target.csv,7.95,0.13,
MagnetoFT,TPC-DI__prospect_both_50_50_ac3_av_source.csv__prospect_both_50_50_ac3_av_target.csv,9.19,0.15,
MagnetoFT,TPC-DI__prospect_both_50_50_ac3_ev_source.csv__prospect_both_50_50_ac3_ev_target.csv,7.35,0.12,
MagnetoFT,TPC-DI__prospect_both_50_50_ac4_av_source.csv__prospect_both_50_50_ac4_av_target.csv,7.4,0.12,
MagnetoFT,TPC-DI__prospect_both_50_50_ac4_ev_source.csv__prospect_both_50_50_ac4_ev_target.csv,7.26,0.12,
MagnetoFT,TPC-DI__prospect_both_50_50_ac5_av_source.csv__prospect_both_50_50_ac5_av_target.csv,11.4,0.19,
MagnetoFT,TPC-DI__prospect_both_50_50_ac5_ev_source.csv__prospect_both_50_50_ac5_ev_target.csv,7.12,0.12,
MagnetoFT,TPC-DI__prospect_both_50_50_ec_av_source.csv__prospect_both_50_50_ec_av_target.csv,9.08,0.15,
MagnetoFT,TPC-DI__prospect_both_50_50_ec_ev_source.csv__prospect_both_50_50_ec_ev_target.csv,8.17,0.14,
MagnetoFT,TPC-DI__prospect_both_50_70_ac1_av_source.csv__prospect_both_50_70_ac1_av_target.csv,9.46,0.16,
MagnetoFT,TPC-DI__prospect_both_50_70_ac1_ev_source.csv__prospect_both_50_70_ac1_ev_target.csv,9.51,0.16,
MagnetoFT,TPC-DI__prospect_both_50_70_ac2_av_source.csv__prospect_both_50_70_ac2_av_target.csv,9.11,0.15,
MagnetoFT,TPC-DI__prospect_both_50_70_ac2_ev_source.csv__prospect_both_50_70_ac2_ev_target.csv,9.64,0.16,
MagnetoFT,TPC-DI__prospect_both_50_70_ac3_av_source.csv__prospect_both_50_70_ac3_av_target.csv,8.6,0.14,
MagnetoFT,TPC-DI__prospect_both_50_70_ac3_ev_source.csv__prospect_both_50_70_ac3_ev_target.csv,8.77,0.15,
MagnetoFT,TPC-DI__prospect_both_50_70_ac4_av_source.csv__prospect_both_50_70_ac4_av_target.csv,7.51,0.13,
MagnetoFT,TPC-DI__prospect_both_50_70_ac4_ev_source.csv__prospect_both_50_70_ac4_ev_target.csv,8.17,0.14,
MagnetoFT,TPC-DI__prospect_both_50_70_ac5_av_source.csv__prospect_both_50_70_ac5_av_target.csv,9.39,0.16,
MagnetoFT,TPC-DI__prospect_both_50_70_ac5_ev_source.csv__prospect_both_50_70_ac5_ev_target.csv,11.14,0.19,
MagnetoFT,TPC-DI__prospect_both_50_70_ec_av_source.csv__prospect_both_50_70_ec_av_target.csv,7.54,0.13,
MagnetoFT,TPC-DI__prospect_both_50_70_ec_ev_source.csv__prospect_both_50_70_ec_ev_target.csv,10.15,0.17,
MagnetoFT,TPC-DI__prospect_horizontal_0_ac1_av_source.csv__prospect_horizontal_0_ac1_av_target.csv,16.73,0.28,
MagnetoFT,TPC-DI__prospect_horizontal_0_ac1_ev_source.csv__prospect_horizontal_0_ac1_ev_target.csv,11.69,0.19,
MagnetoFT,TPC-DI__prospect_horizontal_0_ac2_av_source.csv__prospect_horizontal_0_ac2_av_target.csv,12.36,0.21,
MagnetoFT,TPC-DI__prospect_horizontal_0_ac2_ev_source.csv__prospect_horizontal_0_ac2_ev_target.csv,13.79,0.23,
MagnetoFT,TPC-DI__prospect_horizontal_0_ac3_av_source.csv__prospect_horizontal_0_ac3_av_target.csv,11.64,0.19,
MagnetoFT,TPC-DI__prospect_horizontal_0_ac3_ev_source.csv__prospect_horizontal_0_ac3_ev_target.csv,13.87,0.23,
MagnetoFT,TPC-DI__prospect_horizontal_0_ac4_av_source.csv__prospect_horizontal_0_ac4_av_target.csv,12.86,0.21,
MagnetoFT,TPC-DI__prospect_horizontal_0_ac4_ev_source.csv__prospect_horizontal_0_ac4_ev_target.csv,11.43,0.19,
MagnetoFT,TPC-DI__prospect_horizontal_0_ac5_av_source.csv__prospect_horizontal_0_ac5_av_target.csv,11.68,0.19,
MagnetoFT,TPC-DI__prospect_horizontal_0_ac5_ev_source.csv__prospect_horizontal_0_ac5_ev_target.csv,12.05,0.2,
MagnetoFT,TPC-DI__prospect_horizontal_0_ec_av_source.csv__prospect_horizontal_0_ec_av_target.csv,12.15,0.2,
MagnetoFT,TPC-DI__prospect_horizontal_0_ec_ev_source.csv__prospect_horizontal_0_ec_ev_target.csv,14.41,0.24,
MagnetoFT,TPC-DI__prospect_horizontal_100_ac1_av_source.csv__prospect_horizontal_100_ac1_av_target.csv,11.52,0.19,
MagnetoFT,TPC-DI__prospect_horizontal_100_ac1_ev_source.csv__prospect_horizontal_100_ac1_ev_target.csv,17.3,0.29,
MagnetoFT,TPC-DI__prospect_horizontal_100_ac2_av_source.csv__prospect_horizontal_100_ac2_av_target.csv,13.31,0.22,
MagnetoFT,TPC-DI__prospect_horizontal_100_ac2_ev_source.csv__prospect_horizontal_100_ac2_ev_target.csv,14.38,0.24,
MagnetoFT,TPC-DI__prospect_horizontal_100_ac3_av_source.csv__prospect_horizontal_100_ac3_av_target.csv,14.79,0.25,
MagnetoFT,TPC-DI__prospect_horizontal_100_ac3_ev_source.csv__prospect_horizontal_100_ac3_ev_target.csv,11.48,0.19,
MagnetoFT,TPC-DI__prospect_horizontal_100_ac4_av_source.csv__prospect_horizontal_100_ac4_av_target.csv,11.46,0.19,
MagnetoFT,TPC-DI__prospect_horizontal_100_ac4_ev_source.csv__prospect_horizontal_100_ac4_ev_target.csv,12.44,0.21,
MagnetoFT,TPC-DI__prospect_horizontal_100_ac5_av_source.csv__prospect_horizontal_100_ac5_av_target.csv,12.86,0.21,
MagnetoFT,TPC-DI__prospect_horizontal_100_ac5_ev_source.csv__prospect_horizontal_100_ac5_ev_target.csv,12.79,0.21,
MagnetoFT,TPC-DI__prospect_horizontal_100_ec_av_source.csv__prospect_horizontal_100_ec_av_target.csv,11.25,0.19,
MagnetoFT,TPC-DI__prospect_horizontal_100_ec_ev_source.csv__prospect_horizontal_100_ec_ev_target.csv,16.61,0.28,
MagnetoFT,TPC-DI__prospect_horizontal_50_ac1_av_source.csv__prospect_horizontal_50_ac1_av_target.csv,13.82,0.23,
MagnetoFT,TPC-DI__prospect_horizontal_50_ac1_ev_source.csv__prospect_horizontal_50_ac1_ev_target.csv,11.86,0.2,
MagnetoFT,TPC-DI__prospect_horizontal_50_ac2_av_source.csv__prospect_horizontal_50_ac2_av_target.csv,10.73,0.18,
MagnetoFT,TPC-DI__prospect_horizontal_50_ac2_ev_source.csv__prospect_horizontal_50_ac2_ev_target.csv,12.0,0.2,
MagnetoFT,TPC-DI__prospect_horizontal_50_ac3_av_source.csv__prospect_horizontal_50_ac3_av_target.csv,11.22,0.19,
MagnetoFT,TPC-DI__prospect_horizontal_50_ac3_ev_source.csv__prospect_horizontal_50_ac3_ev_target.csv,11.32,0.19,
MagnetoFT,TPC-DI__prospect_horizontal_50_ac4_av_source.csv__prospect_horizontal_50_ac4_av_target.csv,13.62,0.23,
MagnetoFT,TPC-DI__prospect_horizontal_50_ac4_ev_source.csv__prospect_horizontal_50_ac4_ev_target.csv,13.09,0.22,
MagnetoFT,TPC-DI__prospect_horizontal_50_ac5_av_source.csv__prospect_horizontal_50_ac5_av_target.csv,12.33,0.21,
MagnetoFT,TPC-DI__prospect_horizontal_50_ac5_ev_source.csv__prospect_horizontal_50_ac5_ev_target.csv,18.15,0.3,
MagnetoFT,TPC-DI__prospect_horizontal_50_ec_av_source.csv__prospect_horizontal_50_ec_av_target.csv,14.18,0.24,
MagnetoFT,TPC-DI__prospect_horizontal_50_ec_ev_source.csv__prospect_horizontal_50_ec_ev_target.csv,12.85,0.21,
MagnetoFT,TPC-DI__prospect_vertical_1_ac1_av_source.csv__prospect_vertical_1_ac1_av_target.csv,6.09,0.1,
MagnetoFT,TPC-DI__prospect_vertical_1_ac1_ev_source.csv__prospect_vertical_1_ac1_ev_target.csv,5.76,0.1,
MagnetoFT,TPC-DI__prospect_vertical_1_ac2_av_source.csv__prospect_vertical_1_ac2_av_target.csv,5.67,0.09,
MagnetoFT,TPC-DI__prospect_vertical_1_ac2_ev_source.csv__prospect_vertical_1_ac2_ev_target.csv,5.51,0.09,
MagnetoFT,TPC-DI__prospect_vertical_1_ac3_av_source.csv__prospect_vertical_1_ac3_av_target.csv,5.2,0.09,
MagnetoFT,TPC-DI__prospect_vertical_1_ac3_ev_source.csv__prospect_vertical_1_ac3_ev_target.csv,5.33,0.09,
MagnetoFT,TPC-DI__prospect_vertical_1_ac4_av_source.csv__prospect_vertical_1_ac4_av_target.csv,6.19,0.1,
MagnetoFT,TPC-DI__prospect_vertical_1_ac4_ev_source.csv__prospect_vertical_1_ac4_ev_target.csv,5.96,0.1,
MagnetoFT,TPC-DI__prospect_vertical_1_ac5_av_source.csv__prospect_vertical_1_ac5_av_target.csv,7.65,0.13,
MagnetoFT,TPC-DI__prospect_vertical_1_ac5_ev_source.csv__prospect_vertical_1_ac5_ev_target.csv,5.85,0.1,
MagnetoFT,TPC-DI__prospect_vertical_1_ec_av_source.csv__prospect_vertical_1_ec_av_target.csv,5.98,0.1,
MagnetoFT,TPC-DI__prospect_vertical_1_ec_ev_source.csv__prospect_vertical_1_ec_ev_target.csv,5.62,0.09,
MagnetoFT,TPC-DI__prospect_vertical_30_ac1_av_source.csv__prospect_vertical_30_ac1_av_target.csv,8.7,0.15,
MagnetoFT,TPC-DI__prospect_vertical_30_ac1_ev_source.csv__prospect_vertical_30_ac1_ev_target.csv,6.55,0.11,
MagnetoFT,TPC-DI__prospect_vertical_30_ac2_av_source.csv__prospect_vertical_30_ac2_av_target.csv,6.67,0.11,
MagnetoFT,TPC-DI__prospect_vertical_30_ac2_ev_source.csv__prospect_vertical_30_ac2_ev_target.csv,6.33,0.11,
MagnetoFT,TPC-DI__prospect_vertical_30_ac3_av_source.csv__prospect_vertical_30_ac3_av_target.csv,7.55,0.13,
MagnetoFT,TPC-DI__prospect_vertical_30_ac3_ev_source.csv__prospect_vertical_30_ac3_ev_target.csv,7.59,0.13,
MagnetoFT,TPC-DI__prospect_vertical_30_ac4_av_source.csv__prospect_vertical_30_ac4_av_target.csv,7.88,0.13,
MagnetoFT,TPC-DI__prospect_vertical_30_ac4_ev_source.csv__prospect_vertical_30_ac4_ev_target.csv,6.62,0.11,
MagnetoFT,TPC-DI__prospect_vertical_30_ac5_av_source.csv__prospect_vertical_30_ac5_av_target.csv,6.94,0.12,
MagnetoFT,TPC-DI__prospect_vertical_30_ac5_ev_source.csv__prospect_vertical_30_ac5_ev_target.csv,7.0,0.12,
MagnetoFT,TPC-DI__prospect_vertical_30_ec_av_source.csv__prospect_vertical_30_ec_av_target.csv,8.04,0.13,
MagnetoFT,TPC-DI__prospect_vertical_30_ec_ev_source.csv__prospect_vertical_30_ec_ev_target.csv,8.03,0.13,
MagnetoFT,TPC-DI__prospect_vertical_50_ac1_av_source.csv__prospect_vertical_50_ac1_av_target.csv,8.11,0.14,
MagnetoFT,TPC-DI__prospect_vertical_50_ac1_ev_source.csv__prospect_vertical_50_ac1_ev_target.csv,8.0,0.13,
MagnetoFT,TPC-DI__prospect_vertical_50_ac2_av_source.csv__prospect_vertical_50_ac2_av_target.csv,8.72,0.15,
MagnetoFT,TPC-DI__prospect_vertical_50_ac2_ev_source.csv__prospect_vertical_50_ac2_ev_target.csv,8.1,0.13,
MagnetoFT,TPC-DI__prospect_vertical_50_ac3_av_source.csv__prospect_vertical_50_ac3_av_target.csv,9.6,0.16,
MagnetoFT,TPC-DI__prospect_vertical_50_ac3_ev_source.csv__prospect_vertical_50_ac3_ev_target.csv,8.53,0.14,
MagnetoFT,TPC-DI__prospect_vertical_50_ac4_av_source.csv__prospect_vertical_50_ac4_av_target.csv,7.46,0.12,
MagnetoFT,TPC-DI__prospect_vertical_50_ac4_ev_source.csv__prospect_vertical_50_ac4_ev_target.csv,10.2,0.17,
MagnetoFT,TPC-DI__prospect_vertical_50_ac5_av_source.csv__prospect_vertical_50_ac5_av_target.csv,8.88,0.15,
MagnetoFT,TPC-DI__prospect_vertical_50_ac5_ev_source.csv__prospect_vertical_50_ac5_ev_target.csv,8.26,0.14,
MagnetoFT,TPC-DI__prospect_vertical_50_ec_av_source.csv__prospect_vertical_50_ec_av_target.csv,6.73,0.11,
MagnetoFT,TPC-DI__prospect_vertical_50_ec_ev_source.csv__prospect_vertical_50_ec_ev_target.csv,8.45,0.14,
MagnetoFT,TPC-DI__prospect_vertical_70_ac1_av_source.csv__prospect_vertical_70_ac1_av_target.csv,9.22,0.15,
MagnetoFT,TPC-DI__prospect_vertical_70_ac1_ev_source.csv__prospect_vertical_70_ac1_ev_target.csv,12.5,0.21,
MagnetoFT,TPC-DI__prospect_vertical_70_ac2_av_source.csv__prospect_vertical_70_ac2_av_target.csv,8.78,0.15,
MagnetoFT,TPC-DI__prospect_vertical_70_ac2_ev_source.csv__prospect_vertical_70_ac2_ev_target.csv,9.18,0.15,
MagnetoFT,TPC-DI__prospect_vertical_70_ac3_av_source.csv__prospect_vertical_70_ac3_av_target.csv,10.34,0.17,
MagnetoFT,TPC-DI__prospect_vertical_70_ac3_ev_source.csv__prospect_vertical_70_ac3_ev_target.csv,8.05,0.13,
MagnetoFT,TPC-DI__prospect_vertical_70_ac4_av_source.csv__prospect_vertical_70_ac4_av_target.csv,10.93,0.18,
MagnetoFT,TPC-DI__prospect_vertical_70_ac4_ev_source.csv__prospect_vertical_70_ac4_ev_target.csv,11.09,0.18,
MagnetoFT,TPC-DI__prospect_vertical_70_ac5_av_source.csv__prospect_vertical_70_ac5_av_target.csv,9.71,0.16,
MagnetoFT,TPC-DI__prospect_vertical_70_ac5_ev_source.csv__prospect_vertical_70_ac5_ev_target.csv,8.82,0.15,
MagnetoFT,TPC-DI__prospect_vertical_70_ec_av_source.csv__prospect_vertical_70_ec_av_target.csv,8.78,0.15,
MagnetoFT,TPC-DI__prospect_vertical_70_ec_ev_source.csv__prospect_vertical_70_ec_ev_target.csv,10.1,0.17,
MagnetoFT,Wikidata__musicians_joinable_source.csv__musicians_joinable_target.csv,6.55,0.11,
MagnetoFT,Wikidata__musicians_semjoinable_source.csv__musicians_semjoinable_target.csv,6.28,0.1,
MagnetoFT,Wikidata__musicians_unionable_source.csv__musicians_unionable_target.csv,7.08,0.12,
MagnetoFT,Wikidata__musicians_viewunion_source.csv__musicians_viewunion_target.csv,5.42,0.09,
MagnetoGPT,ChEMBL__assays_both_0_1_ac1_av_source.csv__assays_both_0_1_ac1_av_target.csv,65.0,1.08,
MagnetoGPT,ChEMBL__assays_both_0_1_ac1_ev_source.csv__assays_both_0_1_ac1_ev_target.csv,75.38,1.26,
MagnetoGPT,ChEMBL__assays_both_0_1_ac2_av_source.csv__assays_both_0_1_ac2_av_target.csv,56.08,0.93,
MagnetoGPT,ChEMBL__assays_both_0_1_ac2_ev_source.csv__assays_both_0_1_ac2_ev_target.csv,47.99,0.8,
MagnetoGPT,ChEMBL__assays_both_0_1_ac3_av_source.csv__assays_both_0_1_ac3_av_target.csv,59.73,1.0,
MagnetoGPT,ChEMBL__assays_both_0_1_ac3_ev_source.csv__assays_both_0_1_ac3_ev_target.csv,64.43,1.07,
MagnetoGPT,ChEMBL__assays_both_0_1_ac4_av_source.csv__assays_both_0_1_ac4_av_target.csv,67.45,1.12,
MagnetoGPT,ChEMBL__assays_both_0_1_ac4_ev_source.csv__assays_both_0_1_ac4_ev_target.csv,56.6,0.94,
MagnetoGPT,ChEMBL__assays_both_0_1_ac5_av_source.csv__assays_both_0_1_ac5_av_target.csv,69.35,1.16,
MagnetoGPT,ChEMBL__assays_both_0_1_ac5_ev_source.csv__assays_both_0_1_ac5_ev_target.csv,70.12,1.17,
MagnetoGPT,ChEMBL__assays_both_0_1_ec_av_source.csv__assays_both_0_1_ec_av_target.csv,50.08,0.83,
MagnetoGPT,ChEMBL__assays_both_0_1_ec_ev_source.csv__assays_both_0_1_ec_ev_target.csv,55.12,0.92,
MagnetoGPT,ChEMBL__assays_both_0_30_ac1_av_source.csv__assays_both_0_30_ac1_av_target.csv,89.99,1.5,
MagnetoGPT,ChEMBL__assays_both_0_30_ac1_ev_source.csv__assays_both_0_30_ac1_ev_target.csv,102.51,1.71,
MagnetoGPT,ChEMBL__assays_both_0_30_ac2_av_source.csv__assays_both_0_30_ac2_av_target.csv,82.04,1.37,
MagnetoGPT,ChEMBL__assays_both_0_30_ac2_ev_source.csv__assays_both_0_30_ac2_ev_target.csv,67.75,1.13,
MagnetoGPT,ChEMBL__assays_both_0_30_ac3_av_source.csv__assays_both_0_30_ac3_av_target.csv,71.82,1.2,
MagnetoGPT,ChEMBL__assays_both_0_30_ac3_ev_source.csv__assays_both_0_30_ac3_ev_target.csv,74.13,1.24,
MagnetoGPT,ChEMBL__assays_both_0_30_ac4_av_source.csv__assays_both_0_30_ac4_av_target.csv,79.88,1.33,
MagnetoGPT,ChEMBL__assays_both_0_30_ac4_ev_source.csv__assays_both_0_30_ac4_ev_target.csv,94.4,1.57,
MagnetoGPT,ChEMBL__assays_both_0_30_ac5_av_source.csv__assays_both_0_30_ac5_av_target.csv,117.74,1.96,
MagnetoGPT,ChEMBL__assays_both_0_30_ac5_ev_source.csv__assays_both_0_30_ac5_ev_target.csv,95.52,1.59,
MagnetoGPT,ChEMBL__assays_both_0_30_ec_av_source.csv__assays_both_0_30_ec_av_target.csv,84.59,1.41,
MagnetoGPT,ChEMBL__assays_both_0_30_ec_ev_source.csv__assays_both_0_30_ec_ev_target.csv,75.26,1.25,
MagnetoGPT,ChEMBL__assays_both_0_50_ac1_av_source.csv__assays_both_0_50_ac1_av_target.csv,104.7,1.74,
MagnetoGPT,ChEMBL__assays_both_0_50_ac1_ev_source.csv__assays_both_0_50_ac1_ev_target.csv,118.34,1.97,
MagnetoGPT,ChEMBL__assays_both_0_50_ac2_av_source.csv__assays_both_0_50_ac2_av_target.csv,110.45,1.84,
MagnetoGPT,ChEMBL__assays_both_0_50_ac2_ev_source.csv__assays_both_0_50_ac2_ev_target.csv,104.26,1.74,
MagnetoGPT,ChEMBL__assays_both_0_50_ac3_av_source.csv__assays_both_0_50_ac3_av_target.csv,108.32,1.81,
MagnetoGPT,ChEMBL__assays_both_0_50_ac3_ev_source.csv__assays_both_0_50_ac3_ev_target.csv,143.88,2.4,
MagnetoGPT,ChEMBL__assays_both_0_50_ac4_av_source.csv__assays_both_0_50_ac4_av_target.csv,155.88,2.6,
MagnetoGPT,ChEMBL__assays_both_0_50_ac4_ev_source.csv__assays_both_0_50_ac4_ev_target.csv,108.43,1.81,
MagnetoGPT,ChEMBL__assays_both_0_50_ac5_av_source.csv__assays_both_0_50_ac5_av_target.csv,117.26,1.95,
MagnetoGPT,ChEMBL__assays_both_0_50_ac5_ev_source.csv__assays_both_0_50_ac5_ev_target.csv,105.36,1.76,
MagnetoGPT,ChEMBL__assays_both_0_50_ec_av_source.csv__assays_both_0_50_ec_av_target.csv,124.29,2.07,
MagnetoGPT,ChEMBL__assays_both_0_50_ec_ev_source.csv__assays_both_0_50_ec_ev_target.csv,123.58,2.06,
MagnetoGPT,ChEMBL__assays_both_0_70_ac1_av_source.csv__assays_both_0_70_ac1_av_target.csv,162.63,2.71,
MagnetoGPT,ChEMBL__assays_both_0_70_ac1_ev_source.csv__assays_both_0_70_ac1_ev_target.csv,158.32,2.64,
MagnetoGPT,ChEMBL__assays_both_0_70_ac2_av_source.csv__assays_both_0_70_ac2_av_target.csv,126.34,2.11,
MagnetoGPT,ChEMBL__assays_both_0_70_ac2_ev_source.csv__assays_both_0_70_ac2_ev_target.csv,123.84,2.06,
MagnetoGPT,ChEMBL__assays_both_0_70_ac3_av_source.csv__assays_both_0_70_ac3_av_target.csv,147.45,2.46,
MagnetoGPT,ChEMBL__assays_both_0_70_ac3_ev_source.csv__assays_both_0_70_ac3_ev_target.csv,161.29,2.69,
MagnetoGPT,ChEMBL__assays_both_0_70_ac4_av_source.csv__assays_both_0_70_ac4_av_target.csv,165.89,2.76,
MagnetoGPT,ChEMBL__assays_both_0_70_ac4_ev_source.csv__assays_both_0_70_ac4_ev_target.csv,155.75,2.6,
MagnetoGPT,ChEMBL__assays_both_0_70_ac5_av_source.csv__assays_both_0_70_ac5_av_target.csv,169.19,2.82,
MagnetoGPT,ChEMBL__assays_both_0_70_ac5_ev_source.csv__assays_both_0_70_ac5_ev_target.csv,162.04,2.7,
MagnetoGPT,ChEMBL__assays_both_0_70_ec_av_source.csv__assays_both_0_70_ec_av_target.csv,185.86,3.1,
MagnetoGPT,ChEMBL__assays_both_0_70_ec_ev_source.csv__assays_both_0_70_ec_ev_target.csv,141.4,2.36,
MagnetoGPT,ChEMBL__assays_both_50_1_ac1_av_source.csv__assays_both_50_1_ac1_av_target.csv,62.37,1.04,
MagnetoGPT,ChEMBL__assays_both_50_1_ac1_ev_source.csv__assays_both_50_1_ac1_ev_target.csv,70.72,1.18,
MagnetoGPT,ChEMBL__assays_both_50_1_ac2_av_source.csv__assays_both_50_1_ac2_av_target.csv,54.73,0.91,
MagnetoGPT,ChEMBL__assays_both_50_1_ac2_ev_source.csv__assays_both_50_1_ac2_ev_target.csv,58.6,0.98,
MagnetoGPT,ChEMBL__assays_both_50_1_ac3_av_source.csv__assays_both_50_1_ac3_av_target.csv,69.03,1.15,
MagnetoGPT,ChEMBL__assays_both_50_1_ac3_ev_source.csv__assays_both_50_1_ac3_ev_target.csv,60.0,1.0,
MagnetoGPT,ChEMBL__assays_both_50_1_ac4_av_source.csv__assays_both_50_1_ac4_av_target.csv,61.2,1.02,
MagnetoGPT,ChEMBL__assays_both_50_1_ac4_ev_source.csv__assays_both_50_1_ac4_ev_target.csv,67.52,1.13,
MagnetoGPT,ChEMBL__assays_both_50_1_ac5_av_source.csv__assays_both_50_1_ac5_av_target.csv,73.87,1.23,
MagnetoGPT,ChEMBL__assays_both_50_1_ac5_ev_source.csv__assays_both_50_1_ac5_ev_target.csv,77.43,1.29,
MagnetoGPT,ChEMBL__assays_both_50_1_ec_av_source.csv__assays_both_50_1_ec_av_target.csv,51.4,0.86,
MagnetoGPT,ChEMBL__assays_both_50_1_ec_ev_source.csv__assays_both_50_1_ec_ev_target.csv,67.42,1.12,
MagnetoGPT,ChEMBL__assays_both_50_30_ac1_av_source.csv__assays_both_50_30_ac1_av_target.csv,83.76,1.4,
MagnetoGPT,ChEMBL__assays_both_50_30_ac1_ev_source.csv__assays_both_50_30_ac1_ev_target.csv,81.14,1.35,
MagnetoGPT,ChEMBL__assays_both_50_30_ac2_av_source.csv__assays_both_50_30_ac2_av_target.csv,78.53,1.31,
MagnetoGPT,ChEMBL__assays_both_50_30_ac2_ev_source.csv__assays_both_50_30_ac2_ev_target.csv,78.31,1.31,
MagnetoGPT,ChEMBL__assays_both_50_30_ac3_av_source.csv__assays_both_50_30_ac3_av_target.csv,87.46,1.46,
MagnetoGPT,ChEMBL__assays_both_50_30_ac3_ev_source.csv__assays_both_50_30_ac3_ev_target.csv,101.77,1.7,
MagnetoGPT,ChEMBL__assays_both_50_30_ac4_av_source.csv__assays_both_50_30_ac4_av_target.csv,98.49,1.64,
MagnetoGPT,ChEMBL__assays_both_50_30_ac4_ev_source.csv__assays_both_50_30_ac4_ev_target.csv,95.12,1.59,
MagnetoGPT,ChEMBL__assays_both_50_30_ac5_av_source.csv__assays_both_50_30_ac5_av_target.csv,97.85,1.63,
MagnetoGPT,ChEMBL__assays_both_50_30_ac5_ev_source.csv__assays_both_50_30_ac5_ev_target.csv,83.86,1.4,
MagnetoGPT,ChEMBL__assays_both_50_30_ec_av_source.csv__assays_both_50_30_ec_av_target.csv,77.25,1.29,
MagnetoGPT,ChEMBL__assays_both_50_30_ec_ev_source.csv__assays_both_50_30_ec_ev_target.csv,81.65,1.36,
MagnetoGPT,ChEMBL__assays_both_50_50_ac1_av_source.csv__assays_both_50_50_ac1_av_target.csv,139.0,2.32,
MagnetoGPT,ChEMBL__assays_both_50_50_ac1_ev_source.csv__assays_both_50_50_ac1_ev_target.csv,120.44,2.01,
MagnetoGPT,ChEMBL__assays_both_50_50_ac2_av_source.csv__assays_both_50_50_ac2_av_target.csv,118.79,1.98,
MagnetoGPT,ChEMBL__assays_both_50_50_ac2_ev_source.csv__assays_both_50_50_ac2_ev_target.csv,125.6,2.09,
MagnetoGPT,ChEMBL__assays_both_50_50_ac3_av_source.csv__assays_both_50_50_ac3_av_target.csv,122.01,2.03,
MagnetoGPT,ChEMBL__assays_both_50_50_ac3_ev_source.csv__assays_both_50_50_ac3_ev_target.csv,181.21,3.02,
MagnetoGPT,ChEMBL__assays_both_50_50_ac4_av_source.csv__assays_both_50_50_ac4_av_target.csv,122.62,2.04,
MagnetoGPT,ChEMBL__assays_both_50_50_ac4_ev_source.csv__assays_both_50_50_ac4_ev_target.csv,121.38,2.02,
MagnetoGPT,ChEMBL__assays_both_50_50_ac5_av_source.csv__assays_both_50_50_ac5_av_target.csv,123.16,2.05,
MagnetoGPT,ChEMBL__assays_both_50_50_ac5_ev_source.csv__assays_both_50_50_ac5_ev_target.csv,127.88,2.13,
MagnetoGPT,ChEMBL__assays_both_50_50_ec_av_source.csv__assays_both_50_50_ec_av_target.csv,117.6,1.96,
MagnetoGPT,ChEMBL__assays_both_50_50_ec_ev_source.csv__assays_both_50_50_ec_ev_target.csv,123.97,2.07,
MagnetoGPT,ChEMBL__assays_both_50_70_ac1_av_source.csv__assays_both_50_70_ac1_av_target.csv,180.91,3.02,
MagnetoGPT,ChEMBL__assays_both_50_70_ac1_ev_source.csv__assays_both_50_70_ac1_ev_target.csv,205.47,3.42,
MagnetoGPT,ChEMBL__assays_both_50_70_ac2_av_source.csv__assays_both_50_70_ac2_av_target.csv,154.67,2.58,
MagnetoGPT,ChEMBL__assays_both_50_70_ac2_ev_source.csv__assays_both_50_70_ac2_ev_target.csv,134.79,2.25,
MagnetoGPT,ChEMBL__assays_both_50_70_ac3_av_source.csv__assays_both_50_70_ac3_av_target.csv,139.34,2.32,
MagnetoGPT,ChEMBL__assays_both_50_70_ac3_ev_source.csv__assays_both_50_70_ac3_ev_target.csv,184.7,3.08,
MagnetoGPT,ChEMBL__assays_both_50_70_ac4_av_source.csv__assays_both_50_70_ac4_av_target.csv,150.79,2.51,
MagnetoGPT,ChEMBL__assays_both_50_70_ac4_ev_source.csv__assays_both_50_70_ac4_ev_target.csv,141.76,2.36,
MagnetoGPT,ChEMBL__assays_both_50_70_ac5_av_source.csv__assays_both_50_70_ac5_av_target.csv,153.09,2.55,
MagnetoGPT,ChEMBL__assays_both_50_70_ac5_ev_source.csv__assays_both_50_70_ac5_ev_target.csv,181.67,3.03,
MagnetoGPT,ChEMBL__assays_both_50_70_ec_av_source.csv__assays_both_50_70_ec_av_target.csv,144.61,2.41,
MagnetoGPT,ChEMBL__assays_both_50_70_ec_ev_source.csv__assays_both_50_70_ec_ev_target.csv,168.18,2.8,
MagnetoGPT,ChEMBL__assays_horizontal_0_ac1_av_source.csv__assays_horizontal_0_ac1_av_target.csv,189.47,3.16,
MagnetoGPT,ChEMBL__assays_horizontal_0_ac1_ev_source.csv__assays_horizontal_0_ac1_ev_target.csv,195.73,3.26,
MagnetoGPT,ChEMBL__assays_horizontal_0_ac2_av_source.csv__assays_horizontal_0_ac2_av_target.csv,160.0,2.67,
MagnetoGPT,ChEMBL__assays_horizontal_0_ac2_ev_source.csv__assays_horizontal_0_ac2_ev_target.csv,204.47,3.41,
MagnetoGPT,ChEMBL__assays_horizontal_0_ac3_av_source.csv__assays_horizontal_0_ac3_av_target.csv,173.24,2.89,
MagnetoGPT,ChEMBL__assays_horizontal_0_ac3_ev_source.csv__assays_horizontal_0_ac3_ev_target.csv,182.62,3.04,
MagnetoGPT,ChEMBL__assays_horizontal_0_ac4_av_source.csv__assays_horizontal_0_ac4_av_target.csv,190.49,3.17,
MagnetoGPT,ChEMBL__assays_horizontal_0_ac4_ev_source.csv__assays_horizontal_0_ac4_ev_target.csv,179.76,3.0,
MagnetoGPT,ChEMBL__assays_horizontal_0_ac5_av_source.csv__assays_horizontal_0_ac5_av_target.csv,260.22,4.34,
MagnetoGPT,ChEMBL__assays_horizontal_0_ac5_ev_source.csv__assays_horizontal_0_ac5_ev_target.csv,187.84,3.13,
MagnetoGPT,ChEMBL__assays_horizontal_0_ec_av_source.csv__assays_horizontal_0_ec_av_target.csv,176.93,2.95,
MagnetoGPT,ChEMBL__assays_horizontal_0_ec_ev_source.csv__assays_horizontal_0_ec_ev_target.csv,144.09,2.4,
MagnetoGPT,ChEMBL__assays_horizontal_100_ac1_av_source.csv__assays_horizontal_100_ac1_av_target.csv,161.35,2.69,
MagnetoGPT,ChEMBL__assays_horizontal_100_ac1_ev_source.csv__assays_horizontal_100_ac1_ev_target.csv,181.49,3.02,
MagnetoGPT,ChEMBL__assays_horizontal_100_ac2_av_source.csv__assays_horizontal_100_ac2_av_target.csv,180.04,3.0,
MagnetoGPT,ChEMBL__assays_horizontal_100_ac2_ev_source.csv__assays_horizontal_100_ac2_ev_target.csv,207.94,3.47,
MagnetoGPT,ChEMBL__assays_horizontal_100_ac3_av_source.csv__assays_horizontal_100_ac3_av_target.csv,208.25,3.47,
MagnetoGPT,ChEMBL__assays_horizontal_100_ac3_ev_source.csv__assays_horizontal_100_ac3_ev_target.csv,170.03,2.83,
MagnetoGPT,ChEMBL__assays_horizontal_100_ac4_av_source.csv__assays_horizontal_100_ac4_av_target.csv,216.21,3.6,
MagnetoGPT,ChEMBL__assays_horizontal_100_ac4_ev_source.csv__assays_horizontal_100_ac4_ev_target.csv,170.69,2.84,
MagnetoGPT,ChEMBL__assays_horizontal_100_ac5_av_source.csv__assays_horizontal_100_ac5_av_target.csv,256.34,4.27,
MagnetoGPT,ChEMBL__assays_horizontal_100_ac5_ev_source.csv__assays_horizontal_100_ac5_ev_target.csv,189.56,3.16,
MagnetoGPT,ChEMBL__assays_horizontal_100_ec_av_source.csv__assays_horizontal_100_ec_av_target.csv,183.63,3.06,
MagnetoGPT,ChEMBL__assays_horizontal_100_ec_ev_source.csv__assays_horizontal_100_ec_ev_target.csv,195.16,3.25,
MagnetoGPT,ChEMBL__assays_horizontal_50_ac1_av_source.csv__assays_horizontal_50_ac1_av_target.csv,286.77,4.78,
MagnetoGPT,ChEMBL__assays_horizontal_50_ac1_ev_source.csv__assays_horizontal_50_ac1_ev_target.csv,186.14,3.1,
MagnetoGPT,ChEMBL__assays_horizontal_50_ac2_av_source.csv__assays_horizontal_50_ac2_av_target.csv,158.91,2.65,
MagnetoGPT,ChEMBL__assays_horizontal_50_ac2_ev_source.csv__assays_horizontal_50_ac2_ev_target.csv,149.4,2.49,
MagnetoGPT,ChEMBL__assays_horizontal_50_ac3_av_source.csv__assays_horizontal_50_ac3_av_target.csv,195.28,3.25,
MagnetoGPT,ChEMBL__assays_horizontal_50_ac3_ev_source.csv__assays_horizontal_50_ac3_ev_target.csv,166.25,2.77,
MagnetoGPT,ChEMBL__assays_horizontal_50_ac4_av_source.csv__assays_horizontal_50_ac4_av_target.csv,182.05,3.03,
MagnetoGPT,ChEMBL__assays_horizontal_50_ac4_ev_source.csv__assays_horizontal_50_ac4_ev_target.csv,168.6,2.81,
MagnetoGPT,ChEMBL__assays_horizontal_50_ac5_av_source.csv__assays_horizontal_50_ac5_av_target.csv,220.62,3.68,
MagnetoGPT,ChEMBL__assays_horizontal_50_ac5_ev_source.csv__assays_horizontal_50_ac5_ev_target.csv,203.06,3.38,
MagnetoGPT,ChEMBL__assays_horizontal_50_ec_av_source.csv__assays_horizontal_50_ec_av_target.csv,182.87,3.05,
MagnetoGPT,ChEMBL__assays_horizontal_50_ec_ev_source.csv__assays_horizontal_50_ec_ev_target.csv,219.6,3.66,
MagnetoGPT,ChEMBL__assays_vertical_1_ac1_av_source.csv__assays_vertical_1_ac1_av_target.csv,66.34,1.11,
MagnetoGPT,ChEMBL__assays_vertical_1_ac1_ev_source.csv__assays_vertical_1_ac1_ev_target.csv,73.51,1.23,
MagnetoGPT,ChEMBL__assays_vertical_1_ac2_av_source.csv__assays_vertical_1_ac2_av_target.csv,64.56,1.08,
MagnetoGPT,ChEMBL__assays_vertical_1_ac2_ev_source.csv__assays_vertical_1_ac2_ev_target.csv,65.86,1.1,
MagnetoGPT,ChEMBL__assays_vertical_1_ac3_av_source.csv__assays_vertical_1_ac3_av_target.csv,68.64,1.14,
MagnetoGPT,ChEMBL__assays_vertical_1_ac3_ev_source.csv__assays_vertical_1_ac3_ev_target.csv,63.85,1.06,
MagnetoGPT,ChEMBL__assays_vertical_1_ac4_av_source.csv__assays_vertical_1_ac4_av_target.csv,69.74,1.16,
MagnetoGPT,ChEMBL__assays_vertical_1_ac4_ev_source.csv__assays_vertical_1_ac4_ev_target.csv,59.51,0.99,
MagnetoGPT,ChEMBL__assays_vertical_1_ac5_av_source.csv__assays_vertical_1_ac5_av_target.csv,74.92,1.25,
MagnetoGPT,ChEMBL__assays_vertical_1_ac5_ev_source.csv__assays_vertical_1_ac5_ev_target.csv,63.22,1.05,
MagnetoGPT,ChEMBL__assays_vertical_1_ec_av_source.csv__assays_vertical_1_ec_av_target.csv,57.69,0.96,
MagnetoGPT,ChEMBL__assays_vertical_1_ec_ev_source.csv__assays_vertical_1_ec_ev_target.csv,63.03,1.05,
MagnetoGPT,ChEMBL__assays_vertical_30_ac1_av_source.csv__assays_vertical_30_ac1_av_target.csv,100.51,1.68,
MagnetoGPT,ChEMBL__assays_vertical_30_ac1_ev_source.csv__assays_vertical_30_ac1_ev_target.csv,95.06,1.58,
MagnetoGPT,ChEMBL__assays_vertical_30_ac2_av_source.csv__assays_vertical_30_ac2_av_target.csv,75.27,1.25,
MagnetoGPT,ChEMBL__assays_vertical_30_ac2_ev_source.csv__assays_vertical_30_ac2_ev_target.csv,89.31,1.49,
MagnetoGPT,ChEMBL__assays_vertical_30_ac3_av_source.csv__assays_vertical_30_ac3_av_target.csv,81.42,1.36,
MagnetoGPT,ChEMBL__assays_vertical_30_ac3_ev_source.csv__assays_vertical_30_ac3_ev_target.csv,100.98,1.68,
MagnetoGPT,ChEMBL__assays_vertical_30_ac4_av_source.csv__assays_vertical_30_ac4_av_target.csv,88.48,1.47,
MagnetoGPT,ChEMBL__assays_vertical_30_ac4_ev_source.csv__assays_vertical_30_ac4_ev_target.csv,104.46,1.74,
MagnetoGPT,ChEMBL__assays_vertical_30_ac5_av_source.csv__assays_vertical_30_ac5_av_target.csv,93.5,1.56,
MagnetoGPT,ChEMBL__assays_vertical_30_ac5_ev_source.csv__assays_vertical_30_ac5_ev_target.csv,102.78,1.71,
MagnetoGPT,ChEMBL__assays_vertical_30_ec_av_source.csv__assays_vertical_30_ec_av_target.csv,85.91,1.43,
MagnetoGPT,ChEMBL__assays_vertical_30_ec_ev_source.csv__assays_vertical_30_ec_ev_target.csv,84.45,1.41,
MagnetoGPT,ChEMBL__assays_vertical_50_ac1_av_source.csv__assays_vertical_50_ac1_av_target.csv,124.68,2.08,
MagnetoGPT,ChEMBL__assays_vertical_50_ac1_ev_source.csv__assays_vertical_50_ac1_ev_target.csv,126.54,2.11,
MagnetoGPT,ChEMBL__assays_vertical_50_ac2_av_source.csv__assays_vertical_50_ac2_av_target.csv,113.13,1.89,
MagnetoGPT,ChEMBL__assays_vertical_50_ac2_ev_source.csv__assays_vertical_50_ac2_ev_target.csv,132.67,2.21,
MagnetoGPT,ChEMBL__assays_vertical_50_ac3_av_source.csv__assays_vertical_50_ac3_av_target.csv,113.56,1.89,
MagnetoGPT,ChEMBL__assays_vertical_50_ac3_ev_source.csv__assays_vertical_50_ac3_ev_target.csv,121.76,2.03,
MagnetoGPT,ChEMBL__assays_vertical_50_ac4_av_source.csv__assays_vertical_50_ac4_av_target.csv,112.95,1.88,
MagnetoGPT,ChEMBL__assays_vertical_50_ac4_ev_source.csv__assays_vertical_50_ac4_ev_target.csv,121.2,2.02,
MagnetoGPT,ChEMBL__assays_vertical_50_ac5_av_source.csv__assays_vertical_50_ac5_av_target.csv,121.94,2.03,
MagnetoGPT,ChEMBL__assays_vertical_50_ac5_ev_source.csv__assays_vertical_50_ac5_ev_target.csv,137.66,2.29,
MagnetoGPT,ChEMBL__assays_vertical_50_ec_av_source.csv__assays_vertical_50_ec_av_target.csv,105.05,1.75,
MagnetoGPT,ChEMBL__assays_vertical_50_ec_ev_source.csv__assays_vertical_50_ec_ev_target.csv,114.29,1.9,
MagnetoGPT,ChEMBL__assays_vertical_70_ac1_av_source.csv__assays_vertical_70_ac1_av_target.csv,185.35,3.09,
MagnetoGPT,ChEMBL__assays_vertical_70_ac1_ev_source.csv__assays_vertical_70_ac1_ev_target.csv,174.65,2.91,
MagnetoGPT,ChEMBL__assays_vertical_70_ac2_av_source.csv__assays_vertical_70_ac2_av_target.csv,136.79,2.28,
MagnetoGPT,ChEMBL__assays_vertical_70_ac2_ev_source.csv__assays_vertical_70_ac2_ev_target.csv,136.8,2.28,
MagnetoGPT,ChEMBL__assays_vertical_70_ac3_av_source.csv__assays_vertical_70_ac3_av_target.csv,187.06,3.12,
MagnetoGPT,ChEMBL__assays_vertical_70_ac3_ev_source.csv__assays_vertical_70_ac3_ev_target.csv,169.92,2.83,
MagnetoGPT,ChEMBL__assays_vertical_70_ac4_av_source.csv__assays_vertical_70_ac4_av_target.csv,178.46,2.97,
MagnetoGPT,ChEMBL__assays_vertical_70_ac4_ev_source.csv__assays_vertical_70_ac4_ev_target.csv,157.79,2.63,
MagnetoGPT,ChEMBL__assays_vertical_70_ac5_av_source.csv__assays_vertical_70_ac5_av_target.csv,155.65,2.59,
MagnetoGPT,ChEMBL__assays_vertical_70_ac5_ev_source.csv__assays_vertical_70_ac5_ev_target.csv,174.64,2.91,
MagnetoGPT,ChEMBL__assays_vertical_70_ec_av_source.csv__assays_vertical_70_ec_av_target.csv,142.08,2.37,
MagnetoGPT,ChEMBL__assays_vertical_70_ec_ev_source.csv__assays_vertical_70_ec_ev_target.csv,163.39,2.72,
MagnetoGPT,Magellan__amazon_google_exp_source.csv__amazon_google_exp_target.csv,10.1,0.17,
MagnetoGPT,Magellan__beeradvo_ratebeer_source.csv__beeradvo_ratebeer_target.csv,13.37,0.22,
MagnetoGPT,Magellan__dblp_acm_source.csv__dblp_acm_target.csv,12.41,0.21,
MagnetoGPT,Magellan__dblp_scholar_source.csv__dblp_scholar_target.csv,16.25,0.27,
MagnetoGPT,Magellan__fodors_zagats_source.csv__fodors_zagats_target.csv,20.25,0.34,
MagnetoGPT,Magellan__itunes_amazon_source.csv__itunes_amazon_target.csv,33.5,0.56,
MagnetoGPT,Magellan__walmart_amazon_source.csv__walmart_amazon_target.csv,16.49,0.27,
MagnetoGPT,OpenData__miller2_both_0_1_ac1_av_source.csv__miller2_both_0_1_ac1_av_target.csv,239.11,3.99,
MagnetoGPT,OpenData__miller2_both_0_1_ac1_ev_source.csv__miller2_both_0_1_ac1_ev_target.csv,227.13,3.79,
MagnetoGPT,OpenData__miller2_both_0_1_ac2_av_source.csv__miller2_both_0_1_ac2_av_target.csv,190.1,3.17,
MagnetoGPT,OpenData__miller2_both_0_1_ac2_ev_source.csv__miller2_both_0_1_ac2_ev_target.csv,191.87,3.2,
MagnetoGPT,OpenData__miller2_both_0_1_ac3_av_source.csv__miller2_both_0_1_ac3_av_target.csv,214.92,3.58,
MagnetoGPT,OpenData__miller2_both_0_1_ac3_ev_source.csv__miller2_both_0_1_ac3_ev_target.csv,208.64,3.48,
MagnetoGPT,OpenData__miller2_both_0_1_ac4_av_source.csv__miller2_both_0_1_ac4_av_target.csv,207.39,3.46,
MagnetoGPT,OpenData__miller2_both_0_1_ac4_ev_source.csv__miller2_both_0_1_ac4_ev_target.csv,237.64,3.96,
MagnetoGPT,OpenData__miller2_both_0_1_ac5_av_source.csv__miller2_both_0_1_ac5_av_target.csv,247.55,4.13,
MagnetoGPT,OpenData__miller2_both_0_1_ac5_ev_source.csv__miller2_both_0_1_ac5_ev_target.csv,238.0,3.97,
MagnetoGPT,OpenData__miller2_both_0_1_ec_av_source.csv__miller2_both_0_1_ec_av_target.csv,201.96,3.37,
MagnetoGPT,OpenData__miller2_both_0_1_ec_ev_source.csv__miller2_both_0_1_ec_ev_target.csv,184.28,3.07,
MagnetoGPT,OpenData__miller2_both_0_30_ac1_av_source.csv__miller2_both_0_30_ac1_av_target.csv,250.37,4.17,
MagnetoGPT,OpenData__miller2_both_0_30_ac1_ev_source.csv__miller2_both_0_30_ac1_ev_target.csv,303.79,5.06,
MagnetoGPT,OpenData__miller2_both_0_30_ac2_av_source.csv__miller2_both_0_30_ac2_av_target.csv,230.39,3.84,
MagnetoGPT,OpenData__miller2_both_0_30_ac2_ev_source.csv__miller2_both_0_30_ac2_ev_target.csv,215.34,3.59,
MagnetoGPT,OpenData__miller2_both_0_30_ac3_av_source.csv__miller2_both_0_30_ac3_av_target.csv,328.47,5.47,
MagnetoGPT,OpenData__miller2_both_0_30_ac3_ev_source.csv__miller2_both_0_30_ac3_ev_target.csv,275.19,4.59,
MagnetoGPT,OpenData__miller2_both_0_30_ac4_av_source.csv__miller2_both_0_30_ac4_av_target.csv,286.68,4.78,
MagnetoGPT,OpenData__miller2_both_0_30_ac4_ev_source.csv__miller2_both_0_30_ac4_ev_target.csv,290.11,4.84,
MagnetoGPT,OpenData__miller2_both_0_30_ac5_av_source.csv__miller2_both_0_30_ac5_av_target.csv,338.66,5.64,
MagnetoGPT,OpenData__miller2_both_0_30_ac5_ev_source.csv__miller2_both_0_30_ac5_ev_target.csv,348.62,5.81,
MagnetoGPT,OpenData__miller2_both_0_30_ec_av_source.csv__miller2_both_0_30_ec_av_target.csv,238.44,3.97,
MagnetoGPT,OpenData__miller2_both_0_30_ec_ev_source.csv__miller2_both_0_30_ec_ev_target.csv,243.36,4.06,
MagnetoGPT,OpenData__miller2_both_0_50_ac1_av_source.csv__miller2_both_0_50_ac1_av_target.csv,362.99,6.05,
MagnetoGPT,OpenData__miller2_both_0_50_ac1_ev_source.csv__miller2_both_0_50_ac1_ev_target.csv,379.59,6.33,
MagnetoGPT,OpenData__miller2_both_0_50_ac2_av_source.csv__miller2_both_0_50_ac2_av_target.csv,272.34,4.54,
MagnetoGPT,OpenData__miller2_both_0_50_ac2_ev_source.csv__miller2_both_0_50_ac2_ev_target.csv,266.56,4.44,
MagnetoGPT,OpenData__miller2_both_0_50_ac3_av_source.csv__miller2_both_0_50_ac3_av_target.csv,397.19,6.62,
MagnetoGPT,OpenData__miller2_both_0_50_ac3_ev_source.csv__miller2_both_0_50_ac3_ev_target.csv,330.9,5.51,
MagnetoGPT,OpenData__miller2_both_0_50_ac4_av_source.csv__miller2_both_0_50_ac4_av_target.csv,375.94,6.27,
MagnetoGPT,OpenData__miller2_both_0_50_ac4_ev_source.csv__miller2_both_0_50_ac4_ev_target.csv,347.46,5.79,
MagnetoGPT,OpenData__miller2_both_0_50_ac5_av_source.csv__miller2_both_0_50_ac5_av_target.csv,321.07,5.35,
MagnetoGPT,OpenData__miller2_both_0_50_ac5_ev_source.csv__miller2_both_0_50_ac5_ev_target.csv,378.43,6.31,
MagnetoGPT,OpenData__miller2_both_0_50_ec_av_source.csv__miller2_both_0_50_ec_av_target.csv,270.77,4.51,
MagnetoGPT,OpenData__miller2_both_0_50_ec_ev_source.csv__miller2_both_0_50_ec_ev_target.csv,286.0,4.77,
MagnetoGPT,OpenData__miller2_both_0_70_ac1_av_source.csv__miller2_both_0_70_ac1_av_target.csv,454.84,7.58,
MagnetoGPT,OpenData__miller2_both_0_70_ac1_ev_source.csv__miller2_both_0_70_ac1_ev_target.csv,399.68,6.66,
MagnetoGPT,OpenData__miller2_both_0_70_ac2_av_source.csv__miller2_both_0_70_ac2_av_target.csv,294.08,4.9,
MagnetoGPT,OpenData__miller2_both_0_70_ac2_ev_source.csv__miller2_both_0_70_ac2_ev_target.csv,301.29,5.02,
MagnetoGPT,OpenData__miller2_both_0_70_ac3_av_source.csv__miller2_both_0_70_ac3_av_target.csv,387.47,6.46,
MagnetoGPT,OpenData__miller2_both_0_70_ac3_ev_source.csv__miller2_both_0_70_ac3_ev_target.csv,386.47,6.44,
MagnetoGPT,OpenData__miller2_both_0_70_ac4_av_source.csv__miller2_both_0_70_ac4_av_target.csv,486.34,8.11,
MagnetoGPT,OpenData__miller2_both_0_70_ac4_ev_source.csv__miller2_both_0_70_ac4_ev_target.csv,392.7,6.55,
MagnetoGPT,OpenData__miller2_both_0_70_ac5_av_source.csv__miller2_both_0_70_ac5_av_target.csv,432.38,7.21,
MagnetoGPT,OpenData__miller2_both_0_70_ac5_ev_source.csv__miller2_both_0_70_ac5_ev_target.csv,425.43,7.09,
MagnetoGPT,OpenData__miller2_both_0_70_ec_av_source.csv__miller2_both_0_70_ec_av_target.csv,342.39,5.71,
MagnetoGPT,OpenData__miller2_both_0_70_ec_ev_source.csv__miller2_both_0_70_ec_ev_target.csv,355.82,5.93,
MagnetoGPT,OpenData__miller2_both_50_1_ac1_av_source.csv__miller2_both_50_1_ac1_av_target.csv,229.56,3.83,
MagnetoGPT,OpenData__miller2_both_50_1_ac1_ev_source.csv__miller2_both_50_1_ac1_ev_target.csv,299.26,4.99,
MagnetoGPT,OpenData__miller2_both_50_1_ac2_av_source.csv__miller2_both_50_1_ac2_av_target.csv,181.26,3.02,
MagnetoGPT,OpenData__miller2_both_50_1_ac2_ev_source.csv__miller2_both_50_1_ac2_ev_target.csv,164.15,2.74,
MagnetoGPT,OpenData__miller2_both_50_1_ac3_av_source.csv__miller2_both_50_1_ac3_av_target.csv,194.43,3.24,
MagnetoGPT,OpenData__miller2_both_50_1_ac3_ev_source.csv__miller2_both_50_1_ac3_ev_target.csv,172.74,2.88,
MagnetoGPT,OpenData__miller2_both_50_1_ac4_av_source.csv__miller2_both_50_1_ac4_av_target.csv,246.23,4.1,
MagnetoGPT,OpenData__miller2_both_50_1_ac4_ev_source.csv__miller2_both_50_1_ac4_ev_target.csv,209.93,3.5,
MagnetoGPT,OpenData__miller2_both_50_1_ac5_av_source.csv__miller2_both_50_1_ac5_av_target.csv,253.12,4.22,
MagnetoGPT,OpenData__miller2_both_50_1_ac5_ev_source.csv__miller2_both_50_1_ac5_ev_target.csv,251.05,4.18,
MagnetoGPT,OpenData__miller2_both_50_1_ec_av_source.csv__miller2_both_50_1_ec_av_target.csv,218.46,3.64,
MagnetoGPT,OpenData__miller2_both_50_1_ec_ev_source.csv__miller2_both_50_1_ec_ev_target.csv,189.3,3.15,
MagnetoGPT,OpenData__miller2_both_50_30_ac1_av_source.csv__miller2_both_50_30_ac1_av_target.csv,298.41,4.97,
MagnetoGPT,OpenData__miller2_both_50_30_ac1_ev_source.csv__miller2_both_50_30_ac1_ev_target.csv,304.88,5.08,
MagnetoGPT,OpenData__miller2_both_50_30_ac2_av_source.csv__miller2_both_50_30_ac2_av_target.csv,236.52,3.94,
MagnetoGPT,OpenData__miller2_both_50_30_ac2_ev_source.csv__miller2_both_50_30_ac2_ev_target.csv,258.69,4.31,
MagnetoGPT,OpenData__miller2_both_50_30_ac3_av_source.csv__miller2_both_50_30_ac3_av_target.csv,283.45,4.72,
MagnetoGPT,OpenData__miller2_both_50_30_ac3_ev_source.csv__miller2_both_50_30_ac3_ev_target.csv,313.77,5.23,
MagnetoGPT,OpenData__miller2_both_50_30_ac4_av_source.csv__miller2_both_50_30_ac4_av_target.csv,271.67,4.53,
MagnetoGPT,OpenData__miller2_both_50_30_ac4_ev_source.csv__miller2_both_50_30_ac4_ev_target.csv,256.69,4.28,
MagnetoGPT,OpenData__miller2_both_50_30_ac5_av_source.csv__miller2_both_50_30_ac5_av_target.csv,355.19,5.92,
MagnetoGPT,OpenData__miller2_both_50_30_ac5_ev_source.csv__miller2_both_50_30_ac5_ev_target.csv,382.98,6.38,
MagnetoGPT,OpenData__miller2_both_50_30_ec_av_source.csv__miller2_both_50_30_ec_av_target.csv,279.99,4.67,
MagnetoGPT,OpenData__miller2_both_50_30_ec_ev_source.csv__miller2_both_50_30_ec_ev_target.csv,260.89,4.35,
MagnetoGPT,OpenData__miller2_both_50_50_ac1_av_source.csv__miller2_both_50_50_ac1_av_target.csv,357.6,5.96,
MagnetoGPT,OpenData__miller2_both_50_50_ac1_ev_source.csv__miller2_both_50_50_ac1_ev_target.csv,289.71,4.83,
MagnetoGPT,OpenData__miller2_both_50_50_ac2_av_source.csv__miller2_both_50_50_ac2_av_target.csv,285.36,4.76,
MagnetoGPT,OpenData__miller2_both_50_50_ac2_ev_source.csv__miller2_both_50_50_ac2_ev_target.csv,312.85,5.21,
MagnetoGPT,OpenData__miller2_both_50_50_ac3_av_source.csv__miller2_both_50_50_ac3_av_target.csv,283.97,4.73,
MagnetoGPT,OpenData__miller2_both_50_50_ac3_ev_source.csv__miller2_both_50_50_ac3_ev_target.csv,316.29,5.27,
MagnetoGPT,OpenData__miller2_both_50_50_ac4_av_source.csv__miller2_both_50_50_ac4_av_target.csv,360.51,6.01,
MagnetoGPT,OpenData__miller2_both_50_50_ac4_ev_source.csv__miller2_both_50_50_ac4_ev_target.csv,307.17,5.12,
MagnetoGPT,OpenData__miller2_both_50_50_ac5_av_source.csv__miller2_both_50_50_ac5_av_target.csv,364.74,6.08,
MagnetoGPT,OpenData__miller2_both_50_50_ac5_ev_source.csv__miller2_both_50_50_ac5_ev_target.csv,364.58,6.08,
MagnetoGPT,OpenData__miller2_both_50_50_ec_av_source.csv__miller2_both_50_50_ec_av_target.csv,265.39,4.42,
MagnetoGPT,OpenData__miller2_both_50_50_ec_ev_source.csv__miller2_both_50_50_ec_ev_target.csv,370.55,6.18,
MagnetoGPT,OpenData__miller2_both_50_70_ac1_av_source.csv__miller2_both_50_70_ac1_av_target.csv,389.5,6.49,
MagnetoGPT,OpenData__miller2_both_50_70_ac1_ev_source.csv__miller2_both_50_70_ac1_ev_target.csv,343.96,5.73,
MagnetoGPT,OpenData__miller2_both_50_70_ac2_av_source.csv__miller2_both_50_70_ac2_av_target.csv,306.91,5.12,
MagnetoGPT,OpenData__miller2_both_50_70_ac2_ev_source.csv__miller2_both_50_70_ac2_ev_target.csv,337.26,5.62,
MagnetoGPT,OpenData__miller2_both_50_70_ac3_av_source.csv__miller2_both_50_70_ac3_av_target.csv,23955.2,399.25,
MagnetoGPT,OpenData__miller2_both_50_70_ac3_ev_source.csv__miller2_both_50_70_ac3_ev_target.csv,427.26,7.12,
MagnetoGPT,OpenData__miller2_both_50_70_ac4_av_source.csv__miller2_both_50_70_ac4_av_target.csv,348.87,5.81,
MagnetoGPT,OpenData__miller2_both_50_70_ac4_ev_source.csv__miller2_both_50_70_ac4_ev_target.csv,418.47,6.97,
MagnetoGPT,OpenData__miller2_both_50_70_ac5_av_source.csv__miller2_both_50_70_ac5_av_target.csv,348.55,5.81,
MagnetoGPT,OpenData__miller2_both_50_70_ac5_ev_source.csv__miller2_both_50_70_ac5_ev_target.csv,399.29,6.65,
MagnetoGPT,OpenData__miller2_both_50_70_ec_av_source.csv__miller2_both_50_70_ec_av_target.csv,302.28,5.04,
MagnetoGPT,OpenData__miller2_both_50_70_ec_ev_source.csv__miller2_both_50_70_ec_ev_target.csv,314.34,5.24,
MagnetoGPT,OpenData__miller2_horizontal_0_ac1_av_source.csv__miller2_horizontal_0_ac1_av_target.csv,435.96,7.27,
MagnetoGPT,OpenData__miller2_horizontal_0_ac1_ev_source.csv__miller2_horizontal_0_ac1_ev_target.csv,534.78,8.91,
MagnetoGPT,OpenData__miller2_horizontal_0_ac2_av_source.csv__miller2_horizontal_0_ac2_av_target.csv,320.54,5.34,
MagnetoGPT,OpenData__miller2_horizontal_0_ac2_ev_source.csv__miller2_horizontal_0_ac2_ev_target.csv,340.93,5.68,
MagnetoGPT,OpenData__miller2_horizontal_0_ac3_av_source.csv__miller2_horizontal_0_ac3_av_target.csv,478.62,7.98,
MagnetoGPT,OpenData__miller2_horizontal_0_ac3_ev_source.csv__miller2_horizontal_0_ac3_ev_target.csv,477.91,7.97,
MagnetoGPT,OpenData__miller2_horizontal_0_ac4_av_source.csv__miller2_horizontal_0_ac4_av_target.csv,426.59,7.11,
MagnetoGPT,OpenData__miller2_horizontal_0_ac4_ev_source.csv__miller2_horizontal_0_ac4_ev_target.csv,431.28,7.19,
MagnetoGPT,OpenData__miller2_horizontal_0_ac5_av_source.csv__miller2_horizontal_0_ac5_av_target.csv,481.38,8.02,
MagnetoGPT,OpenData__miller2_horizontal_0_ac5_ev_source.csv__miller2_horizontal_0_ac5_ev_target.csv,470.4,7.84,
MagnetoGPT,OpenData__miller2_horizontal_0_ec_av_source.csv__miller2_horizontal_0_ec_av_target.csv,349.98,5.83,
MagnetoGPT,OpenData__miller2_horizontal_0_ec_ev_source.csv__miller2_horizontal_0_ec_ev_target.csv,419.78,7.0,
MagnetoGPT,OpenData__miller2_horizontal_100_ac1_av_source.csv__miller2_horizontal_100_ac1_av_target.csv,416.48,6.94,
MagnetoGPT,OpenData__miller2_horizontal_100_ac1_ev_source.csv__miller2_horizontal_100_ac1_ev_target.csv,439.08,7.32,
MagnetoGPT,OpenData__miller2_horizontal_100_ac2_av_source.csv__miller2_horizontal_100_ac2_av_target.csv,370.42,6.17,
MagnetoGPT,OpenData__miller2_horizontal_100_ac2_ev_source.csv__miller2_horizontal_100_ac2_ev_target.csv,449.44,7.49,
MagnetoGPT,OpenData__miller2_horizontal_100_ac3_av_source.csv__miller2_horizontal_100_ac3_av_target.csv,422.77,7.05,
MagnetoGPT,OpenData__miller2_horizontal_100_ac3_ev_source.csv__miller2_horizontal_100_ac3_ev_target.csv,380.09,6.33,
MagnetoGPT,OpenData__miller2_horizontal_100_ac4_av_source.csv__miller2_horizontal_100_ac4_av_target.csv,425.86,7.1,
MagnetoGPT,OpenData__miller2_horizontal_100_ac4_ev_source.csv__miller2_horizontal_100_ac4_ev_target.csv,395.49,6.59,
MagnetoGPT,OpenData__miller2_horizontal_100_ac5_av_source.csv__miller2_horizontal_100_ac5_av_target.csv,475.65,7.93,
MagnetoGPT,OpenData__miller2_horizontal_100_ac5_ev_source.csv__miller2_horizontal_100_ac5_ev_target.csv,430.95,7.18,
MagnetoGPT,OpenData__miller2_horizontal_100_ec_av_source.csv__miller2_horizontal_100_ec_av_target.csv,401.8,6.7,
MagnetoGPT,OpenData__miller2_horizontal_100_ec_ev_source.csv__miller2_horizontal_100_ec_ev_target.csv,357.76,5.96,
MagnetoGPT,OpenData__miller2_horizontal_50_ac1_av_source.csv__miller2_horizontal_50_ac1_av_target.csv,476.6,7.94,
MagnetoGPT,OpenData__miller2_horizontal_50_ac1_ev_source.csv__miller2_horizontal_50_ac1_ev_target.csv,550.02,9.17,
MagnetoGPT,OpenData__miller2_horizontal_50_ac2_av_source.csv__miller2_horizontal_50_ac2_av_target.csv,337.36,5.62,
MagnetoGPT,OpenData__miller2_horizontal_50_ac2_ev_source.csv__miller2_horizontal_50_ac2_ev_target.csv,341.77,5.7,
MagnetoGPT,OpenData__miller2_horizontal_50_ac3_av_source.csv__miller2_horizontal_50_ac3_av_target.csv,419.86,7.0,
MagnetoGPT,OpenData__miller2_horizontal_50_ac3_ev_source.csv__miller2_horizontal_50_ac3_ev_target.csv,428.62,7.14,
MagnetoGPT,OpenData__miller2_horizontal_50_ac4_av_source.csv__miller2_horizontal_50_ac4_av_target.csv,466.13,7.77,
MagnetoGPT,OpenData__miller2_horizontal_50_ac4_ev_source.csv__miller2_horizontal_50_ac4_ev_target.csv,481.02,8.02,
MagnetoGPT,OpenData__miller2_horizontal_50_ac5_av_source.csv__miller2_horizontal_50_ac5_av_target.csv,549.27,9.15,
MagnetoGPT,OpenData__miller2_horizontal_50_ac5_ev_source.csv__miller2_horizontal_50_ac5_ev_target.csv,539.34,8.99,
MagnetoGPT,OpenData__miller2_horizontal_50_ec_av_source.csv__miller2_horizontal_50_ec_av_target.csv,350.57,5.84,
MagnetoGPT,OpenData__miller2_horizontal_50_ec_ev_source.csv__miller2_horizontal_50_ec_ev_target.csv,346.07,5.77,
MagnetoGPT,OpenData__miller2_vertical_1_ac1_av_source.csv__miller2_vertical_1_ac1_av_target.csv,225.25,3.75,
MagnetoGPT,OpenData__miller2_vertical_1_ac1_ev_source.csv__miller2_vertical_1_ac1_ev_target.csv,268.82,4.48,
MagnetoGPT,OpenData__miller2_vertical_1_ac2_av_source.csv__miller2_vertical_1_ac2_av_target.csv,196.78,3.28,
MagnetoGPT,OpenData__miller2_vertical_1_ac2_ev_source.csv__miller2_vertical_1_ac2_ev_target.csv,160.02,2.67,
MagnetoGPT,OpenData__miller2_vertical_1_ac3_av_source.csv__miller2_vertical_1_ac3_av_target.csv,204.45,3.41,
MagnetoGPT,OpenData__miller2_vertical_1_ac3_ev_source.csv__miller2_vertical_1_ac3_ev_target.csv,185.3,3.09,
MagnetoGPT,OpenData__miller2_vertical_1_ac4_av_source.csv__miller2_vertical_1_ac4_av_target.csv,221.88,3.7,
MagnetoGPT,OpenData__miller2_vertical_1_ac4_ev_source.csv__miller2_vertical_1_ac4_ev_target.csv,232.5,3.87,
MagnetoGPT,OpenData__miller2_vertical_1_ac5_av_source.csv__miller2_vertical_1_ac5_av_target.csv,234.36,3.91,
MagnetoGPT,OpenData__miller2_vertical_1_ac5_ev_source.csv__miller2_vertical_1_ac5_ev_target.csv,244.42,4.07,
MagnetoGPT,OpenData__miller2_vertical_1_ec_av_source.csv__miller2_vertical_1_ec_av_target.csv,215.88,3.6,
MagnetoGPT,OpenData__miller2_vertical_1_ec_ev_source.csv__miller2_vertical_1_ec_ev_target.csv,202.13,3.37,
MagnetoGPT,OpenData__miller2_vertical_30_ac1_av_source.csv__miller2_vertical_30_ac1_av_target.csv,290.74,4.85,
MagnetoGPT,OpenData__miller2_vertical_30_ac1_ev_source.csv__miller2_vertical_30_ac1_ev_target.csv,240.05,4.0,
MagnetoGPT,OpenData__miller2_vertical_30_ac2_av_source.csv__miller2_vertical_30_ac2_av_target.csv,278.81,4.65,
MagnetoGPT,OpenData__miller2_vertical_30_ac2_ev_source.csv__miller2_vertical_30_ac2_ev_target.csv,229.38,3.82,
MagnetoGPT,OpenData__miller2_vertical_30_ac3_av_source.csv__miller2_vertical_30_ac3_av_target.csv,287.2,4.79,
MagnetoGPT,OpenData__miller2_vertical_30_ac3_ev_source.csv__miller2_vertical_30_ac3_ev_target.csv,360.63,6.01,
MagnetoGPT,OpenData__miller2_vertical_30_ac4_av_source.csv__miller2_vertical_30_ac4_av_target.csv,246.07,4.1,
MagnetoGPT,OpenData__miller2_vertical_30_ac4_ev_source.csv__miller2_vertical_30_ac4_ev_target.csv,333.01,5.55,
MagnetoGPT,OpenData__miller2_vertical_30_ac5_av_source.csv__miller2_vertical_30_ac5_av_target.csv,286.04,4.77,
MagnetoGPT,OpenData__miller2_vertical_30_ac5_ev_source.csv__miller2_vertical_30_ac5_ev_target.csv,259.98,4.33,
MagnetoGPT,OpenData__miller2_vertical_30_ec_av_source.csv__miller2_vertical_30_ec_av_target.csv,276.56,4.61,
MagnetoGPT,OpenData__miller2_vertical_30_ec_ev_source.csv__miller2_vertical_30_ec_ev_target.csv,245.16,4.09,
MagnetoGPT,OpenData__miller2_vertical_50_ac1_av_source.csv__miller2_vertical_50_ac1_av_target.csv,348.55,5.81,
MagnetoGPT,OpenData__miller2_vertical_50_ac1_ev_source.csv__miller2_vertical_50_ac1_ev_target.csv,394.89,6.58,
MagnetoGPT,OpenData__miller2_vertical_50_ac2_av_source.csv__miller2_vertical_50_ac2_av_target.csv,266.56,4.44,
MagnetoGPT,OpenData__miller2_vertical_50_ac2_ev_source.csv__miller2_vertical_50_ac2_ev_target.csv,368.48,6.14,
MagnetoGPT,OpenData__miller2_vertical_50_ac3_av_source.csv__miller2_vertical_50_ac3_av_target.csv,316.94,5.28,
MagnetoGPT,OpenData__miller2_vertical_50_ac3_ev_source.csv__miller2_vertical_50_ac3_ev_target.csv,382.02,6.37,
MagnetoGPT,OpenData__miller2_vertical_50_ac4_av_source.csv__miller2_vertical_50_ac4_av_target.csv,298.26,4.97,
MagnetoGPT,OpenData__miller2_vertical_50_ac4_ev_source.csv__miller2_vertical_50_ac4_ev_target.csv,384.46,6.41,
MagnetoGPT,OpenData__miller2_vertical_50_ac5_av_source.csv__miller2_vertical_50_ac5_av_target.csv,308.32,5.14,
MagnetoGPT,OpenData__miller2_vertical_50_ac5_ev_source.csv__miller2_vertical_50_ac5_ev_target.csv,370.56,6.18,
MagnetoGPT,OpenData__miller2_vertical_50_ec_av_source.csv__miller2_vertical_50_ec_av_target.csv,339.97,5.67,
MagnetoGPT,OpenData__miller2_vertical_50_ec_ev_source.csv__miller2_vertical_50_ec_ev_target.csv,284.63,4.74,
MagnetoGPT,OpenData__miller2_vertical_70_ac1_av_source.csv__miller2_vertical_70_ac1_av_target.csv,421.57,7.03,
MagnetoGPT,OpenData__miller2_vertical_70_ac1_ev_source.csv__miller2_vertical_70_ac1_ev_target.csv,394.01,6.57,
MagnetoGPT,OpenData__miller2_vertical_70_ac2_av_source.csv__miller2_vertical_70_ac2_av_target.csv,291.07,4.85,
MagnetoGPT,OpenData__miller2_vertical_70_ac2_ev_source.csv__miller2_vertical_70_ac2_ev_target.csv,319.85,5.33,
MagnetoGPT,OpenData__miller2_vertical_70_ac3_av_source.csv__miller2_vertical_70_ac3_av_target.csv,339.03,5.65,
MagnetoGPT,OpenData__miller2_vertical_70_ac3_ev_source.csv__miller2_vertical_70_ac3_ev_target.csv,340.0,5.67,
MagnetoGPT,OpenData__miller2_vertical_70_ac4_av_source.csv__miller2_vertical_70_ac4_av_target.csv,324.66,5.41,
MagnetoGPT,OpenData__miller2_vertical_70_ac4_ev_source.csv__miller2_vertical_70_ac4_ev_target.csv,411.83,6.86,
MagnetoGPT,OpenData__miller2_vertical_70_ac5_av_source.csv__miller2_vertical_70_ac5_av_target.csv,402.65,6.71,
MagnetoGPT,OpenData__miller2_vertical_70_ac5_ev_source.csv__miller2_vertical_70_ac5_ev_target.csv,411.81,6.86,
MagnetoGPT,OpenData__miller2_vertical_70_ec_av_source.csv__miller2_vertical_70_ec_av_target.csv,293.41,4.89,
MagnetoGPT,OpenData__miller2_vertical_70_ec_ev_source.csv__miller2_vertical_70_ec_ev_target.csv,349.0,5.82,
MagnetoGPT,TPC-DI__prospect_both_0_1_ac1_av_source.csv__prospect_both_0_1_ac1_av_target.csv,65.93,1.1,
MagnetoGPT,TPC-DI__prospect_both_0_1_ac1_ev_source.csv__prospect_both_0_1_ac1_ev_target.csv,63.07,1.05,
MagnetoGPT,TPC-DI__prospect_both_0_1_ac2_av_source.csv__prospect_both_0_1_ac2_av_target.csv,44.51,0.74,
MagnetoGPT,TPC-DI__prospect_both_0_1_ac2_ev_source.csv__prospect_both_0_1_ac2_ev_target.csv,54.86,0.91,
MagnetoGPT,TPC-DI__prospect_both_0_1_ac3_av_source.csv__prospect_both_0_1_ac3_av_target.csv,52.74,0.88,
MagnetoGPT,TPC-DI__prospect_both_0_1_ac3_ev_source.csv__prospect_both_0_1_ac3_ev_target.csv,61.18,1.02,
MagnetoGPT,TPC-DI__prospect_both_0_1_ac4_av_source.csv__prospect_both_0_1_ac4_av_target.csv,64.23,1.07,
MagnetoGPT,TPC-DI__prospect_both_0_1_ac4_ev_source.csv__prospect_both_0_1_ac4_ev_target.csv,51.23,0.85,
MagnetoGPT,TPC-DI__prospect_both_0_1_ac5_av_source.csv__prospect_both_0_1_ac5_av_target.csv,61.29,1.02,
MagnetoGPT,TPC-DI__prospect_both_0_1_ac5_ev_source.csv__prospect_both_0_1_ac5_ev_target.csv,61.4,1.02,
MagnetoGPT,TPC-DI__prospect_both_0_1_ec_av_source.csv__prospect_both_0_1_ec_av_target.csv,65.65,1.09,
MagnetoGPT,TPC-DI__prospect_both_0_1_ec_ev_source.csv__prospect_both_0_1_ec_ev_target.csv,52.66,0.88,
MagnetoGPT,TPC-DI__prospect_both_0_30_ac1_av_source.csv__prospect_both_0_30_ac1_av_target.csv,87.95,1.47,
MagnetoGPT,TPC-DI__prospect_both_0_30_ac1_ev_source.csv__prospect_both_0_30_ac1_ev_target.csv,82.19,1.37,
MagnetoGPT,TPC-DI__prospect_both_0_30_ac2_av_source.csv__prospect_both_0_30_ac2_av_target.csv,77.52,1.29,
MagnetoGPT,TPC-DI__prospect_both_0_30_ac2_ev_source.csv__prospect_both_0_30_ac2_ev_target.csv,66.73,1.11,
MagnetoGPT,TPC-DI__prospect_both_0_30_ac3_av_source.csv__prospect_both_0_30_ac3_av_target.csv,78.68,1.31,
MagnetoGPT,TPC-DI__prospect_both_0_30_ac3_ev_source.csv__prospect_both_0_30_ac3_ev_target.csv,78.68,1.31,
MagnetoGPT,TPC-DI__prospect_both_0_30_ac4_av_source.csv__prospect_both_0_30_ac4_av_target.csv,74.59,1.24,
MagnetoGPT,TPC-DI__prospect_both_0_30_ac4_ev_source.csv__prospect_both_0_30_ac4_ev_target.csv,89.95,1.5,
MagnetoGPT,TPC-DI__prospect_both_0_30_ac5_av_source.csv__prospect_both_0_30_ac5_av_target.csv,84.23,1.4,
MagnetoGPT,TPC-DI__prospect_both_0_30_ac5_ev_source.csv__prospect_both_0_30_ac5_ev_target.csv,96.58,1.61,
MagnetoGPT,TPC-DI__prospect_both_0_30_ec_av_source.csv__prospect_both_0_30_ec_av_target.csv,77.31,1.29,
MagnetoGPT,TPC-DI__prospect_both_0_30_ec_ev_source.csv__prospect_both_0_30_ec_ev_target.csv,73.03,1.22,
MagnetoGPT,TPC-DI__prospect_both_0_50_ac1_av_source.csv__prospect_both_0_50_ac1_av_target.csv,112.28,1.87,
MagnetoGPT,TPC-DI__prospect_both_0_50_ac1_ev_source.csv__prospect_both_0_50_ac1_ev_target.csv,119.6,1.99,
MagnetoGPT,TPC-DI__prospect_both_0_50_ac2_av_source.csv__prospect_both_0_50_ac2_av_target.csv,115.33,1.92,
MagnetoGPT,TPC-DI__prospect_both_0_50_ac2_ev_source.csv__prospect_both_0_50_ac2_ev_target.csv,99.65,1.66,
MagnetoGPT,TPC-DI__prospect_both_0_50_ac3_av_source.csv__prospect_both_0_50_ac3_av_target.csv,110.3,1.84,
MagnetoGPT,TPC-DI__prospect_both_0_50_ac3_ev_source.csv__prospect_both_0_50_ac3_ev_target.csv,106.19,1.77,
MagnetoGPT,TPC-DI__prospect_both_0_50_ac4_av_source.csv__prospect_both_0_50_ac4_av_target.csv,109.39,1.82,
MagnetoGPT,TPC-DI__prospect_both_0_50_ac4_ev_source.csv__prospect_both_0_50_ac4_ev_target.csv,120.49,2.01,
MagnetoGPT,TPC-DI__prospect_both_0_50_ac5_av_source.csv__prospect_both_0_50_ac5_av_target.csv,116.68,1.94,
MagnetoGPT,TPC-DI__prospect_both_0_50_ac5_ev_source.csv__prospect_both_0_50_ac5_ev_target.csv,123.9,2.07,
MagnetoGPT,TPC-DI__prospect_both_0_50_ec_av_source.csv__prospect_both_0_50_ec_av_target.csv,95.93,1.6,
MagnetoGPT,TPC-DI__prospect_both_0_50_ec_ev_source.csv__prospect_both_0_50_ec_ev_target.csv,100.79,1.68,
MagnetoGPT,TPC-DI__prospect_both_0_70_ac1_av_source.csv__prospect_both_0_70_ac1_av_target.csv,134.43,2.24,
MagnetoGPT,TPC-DI__prospect_both_0_70_ac1_ev_source.csv__prospect_both_0_70_ac1_ev_target.csv,143.62,2.39,
MagnetoGPT,TPC-DI__prospect_both_0_70_ac2_av_source.csv__prospect_both_0_70_ac2_av_target.csv,107.75,1.8,
MagnetoGPT,TPC-DI__prospect_both_0_70_ac2_ev_source.csv__prospect_both_0_70_ac2_ev_target.csv,145.87,2.43,
MagnetoGPT,TPC-DI__prospect_both_0_70_ac3_av_source.csv__prospect_both_0_70_ac3_av_target.csv,124.99,2.08,
MagnetoGPT,TPC-DI__prospect_both_0_70_ac3_ev_source.csv__prospect_both_0_70_ac3_ev_target.csv,147.05,2.45,
MagnetoGPT,TPC-DI__prospect_both_0_70_ac4_av_source.csv__prospect_both_0_70_ac4_av_target.csv,160.84,2.68,
MagnetoGPT,TPC-DI__prospect_both_0_70_ac4_ev_source.csv__prospect_both_0_70_ac4_ev_target.csv,135.76,2.26,
MagnetoGPT,TPC-DI__prospect_both_0_70_ac5_av_source.csv__prospect_both_0_70_ac5_av_target.csv,147.24,2.45,
MagnetoGPT,TPC-DI__prospect_both_0_70_ac5_ev_source.csv__prospect_both_0_70_ac5_ev_target.csv,160.24,2.67,
MagnetoGPT,TPC-DI__prospect_both_0_70_ec_av_source.csv__prospect_both_0_70_ec_av_target.csv,121.91,2.03,
MagnetoGPT,TPC-DI__prospect_both_0_70_ec_ev_source.csv__prospect_both_0_70_ec_ev_target.csv,121.77,2.03,
MagnetoGPT,TPC-DI__prospect_both_50_1_ac1_av_source.csv__prospect_both_50_1_ac1_av_target.csv,61.01,1.02,
MagnetoGPT,TPC-DI__prospect_both_50_1_ac1_ev_source.csv__prospect_both_50_1_ac1_ev_target.csv,68.83,1.15,
MagnetoGPT,TPC-DI__prospect_both_50_1_ac2_av_source.csv__prospect_both_50_1_ac2_av_target.csv,52.57,0.88,
MagnetoGPT,TPC-DI__prospect_both_50_1_ac2_ev_source.csv__prospect_both_50_1_ac2_ev_target.csv,59.51,0.99,
MagnetoGPT,TPC-DI__prospect_both_50_1_ac3_av_source.csv__prospect_both_50_1_ac3_av_target.csv,53.04,0.88,
MagnetoGPT,TPC-DI__prospect_both_50_1_ac3_ev_source.csv__prospect_both_50_1_ac3_ev_target.csv,49.25,0.82,
MagnetoGPT,TPC-DI__prospect_both_50_1_ac4_av_source.csv__prospect_both_50_1_ac4_av_target.csv,67.56,1.13,
MagnetoGPT,TPC-DI__prospect_both_50_1_ac4_ev_source.csv__prospect_both_50_1_ac4_ev_target.csv,53.75,0.9,
MagnetoGPT,TPC-DI__prospect_both_50_1_ac5_av_source.csv__prospect_both_50_1_ac5_av_target.csv,69.97,1.17,
MagnetoGPT,TPC-DI__prospect_both_50_1_ac5_ev_source.csv__prospect_both_50_1_ac5_ev_target.csv,60.09,1.0,
MagnetoGPT,TPC-DI__prospect_both_50_1_ec_av_source.csv__prospect_both_50_1_ec_av_target.csv,50.46,0.84,
MagnetoGPT,TPC-DI__prospect_both_50_1_ec_ev_source.csv__prospect_both_50_1_ec_ev_target.csv,51.68,0.86,
MagnetoGPT,TPC-DI__prospect_both_50_30_ac1_av_source.csv__prospect_both_50_30_ac1_av_target.csv,78.42,1.31,
MagnetoGPT,TPC-DI__prospect_both_50_30_ac1_ev_source.csv__prospect_both_50_30_ac1_ev_target.csv,99.6,1.66,
MagnetoGPT,TPC-DI__prospect_both_50_30_ac2_av_source.csv__prospect_both_50_30_ac2_av_target.csv,82.67,1.38,
MagnetoGPT,TPC-DI__prospect_both_50_30_ac2_ev_source.csv__prospect_both_50_30_ac2_ev_target.csv,71.21,1.19,
MagnetoGPT,TPC-DI__prospect_both_50_30_ac3_av_source.csv__prospect_both_50_30_ac3_av_target.csv,76.39,1.27,
MagnetoGPT,TPC-DI__prospect_both_50_30_ac3_ev_source.csv__prospect_both_50_30_ac3_ev_target.csv,73.47,1.22,
MagnetoGPT,TPC-DI__prospect_both_50_30_ac4_av_source.csv__prospect_both_50_30_ac4_av_target.csv,85.19,1.42,
MagnetoGPT,TPC-DI__prospect_both_50_30_ac4_ev_source.csv__prospect_both_50_30_ac4_ev_target.csv,91.93,1.53,
MagnetoGPT,TPC-DI__prospect_both_50_30_ac5_av_source.csv__prospect_both_50_30_ac5_av_target.csv,100.33,1.67,
MagnetoGPT,TPC-DI__prospect_both_50_30_ac5_ev_source.csv__prospect_both_50_30_ac5_ev_target.csv,88.9,1.48,
MagnetoGPT,TPC-DI__prospect_both_50_30_ec_av_source.csv__prospect_both_50_30_ec_av_target.csv,86.79,1.45,
MagnetoGPT,TPC-DI__prospect_both_50_30_ec_ev_source.csv__prospect_both_50_30_ec_ev_target.csv,72.16,1.2,
MagnetoGPT,TPC-DI__prospect_both_50_50_ac1_av_source.csv__prospect_both_50_50_ac1_av_target.csv,114.35,1.91,
MagnetoGPT,TPC-DI__prospect_both_50_50_ac1_ev_source.csv__prospect_both_50_50_ac1_ev_target.csv,94.97,1.58,
MagnetoGPT,TPC-DI__prospect_both_50_50_ac2_av_source.csv__prospect_both_50_50_ac2_av_target.csv,109.46,1.82,
MagnetoGPT,TPC-DI__prospect_both_50_50_ac2_ev_source.csv__prospect_both_50_50_ac2_ev_target.csv,95.77,1.6,
MagnetoGPT,TPC-DI__prospect_both_50_50_ac3_av_source.csv__prospect_both_50_50_ac3_av_target.csv,102.14,1.7,
MagnetoGPT,TPC-DI__prospect_both_50_50_ac3_ev_source.csv__prospect_both_50_50_ac3_ev_target.csv,105.15,1.75,
MagnetoGPT,TPC-DI__prospect_both_50_50_ac4_av_source.csv__prospect_both_50_50_ac4_av_target.csv,124.43,2.07,
MagnetoGPT,TPC-DI__prospect_both_50_50_ac4_ev_source.csv__prospect_both_50_50_ac4_ev_target.csv,126.31,2.11,
MagnetoGPT,TPC-DI__prospect_both_50_50_ac5_av_source.csv__prospect_both_50_50_ac5_av_target.csv,134.14,2.24,
MagnetoGPT,TPC-DI__prospect_both_50_50_ac5_ev_source.csv__prospect_both_50_50_ac5_ev_target.csv,109.18,1.82,
MagnetoGPT,TPC-DI__prospect_both_50_50_ec_av_source.csv__prospect_both_50_50_ec_av_target.csv,115.3,1.92,
MagnetoGPT,TPC-DI__prospect_both_50_50_ec_ev_source.csv__prospect_both_50_50_ec_ev_target.csv,110.29,1.84,
MagnetoGPT,TPC-DI__prospect_both_50_70_ac1_av_source.csv__prospect_both_50_70_ac1_av_target.csv,133.43,2.22,
MagnetoGPT,TPC-DI__prospect_both_50_70_ac1_ev_source.csv__prospect_both_50_70_ac1_ev_target.csv,153.77,2.56,
MagnetoGPT,TPC-DI__prospect_both_50_70_ac2_av_source.csv__prospect_both_50_70_ac2_av_target.csv,131.19,2.19,
MagnetoGPT,TPC-DI__prospect_both_50_70_ac2_ev_source.csv__prospect_both_50_70_ac2_ev_target.csv,141.61,2.36,
MagnetoGPT,TPC-DI__prospect_both_50_70_ac3_av_source.csv__prospect_both_50_70_ac3_av_target.csv,148.97,2.48,
MagnetoGPT,TPC-DI__prospect_both_50_70_ac3_ev_source.csv__prospect_both_50_70_ac3_ev_target.csv,136.38,2.27,
MagnetoGPT,TPC-DI__prospect_both_50_70_ac4_av_source.csv__prospect_both_50_70_ac4_av_target.csv,170.59,2.84,
MagnetoGPT,TPC-DI__prospect_both_50_70_ac4_ev_source.csv__prospect_both_50_70_ac4_ev_target.csv,134.04,2.23,
MagnetoGPT,TPC-DI__prospect_both_50_70_ac5_av_source.csv__prospect_both_50_70_ac5_av_target.csv,134.0,2.23,
MagnetoGPT,TPC-DI__prospect_both_50_70_ac5_ev_source.csv__prospect_both_50_70_ac5_ev_target.csv,147.51,2.46,
MagnetoGPT,TPC-DI__prospect_both_50_70_ec_av_source.csv__prospect_both_50_70_ec_av_target.csv,136.06,2.27,
MagnetoGPT,TPC-DI__prospect_both_50_70_ec_ev_source.csv__prospect_both_50_70_ec_ev_target.csv,139.73,2.33,
MagnetoGPT,TPC-DI__prospect_horizontal_0_ac1_av_source.csv__prospect_horizontal_0_ac1_av_target.csv,201.26,3.35,
MagnetoGPT,TPC-DI__prospect_horizontal_0_ac1_ev_source.csv__prospect_horizontal_0_ac1_ev_target.csv,174.09,2.9,
MagnetoGPT,TPC-DI__prospect_horizontal_0_ac2_av_source.csv__prospect_horizontal_0_ac2_av_target.csv,173.01,2.88,
MagnetoGPT,TPC-DI__prospect_horizontal_0_ac2_ev_source.csv__prospect_horizontal_0_ac2_ev_target.csv,155.51,2.59,
MagnetoGPT,TPC-DI__prospect_horizontal_0_ac3_av_source.csv__prospect_horizontal_0_ac3_av_target.csv,191.87,3.2,
MagnetoGPT,TPC-DI__prospect_horizontal_0_ac3_ev_source.csv__prospect_horizontal_0_ac3_ev_target.csv,168.6,2.81,
MagnetoGPT,TPC-DI__prospect_horizontal_0_ac4_av_source.csv__prospect_horizontal_0_ac4_av_target.csv,207.11,3.45,
MagnetoGPT,TPC-DI__prospect_horizontal_0_ac4_ev_source.csv__prospect_horizontal_0_ac4_ev_target.csv,186.64,3.11,
MagnetoGPT,TPC-DI__prospect_horizontal_0_ac5_av_source.csv__prospect_horizontal_0_ac5_av_target.csv,195.95,3.27,
MagnetoGPT,TPC-DI__prospect_horizontal_0_ac5_ev_source.csv__prospect_horizontal_0_ac5_ev_target.csv,174.17,2.9,
MagnetoGPT,TPC-DI__prospect_horizontal_0_ec_av_source.csv__prospect_horizontal_0_ec_av_target.csv,156.18,2.6,
MagnetoGPT,TPC-DI__prospect_horizontal_0_ec_ev_source.csv__prospect_horizontal_0_ec_ev_target.csv,174.65,2.91,
MagnetoGPT,TPC-DI__prospect_horizontal_100_ac1_av_source.csv__prospect_horizontal_100_ac1_av_target.csv,185.59,3.09,
MagnetoGPT,TPC-DI__prospect_horizontal_100_ac1_ev_source.csv__prospect_horizontal_100_ac1_ev_target.csv,237.22,3.95,
MagnetoGPT,TPC-DI__prospect_horizontal_100_ac2_av_source.csv__prospect_horizontal_100_ac2_av_target.csv,149.68,2.49,
MagnetoGPT,TPC-DI__prospect_horizontal_100_ac2_ev_source.csv__prospect_horizontal_100_ac2_ev_target.csv,172.45,2.87,
MagnetoGPT,TPC-DI__prospect_horizontal_100_ac3_av_source.csv__prospect_horizontal_100_ac3_av_target.csv,172.48,2.87,
MagnetoGPT,TPC-DI__prospect_horizontal_100_ac3_ev_source.csv__prospect_horizontal_100_ac3_ev_target.csv,212.26,3.54,
MagnetoGPT,TPC-DI__prospect_horizontal_100_ac4_av_source.csv__prospect_horizontal_100_ac4_av_target.csv,192.56,3.21,
MagnetoGPT,TPC-DI__prospect_horizontal_100_ac4_ev_source.csv__prospect_horizontal_100_ac4_ev_target.csv,186.64,3.11,
MagnetoGPT,TPC-DI__prospect_horizontal_100_ac5_av_source.csv__prospect_horizontal_100_ac5_av_target.csv,172.21,2.87,
MagnetoGPT,TPC-DI__prospect_horizontal_100_ac5_ev_source.csv__prospect_horizontal_100_ac5_ev_target.csv,178.55,2.98,
MagnetoGPT,TPC-DI__prospect_horizontal_100_ec_av_source.csv__prospect_horizontal_100_ec_av_target.csv,166.07,2.77,
MagnetoGPT,TPC-DI__prospect_horizontal_100_ec_ev_source.csv__prospect_horizontal_100_ec_ev_target.csv,152.06,2.53,
MagnetoGPT,TPC-DI__prospect_horizontal_50_ac1_av_source.csv__prospect_horizontal_50_ac1_av_target.csv,162.06,2.7,
MagnetoGPT,TPC-DI__prospect_horizontal_50_ac1_ev_source.csv__prospect_horizontal_50_ac1_ev_target.csv,193.36,3.22,
MagnetoGPT,TPC-DI__prospect_horizontal_50_ac2_av_source.csv__prospect_horizontal_50_ac2_av_target.csv,168.25,2.8,
MagnetoGPT,TPC-DI__prospect_horizontal_50_ac2_ev_source.csv__prospect_horizontal_50_ac2_ev_target.csv,201.47,3.36,
MagnetoGPT,TPC-DI__prospect_horizontal_50_ac3_av_source.csv__prospect_horizontal_50_ac3_av_target.csv,169.11,2.82,
MagnetoGPT,TPC-DI__prospect_horizontal_50_ac3_ev_source.csv__prospect_horizontal_50_ac3_ev_target.csv,175.78,2.93,
MagnetoGPT,TPC-DI__prospect_horizontal_50_ac4_av_source.csv__prospect_horizontal_50_ac4_av_target.csv,211.71,3.53,
MagnetoGPT,TPC-DI__prospect_horizontal_50_ac4_ev_source.csv__prospect_horizontal_50_ac4_ev_target.csv,202.42,3.37,
MagnetoGPT,TPC-DI__prospect_horizontal_50_ac5_av_source.csv__prospect_horizontal_50_ac5_av_target.csv,200.49,3.34,
MagnetoGPT,TPC-DI__prospect_horizontal_50_ac5_ev_source.csv__prospect_horizontal_50_ac5_ev_target.csv,237.77,3.96,
MagnetoGPT,TPC-DI__prospect_horizontal_50_ec_av_source.csv__prospect_horizontal_50_ec_av_target.csv,191.09,3.18,
MagnetoGPT,TPC-DI__prospect_horizontal_50_ec_ev_source.csv__prospect_horizontal_50_ec_ev_target.csv,169.43,2.82,
MagnetoGPT,TPC-DI__prospect_vertical_1_ac1_av_source.csv__prospect_vertical_1_ac1_av_target.csv,63.37,1.06,
MagnetoGPT,TPC-DI__prospect_vertical_1_ac1_ev_source.csv__prospect_vertical_1_ac1_ev_target.csv,74.6,1.24,
MagnetoGPT,TPC-DI__prospect_vertical_1_ac2_av_source.csv__prospect_vertical_1_ac2_av_target.csv,53.34,0.89,
MagnetoGPT,TPC-DI__prospect_vertical_1_ac2_ev_source.csv__prospect_vertical_1_ac2_ev_target.csv,56.62,0.94,
MagnetoGPT,TPC-DI__prospect_vertical_1_ac3_av_source.csv__prospect_vertical_1_ac3_av_target.csv,51.64,0.86,
MagnetoGPT,TPC-DI__prospect_vertical_1_ac3_ev_source.csv__prospect_vertical_1_ac3_ev_target.csv,63.9,1.06,
MagnetoGPT,TPC-DI__prospect_vertical_1_ac4_av_source.csv__prospect_vertical_1_ac4_av_target.csv,53.97,0.9,
MagnetoGPT,TPC-DI__prospect_vertical_1_ac4_ev_source.csv__prospect_vertical_1_ac4_ev_target.csv,57.48,0.96,
MagnetoGPT,TPC-DI__prospect_vertical_1_ac5_av_source.csv__prospect_vertical_1_ac5_av_target.csv,82.57,1.38,
MagnetoGPT,TPC-DI__prospect_vertical_1_ac5_ev_source.csv__prospect_vertical_1_ac5_ev_target.csv,70.67,1.18,
MagnetoGPT,TPC-DI__prospect_vertical_1_ec_av_source.csv__prospect_vertical_1_ec_av_target.csv,64.32,1.07,
MagnetoGPT,TPC-DI__prospect_vertical_1_ec_ev_source.csv__prospect_vertical_1_ec_ev_target.csv,49.96,0.83,
MagnetoGPT,TPC-DI__prospect_vertical_30_ac1_av_source.csv__prospect_vertical_30_ac1_av_target.csv,100.13,1.67,
MagnetoGPT,TPC-DI__prospect_vertical_30_ac1_ev_source.csv__prospect_vertical_30_ac1_ev_target.csv,71.25,1.19,
MagnetoGPT,TPC-DI__prospect_vertical_30_ac2_av_source.csv__prospect_vertical_30_ac2_av_target.csv,81.05,1.35,
MagnetoGPT,TPC-DI__prospect_vertical_30_ac2_ev_source.csv__prospect_vertical_30_ac2_ev_target.csv,75.95,1.27,
MagnetoGPT,TPC-DI__prospect_vertical_30_ac3_av_source.csv__prospect_vertical_30_ac3_av_target.csv,76.08,1.27,
MagnetoGPT,TPC-DI__prospect_vertical_30_ac3_ev_source.csv__prospect_vertical_30_ac3_ev_target.csv,94.66,1.58,
MagnetoGPT,TPC-DI__prospect_vertical_30_ac4_av_source.csv__prospect_vertical_30_ac4_av_target.csv,100.39,1.67,
MagnetoGPT,TPC-DI__prospect_vertical_30_ac4_ev_source.csv__prospect_vertical_30_ac4_ev_target.csv,84.89,1.41,
MagnetoGPT,TPC-DI__prospect_vertical_30_ac5_av_source.csv__prospect_vertical_30_ac5_av_target.csv,99.51,1.66,
MagnetoGPT,TPC-DI__prospect_vertical_30_ac5_ev_source.csv__prospect_vertical_30_ac5_ev_target.csv,79.98,1.33,
MagnetoGPT,TPC-DI__prospect_vertical_30_ec_av_source.csv__prospect_vertical_30_ec_av_target.csv,73.97,1.23,
MagnetoGPT,TPC-DI__prospect_vertical_30_ec_ev_source.csv__prospect_vertical_30_ec_ev_target.csv,73.03,1.22,
MagnetoGPT,TPC-DI__prospect_vertical_50_ac1_av_source.csv__prospect_vertical_50_ac1_av_target.csv,132.2,2.2,
MagnetoGPT,TPC-DI__prospect_vertical_50_ac1_ev_source.csv__prospect_vertical_50_ac1_ev_target.csv,157.58,2.63,
MagnetoGPT,TPC-DI__prospect_vertical_50_ac2_av_source.csv__prospect_vertical_50_ac2_av_target.csv,127.95,2.13,
MagnetoGPT,TPC-DI__prospect_vertical_50_ac2_ev_source.csv__prospect_vertical_50_ac2_ev_target.csv,114.35,1.91,
MagnetoGPT,TPC-DI__prospect_vertical_50_ac3_av_source.csv__prospect_vertical_50_ac3_av_target.csv,110.19,1.84,
MagnetoGPT,TPC-DI__prospect_vertical_50_ac3_ev_source.csv__prospect_vertical_50_ac3_ev_target.csv,99.94,1.67,
MagnetoGPT,TPC-DI__prospect_vertical_50_ac4_av_source.csv__prospect_vertical_50_ac4_av_target.csv,118.77,1.98,
MagnetoGPT,TPC-DI__prospect_vertical_50_ac4_ev_source.csv__prospect_vertical_50_ac4_ev_target.csv,114.95,1.92,
MagnetoGPT,TPC-DI__prospect_vertical_50_ac5_av_source.csv__prospect_vertical_50_ac5_av_target.csv,117.56,1.96,
MagnetoGPT,TPC-DI__prospect_vertical_50_ac5_ev_source.csv__prospect_vertical_50_ac5_ev_target.csv,125.06,2.08,
MagnetoGPT,TPC-DI__prospect_vertical_50_ec_av_source.csv__prospect_vertical_50_ec_av_target.csv,100.51,1.68,
MagnetoGPT,TPC-DI__prospect_vertical_50_ec_ev_source.csv__prospect_vertical_50_ec_ev_target.csv,106.11,1.77,
MagnetoGPT,TPC-DI__prospect_vertical_70_ac1_av_source.csv__prospect_vertical_70_ac1_av_target.csv,152.48,2.54,
MagnetoGPT,TPC-DI__prospect_vertical_70_ac1_ev_source.csv__prospect_vertical_70_ac1_ev_target.csv,131.38,2.19,
MagnetoGPT,TPC-DI__prospect_vertical_70_ac2_av_source.csv__prospect_vertical_70_ac2_av_target.csv,117.91,1.97,
MagnetoGPT,TPC-DI__prospect_vertical_70_ac2_ev_source.csv__prospect_vertical_70_ac2_ev_target.csv,126.43,2.11,
MagnetoGPT,TPC-DI__prospect_vertical_70_ac3_av_source.csv__prospect_vertical_70_ac3_av_target.csv,129.77,2.16,
MagnetoGPT,TPC-DI__prospect_vertical_70_ac3_ev_source.csv__prospect_vertical_70_ac3_ev_target.csv,111.21,1.85,
MagnetoGPT,TPC-DI__prospect_vertical_70_ac4_av_source.csv__prospect_vertical_70_ac4_av_target.csv,152.35,2.54,
MagnetoGPT,TPC-DI__prospect_vertical_70_ac4_ev_source.csv__prospect_vertical_70_ac4_ev_target.csv,139.74,2.33,
MagnetoGPT,TPC-DI__prospect_vertical_70_ac5_av_source.csv__prospect_vertical_70_ac5_av_target.csv,172.92,2.88,
MagnetoGPT,TPC-DI__prospect_vertical_70_ac5_ev_source.csv__prospect_vertical_70_ac5_ev_target.csv,147.34,2.46,
MagnetoGPT,TPC-DI__prospect_vertical_70_ec_av_source.csv__prospect_vertical_70_ec_av_target.csv,129.16,2.15,
MagnetoGPT,TPC-DI__prospect_vertical_70_ec_ev_source.csv__prospect_vertical_70_ec_ev_target.csv,109.26,1.82,
MagnetoGPT,Wikidata__musicians_joinable_source.csv__musicians_joinable_target.csv,60.77,1.01,
MagnetoGPT,Wikidata__musicians_semjoinable_source.csv__musicians_semjoinable_target.csv,75.03,1.25,
MagnetoGPT,Wikidata__musicians_unionable_source.csv__musicians_unionable_target.csv,143.19,2.39,
MagnetoGPT,Wikidata__musicians_viewunion_source.csv__musicians_viewunion_target.csv,62.11,1.04,
Magneto,ChEMBL__assays_both_0_1_ac1_av_source.csv__assays_both_0_1_ac1_av_target.csv,3.24,0.05,
Magneto,ChEMBL__assays_both_0_1_ac1_ev_source.csv__assays_both_0_1_ac1_ev_target.csv,2.96,0.05,
Magneto,ChEMBL__assays_both_0_1_ac2_av_source.csv__assays_both_0_1_ac2_av_target.csv,2.88,0.05,
Magneto,ChEMBL__assays_both_0_1_ac2_ev_source.csv__assays_both_0_1_ac2_ev_target.csv,2.91,0.05,
Magneto,ChEMBL__assays_both_0_1_ac3_av_source.csv__assays_both_0_1_ac3_av_target.csv,3.12,0.05,
Magneto,ChEMBL__assays_both_0_1_ac3_ev_source.csv__assays_both_0_1_ac3_ev_target.csv,2.92,0.05,
Magneto,ChEMBL__assays_both_0_1_ac4_av_source.csv__assays_both_0_1_ac4_av_target.csv,3.04,0.05,
Magneto,ChEMBL__assays_both_0_1_ac4_ev_source.csv__assays_both_0_1_ac4_ev_target.csv,2.99,0.05,
Magneto,ChEMBL__assays_both_0_1_ac5_av_source.csv__assays_both_0_1_ac5_av_target.csv,3.12,0.05,
Magneto,ChEMBL__assays_both_0_1_ac5_ev_source.csv__assays_both_0_1_ac5_ev_target.csv,3.27,0.05,
Magneto,ChEMBL__assays_both_0_1_ec_av_source.csv__assays_both_0_1_ec_av_target.csv,2.94,0.05,
Magneto,ChEMBL__assays_both_0_1_ec_ev_source.csv__assays_both_0_1_ec_ev_target.csv,2.98,0.05,
Magneto,ChEMBL__assays_both_0_30_ac1_av_source.csv__assays_both_0_30_ac1_av_target.csv,3.33,0.06,
Magneto,ChEMBL__assays_both_0_30_ac1_ev_source.csv__assays_both_0_30_ac1_ev_target.csv,4.06,0.07,
Magneto,ChEMBL__assays_both_0_30_ac2_av_source.csv__assays_both_0_30_ac2_av_target.csv,3.26,0.05,
Magneto,ChEMBL__assays_both_0_30_ac2_ev_source.csv__assays_both_0_30_ac2_ev_target.csv,3.39,0.06,
Magneto,ChEMBL__assays_both_0_30_ac3_av_source.csv__assays_both_0_30_ac3_av_target.csv,3.31,0.06,
Magneto,ChEMBL__assays_both_0_30_ac3_ev_source.csv__assays_both_0_30_ac3_ev_target.csv,3.27,0.05,
Magneto,ChEMBL__assays_both_0_30_ac4_av_source.csv__assays_both_0_30_ac4_av_target.csv,3.2,0.05,
Magneto,ChEMBL__assays_both_0_30_ac4_ev_source.csv__assays_both_0_30_ac4_ev_target.csv,3.24,0.05,
Magneto,ChEMBL__assays_both_0_30_ac5_av_source.csv__assays_both_0_30_ac5_av_target.csv,3.36,0.06,
Magneto,ChEMBL__assays_both_0_30_ac5_ev_source.csv__assays_both_0_30_ac5_ev_target.csv,3.37,0.06,
Magneto,ChEMBL__assays_both_0_30_ec_av_source.csv__assays_both_0_30_ec_av_target.csv,3.24,0.05,
Magneto,ChEMBL__assays_both_0_30_ec_ev_source.csv__assays_both_0_30_ec_ev_target.csv,3.85,0.06,
Magneto,ChEMBL__assays_both_0_50_ac1_av_source.csv__assays_both_0_50_ac1_av_target.csv,3.71,0.06,
Magneto,ChEMBL__assays_both_0_50_ac1_ev_source.csv__assays_both_0_50_ac1_ev_target.csv,4.66,0.08,
Magneto,ChEMBL__assays_both_0_50_ac2_av_source.csv__assays_both_0_50_ac2_av_target.csv,3.5,0.06,
Magneto,ChEMBL__assays_both_0_50_ac2_ev_source.csv__assays_both_0_50_ac2_ev_target.csv,4.35,0.07,
Magneto,ChEMBL__assays_both_0_50_ac3_av_source.csv__assays_both_0_50_ac3_av_target.csv,3.54,0.06,
Magneto,ChEMBL__assays_both_0_50_ac3_ev_source.csv__assays_both_0_50_ac3_ev_target.csv,3.76,0.06,
Magneto,ChEMBL__assays_both_0_50_ac4_av_source.csv__assays_both_0_50_ac4_av_target.csv,3.52,0.06,
Magneto,ChEMBL__assays_both_0_50_ac4_ev_source.csv__assays_both_0_50_ac4_ev_target.csv,4.44,0.07,
Magneto,ChEMBL__assays_both_0_50_ac5_av_source.csv__assays_both_0_50_ac5_av_target.csv,3.7,0.06,
Magneto,ChEMBL__assays_both_0_50_ac5_ev_source.csv__assays_both_0_50_ac5_ev_target.csv,3.52,0.06,
Magneto,ChEMBL__assays_both_0_50_ec_av_source.csv__assays_both_0_50_ec_av_target.csv,3.77,0.06,
Magneto,ChEMBL__assays_both_0_50_ec_ev_source.csv__assays_both_0_50_ec_ev_target.csv,3.58,0.06,
Magneto,ChEMBL__assays_both_0_70_ac1_av_source.csv__assays_both_0_70_ac1_av_target.csv,4.13,0.07,
Magneto,ChEMBL__assays_both_0_70_ac1_ev_source.csv__assays_both_0_70_ac1_ev_target.csv,4.87,0.08,
Magneto,ChEMBL__assays_both_0_70_ac2_av_source.csv__assays_both_0_70_ac2_av_target.csv,3.88,0.06,
Magneto,ChEMBL__assays_both_0_70_ac2_ev_source.csv__assays_both_0_70_ac2_ev_target.csv,3.7,0.06,
Magneto,ChEMBL__assays_both_0_70_ac3_av_source.csv__assays_both_0_70_ac3_av_target.csv,3.82,0.06,
Magneto,ChEMBL__assays_both_0_70_ac3_ev_source.csv__assays_both_0_70_ac3_ev_target.csv,3.85,0.06,
Magneto,ChEMBL__assays_both_0_70_ac4_av_source.csv__assays_both_0_70_ac4_av_target.csv,7.27,0.12,
Magneto,ChEMBL__assays_both_0_70_ac4_ev_source.csv__assays_both_0_70_ac4_ev_target.csv,4.15,0.07,
Magneto,ChEMBL__assays_both_0_70_ac5_av_source.csv__assays_both_0_70_ac5_av_target.csv,7.29,0.12,
Magneto,ChEMBL__assays_both_0_70_ac5_ev_source.csv__assays_both_0_70_ac5_ev_target.csv,3.87,0.06,
Magneto,ChEMBL__assays_both_0_70_ec_av_source.csv__assays_both_0_70_ec_av_target.csv,7.21,0.12,
Magneto,ChEMBL__assays_both_0_70_ec_ev_source.csv__assays_both_0_70_ec_ev_target.csv,5.02,0.08,
Magneto,ChEMBL__assays_both_50_1_ac1_av_source.csv__assays_both_50_1_ac1_av_target.csv,3.24,0.05,
Magneto,ChEMBL__assays_both_50_1_ac1_ev_source.csv__assays_both_50_1_ac1_ev_target.csv,3.08,0.05,
Magneto,ChEMBL__assays_both_50_1_ac2_av_source.csv__assays_both_50_1_ac2_av_target.csv,3.24,0.05,
Magneto,ChEMBL__assays_both_50_1_ac2_ev_source.csv__assays_both_50_1_ac2_ev_target.csv,3.23,0.05,
Magneto,ChEMBL__assays_both_50_1_ac3_av_source.csv__assays_both_50_1_ac3_av_target.csv,3.44,0.06,
Magneto,ChEMBL__assays_both_50_1_ac3_ev_source.csv__assays_both_50_1_ac3_ev_target.csv,3.61,0.06,
Magneto,ChEMBL__assays_both_50_1_ac4_av_source.csv__assays_both_50_1_ac4_av_target.csv,3.08,0.05,
Magneto,ChEMBL__assays_both_50_1_ac4_ev_source.csv__assays_both_50_1_ac4_ev_target.csv,4.68,0.08,
Magneto,ChEMBL__assays_both_50_1_ac5_av_source.csv__assays_both_50_1_ac5_av_target.csv,3.11,0.05,
Magneto,ChEMBL__assays_both_50_1_ac5_ev_source.csv__assays_both_50_1_ac5_ev_target.csv,4.05,0.07,
Magneto,ChEMBL__assays_both_50_1_ec_av_source.csv__assays_both_50_1_ec_av_target.csv,3.14,0.05,
Magneto,ChEMBL__assays_both_50_1_ec_ev_source.csv__assays_both_50_1_ec_ev_target.csv,3.23,0.05,
Magneto,ChEMBL__assays_both_50_30_ac1_av_source.csv__assays_both_50_30_ac1_av_target.csv,3.66,0.06,
Magneto,ChEMBL__assays_both_50_30_ac1_ev_source.csv__assays_both_50_30_ac1_ev_target.csv,5.12,0.09,
Magneto,ChEMBL__assays_both_50_30_ac2_av_source.csv__assays_both_50_30_ac2_av_target.csv,6.57,0.11,
Magneto,ChEMBL__assays_both_50_30_ac2_ev_source.csv__assays_both_50_30_ac2_ev_target.csv,6.26,0.1,
Magneto,ChEMBL__assays_both_50_30_ac3_av_source.csv__assays_both_50_30_ac3_av_target.csv,3.54,0.06,
Magneto,ChEMBL__assays_both_50_30_ac3_ev_source.csv__assays_both_50_30_ac3_ev_target.csv,3.26,0.05,
Magneto,ChEMBL__assays_both_50_30_ac4_av_source.csv__assays_both_50_30_ac4_av_target.csv,3.36,0.06,
Magneto,ChEMBL__assays_both_50_30_ac4_ev_source.csv__assays_both_50_30_ac4_ev_target.csv,3.88,0.06,
Magneto,ChEMBL__assays_both_50_30_ac5_av_source.csv__assays_both_50_30_ac5_av_target.csv,6.67,0.11,
Magneto,ChEMBL__assays_both_50_30_ac5_ev_source.csv__assays_both_50_30_ac5_ev_target.csv,5.64,0.09,
Magneto,ChEMBL__assays_both_50_30_ec_av_source.csv__assays_both_50_30_ec_av_target.csv,3.49,0.06,
Magneto,ChEMBL__assays_both_50_30_ec_ev_source.csv__assays_both_50_30_ec_ev_target.csv,5.06,0.08,
Magneto,ChEMBL__assays_both_50_50_ac1_av_source.csv__assays_both_50_50_ac1_av_target.csv,3.81,0.06,
Magneto,ChEMBL__assays_both_50_50_ac1_ev_source.csv__assays_both_50_50_ac1_ev_target.csv,5.94,0.1,
Magneto,ChEMBL__assays_both_50_50_ac2_av_source.csv__assays_both_50_50_ac2_av_target.csv,7.63,0.13,
Magneto,ChEMBL__assays_both_50_50_ac2_ev_source.csv__assays_both_50_50_ac2_ev_target.csv,5.64,0.09,
Magneto,ChEMBL__assays_both_50_50_ac3_av_source.csv__assays_both_50_50_ac3_av_target.csv,6.95,0.12,
Magneto,ChEMBL__assays_both_50_50_ac3_ev_source.csv__assays_both_50_50_ac3_ev_target.csv,6.05,0.1,
Magneto,ChEMBL__assays_both_50_50_ac4_av_source.csv__assays_both_50_50_ac4_av_target.csv,3.7,0.06,
Magneto,ChEMBL__assays_both_50_50_ac4_ev_source.csv__assays_both_50_50_ac4_ev_target.csv,5.72,0.1,
Magneto,ChEMBL__assays_both_50_50_ac5_av_source.csv__assays_both_50_50_ac5_av_target.csv,3.82,0.06,
Magneto,ChEMBL__assays_both_50_50_ac5_ev_source.csv__assays_both_50_50_ac5_ev_target.csv,6.15,0.1,
Magneto,ChEMBL__assays_both_50_50_ec_av_source.csv__assays_both_50_50_ec_av_target.csv,6.87,0.11,
Magneto,ChEMBL__assays_both_50_50_ec_ev_source.csv__assays_both_50_50_ec_ev_target.csv,3.65,0.06,
Magneto,ChEMBL__assays_both_50_70_ac1_av_source.csv__assays_both_50_70_ac1_av_target.csv,7.76,0.13,
Magneto,ChEMBL__assays_both_50_70_ac1_ev_source.csv__assays_both_50_70_ac1_ev_target.csv,7.94,0.13,
Magneto,ChEMBL__assays_both_50_70_ac2_av_source.csv__assays_both_50_70_ac2_av_target.csv,7.58,0.13,
Magneto,ChEMBL__assays_both_50_70_ac2_ev_source.csv__assays_both_50_70_ac2_ev_target.csv,3.98,0.07,
Magneto,ChEMBL__assays_both_50_70_ac3_av_source.csv__assays_both_50_70_ac3_av_target.csv,7.56,0.13,
Magneto,ChEMBL__assays_both_50_70_ac3_ev_source.csv__assays_both_50_70_ac3_ev_target.csv,6.28,0.1,
Magneto,ChEMBL__assays_both_50_70_ac4_av_source.csv__assays_both_50_70_ac4_av_target.csv,4.21,0.07,
Magneto,ChEMBL__assays_both_50_70_ac4_ev_source.csv__assays_both_50_70_ac4_ev_target.csv,6.65,0.11,
Magneto,ChEMBL__assays_both_50_70_ac5_av_source.csv__assays_both_50_70_ac5_av_target.csv,4.11,0.07,
Magneto,ChEMBL__assays_both_50_70_ac5_ev_source.csv__assays_both_50_70_ac5_ev_target.csv,4.98,0.08,
Magneto,ChEMBL__assays_both_50_70_ec_av_source.csv__assays_both_50_70_ec_av_target.csv,4.15,0.07,
Magneto,ChEMBL__assays_both_50_70_ec_ev_source.csv__assays_both_50_70_ec_ev_target.csv,8.49,0.14,
Magneto,ChEMBL__assays_horizontal_0_ac1_av_source.csv__assays_horizontal_0_ac1_av_target.csv,5.66,0.09,
Magneto,ChEMBL__assays_horizontal_0_ac1_ev_source.csv__assays_horizontal_0_ac1_ev_target.csv,5.45,0.09,
Magneto,ChEMBL__assays_horizontal_0_ac2_av_source.csv__assays_horizontal_0_ac2_av_target.csv,5.44,0.09,
Magneto,ChEMBL__assays_horizontal_0_ac2_ev_source.csv__assays_horizontal_0_ac2_ev_target.csv,7.03,0.12,
Magneto,ChEMBL__assays_horizontal_0_ac3_av_source.csv__assays_horizontal_0_ac3_av_target.csv,5.41,0.09,
Magneto,ChEMBL__assays_horizontal_0_ac3_ev_source.csv__assays_horizontal_0_ac3_ev_target.csv,5.76,0.1,
Magneto,ChEMBL__assays_horizontal_0_ac4_av_source.csv__assays_horizontal_0_ac4_av_target.csv,5.47,0.09,
Magneto,ChEMBL__assays_horizontal_0_ac4_ev_source.csv__assays_horizontal_0_ac4_ev_target.csv,5.49,0.09,
Magneto,ChEMBL__assays_horizontal_0_ac5_av_source.csv__assays_horizontal_0_ac5_av_target.csv,5.4,0.09,
Magneto,ChEMBL__assays_horizontal_0_ac5_ev_source.csv__assays_horizontal_0_ac5_ev_target.csv,5.77,0.1,
Magneto,ChEMBL__assays_horizontal_0_ec_av_source.csv__assays_horizontal_0_ec_av_target.csv,5.51,0.09,
Magneto,ChEMBL__assays_horizontal_0_ec_ev_source.csv__assays_horizontal_0_ec_ev_target.csv,5.57,0.09,
Magneto,ChEMBL__assays_horizontal_100_ac1_av_source.csv__assays_horizontal_100_ac1_av_target.csv,6.04,0.1,
Magneto,ChEMBL__assays_horizontal_100_ac1_ev_source.csv__assays_horizontal_100_ac1_ev_target.csv,5.74,0.1,
Magneto,ChEMBL__assays_horizontal_100_ac2_av_source.csv__assays_horizontal_100_ac2_av_target.csv,6.88,0.11,
Magneto,ChEMBL__assays_horizontal_100_ac2_ev_source.csv__assays_horizontal_100_ac2_ev_target.csv,5.62,0.09,
Magneto,ChEMBL__assays_horizontal_100_ac3_av_source.csv__assays_horizontal_100_ac3_av_target.csv,6.73,0.11,
Magneto,ChEMBL__assays_horizontal_100_ac3_ev_source.csv__assays_horizontal_100_ac3_ev_target.csv,5.53,0.09,
Magneto,ChEMBL__assays_horizontal_100_ac4_av_source.csv__assays_horizontal_100_ac4_av_target.csv,6.66,0.11,
Magneto,ChEMBL__assays_horizontal_100_ac4_ev_source.csv__assays_horizontal_100_ac4_ev_target.csv,5.59,0.09,
Magneto,ChEMBL__assays_horizontal_100_ac5_av_source.csv__assays_horizontal_100_ac5_av_target.csv,6.16,0.1,
Magneto,ChEMBL__assays_horizontal_100_ac5_ev_source.csv__assays_horizontal_100_ac5_ev_target.csv,5.76,0.1,
Magneto,ChEMBL__assays_horizontal_100_ec_av_source.csv__assays_horizontal_100_ec_av_target.csv,5.95,0.1,
Magneto,ChEMBL__assays_horizontal_100_ec_ev_source.csv__assays_horizontal_100_ec_ev_target.csv,5.7,0.09,
Magneto,ChEMBL__assays_horizontal_50_ac1_av_source.csv__assays_horizontal_50_ac1_av_target.csv,6.36,0.11,
Magneto,ChEMBL__assays_horizontal_50_ac1_ev_source.csv__assays_horizontal_50_ac1_ev_target.csv,5.68,0.09,
Magneto,ChEMBL__assays_horizontal_50_ac2_av_source.csv__assays_horizontal_50_ac2_av_target.csv,6.11,0.1,
Magneto,ChEMBL__assays_horizontal_50_ac2_ev_source.csv__assays_horizontal_50_ac2_ev_target.csv,5.99,0.1,
Magneto,ChEMBL__assays_horizontal_50_ac3_av_source.csv__assays_horizontal_50_ac3_av_target.csv,6.17,0.1,
Magneto,ChEMBL__assays_horizontal_50_ac3_ev_source.csv__assays_horizontal_50_ac3_ev_target.csv,6.15,0.1,
Magneto,ChEMBL__assays_horizontal_50_ac4_av_source.csv__assays_horizontal_50_ac4_av_target.csv,6.12,0.1,
Magneto,ChEMBL__assays_horizontal_50_ac4_ev_source.csv__assays_horizontal_50_ac4_ev_target.csv,5.73,0.1,
Magneto,ChEMBL__assays_horizontal_50_ac5_av_source.csv__assays_horizontal_50_ac5_av_target.csv,6.26,0.1,
Magneto,ChEMBL__assays_horizontal_50_ac5_ev_source.csv__assays_horizontal_50_ac5_ev_target.csv,5.9,0.1,
Magneto,ChEMBL__assays_horizontal_50_ec_av_source.csv__assays_horizontal_50_ec_av_target.csv,6.19,0.1,
Magneto,ChEMBL__assays_horizontal_50_ec_ev_source.csv__assays_horizontal_50_ec_ev_target.csv,5.64,0.09,
Magneto,ChEMBL__assays_vertical_1_ac1_av_source.csv__assays_vertical_1_ac1_av_target.csv,3.36,0.06,
Magneto,ChEMBL__assays_vertical_1_ac1_ev_source.csv__assays_vertical_1_ac1_ev_target.csv,3.35,0.06,
Magneto,ChEMBL__assays_vertical_1_ac2_av_source.csv__assays_vertical_1_ac2_av_target.csv,3.8,0.06,
Magneto,ChEMBL__assays_vertical_1_ac2_ev_source.csv__assays_vertical_1_ac2_ev_target.csv,3.78,0.06,
Magneto,ChEMBL__assays_vertical_1_ac3_av_source.csv__assays_vertical_1_ac3_av_target.csv,3.21,0.05,
Magneto,ChEMBL__assays_vertical_1_ac3_ev_source.csv__assays_vertical_1_ac3_ev_target.csv,3.39,0.06,
Magneto,ChEMBL__assays_vertical_1_ac4_av_source.csv__assays_vertical_1_ac4_av_target.csv,3.28,0.05,
Magneto,ChEMBL__assays_vertical_1_ac4_ev_source.csv__assays_vertical_1_ac4_ev_target.csv,3.34,0.06,
Magneto,ChEMBL__assays_vertical_1_ac5_av_source.csv__assays_vertical_1_ac5_av_target.csv,3.17,0.05,
Magneto,ChEMBL__assays_vertical_1_ac5_ev_source.csv__assays_vertical_1_ac5_ev_target.csv,5.57,0.09,
Magneto,ChEMBL__assays_vertical_1_ec_av_source.csv__assays_vertical_1_ec_av_target.csv,3.91,0.07,
Magneto,ChEMBL__assays_vertical_1_ec_ev_source.csv__assays_vertical_1_ec_ev_target.csv,3.19,0.05,
Magneto,ChEMBL__assays_vertical_30_ac1_av_source.csv__assays_vertical_30_ac1_av_target.csv,4.13,0.07,
Magneto,ChEMBL__assays_vertical_30_ac1_ev_source.csv__assays_vertical_30_ac1_ev_target.csv,5.84,0.1,
Magneto,ChEMBL__assays_vertical_30_ac2_av_source.csv__assays_vertical_30_ac2_av_target.csv,5.66,0.09,
Magneto,ChEMBL__assays_vertical_30_ac2_ev_source.csv__assays_vertical_30_ac2_ev_target.csv,5.45,0.09,
Magneto,ChEMBL__assays_vertical_30_ac3_av_source.csv__assays_vertical_30_ac3_av_target.csv,3.52,0.06,
Magneto,ChEMBL__assays_vertical_30_ac3_ev_source.csv__assays_vertical_30_ac3_ev_target.csv,4.2,0.07,
Magneto,ChEMBL__assays_vertical_30_ac4_av_source.csv__assays_vertical_30_ac4_av_target.csv,3.69,0.06,
Magneto,ChEMBL__assays_vertical_30_ac4_ev_source.csv__assays_vertical_30_ac4_ev_target.csv,6.2,0.1,
Magneto,ChEMBL__assays_vertical_30_ac5_av_source.csv__assays_vertical_30_ac5_av_target.csv,4.04,0.07,
Magneto,ChEMBL__assays_vertical_30_ac5_ev_source.csv__assays_vertical_30_ac5_ev_target.csv,5.41,0.09,
Magneto,ChEMBL__assays_vertical_30_ec_av_source.csv__assays_vertical_30_ec_av_target.csv,3.54,0.06,
Magneto,ChEMBL__assays_vertical_30_ec_ev_source.csv__assays_vertical_30_ec_ev_target.csv,5.76,0.1,
Magneto,ChEMBL__assays_vertical_50_ac1_av_source.csv__assays_vertical_50_ac1_av_target.csv,6.5,0.11,
Magneto,ChEMBL__assays_vertical_50_ac1_ev_source.csv__assays_vertical_50_ac1_ev_target.csv,4.39,0.07,
Magneto,ChEMBL__assays_vertical_50_ac2_av_source.csv__assays_vertical_50_ac2_av_target.csv,3.87,0.06,
Magneto,ChEMBL__assays_vertical_50_ac2_ev_source.csv__assays_vertical_50_ac2_ev_target.csv,4.29,0.07,
Magneto,ChEMBL__assays_vertical_50_ac3_av_source.csv__assays_vertical_50_ac3_av_target.csv,4.49,0.07,
Magneto,ChEMBL__assays_vertical_50_ac3_ev_source.csv__assays_vertical_50_ac3_ev_target.csv,5.35,0.09,
Magneto,ChEMBL__assays_vertical_50_ac4_av_source.csv__assays_vertical_50_ac4_av_target.csv,6.4,0.11,
Magneto,ChEMBL__assays_vertical_50_ac4_ev_source.csv__assays_vertical_50_ac4_ev_target.csv,4.18,0.07,
Magneto,ChEMBL__assays_vertical_50_ac5_av_source.csv__assays_vertical_50_ac5_av_target.csv,3.97,0.07,
Magneto,ChEMBL__assays_vertical_50_ac5_ev_source.csv__assays_vertical_50_ac5_ev_target.csv,4.18,0.07,
Magneto,ChEMBL__assays_vertical_50_ec_av_source.csv__assays_vertical_50_ec_av_target.csv,6.21,0.1,
Magneto,ChEMBL__assays_vertical_50_ec_ev_source.csv__assays_vertical_50_ec_ev_target.csv,6.91,0.12,
Magneto,ChEMBL__assays_vertical_70_ac1_av_source.csv__assays_vertical_70_ac1_av_target.csv,7.11,0.12,
Magneto,ChEMBL__assays_vertical_70_ac1_ev_source.csv__assays_vertical_70_ac1_ev_target.csv,4.97,0.08,
Magneto,ChEMBL__assays_vertical_70_ac2_av_source.csv__assays_vertical_70_ac2_av_target.csv,6.92,0.12,
Magneto,ChEMBL__assays_vertical_70_ac2_ev_source.csv__assays_vertical_70_ac2_ev_target.csv,8.74,0.15,
Magneto,ChEMBL__assays_vertical_70_ac3_av_source.csv__assays_vertical_70_ac3_av_target.csv,7.23,0.12,
Magneto,ChEMBL__assays_vertical_70_ac3_ev_source.csv__assays_vertical_70_ac3_ev_target.csv,4.88,0.08,
Magneto,ChEMBL__assays_vertical_70_ac4_av_source.csv__assays_vertical_70_ac4_av_target.csv,7.44,0.12,
Magneto,ChEMBL__assays_vertical_70_ac4_ev_source.csv__assays_vertical_70_ac4_ev_target.csv,5.82,0.1,
Magneto,ChEMBL__assays_vertical_70_ac5_av_source.csv__assays_vertical_70_ac5_av_target.csv,7.13,0.12,
Magneto,ChEMBL__assays_vertical_70_ac5_ev_source.csv__assays_vertical_70_ac5_ev_target.csv,5.01,0.08,
Magneto,ChEMBL__assays_vertical_70_ec_av_source.csv__assays_vertical_70_ec_av_target.csv,6.85,0.11,
Magneto,ChEMBL__assays_vertical_70_ec_ev_source.csv__assays_vertical_70_ec_ev_target.csv,6.51,0.11,
Magneto,Magellan__amazon_google_exp_source.csv__amazon_google_exp_target.csv,4.06,0.07,
Magneto,Magellan__beeradvo_ratebeer_source.csv__beeradvo_ratebeer_target.csv,2.65,0.04,
Magneto,Magellan__dblp_acm_source.csv__dblp_acm_target.csv,3.76,0.06,
Magneto,Magellan__dblp_scholar_source.csv__dblp_scholar_target.csv,4.03,0.07,
Magneto,Magellan__fodors_zagats_source.csv__fodors_zagats_target.csv,2.57,0.04,
Magneto,Magellan__itunes_amazon_source.csv__itunes_amazon_target.csv,6.28,0.1,
Magneto,Magellan__walmart_amazon_source.csv__walmart_amazon_target.csv,3.5,0.06,
Magneto,OpenData__miller2_both_0_1_ac1_av_source.csv__miller2_both_0_1_ac1_av_target.csv,6.82,0.11,
Magneto,OpenData__miller2_both_0_1_ac1_ev_source.csv__miller2_both_0_1_ac1_ev_target.csv,7.57,0.13,
Magneto,OpenData__miller2_both_0_1_ac2_av_source.csv__miller2_both_0_1_ac2_av_target.csv,7.16,0.12,
Magneto,OpenData__miller2_both_0_1_ac2_ev_source.csv__miller2_both_0_1_ac2_ev_target.csv,6.7,0.11,
Magneto,OpenData__miller2_both_0_1_ac3_av_source.csv__miller2_both_0_1_ac3_av_target.csv,8.83,0.15,
Magneto,OpenData__miller2_both_0_1_ac3_ev_source.csv__miller2_both_0_1_ac3_ev_target.csv,8.35,0.14,
Magneto,OpenData__miller2_both_0_1_ac4_av_source.csv__miller2_both_0_1_ac4_av_target.csv,8.07,0.13,
Magneto,OpenData__miller2_both_0_1_ac4_ev_source.csv__miller2_both_0_1_ac4_ev_target.csv,8.95,0.15,
Magneto,OpenData__miller2_both_0_1_ac5_av_source.csv__miller2_both_0_1_ac5_av_target.csv,6.89,0.11,
Magneto,OpenData__miller2_both_0_1_ac5_ev_source.csv__miller2_both_0_1_ac5_ev_target.csv,6.73,0.11,
Magneto,OpenData__miller2_both_0_1_ec_av_source.csv__miller2_both_0_1_ec_av_target.csv,8.3,0.14,
Magneto,OpenData__miller2_both_0_1_ec_ev_source.csv__miller2_both_0_1_ec_ev_target.csv,6.68,0.11,
Magneto,OpenData__miller2_both_0_30_ac1_av_source.csv__miller2_both_0_30_ac1_av_target.csv,8.88,0.15,
Magneto,OpenData__miller2_both_0_30_ac1_ev_source.csv__miller2_both_0_30_ac1_ev_target.csv,7.85,0.13,
Magneto,OpenData__miller2_both_0_30_ac2_av_source.csv__miller2_both_0_30_ac2_av_target.csv,10.05,0.17,
Magneto,OpenData__miller2_both_0_30_ac2_ev_source.csv__miller2_both_0_30_ac2_ev_target.csv,9.42,0.16,
Magneto,OpenData__miller2_both_0_30_ac3_av_source.csv__miller2_both_0_30_ac3_av_target.csv,10.53,0.18,
Magneto,OpenData__miller2_both_0_30_ac3_ev_source.csv__miller2_both_0_30_ac3_ev_target.csv,10.85,0.18,
Magneto,OpenData__miller2_both_0_30_ac4_av_source.csv__miller2_both_0_30_ac4_av_target.csv,9.49,0.16,
Magneto,OpenData__miller2_both_0_30_ac4_ev_source.csv__miller2_both_0_30_ac4_ev_target.csv,11.55,0.19,
Magneto,OpenData__miller2_both_0_30_ac5_av_source.csv__miller2_both_0_30_ac5_av_target.csv,13.84,0.23,
Magneto,OpenData__miller2_both_0_30_ac5_ev_source.csv__miller2_both_0_30_ac5_ev_target.csv,9.23,0.15,
Magneto,OpenData__miller2_both_0_30_ec_av_source.csv__miller2_both_0_30_ec_av_target.csv,12.31,0.21,
Magneto,OpenData__miller2_both_0_30_ec_ev_source.csv__miller2_both_0_30_ec_ev_target.csv,8.66,0.14,
Magneto,OpenData__miller2_both_0_50_ac1_av_source.csv__miller2_both_0_50_ac1_av_target.csv,9.93,0.17,
Magneto,OpenData__miller2_both_0_50_ac1_ev_source.csv__miller2_both_0_50_ac1_ev_target.csv,8.75,0.15,
Magneto,OpenData__miller2_both_0_50_ac2_av_source.csv__miller2_both_0_50_ac2_av_target.csv,11.69,0.19,
Magneto,OpenData__miller2_both_0_50_ac2_ev_source.csv__miller2_both_0_50_ac2_ev_target.csv,8.87,0.15,
Magneto,OpenData__miller2_both_0_50_ac3_av_source.csv__miller2_both_0_50_ac3_av_target.csv,11.34,0.19,
Magneto,OpenData__miller2_both_0_50_ac3_ev_source.csv__miller2_both_0_50_ac3_ev_target.csv,9.5,0.16,
Magneto,OpenData__miller2_both_0_50_ac4_av_source.csv__miller2_both_0_50_ac4_av_target.csv,12.61,0.21,
Magneto,OpenData__miller2_both_0_50_ac4_ev_source.csv__miller2_both_0_50_ac4_ev_target.csv,9.31,0.16,
Magneto,OpenData__miller2_both_0_50_ac5_av_source.csv__miller2_both_0_50_ac5_av_target.csv,9.44,0.16,
Magneto,OpenData__miller2_both_0_50_ac5_ev_source.csv__miller2_both_0_50_ac5_ev_target.csv,10.36,0.17,
Magneto,OpenData__miller2_both_0_50_ec_av_source.csv__miller2_both_0_50_ec_av_target.csv,9.96,0.17,
Magneto,OpenData__miller2_both_0_50_ec_ev_source.csv__miller2_both_0_50_ec_ev_target.csv,9.96,0.17,
Magneto,OpenData__miller2_both_0_70_ac1_av_source.csv__miller2_both_0_70_ac1_av_target.csv,10.61,0.18,
Magneto,OpenData__miller2_both_0_70_ac1_ev_source.csv__miller2_both_0_70_ac1_ev_target.csv,9.09,0.15,
Magneto,OpenData__miller2_both_0_70_ac2_av_source.csv__miller2_both_0_70_ac2_av_target.csv,11.31,0.19,
Magneto,OpenData__miller2_both_0_70_ac2_ev_source.csv__miller2_both_0_70_ac2_ev_target.csv,10.73,0.18,
Magneto,OpenData__miller2_both_0_70_ac3_av_source.csv__miller2_both_0_70_ac3_av_target.csv,12.17,0.2,
Magneto,OpenData__miller2_both_0_70_ac3_ev_source.csv__miller2_both_0_70_ac3_ev_target.csv,11.34,0.19,
Magneto,OpenData__miller2_both_0_70_ac4_av_source.csv__miller2_both_0_70_ac4_av_target.csv,14.28,0.24,
Magneto,OpenData__miller2_both_0_70_ac4_ev_source.csv__miller2_both_0_70_ac4_ev_target.csv,9.74,0.16,
Magneto,OpenData__miller2_both_0_70_ac5_av_source.csv__miller2_both_0_70_ac5_av_target.csv,16.35,0.27,
Magneto,OpenData__miller2_both_0_70_ac5_ev_source.csv__miller2_both_0_70_ac5_ev_target.csv,9.24,0.15,
Magneto,OpenData__miller2_both_0_70_ec_av_source.csv__miller2_both_0_70_ec_av_target.csv,10.57,0.18,
Magneto,OpenData__miller2_both_0_70_ec_ev_source.csv__miller2_both_0_70_ec_ev_target.csv,12.62,0.21,
Magneto,OpenData__miller2_both_50_1_ac1_av_source.csv__miller2_both_50_1_ac1_av_target.csv,7.44,0.12,
Magneto,OpenData__miller2_both_50_1_ac1_ev_source.csv__miller2_both_50_1_ac1_ev_target.csv,7.31,0.12,
Magneto,OpenData__miller2_both_50_1_ac2_av_source.csv__miller2_both_50_1_ac2_av_target.csv,6.44,0.11,
Magneto,OpenData__miller2_both_50_1_ac2_ev_source.csv__miller2_both_50_1_ac2_ev_target.csv,7.85,0.13,
Magneto,OpenData__miller2_both_50_1_ac3_av_source.csv__miller2_both_50_1_ac3_av_target.csv,6.76,0.11,
Magneto,OpenData__miller2_both_50_1_ac3_ev_source.csv__miller2_both_50_1_ac3_ev_target.csv,6.74,0.11,
Magneto,OpenData__miller2_both_50_1_ac4_av_source.csv__miller2_both_50_1_ac4_av_target.csv,7.28,0.12,
Magneto,OpenData__miller2_both_50_1_ac4_ev_source.csv__miller2_both_50_1_ac4_ev_target.csv,6.7,0.11,
Magneto,OpenData__miller2_both_50_1_ac5_av_source.csv__miller2_both_50_1_ac5_av_target.csv,7.25,0.12,
Magneto,OpenData__miller2_both_50_1_ac5_ev_source.csv__miller2_both_50_1_ac5_ev_target.csv,7.3,0.12,
Magneto,OpenData__miller2_both_50_1_ec_av_source.csv__miller2_both_50_1_ec_av_target.csv,7.02,0.12,
Magneto,OpenData__miller2_both_50_1_ec_ev_source.csv__miller2_both_50_1_ec_ev_target.csv,6.53,0.11,
Magneto,OpenData__miller2_both_50_30_ac1_av_source.csv__miller2_both_50_30_ac1_av_target.csv,9.92,0.17,
Magneto,OpenData__miller2_both_50_30_ac1_ev_source.csv__miller2_both_50_30_ac1_ev_target.csv,7.81,0.13,
Magneto,OpenData__miller2_both_50_30_ac2_av_source.csv__miller2_both_50_30_ac2_av_target.csv,9.72,0.16,
Magneto,OpenData__miller2_both_50_30_ac2_ev_source.csv__miller2_both_50_30_ac2_ev_target.csv,9.16,0.15,
Magneto,OpenData__miller2_both_50_30_ac3_av_source.csv__miller2_both_50_30_ac3_av_target.csv,12.61,0.21,
Magneto,OpenData__miller2_both_50_30_ac3_ev_source.csv__miller2_both_50_30_ac3_ev_target.csv,8.25,0.14,
Magneto,OpenData__miller2_both_50_30_ac4_av_source.csv__miller2_both_50_30_ac4_av_target.csv,11.93,0.2,
Magneto,OpenData__miller2_both_50_30_ac4_ev_source.csv__miller2_both_50_30_ac4_ev_target.csv,9.85,0.16,
Magneto,OpenData__miller2_both_50_30_ac5_av_source.csv__miller2_both_50_30_ac5_av_target.csv,9.42,0.16,
Magneto,OpenData__miller2_both_50_30_ac5_ev_source.csv__miller2_both_50_30_ac5_ev_target.csv,11.41,0.19,
Magneto,OpenData__miller2_both_50_30_ec_av_source.csv__miller2_both_50_30_ec_av_target.csv,10.79,0.18,
Magneto,OpenData__miller2_both_50_30_ec_ev_source.csv__miller2_both_50_30_ec_ev_target.csv,8.97,0.15,
Magneto,OpenData__miller2_both_50_50_ac1_av_source.csv__miller2_both_50_50_ac1_av_target.csv,11.54,0.19,
Magneto,OpenData__miller2_both_50_50_ac1_ev_source.csv__miller2_both_50_50_ac1_ev_target.csv,8.65,0.14,
Magneto,OpenData__miller2_both_50_50_ac2_av_source.csv__miller2_both_50_50_ac2_av_target.csv,11.7,0.2,
Magneto,OpenData__miller2_both_50_50_ac2_ev_source.csv__miller2_both_50_50_ac2_ev_target.csv,8.74,0.15,
Magneto,OpenData__miller2_both_50_50_ac3_av_source.csv__miller2_both_50_50_ac3_av_target.csv,9.6,0.16,
Magneto,OpenData__miller2_both_50_50_ac3_ev_source.csv__miller2_both_50_50_ac3_ev_target.csv,10.62,0.18,
Magneto,OpenData__miller2_both_50_50_ac4_av_source.csv__miller2_both_50_50_ac4_av_target.csv,10.85,0.18,
Magneto,OpenData__miller2_both_50_50_ac4_ev_source.csv__miller2_both_50_50_ac4_ev_target.csv,9.29,0.15,
Magneto,OpenData__miller2_both_50_50_ac5_av_source.csv__miller2_both_50_50_ac5_av_target.csv,10.27,0.17,
Magneto,OpenData__miller2_both_50_50_ac5_ev_source.csv__miller2_both_50_50_ac5_ev_target.csv,8.91,0.15,
Magneto,OpenData__miller2_both_50_50_ec_av_source.csv__miller2_both_50_50_ec_av_target.csv,10.41,0.17,
Magneto,OpenData__miller2_both_50_50_ec_ev_source.csv__miller2_both_50_50_ec_ev_target.csv,8.76,0.15,
Magneto,OpenData__miller2_both_50_70_ac1_av_source.csv__miller2_both_50_70_ac1_av_target.csv,10.64,0.18,
Magneto,OpenData__miller2_both_50_70_ac1_ev_source.csv__miller2_both_50_70_ac1_ev_target.csv,16.36,0.27,
Magneto,OpenData__miller2_both_50_70_ac2_av_source.csv__miller2_both_50_70_ac2_av_target.csv,14.73,0.25,
Magneto,OpenData__miller2_both_50_70_ac2_ev_source.csv__miller2_both_50_70_ac2_ev_target.csv,11.29,0.19,
Magneto,OpenData__miller2_both_50_70_ac3_av_source.csv__miller2_both_50_70_ac3_av_target.csv,19.28,0.32,
Magneto,OpenData__miller2_both_50_70_ac3_ev_source.csv__miller2_both_50_70_ac3_ev_target.csv,11.36,0.19,
Magneto,OpenData__miller2_both_50_70_ac4_av_source.csv__miller2_both_50_70_ac4_av_target.csv,11.14,0.19,
Magneto,OpenData__miller2_both_50_70_ac4_ev_source.csv__miller2_both_50_70_ac4_ev_target.csv,10.18,0.17,
Magneto,OpenData__miller2_both_50_70_ac5_av_source.csv__miller2_both_50_70_ac5_av_target.csv,14.4,0.24,
Magneto,OpenData__miller2_both_50_70_ac5_ev_source.csv__miller2_both_50_70_ac5_ev_target.csv,10.92,0.18,
Magneto,OpenData__miller2_both_50_70_ec_av_source.csv__miller2_both_50_70_ec_av_target.csv,15.0,0.25,
Magneto,OpenData__miller2_both_50_70_ec_ev_source.csv__miller2_both_50_70_ec_ev_target.csv,13.49,0.22,
Magneto,OpenData__miller2_horizontal_0_ac1_av_source.csv__miller2_horizontal_0_ac1_av_target.csv,12.96,0.22,
Magneto,OpenData__miller2_horizontal_0_ac1_ev_source.csv__miller2_horizontal_0_ac1_ev_target.csv,20.7,0.35,
Magneto,OpenData__miller2_horizontal_0_ac2_av_source.csv__miller2_horizontal_0_ac2_av_target.csv,13.61,0.23,
Magneto,OpenData__miller2_horizontal_0_ac2_ev_source.csv__miller2_horizontal_0_ac2_ev_target.csv,10.57,0.18,
Magneto,OpenData__miller2_horizontal_0_ac3_av_source.csv__miller2_horizontal_0_ac3_av_target.csv,13.75,0.23,
Magneto,OpenData__miller2_horizontal_0_ac3_ev_source.csv__miller2_horizontal_0_ac3_ev_target.csv,10.25,0.17,
Magneto,OpenData__miller2_horizontal_0_ac4_av_source.csv__miller2_horizontal_0_ac4_av_target.csv,12.77,0.21,
Magneto,OpenData__miller2_horizontal_0_ac4_ev_source.csv__miller2_horizontal_0_ac4_ev_target.csv,20.02,0.33,
Magneto,OpenData__miller2_horizontal_0_ac5_av_source.csv__miller2_horizontal_0_ac5_av_target.csv,13.22,0.22,
Magneto,OpenData__miller2_horizontal_0_ac5_ev_source.csv__miller2_horizontal_0_ac5_ev_target.csv,14.25,0.24,
Magneto,OpenData__miller2_horizontal_0_ec_av_source.csv__miller2_horizontal_0_ec_av_target.csv,12.13,0.2,
Magneto,OpenData__miller2_horizontal_0_ec_ev_source.csv__miller2_horizontal_0_ec_ev_target.csv,22.65,0.38,
Magneto,OpenData__miller2_horizontal_100_ac1_av_source.csv__miller2_horizontal_100_ac1_av_target.csv,16.0,0.27,
Magneto,OpenData__miller2_horizontal_100_ac1_ev_source.csv__miller2_horizontal_100_ac1_ev_target.csv,13.1,0.22,
Magneto,OpenData__miller2_horizontal_100_ac2_av_source.csv__miller2_horizontal_100_ac2_av_target.csv,17.38,0.29,
Magneto,OpenData__miller2_horizontal_100_ac2_ev_source.csv__miller2_horizontal_100_ac2_ev_target.csv,24.61,0.41,
Magneto,OpenData__miller2_horizontal_100_ac3_av_source.csv__miller2_horizontal_100_ac3_av_target.csv,16.01,0.27,
Magneto,OpenData__miller2_horizontal_100_ac3_ev_source.csv__miller2_horizontal_100_ac3_ev_target.csv,15.68,0.26,
Magneto,OpenData__miller2_horizontal_100_ac4_av_source.csv__miller2_horizontal_100_ac4_av_target.csv,15.47,0.26,
Magneto,OpenData__miller2_horizontal_100_ac4_ev_source.csv__miller2_horizontal_100_ac4_ev_target.csv,12.14,0.2,
Magneto,OpenData__miller2_horizontal_100_ac5_av_source.csv__miller2_horizontal_100_ac5_av_target.csv,23.83,0.4,
Magneto,OpenData__miller2_horizontal_100_ac5_ev_source.csv__miller2_horizontal_100_ac5_ev_target.csv,14.16,0.24,
Magneto,OpenData__miller2_horizontal_100_ec_av_source.csv__miller2_horizontal_100_ec_av_target.csv,17.8,0.3,
Magneto,OpenData__miller2_horizontal_100_ec_ev_source.csv__miller2_horizontal_100_ec_ev_target.csv,11.84,0.2,
Magneto,OpenData__miller2_horizontal_50_ac1_av_source.csv__miller2_horizontal_50_ac1_av_target.csv,15.08,0.25,
Magneto,OpenData__miller2_horizontal_50_ac1_ev_source.csv__miller2_horizontal_50_ac1_ev_target.csv,23.37,0.39,
Magneto,OpenData__miller2_horizontal_50_ac2_av_source.csv__miller2_horizontal_50_ac2_av_target.csv,14.28,0.24,
Magneto,OpenData__miller2_horizontal_50_ac2_ev_source.csv__miller2_horizontal_50_ac2_ev_target.csv,11.26,0.19,
Magneto,OpenData__miller2_horizontal_50_ac3_av_source.csv__miller2_horizontal_50_ac3_av_target.csv,13.33,0.22,
Magneto,OpenData__miller2_horizontal_50_ac3_ev_source.csv__miller2_horizontal_50_ac3_ev_target.csv,11.99,0.2,
Magneto,OpenData__miller2_horizontal_50_ac4_av_source.csv__miller2_horizontal_50_ac4_av_target.csv,15.19,0.25,
Magneto,OpenData__miller2_horizontal_50_ac4_ev_source.csv__miller2_horizontal_50_ac4_ev_target.csv,15.09,0.25,
Magneto,OpenData__miller2_horizontal_50_ac5_av_source.csv__miller2_horizontal_50_ac5_av_target.csv,15.58,0.26,
Magneto,OpenData__miller2_horizontal_50_ac5_ev_source.csv__miller2_horizontal_50_ac5_ev_target.csv,18.54,0.31,
Magneto,OpenData__miller2_horizontal_50_ec_av_source.csv__miller2_horizontal_50_ec_av_target.csv,15.91,0.27,
Magneto,OpenData__miller2_horizontal_50_ec_ev_source.csv__miller2_horizontal_50_ec_ev_target.csv,14.06,0.23,
Magneto,OpenData__miller2_vertical_1_ac1_av_source.csv__miller2_vertical_1_ac1_av_target.csv,8.48,0.14,
Magneto,OpenData__miller2_vertical_1_ac1_ev_source.csv__miller2_vertical_1_ac1_ev_target.csv,8.91,0.15,
Magneto,OpenData__miller2_vertical_1_ac2_av_source.csv__miller2_vertical_1_ac2_av_target.csv,11.16,0.19,
Magneto,OpenData__miller2_vertical_1_ac2_ev_source.csv__miller2_vertical_1_ac2_ev_target.csv,7.88,0.13,
Magneto,OpenData__miller2_vertical_1_ac3_av_source.csv__miller2_vertical_1_ac3_av_target.csv,9.8,0.16,
Magneto,OpenData__miller2_vertical_1_ac3_ev_source.csv__miller2_vertical_1_ac3_ev_target.csv,8.26,0.14,
Magneto,OpenData__miller2_vertical_1_ac4_av_source.csv__miller2_vertical_1_ac4_av_target.csv,8.32,0.14,
Magneto,OpenData__miller2_vertical_1_ac4_ev_source.csv__miller2_vertical_1_ac4_ev_target.csv,12.28,0.2,
Magneto,OpenData__miller2_vertical_1_ac5_av_source.csv__miller2_vertical_1_ac5_av_target.csv,8.53,0.14,
Magneto,OpenData__miller2_vertical_1_ac5_ev_source.csv__miller2_vertical_1_ac5_ev_target.csv,11.46,0.19,
Magneto,OpenData__miller2_vertical_1_ec_av_source.csv__miller2_vertical_1_ec_av_target.csv,7.9,0.13,
Magneto,OpenData__miller2_vertical_1_ec_ev_source.csv__miller2_vertical_1_ec_ev_target.csv,7.71,0.13,
Magneto,OpenData__miller2_vertical_30_ac1_av_source.csv__miller2_vertical_30_ac1_av_target.csv,10.43,0.17,
Magneto,OpenData__miller2_vertical_30_ac1_ev_source.csv__miller2_vertical_30_ac1_ev_target.csv,9.57,0.16,
Magneto,OpenData__miller2_vertical_30_ac2_av_source.csv__miller2_vertical_30_ac2_av_target.csv,11.25,0.19,
Magneto,OpenData__miller2_vertical_30_ac2_ev_source.csv__miller2_vertical_30_ac2_ev_target.csv,10.76,0.18,
Magneto,OpenData__miller2_vertical_30_ac3_av_source.csv__miller2_vertical_30_ac3_av_target.csv,12.28,0.2,
Magneto,OpenData__miller2_vertical_30_ac3_ev_source.csv__miller2_vertical_30_ac3_ev_target.csv,10.99,0.18,
Magneto,OpenData__miller2_vertical_30_ac4_av_source.csv__miller2_vertical_30_ac4_av_target.csv,9.89,0.16,
Magneto,OpenData__miller2_vertical_30_ac4_ev_source.csv__miller2_vertical_30_ac4_ev_target.csv,9.91,0.17,
Magneto,OpenData__miller2_vertical_30_ac5_av_source.csv__miller2_vertical_30_ac5_av_target.csv,10.98,0.18,
Magneto,OpenData__miller2_vertical_30_ac5_ev_source.csv__miller2_vertical_30_ac5_ev_target.csv,9.19,0.15,
Magneto,OpenData__miller2_vertical_30_ec_av_source.csv__miller2_vertical_30_ec_av_target.csv,10.62,0.18,
Magneto,OpenData__miller2_vertical_30_ec_ev_source.csv__miller2_vertical_30_ec_ev_target.csv,14.2,0.24,
Magneto,OpenData__miller2_vertical_50_ac1_av_source.csv__miller2_vertical_50_ac1_av_target.csv,12.06,0.2,
Magneto,OpenData__miller2_vertical_50_ac1_ev_source.csv__miller2_vertical_50_ac1_ev_target.csv,12.94,0.22,
Magneto,OpenData__miller2_vertical_50_ac2_av_source.csv__miller2_vertical_50_ac2_av_target.csv,12.41,0.21,
Magneto,OpenData__miller2_vertical_50_ac2_ev_source.csv__miller2_vertical_50_ac2_ev_target.csv,12.62,0.21,
Magneto,OpenData__miller2_vertical_50_ac3_av_source.csv__miller2_vertical_50_ac3_av_target.csv,15.2,0.25,
Magneto,OpenData__miller2_vertical_50_ac3_ev_source.csv__miller2_vertical_50_ac3_ev_target.csv,11.43,0.19,
Magneto,OpenData__miller2_vertical_50_ac4_av_source.csv__miller2_vertical_50_ac4_av_target.csv,14.22,0.24,
Magneto,OpenData__miller2_vertical_50_ac4_ev_source.csv__miller2_vertical_50_ac4_ev_target.csv,14.38,0.24,
Magneto,OpenData__miller2_vertical_50_ac5_av_source.csv__miller2_vertical_50_ac5_av_target.csv,12.13,0.2,
Magneto,OpenData__miller2_vertical_50_ac5_ev_source.csv__miller2_vertical_50_ac5_ev_target.csv,12.09,0.2,
Magneto,OpenData__miller2_vertical_50_ec_av_source.csv__miller2_vertical_50_ec_av_target.csv,13.84,0.23,
Magneto,OpenData__miller2_vertical_50_ec_ev_source.csv__miller2_vertical_50_ec_ev_target.csv,10.68,0.18,
Magneto,OpenData__miller2_vertical_70_ac1_av_source.csv__miller2_vertical_70_ac1_av_target.csv,13.92,0.23,
Magneto,OpenData__miller2_vertical_70_ac1_ev_source.csv__miller2_vertical_70_ac1_ev_target.csv,11.86,0.2,
Magneto,OpenData__miller2_vertical_70_ac2_av_source.csv__miller2_vertical_70_ac2_av_target.csv,13.09,0.22,
Magneto,OpenData__miller2_vertical_70_ac2_ev_source.csv__miller2_vertical_70_ac2_ev_target.csv,11.63,0.19,
Magneto,OpenData__miller2_vertical_70_ac3_av_source.csv__miller2_vertical_70_ac3_av_target.csv,13.12,0.22,
Magneto,OpenData__miller2_vertical_70_ac3_ev_source.csv__miller2_vertical_70_ac3_ev_target.csv,11.34,0.19,
Magneto,OpenData__miller2_vertical_70_ac4_av_source.csv__miller2_vertical_70_ac4_av_target.csv,13.91,0.23,
Magneto,OpenData__miller2_vertical_70_ac4_ev_source.csv__miller2_vertical_70_ac4_ev_target.csv,12.04,0.2,
Magneto,OpenData__miller2_vertical_70_ac5_av_source.csv__miller2_vertical_70_ac5_av_target.csv,14.29,0.24,
Magneto,OpenData__miller2_vertical_70_ac5_ev_source.csv__miller2_vertical_70_ac5_ev_target.csv,11.74,0.2,
Magneto,OpenData__miller2_vertical_70_ec_av_source.csv__miller2_vertical_70_ec_av_target.csv,13.96,0.23,
Magneto,OpenData__miller2_vertical_70_ec_ev_source.csv__miller2_vertical_70_ec_ev_target.csv,11.76,0.2,
Magneto,TPC-DI__prospect_both_0_1_ac1_av_source.csv__prospect_both_0_1_ac1_av_target.csv,6.23,0.1,
Magneto,TPC-DI__prospect_both_0_1_ac1_ev_source.csv__prospect_both_0_1_ac1_ev_target.csv,4.87,0.08,
Magneto,TPC-DI__prospect_both_0_1_ac2_av_source.csv__prospect_both_0_1_ac2_av_target.csv,5.15,0.09,
Magneto,TPC-DI__prospect_both_0_1_ac2_ev_source.csv__prospect_both_0_1_ac2_ev_target.csv,4.82,0.08,
Magneto,TPC-DI__prospect_both_0_1_ac3_av_source.csv__prospect_both_0_1_ac3_av_target.csv,7.79,0.13,
Magneto,TPC-DI__prospect_both_0_1_ac3_ev_source.csv__prospect_both_0_1_ac3_ev_target.csv,4.65,0.08,
Magneto,TPC-DI__prospect_both_0_1_ac4_av_source.csv__prospect_both_0_1_ac4_av_target.csv,4.82,0.08,
Magneto,TPC-DI__prospect_both_0_1_ac4_ev_source.csv__prospect_both_0_1_ac4_ev_target.csv,6.43,0.11,
Magneto,TPC-DI__prospect_both_0_1_ac5_av_source.csv__prospect_both_0_1_ac5_av_target.csv,4.81,0.08,
Magneto,TPC-DI__prospect_both_0_1_ac5_ev_source.csv__prospect_both_0_1_ac5_ev_target.csv,5.57,0.09,
Magneto,TPC-DI__prospect_both_0_1_ec_av_source.csv__prospect_both_0_1_ec_av_target.csv,4.79,0.08,
Magneto,TPC-DI__prospect_both_0_1_ec_ev_source.csv__prospect_both_0_1_ec_ev_target.csv,5.6,0.09,
Magneto,TPC-DI__prospect_both_0_30_ac1_av_source.csv__prospect_both_0_30_ac1_av_target.csv,8.3,0.14,
Magneto,TPC-DI__prospect_both_0_30_ac1_ev_source.csv__prospect_both_0_30_ac1_ev_target.csv,7.79,0.13,
Magneto,TPC-DI__prospect_both_0_30_ac2_av_source.csv__prospect_both_0_30_ac2_av_target.csv,5.84,0.1,
Magneto,TPC-DI__prospect_both_0_30_ac2_ev_source.csv__prospect_both_0_30_ac2_ev_target.csv,7.09,0.12,
Magneto,TPC-DI__prospect_both_0_30_ac3_av_source.csv__prospect_both_0_30_ac3_av_target.csv,7.89,0.13,
Magneto,TPC-DI__prospect_both_0_30_ac3_ev_source.csv__prospect_both_0_30_ac3_ev_target.csv,5.52,0.09,
Magneto,TPC-DI__prospect_both_0_30_ac4_av_source.csv__prospect_both_0_30_ac4_av_target.csv,9.99,0.17,
Magneto,TPC-DI__prospect_both_0_30_ac4_ev_source.csv__prospect_both_0_30_ac4_ev_target.csv,8.2,0.14,
Magneto,TPC-DI__prospect_both_0_30_ac5_av_source.csv__prospect_both_0_30_ac5_av_target.csv,5.89,0.1,
Magneto,TPC-DI__prospect_both_0_30_ac5_ev_source.csv__prospect_both_0_30_ac5_ev_target.csv,7.88,0.13,
Magneto,TPC-DI__prospect_both_0_30_ec_av_source.csv__prospect_both_0_30_ec_av_target.csv,9.35,0.16,
Magneto,TPC-DI__prospect_both_0_30_ec_ev_source.csv__prospect_both_0_30_ec_ev_target.csv,8.54,0.14,
Magneto,TPC-DI__prospect_both_0_50_ac1_av_source.csv__prospect_both_0_50_ac1_av_target.csv,9.65,0.16,
Magneto,TPC-DI__prospect_both_0_50_ac1_ev_source.csv__prospect_both_0_50_ac1_ev_target.csv,9.53,0.16,
Magneto,TPC-DI__prospect_both_0_50_ac2_av_source.csv__prospect_both_0_50_ac2_av_target.csv,6.41,0.11,
Magneto,TPC-DI__prospect_both_0_50_ac2_ev_source.csv__prospect_both_0_50_ac2_ev_target.csv,9.04,0.15,
Magneto,TPC-DI__prospect_both_0_50_ac3_av_source.csv__prospect_both_0_50_ac3_av_target.csv,11.87,0.2,
Magneto,TPC-DI__prospect_both_0_50_ac3_ev_source.csv__prospect_both_0_50_ac3_ev_target.csv,6.38,0.11,
Magneto,TPC-DI__prospect_both_0_50_ac4_av_source.csv__prospect_both_0_50_ac4_av_target.csv,10.3,0.17,
Magneto,TPC-DI__prospect_both_0_50_ac4_ev_source.csv__prospect_both_0_50_ac4_ev_target.csv,7.95,0.13,
Magneto,TPC-DI__prospect_both_0_50_ac5_av_source.csv__prospect_both_0_50_ac5_av_target.csv,9.74,0.16,
Magneto,TPC-DI__prospect_both_0_50_ac5_ev_source.csv__prospect_both_0_50_ac5_ev_target.csv,6.86,0.11,
Magneto,TPC-DI__prospect_both_0_50_ec_av_source.csv__prospect_both_0_50_ec_av_target.csv,5.75,0.1,
Magneto,TPC-DI__prospect_both_0_50_ec_ev_source.csv__prospect_both_0_50_ec_ev_target.csv,10.83,0.18,
Magneto,TPC-DI__prospect_both_0_70_ac1_av_source.csv__prospect_both_0_70_ac1_av_target.csv,11.43,0.19,
Magneto,TPC-DI__prospect_both_0_70_ac1_ev_source.csv__prospect_both_0_70_ac1_ev_target.csv,10.5,0.18,
Magneto,TPC-DI__prospect_both_0_70_ac2_av_source.csv__prospect_both_0_70_ac2_av_target.csv,11.46,0.19,
Magneto,TPC-DI__prospect_both_0_70_ac2_ev_source.csv__prospect_both_0_70_ac2_ev_target.csv,13.54,0.23,
Magneto,TPC-DI__prospect_both_0_70_ac3_av_source.csv__prospect_both_0_70_ac3_av_target.csv,10.45,0.17,
Magneto,TPC-DI__prospect_both_0_70_ac3_ev_source.csv__prospect_both_0_70_ac3_ev_target.csv,14.9,0.25,
Magneto,TPC-DI__prospect_both_0_70_ac4_av_source.csv__prospect_both_0_70_ac4_av_target.csv,12.07,0.2,
Magneto,TPC-DI__prospect_both_0_70_ac4_ev_source.csv__prospect_both_0_70_ac4_ev_target.csv,11.48,0.19,
Magneto,TPC-DI__prospect_both_0_70_ac5_av_source.csv__prospect_both_0_70_ac5_av_target.csv,8.39,0.14,
Magneto,TPC-DI__prospect_both_0_70_ac5_ev_source.csv__prospect_both_0_70_ac5_ev_target.csv,11.03,0.18,
Magneto,TPC-DI__prospect_both_0_70_ec_av_source.csv__prospect_both_0_70_ec_av_target.csv,9.39,0.16,
Magneto,TPC-DI__prospect_both_0_70_ec_ev_source.csv__prospect_both_0_70_ec_ev_target.csv,11.09,0.18,
Magneto,TPC-DI__prospect_both_50_1_ac1_av_source.csv__prospect_both_50_1_ac1_av_target.csv,5.17,0.09,
Magneto,TPC-DI__prospect_both_50_1_ac1_ev_source.csv__prospect_both_50_1_ac1_ev_target.csv,4.98,0.08,
Magneto,TPC-DI__prospect_both_50_1_ac2_av_source.csv__prospect_both_50_1_ac2_av_target.csv,4.81,0.08,
Magneto,TPC-DI__prospect_both_50_1_ac2_ev_source.csv__prospect_both_50_1_ac2_ev_target.csv,4.6,0.08,
Magneto,TPC-DI__prospect_both_50_1_ac3_av_source.csv__prospect_both_50_1_ac3_av_target.csv,5.14,0.09,
Magneto,TPC-DI__prospect_both_50_1_ac3_ev_source.csv__prospect_both_50_1_ac3_ev_target.csv,4.53,0.08,
Magneto,TPC-DI__prospect_both_50_1_ac4_av_source.csv__prospect_both_50_1_ac4_av_target.csv,5.49,0.09,
Magneto,TPC-DI__prospect_both_50_1_ac4_ev_source.csv__prospect_both_50_1_ac4_ev_target.csv,4.76,0.08,
Magneto,TPC-DI__prospect_both_50_1_ac5_av_source.csv__prospect_both_50_1_ac5_av_target.csv,4.79,0.08,
Magneto,TPC-DI__prospect_both_50_1_ac5_ev_source.csv__prospect_both_50_1_ac5_ev_target.csv,5.65,0.09,
Magneto,TPC-DI__prospect_both_50_1_ec_av_source.csv__prospect_both_50_1_ec_av_target.csv,5.01,0.08,
Magneto,TPC-DI__prospect_both_50_1_ec_ev_source.csv__prospect_both_50_1_ec_ev_target.csv,4.73,0.08,
Magneto,TPC-DI__prospect_both_50_30_ac1_av_source.csv__prospect_both_50_30_ac1_av_target.csv,6.04,0.1,
Magneto,TPC-DI__prospect_both_50_30_ac1_ev_source.csv__prospect_both_50_30_ac1_ev_target.csv,5.46,0.09,
Magneto,TPC-DI__prospect_both_50_30_ac2_av_source.csv__prospect_both_50_30_ac2_av_target.csv,5.44,0.09,
Magneto,TPC-DI__prospect_both_50_30_ac2_ev_source.csv__prospect_both_50_30_ac2_ev_target.csv,5.51,0.09,
Magneto,TPC-DI__prospect_both_50_30_ac3_av_source.csv__prospect_both_50_30_ac3_av_target.csv,6.2,0.1,
Magneto,TPC-DI__prospect_both_50_30_ac3_ev_source.csv__prospect_both_50_30_ac3_ev_target.csv,6.46,0.11,
Magneto,TPC-DI__prospect_both_50_30_ac4_av_source.csv__prospect_both_50_30_ac4_av_target.csv,6.24,0.1,
Magneto,TPC-DI__prospect_both_50_30_ac4_ev_source.csv__prospect_both_50_30_ac4_ev_target.csv,6.25,0.1,
Magneto,TPC-DI__prospect_both_50_30_ac5_av_source.csv__prospect_both_50_30_ac5_av_target.csv,5.23,0.09,
Magneto,TPC-DI__prospect_both_50_30_ac5_ev_source.csv__prospect_both_50_30_ac5_ev_target.csv,6.33,0.11,
Magneto,TPC-DI__prospect_both_50_30_ec_av_source.csv__prospect_both_50_30_ec_av_target.csv,6.65,0.11,
Magneto,TPC-DI__prospect_both_50_30_ec_ev_source.csv__prospect_both_50_30_ec_ev_target.csv,5.86,0.1,
Magneto,TPC-DI__prospect_both_50_50_ac1_av_source.csv__prospect_both_50_50_ac1_av_target.csv,6.14,0.1,
Magneto,TPC-DI__prospect_both_50_50_ac1_ev_source.csv__prospect_both_50_50_ac1_ev_target.csv,5.57,0.09,
Magneto,TPC-DI__prospect_both_50_50_ac2_av_source.csv__prospect_both_50_50_ac2_av_target.csv,6.98,0.12,
Magneto,TPC-DI__prospect_both_50_50_ac2_ev_source.csv__prospect_both_50_50_ac2_ev_target.csv,12.23,0.2,
Magneto,TPC-DI__prospect_both_50_50_ac3_av_source.csv__prospect_both_50_50_ac3_av_target.csv,7.08,0.12,
Magneto,TPC-DI__prospect_both_50_50_ac3_ev_source.csv__prospect_both_50_50_ac3_ev_target.csv,7.73,0.13,
Magneto,TPC-DI__prospect_both_50_50_ac4_av_source.csv__prospect_both_50_50_ac4_av_target.csv,6.75,0.11,
Magneto,TPC-DI__prospect_both_50_50_ac4_ev_source.csv__prospect_both_50_50_ac4_ev_target.csv,7.72,0.13,
Magneto,TPC-DI__prospect_both_50_50_ac5_av_source.csv__prospect_both_50_50_ac5_av_target.csv,7.11,0.12,
Magneto,TPC-DI__prospect_both_50_50_ac5_ev_source.csv__prospect_both_50_50_ac5_ev_target.csv,7.12,0.12,
Magneto,TPC-DI__prospect_both_50_50_ec_av_source.csv__prospect_both_50_50_ec_av_target.csv,8.05,0.13,
Magneto,TPC-DI__prospect_both_50_50_ec_ev_source.csv__prospect_both_50_50_ec_ev_target.csv,9.29,0.15,
Magneto,TPC-DI__prospect_both_50_70_ac1_av_source.csv__prospect_both_50_70_ac1_av_target.csv,7.65,0.13,
Magneto,TPC-DI__prospect_both_50_70_ac1_ev_source.csv__prospect_both_50_70_ac1_ev_target.csv,7.46,0.12,
Magneto,TPC-DI__prospect_both_50_70_ac2_av_source.csv__prospect_both_50_70_ac2_av_target.csv,6.85,0.11,
Magneto,TPC-DI__prospect_both_50_70_ac2_ev_source.csv__prospect_both_50_70_ac2_ev_target.csv,9.15,0.15,
Magneto,TPC-DI__prospect_both_50_70_ac3_av_source.csv__prospect_both_50_70_ac3_av_target.csv,9.31,0.16,
Magneto,TPC-DI__prospect_both_50_70_ac3_ev_source.csv__prospect_both_50_70_ac3_ev_target.csv,8.34,0.14,
Magneto,TPC-DI__prospect_both_50_70_ac4_av_source.csv__prospect_both_50_70_ac4_av_target.csv,7.23,0.12,
Magneto,TPC-DI__prospect_both_50_70_ac4_ev_source.csv__prospect_both_50_70_ac4_ev_target.csv,8.02,0.13,
Magneto,TPC-DI__prospect_both_50_70_ac5_av_source.csv__prospect_both_50_70_ac5_av_target.csv,8.23,0.14,
Magneto,TPC-DI__prospect_both_50_70_ac5_ev_source.csv__prospect_both_50_70_ac5_ev_target.csv,8.95,0.15,
Magneto,TPC-DI__prospect_both_50_70_ec_av_source.csv__prospect_both_50_70_ec_av_target.csv,6.88,0.11,
Magneto,TPC-DI__prospect_both_50_70_ec_ev_source.csv__prospect_both_50_70_ec_ev_target.csv,8.09,0.13,
Magneto,TPC-DI__prospect_horizontal_0_ac1_av_source.csv__prospect_horizontal_0_ac1_av_target.csv,15.57,0.26,
Magneto,TPC-DI__prospect_horizontal_0_ac1_ev_source.csv__prospect_horizontal_0_ac1_ev_target.csv,11.31,0.19,
Magneto,TPC-DI__prospect_horizontal_0_ac2_av_source.csv__prospect_horizontal_0_ac2_av_target.csv,12.68,0.21,
Magneto,TPC-DI__prospect_horizontal_0_ac2_ev_source.csv__prospect_horizontal_0_ac2_ev_target.csv,12.41,0.21,
Magneto,TPC-DI__prospect_horizontal_0_ac3_av_source.csv__prospect_horizontal_0_ac3_av_target.csv,11.46,0.19,
Magneto,TPC-DI__prospect_horizontal_0_ac3_ev_source.csv__prospect_horizontal_0_ac3_ev_target.csv,12.1,0.2,
Magneto,TPC-DI__prospect_horizontal_0_ac4_av_source.csv__prospect_horizontal_0_ac4_av_target.csv,14.14,0.24,
Magneto,TPC-DI__prospect_horizontal_0_ac4_ev_source.csv__prospect_horizontal_0_ac4_ev_target.csv,10.78,0.18,
Magneto,TPC-DI__prospect_horizontal_0_ac5_av_source.csv__prospect_horizontal_0_ac5_av_target.csv,14.12,0.24,
Magneto,TPC-DI__prospect_horizontal_0_ac5_ev_source.csv__prospect_horizontal_0_ac5_ev_target.csv,11.62,0.19,
Magneto,TPC-DI__prospect_horizontal_0_ec_av_source.csv__prospect_horizontal_0_ec_av_target.csv,10.78,0.18,
Magneto,TPC-DI__prospect_horizontal_0_ec_ev_source.csv__prospect_horizontal_0_ec_ev_target.csv,18.0,0.3,
Magneto,TPC-DI__prospect_horizontal_100_ac1_av_source.csv__prospect_horizontal_100_ac1_av_target.csv,10.79,0.18,
Magneto,TPC-DI__prospect_horizontal_100_ac1_ev_source.csv__prospect_horizontal_100_ac1_ev_target.csv,14.27,0.24,
Magneto,TPC-DI__prospect_horizontal_100_ac2_av_source.csv__prospect_horizontal_100_ac2_av_target.csv,13.71,0.23,
Magneto,TPC-DI__prospect_horizontal_100_ac2_ev_source.csv__prospect_horizontal_100_ac2_ev_target.csv,11.03,0.18,
Magneto,TPC-DI__prospect_horizontal_100_ac3_av_source.csv__prospect_horizontal_100_ac3_av_target.csv,12.09,0.2,
Magneto,TPC-DI__prospect_horizontal_100_ac3_ev_source.csv__prospect_horizontal_100_ac3_ev_target.csv,10.68,0.18,
Magneto,TPC-DI__prospect_horizontal_100_ac4_av_source.csv__prospect_horizontal_100_ac4_av_target.csv,10.63,0.18,
Magneto,TPC-DI__prospect_horizontal_100_ac4_ev_source.csv__prospect_horizontal_100_ac4_ev_target.csv,14.44,0.24,
Magneto,TPC-DI__prospect_horizontal_100_ac5_av_source.csv__prospect_horizontal_100_ac5_av_target.csv,11.5,0.19,
Magneto,TPC-DI__prospect_horizontal_100_ac5_ev_source.csv__prospect_horizontal_100_ac5_ev_target.csv,10.87,0.18,
Magneto,TPC-DI__prospect_horizontal_100_ec_av_source.csv__prospect_horizontal_100_ec_av_target.csv,10.86,0.18,
Magneto,TPC-DI__prospect_horizontal_100_ec_ev_source.csv__prospect_horizontal_100_ec_ev_target.csv,12.29,0.2,
Magneto,TPC-DI__prospect_horizontal_50_ac1_av_source.csv__prospect_horizontal_50_ac1_av_target.csv,13.87,0.23,
Magneto,TPC-DI__prospect_horizontal_50_ac1_ev_source.csv__prospect_horizontal_50_ac1_ev_target.csv,14.83,0.25,
Magneto,TPC-DI__prospect_horizontal_50_ac2_av_source.csv__prospect_horizontal_50_ac2_av_target.csv,10.08,0.17,
Magneto,TPC-DI__prospect_horizontal_50_ac2_ev_source.csv__prospect_horizontal_50_ac2_ev_target.csv,11.94,0.2,
Magneto,TPC-DI__prospect_horizontal_50_ac3_av_source.csv__prospect_horizontal_50_ac3_av_target.csv,10.21,0.17,
Magneto,TPC-DI__prospect_horizontal_50_ac3_ev_source.csv__prospect_horizontal_50_ac3_ev_target.csv,9.96,0.17,
Magneto,TPC-DI__prospect_horizontal_50_ac4_av_source.csv__prospect_horizontal_50_ac4_av_target.csv,11.67,0.19,
Magneto,TPC-DI__prospect_horizontal_50_ac4_ev_source.csv__prospect_horizontal_50_ac4_ev_target.csv,11.81,0.2,
Magneto,TPC-DI__prospect_horizontal_50_ac5_av_source.csv__prospect_horizontal_50_ac5_av_target.csv,15.05,0.25,
Magneto,TPC-DI__prospect_horizontal_50_ac5_ev_source.csv__prospect_horizontal_50_ac5_ev_target.csv,10.82,0.18,
Magneto,TPC-DI__prospect_horizontal_50_ec_av_source.csv__prospect_horizontal_50_ec_av_target.csv,11.6,0.19,
Magneto,TPC-DI__prospect_horizontal_50_ec_ev_source.csv__prospect_horizontal_50_ec_ev_target.csv,12.94,0.22,
Magneto,TPC-DI__prospect_vertical_1_ac1_av_source.csv__prospect_vertical_1_ac1_av_target.csv,5.08,0.08,
Magneto,TPC-DI__prospect_vertical_1_ac1_ev_source.csv__prospect_vertical_1_ac1_ev_target.csv,6.8,0.11,
Magneto,TPC-DI__prospect_vertical_1_ac2_av_source.csv__prospect_vertical_1_ac2_av_target.csv,5.16,0.09,
Magneto,TPC-DI__prospect_vertical_1_ac2_ev_source.csv__prospect_vertical_1_ac2_ev_target.csv,5.49,0.09,
Magneto,TPC-DI__prospect_vertical_1_ac3_av_source.csv__prospect_vertical_1_ac3_av_target.csv,4.93,0.08,
Magneto,TPC-DI__prospect_vertical_1_ac3_ev_source.csv__prospect_vertical_1_ac3_ev_target.csv,5.07,0.08,
Magneto,TPC-DI__prospect_vertical_1_ac4_av_source.csv__prospect_vertical_1_ac4_av_target.csv,5.26,0.09,
Magneto,TPC-DI__prospect_vertical_1_ac4_ev_source.csv__prospect_vertical_1_ac4_ev_target.csv,5.68,0.09,
Magneto,TPC-DI__prospect_vertical_1_ac5_av_source.csv__prospect_vertical_1_ac5_av_target.csv,5.25,0.09,
Magneto,TPC-DI__prospect_vertical_1_ac5_ev_source.csv__prospect_vertical_1_ac5_ev_target.csv,6.55,0.11,
Magneto,TPC-DI__prospect_vertical_1_ec_av_source.csv__prospect_vertical_1_ec_av_target.csv,6.55,0.11,
Magneto,TPC-DI__prospect_vertical_1_ec_ev_source.csv__prospect_vertical_1_ec_ev_target.csv,6.77,0.11,
Magneto,TPC-DI__prospect_vertical_30_ac1_av_source.csv__prospect_vertical_30_ac1_av_target.csv,6.73,0.11,
Magneto,TPC-DI__prospect_vertical_30_ac1_ev_source.csv__prospect_vertical_30_ac1_ev_target.csv,6.08,0.1,
Magneto,TPC-DI__prospect_vertical_30_ac2_av_source.csv__prospect_vertical_30_ac2_av_target.csv,5.65,0.09,
Magneto,TPC-DI__prospect_vertical_30_ac2_ev_source.csv__prospect_vertical_30_ac2_ev_target.csv,7.05,0.12,
Magneto,TPC-DI__prospect_vertical_30_ac3_av_source.csv__prospect_vertical_30_ac3_av_target.csv,5.62,0.09,
Magneto,TPC-DI__prospect_vertical_30_ac3_ev_source.csv__prospect_vertical_30_ac3_ev_target.csv,6.34,0.11,
Magneto,TPC-DI__prospect_vertical_30_ac4_av_source.csv__prospect_vertical_30_ac4_av_target.csv,6.93,0.12,
Magneto,TPC-DI__prospect_vertical_30_ac4_ev_source.csv__prospect_vertical_30_ac4_ev_target.csv,6.15,0.1,
Magneto,TPC-DI__prospect_vertical_30_ac5_av_source.csv__prospect_vertical_30_ac5_av_target.csv,6.98,0.12,
Magneto,TPC-DI__prospect_vertical_30_ac5_ev_source.csv__prospect_vertical_30_ac5_ev_target.csv,6.47,0.11,
Magneto,TPC-DI__prospect_vertical_30_ec_av_source.csv__prospect_vertical_30_ec_av_target.csv,6.56,0.11,
Magneto,TPC-DI__prospect_vertical_30_ec_ev_source.csv__prospect_vertical_30_ec_ev_target.csv,5.94,0.1,
Magneto,TPC-DI__prospect_vertical_50_ac1_av_source.csv__prospect_vertical_50_ac1_av_target.csv,7.58,0.13,
Magneto,TPC-DI__prospect_vertical_50_ac1_ev_source.csv__prospect_vertical_50_ac1_ev_target.csv,7.59,0.13,
Magneto,TPC-DI__prospect_vertical_50_ac2_av_source.csv__prospect_vertical_50_ac2_av_target.csv,7.94,0.13,
Magneto,TPC-DI__prospect_vertical_50_ac2_ev_source.csv__prospect_vertical_50_ac2_ev_target.csv,8.14,0.14,
Magneto,TPC-DI__prospect_vertical_50_ac3_av_source.csv__prospect_vertical_50_ac3_av_target.csv,7.78,0.13,
Magneto,TPC-DI__prospect_vertical_50_ac3_ev_source.csv__prospect_vertical_50_ac3_ev_target.csv,7.77,0.13,
Magneto,TPC-DI__prospect_vertical_50_ac4_av_source.csv__prospect_vertical_50_ac4_av_target.csv,7.02,0.12,
Magneto,TPC-DI__prospect_vertical_50_ac4_ev_source.csv__prospect_vertical_50_ac4_ev_target.csv,6.73,0.11,
Magneto,TPC-DI__prospect_vertical_50_ac5_av_source.csv__prospect_vertical_50_ac5_av_target.csv,7.57,0.13,
Magneto,TPC-DI__prospect_vertical_50_ac5_ev_source.csv__prospect_vertical_50_ac5_ev_target.csv,7.52,0.13,
Magneto,TPC-DI__prospect_vertical_50_ec_av_source.csv__prospect_vertical_50_ec_av_target.csv,8.7,0.15,
Magneto,TPC-DI__prospect_vertical_50_ec_ev_source.csv__prospect_vertical_50_ec_ev_target.csv,5.73,0.1,
Magneto,TPC-DI__prospect_vertical_70_ac1_av_source.csv__prospect_vertical_70_ac1_av_target.csv,7.75,0.13,
Magneto,TPC-DI__prospect_vertical_70_ac1_ev_source.csv__prospect_vertical_70_ac1_ev_target.csv,8.09,0.13,
Magneto,TPC-DI__prospect_vertical_70_ac2_av_source.csv__prospect_vertical_70_ac2_av_target.csv,9.47,0.16,
Magneto,TPC-DI__prospect_vertical_70_ac2_ev_source.csv__prospect_vertical_70_ac2_ev_target.csv,7.88,0.13,
Magneto,TPC-DI__prospect_vertical_70_ac3_av_source.csv__prospect_vertical_70_ac3_av_target.csv,8.56,0.14,
Magneto,TPC-DI__prospect_vertical_70_ac3_ev_source.csv__prospect_vertical_70_ac3_ev_target.csv,7.5,0.12,
Magneto,TPC-DI__prospect_vertical_70_ac4_av_source.csv__prospect_vertical_70_ac4_av_target.csv,10.07,0.17,
Magneto,TPC-DI__prospect_vertical_70_ac4_ev_source.csv__prospect_vertical_70_ac4_ev_target.csv,10.45,0.17,
Magneto,TPC-DI__prospect_vertical_70_ac5_av_source.csv__prospect_vertical_70_ac5_av_target.csv,8.08,0.13,
Magneto,TPC-DI__prospect_vertical_70_ac5_ev_source.csv__prospect_vertical_70_ac5_ev_target.csv,7.39,0.12,
Magneto,TPC-DI__prospect_vertical_70_ec_av_source.csv__prospect_vertical_70_ec_av_target.csv,7.88,0.13,
Magneto,TPC-DI__prospect_vertical_70_ec_ev_source.csv__prospect_vertical_70_ec_ev_target.csv,6.97,0.12,
Magneto,Wikidata__musicians_joinable_source.csv__musicians_joinable_target.csv,5.75,0.1,
Magneto,Wikidata__musicians_semjoinable_source.csv__musicians_semjoinable_target.csv,6.67,0.11,
Magneto,Wikidata__musicians_unionable_source.csv__musicians_unionable_target.csv,6.77,0.11,
Magneto,Wikidata__musicians_viewunion_source.csv__musicians_viewunion_target.csv,6.89,0.11,
ISResMat,ChEMBL__assays_both_50_1_ac1_av_source.csv__assays_both_50_1_ac1_av_target.csv,9.06,0.15,
ISResMat,ChEMBL__assays_both_50_1_ac2_av_source.csv__assays_both_50_1_ac2_av_target.csv,9.4,0.16,
ISResMat,ChEMBL__assays_both_50_1_ac3_av_source.csv__assays_both_50_1_ac3_av_target.csv,47.38,0.79,
ISResMat,ChEMBL__assays_both_50_1_ac4_av_source.csv__assays_both_50_1_ac4_av_target.csv,49.01,0.82,
ISResMat,ChEMBL__assays_both_50_1_ac5_av_source.csv__assays_both_50_1_ac5_av_target.csv,53.29,0.89,
ISResMat,ChEMBL__assays_both_50_1_ec_av_source.csv__assays_both_50_1_ec_av_target.csv,9.21,0.15,
ISResMat,ChEMBL__assays_both_50_30_ac1_av_source.csv__assays_both_50_30_ac1_av_target.csv,52.89,0.88,
ISResMat,ChEMBL__assays_both_50_30_ac2_av_source.csv__assays_both_50_30_ac2_av_target.csv,76.29,1.27,
ISResMat,ChEMBL__assays_both_50_30_ac3_av_source.csv__assays_both_50_30_ac3_av_target.csv,57.9,0.97,
ISResMat,ChEMBL__assays_both_50_30_ec_av_source.csv__assays_both_50_30_ec_av_target.csv,57.04,0.95,
ISResMat,Magellan__amazon_google_exp_source.csv__amazon_google_exp_target.csv,21.48,0.36,
ISResMat,Magellan__beeradvo_ratebeer_source.csv__beeradvo_ratebeer_target.csv,22.39,0.37,
ISResMat,Magellan__dblp_acm_source.csv__dblp_acm_target.csv,6.14,0.1,
ISResMat,Magellan__dblp_scholar_source.csv__dblp_scholar_target.csv,8.93,0.15,
ISResMat,Magellan__itunes_amazon_source.csv__itunes_amazon_target.csv,37.45,0.62,
ISResMat,Magellan__walmart_amazon_source.csv__walmart_amazon_target.csv,7.45,0.12,
ISResMat,OpenData__miller2_both_0_1_ac1_av_source.csv__miller2_both_0_1_ac1_av_target.csv,93.27,1.55,
ISResMat,OpenData__miller2_both_0_1_ac1_ev_source.csv__miller2_both_0_1_ac1_ev_target.csv,91.02,1.52,
ISResMat,OpenData__miller2_both_0_1_ac2_av_source.csv__miller2_both_0_1_ac2_av_target.csv,91.77,1.53,
ISResMat,OpenData__miller2_both_0_1_ac2_ev_source.csv__miller2_both_0_1_ac2_ev_target.csv,91.43,1.52,
ISResMat,OpenData__miller2_both_0_1_ac3_av_source.csv__miller2_both_0_1_ac3_av_target.csv,85.27,1.42,
ISResMat,OpenData__miller2_both_0_1_ac3_ev_source.csv__miller2_both_0_1_ac3_ev_target.csv,90.67,1.51,
ISResMat,OpenData__miller2_both_0_1_ac4_av_source.csv__miller2_both_0_1_ac4_av_target.csv,91.73,1.53,
ISResMat,OpenData__miller2_both_0_1_ac4_ev_source.csv__miller2_both_0_1_ac4_ev_target.csv,81.76,1.36,
ISResMat,OpenData__miller2_both_0_1_ac5_av_source.csv__miller2_both_0_1_ac5_av_target.csv,94.54,1.58,
ISResMat,OpenData__miller2_both_0_1_ac5_ev_source.csv__miller2_both_0_1_ac5_ev_target.csv,90.63,1.51,
ISResMat,OpenData__miller2_both_0_1_ec_av_source.csv__miller2_both_0_1_ec_av_target.csv,90.42,1.51,
ISResMat,OpenData__miller2_both_0_1_ec_ev_source.csv__miller2_both_0_1_ec_ev_target.csv,91.51,1.53,
ISResMat,OpenData__miller2_both_0_30_ac1_av_source.csv__miller2_both_0_30_ac1_av_target.csv,140.84,2.35,
ISResMat,OpenData__miller2_both_0_30_ac1_ev_source.csv__miller2_both_0_30_ac1_ev_target.csv,126.15,2.1,
ISResMat,OpenData__miller2_both_0_30_ac2_av_source.csv__miller2_both_0_30_ac2_av_target.csv,148.92,2.48,
ISResMat,OpenData__miller2_both_0_30_ac2_ev_source.csv__miller2_both_0_30_ac2_ev_target.csv,109.29,1.82,
ISResMat,OpenData__miller2_both_0_30_ac3_av_source.csv__miller2_both_0_30_ac3_av_target.csv,115.36,1.92,
ISResMat,OpenData__miller2_both_0_30_ac3_ev_source.csv__miller2_both_0_30_ac3_ev_target.csv,127.44,2.12,
ISResMat,OpenData__miller2_both_0_30_ac4_av_source.csv__miller2_both_0_30_ac4_av_target.csv,124.6,2.08,
ISResMat,OpenData__miller2_both_0_30_ac4_ev_source.csv__miller2_both_0_30_ac4_ev_target.csv,125.53,2.09,
ISResMat,OpenData__miller2_both_0_30_ac5_av_source.csv__miller2_both_0_30_ac5_av_target.csv,123.52,2.06,
ISResMat,OpenData__miller2_both_0_30_ac5_ev_source.csv__miller2_both_0_30_ac5_ev_target.csv,126.0,2.1,
ISResMat,OpenData__miller2_both_0_30_ec_av_source.csv__miller2_both_0_30_ec_av_target.csv,139.34,2.32,
ISResMat,OpenData__miller2_both_0_30_ec_ev_source.csv__miller2_both_0_30_ec_ev_target.csv,130.01,2.17,
ISResMat,OpenData__miller2_both_0_50_ac1_av_source.csv__miller2_both_0_50_ac1_av_target.csv,173.21,2.89,
ISResMat,OpenData__miller2_both_0_50_ac1_ev_source.csv__miller2_both_0_50_ac1_ev_target.csv,152.7,2.54,
ISResMat,OpenData__miller2_both_0_50_ac2_av_source.csv__miller2_both_0_50_ac2_av_target.csv,166.31,2.77,
ISResMat,OpenData__miller2_both_0_50_ac2_ev_source.csv__miller2_both_0_50_ac2_ev_target.csv,154.36,2.57,
ISResMat,OpenData__miller2_both_0_50_ac3_av_source.csv__miller2_both_0_50_ac3_av_target.csv,161.13,2.69,
ISResMat,OpenData__miller2_both_0_50_ac3_ev_source.csv__miller2_both_0_50_ac3_ev_target.csv,138.41,2.31,
ISResMat,OpenData__miller2_both_0_50_ac4_av_source.csv__miller2_both_0_50_ac4_av_target.csv,178.11,2.97,
ISResMat,OpenData__miller2_both_0_50_ac4_ev_source.csv__miller2_both_0_50_ac4_ev_target.csv,152.27,2.54,
ISResMat,OpenData__miller2_both_0_50_ac5_av_source.csv__miller2_both_0_50_ac5_av_target.csv,172.51,2.88,
ISResMat,OpenData__miller2_both_0_50_ac5_ev_source.csv__miller2_both_0_50_ac5_ev_target.csv,154.95,2.58,
ISResMat,OpenData__miller2_both_0_50_ec_av_source.csv__miller2_both_0_50_ec_av_target.csv,172.2,2.87,
ISResMat,OpenData__miller2_both_0_50_ec_ev_source.csv__miller2_both_0_50_ec_ev_target.csv,130.21,2.17,
ISResMat,OpenData__miller2_both_0_70_ac1_av_source.csv__miller2_both_0_70_ac1_av_target.csv,207.6,3.46,
ISResMat,OpenData__miller2_both_0_70_ac1_ev_source.csv__miller2_both_0_70_ac1_ev_target.csv,184.48,3.07,
ISResMat,OpenData__miller2_both_0_70_ac2_av_source.csv__miller2_both_0_70_ac2_av_target.csv,205.83,3.43,
ISResMat,OpenData__miller2_both_0_70_ac2_ev_source.csv__miller2_both_0_70_ac2_ev_target.csv,181.89,3.03,
ISResMat,OpenData__miller2_both_0_70_ac3_av_source.csv__miller2_both_0_70_ac3_av_target.csv,212.13,3.54,
ISResMat,OpenData__miller2_both_0_70_ac3_ev_source.csv__miller2_both_0_70_ac3_ev_target.csv,184.39,3.07,
ISResMat,OpenData__miller2_both_0_70_ac4_av_source.csv__miller2_both_0_70_ac4_av_target.csv,209.76,3.5,
ISResMat,OpenData__miller2_both_0_70_ac4_ev_source.csv__miller2_both_0_70_ac4_ev_target.csv,186.76,3.11,
ISResMat,OpenData__miller2_both_0_70_ac5_av_source.csv__miller2_both_0_70_ac5_av_target.csv,213.83,3.56,
ISResMat,OpenData__miller2_both_0_70_ac5_ev_source.csv__miller2_both_0_70_ac5_ev_target.csv,161.24,2.69,
ISResMat,OpenData__miller2_both_0_70_ec_av_source.csv__miller2_both_0_70_ec_av_target.csv,179.95,3.0,
ISResMat,OpenData__miller2_both_0_70_ec_ev_source.csv__miller2_both_0_70_ec_ev_target.csv,164.69,2.74,
ISResMat,OpenData__miller2_both_50_1_ac1_av_source.csv__miller2_both_50_1_ac1_av_target.csv,155.68,2.59,
ISResMat,OpenData__miller2_both_50_1_ac1_ev_source.csv__miller2_both_50_1_ac1_ev_target.csv,92.43,1.54,
ISResMat,OpenData__miller2_both_50_1_ac2_av_source.csv__miller2_both_50_1_ac2_av_target.csv,83.44,1.39,
ISResMat,OpenData__miller2_both_50_1_ac2_ev_source.csv__miller2_both_50_1_ac2_ev_target.csv,94.67,1.58,
ISResMat,OpenData__miller2_both_50_1_ac3_av_source.csv__miller2_both_50_1_ac3_av_target.csv,82.92,1.38,
ISResMat,OpenData__miller2_both_50_1_ac3_ev_source.csv__miller2_both_50_1_ac3_ev_target.csv,85.26,1.42,
ISResMat,OpenData__miller2_both_50_1_ac4_av_source.csv__miller2_both_50_1_ac4_av_target.csv,144.15,2.4,
ISResMat,OpenData__miller2_both_50_1_ac4_ev_source.csv__miller2_both_50_1_ac4_ev_target.csv,85.83,1.43,
ISResMat,OpenData__miller2_both_50_1_ac5_av_source.csv__miller2_both_50_1_ac5_av_target.csv,80.08,1.33,
ISResMat,OpenData__miller2_both_50_1_ac5_ev_source.csv__miller2_both_50_1_ac5_ev_target.csv,93.68,1.56,
ISResMat,OpenData__miller2_both_50_1_ec_av_source.csv__miller2_both_50_1_ec_av_target.csv,160.34,2.67,
ISResMat,OpenData__miller2_both_50_1_ec_ev_source.csv__miller2_both_50_1_ec_ev_target.csv,97.31,1.62,
ISResMat,OpenData__miller2_both_50_30_ac1_av_source.csv__miller2_both_50_30_ac1_av_target.csv,143.39,2.39,
ISResMat,OpenData__miller2_both_50_30_ac1_ev_source.csv__miller2_both_50_30_ac1_ev_target.csv,112.16,1.87,
ISResMat,OpenData__miller2_both_50_30_ac2_av_source.csv__miller2_both_50_30_ac2_av_target.csv,144.08,2.4,
ISResMat,OpenData__miller2_both_50_30_ac2_ev_source.csv__miller2_both_50_30_ac2_ev_target.csv,127.7,2.13,
ISResMat,OpenData__miller2_both_50_30_ac3_av_source.csv__miller2_both_50_30_ac3_av_target.csv,143.76,2.4,
ISResMat,OpenData__miller2_both_50_30_ac3_ev_source.csv__miller2_both_50_30_ac3_ev_target.csv,114.03,1.9,
ISResMat,OpenData__miller2_both_50_30_ac4_av_source.csv__miller2_both_50_30_ac4_av_target.csv,133.44,2.22,
ISResMat,OpenData__miller2_both_50_30_ac4_ev_source.csv__miller2_both_50_30_ac4_ev_target.csv,131.81,2.2,
ISResMat,OpenData__miller2_both_50_30_ac5_av_source.csv__miller2_both_50_30_ac5_av_target.csv,133.79,2.23,
ISResMat,OpenData__miller2_both_50_30_ac5_ev_source.csv__miller2_both_50_30_ac5_ev_target.csv,126.62,2.11,
ISResMat,OpenData__miller2_both_50_30_ec_av_source.csv__miller2_both_50_30_ec_av_target.csv,139.67,2.33,
ISResMat,OpenData__miller2_both_50_30_ec_ev_source.csv__miller2_both_50_30_ec_ev_target.csv,124.7,2.08,
ISResMat,OpenData__miller2_both_50_50_ac1_av_source.csv__miller2_both_50_50_ac1_av_target.csv,175.88,2.93,
ISResMat,OpenData__miller2_both_50_50_ac1_ev_source.csv__miller2_both_50_50_ac1_ev_target.csv,135.47,2.26,
ISResMat,OpenData__miller2_both_50_50_ac2_av_source.csv__miller2_both_50_50_ac2_av_target.csv,159.9,2.67,
ISResMat,OpenData__miller2_both_50_50_ac2_ev_source.csv__miller2_both_50_50_ac2_ev_target.csv,156.15,2.6,
ISResMat,OpenData__miller2_both_50_50_ac3_av_source.csv__miller2_both_50_50_ac3_av_target.csv,151.22,2.52,
ISResMat,OpenData__miller2_both_50_50_ac3_ev_source.csv__miller2_both_50_50_ac3_ev_target.csv,156.73,2.61,
ISResMat,OpenData__miller2_both_50_50_ac4_av_source.csv__miller2_both_50_50_ac4_av_target.csv,143.51,2.39,
ISResMat,OpenData__miller2_both_50_50_ac4_ev_source.csv__miller2_both_50_50_ac4_ev_target.csv,142.76,2.38,
ISResMat,OpenData__miller2_both_50_50_ac5_av_source.csv__miller2_both_50_50_ac5_av_target.csv,170.43,2.84,
ISResMat,OpenData__miller2_both_50_50_ac5_ev_source.csv__miller2_both_50_50_ac5_ev_target.csv,157.47,2.62,
ISResMat,OpenData__miller2_both_50_50_ec_av_source.csv__miller2_both_50_50_ec_av_target.csv,175.21,2.92,
ISResMat,OpenData__miller2_both_50_50_ec_ev_source.csv__miller2_both_50_50_ec_ev_target.csv,155.98,2.6,
ISResMat,OpenData__miller2_both_50_70_ac1_av_source.csv__miller2_both_50_70_ac1_av_target.csv,216.51,3.61,
ISResMat,OpenData__miller2_both_50_70_ac1_ev_source.csv__miller2_both_50_70_ac1_ev_target.csv,185.12,3.09,
ISResMat,OpenData__miller2_both_50_70_ac2_av_source.csv__miller2_both_50_70_ac2_av_target.csv,211.7,3.53,
ISResMat,OpenData__miller2_both_50_70_ac2_ev_source.csv__miller2_both_50_70_ac2_ev_target.csv,180.13,3.0,
ISResMat,OpenData__miller2_both_50_70_ac3_av_source.csv__miller2_both_50_70_ac3_av_target.csv,211.95,3.53,
ISResMat,OpenData__miller2_both_50_70_ac3_ev_source.csv__miller2_both_50_70_ac3_ev_target.csv,186.98,3.12,
ISResMat,OpenData__miller2_both_50_70_ac4_av_source.csv__miller2_both_50_70_ac4_av_target.csv,211.36,3.52,
ISResMat,OpenData__miller2_both_50_70_ac4_ev_source.csv__miller2_both_50_70_ac4_ev_target.csv,169.78,2.83,
ISResMat,OpenData__miller2_both_50_70_ac5_av_source.csv__miller2_both_50_70_ac5_av_target.csv,209.93,3.5,
ISResMat,OpenData__miller2_both_50_70_ac5_ev_source.csv__miller2_both_50_70_ac5_ev_target.csv,184.06,3.07,
ISResMat,OpenData__miller2_both_50_70_ec_av_source.csv__miller2_both_50_70_ec_av_target.csv,187.68,3.13,
ISResMat,OpenData__miller2_both_50_70_ec_ev_source.csv__miller2_both_50_70_ec_ev_target.csv,188.18,3.14,
ISResMat,OpenData__miller2_horizontal_0_ac1_av_source.csv__miller2_horizontal_0_ac1_av_target.csv,244.44,4.07,
ISResMat,OpenData__miller2_horizontal_0_ac1_ev_source.csv__miller2_horizontal_0_ac1_ev_target.csv,236.6,3.94,
ISResMat,OpenData__miller2_horizontal_0_ac2_av_source.csv__miller2_horizontal_0_ac2_av_target.csv,212.1,3.54,
ISResMat,OpenData__miller2_horizontal_0_ac2_ev_source.csv__miller2_horizontal_0_ac2_ev_target.csv,237.35,3.96,
ISResMat,OpenData__miller2_horizontal_0_ac3_av_source.csv__miller2_horizontal_0_ac3_av_target.csv,235.99,3.93,
ISResMat,OpenData__miller2_horizontal_0_ac3_ev_source.csv__miller2_horizontal_0_ac3_ev_target.csv,241.6,4.03,
ISResMat,OpenData__miller2_horizontal_0_ac4_av_source.csv__miller2_horizontal_0_ac4_av_target.csv,208.55,3.48,
ISResMat,OpenData__miller2_horizontal_0_ac4_ev_source.csv__miller2_horizontal_0_ac4_ev_target.csv,243.28,4.05,
ISResMat,OpenData__miller2_horizontal_0_ac5_av_source.csv__miller2_horizontal_0_ac5_av_target.csv,241.89,4.03,
ISResMat,OpenData__miller2_horizontal_0_ac5_ev_source.csv__miller2_horizontal_0_ac5_ev_target.csv,211.26,3.52,
ISResMat,OpenData__miller2_horizontal_0_ec_av_source.csv__miller2_horizontal_0_ec_av_target.csv,209.6,3.49,
ISResMat,OpenData__miller2_horizontal_0_ec_ev_source.csv__miller2_horizontal_0_ec_ev_target.csv,240.81,4.01,
ISResMat,OpenData__miller2_horizontal_100_ac1_av_source.csv__miller2_horizontal_100_ac1_av_target.csv,233.69,3.89,
ISResMat,OpenData__miller2_horizontal_100_ac1_ev_source.csv__miller2_horizontal_100_ac1_ev_target.csv,245.26,4.09,
ISResMat,OpenData__miller2_horizontal_100_ac2_av_source.csv__miller2_horizontal_100_ac2_av_target.csv,270.83,4.51,
ISResMat,OpenData__miller2_horizontal_100_ac2_ev_source.csv__miller2_horizontal_100_ac2_ev_target.csv,240.0,4.0,
ISResMat,OpenData__miller2_horizontal_100_ac3_av_source.csv__miller2_horizontal_100_ac3_av_target.csv,268.73,4.48,
ISResMat,OpenData__miller2_horizontal_100_ac3_ev_source.csv__miller2_horizontal_100_ac3_ev_target.csv,242.14,4.04,
ISResMat,OpenData__miller2_horizontal_100_ac4_av_source.csv__miller2_horizontal_100_ac4_av_target.csv,269.27,4.49,
ISResMat,OpenData__miller2_horizontal_100_ac4_ev_source.csv__miller2_horizontal_100_ac4_ev_target.csv,246.24,4.1,
ISResMat,OpenData__miller2_horizontal_100_ac5_av_source.csv__miller2_horizontal_100_ac5_av_target.csv,239.59,3.99,
ISResMat,OpenData__miller2_horizontal_100_ac5_ev_source.csv__miller2_horizontal_100_ac5_ev_target.csv,242.54,4.04,
ISResMat,OpenData__miller2_horizontal_100_ec_av_source.csv__miller2_horizontal_100_ec_av_target.csv,271.21,4.52,
ISResMat,OpenData__miller2_horizontal_50_ac1_av_source.csv__miller2_horizontal_50_ac1_av_target.csv,260.38,4.34,
ISResMat,OpenData__miller2_horizontal_50_ac1_ev_source.csv__miller2_horizontal_50_ac1_ev_target.csv,386.69,6.44,
ISResMat,OpenData__miller2_horizontal_50_ac2_av_source.csv__miller2_horizontal_50_ac2_av_target.csv,260.68,4.34,
ISResMat,OpenData__miller2_horizontal_50_ac2_ev_source.csv__miller2_horizontal_50_ac2_ev_target.csv,243.55,4.06,
ISResMat,OpenData__miller2_horizontal_50_ac3_av_source.csv__miller2_horizontal_50_ac3_av_target.csv,423.47,7.06,
ISResMat,OpenData__miller2_horizontal_50_ac3_ev_source.csv__miller2_horizontal_50_ac3_ev_target.csv,388.59,6.48,
ISResMat,OpenData__miller2_horizontal_50_ac4_av_source.csv__miller2_horizontal_50_ac4_av_target.csv,438.46,7.31,
ISResMat,OpenData__miller2_horizontal_50_ac4_ev_source.csv__miller2_horizontal_50_ac4_ev_target.csv,409.27,6.82,
ISResMat,OpenData__miller2_horizontal_50_ac5_av_source.csv__miller2_horizontal_50_ac5_av_target.csv,445.15,7.42,
ISResMat,OpenData__miller2_horizontal_50_ac5_ev_source.csv__miller2_horizontal_50_ac5_ev_target.csv,397.74,6.63,
ISResMat,OpenData__miller2_horizontal_50_ec_av_source.csv__miller2_horizontal_50_ec_av_target.csv,434.94,7.25,
ISResMat,OpenData__miller2_horizontal_50_ec_ev_source.csv__miller2_horizontal_50_ec_ev_target.csv,413.19,6.89,
ISResMat,OpenData__miller2_vertical_1_ac1_av_source.csv__miller2_vertical_1_ac1_av_target.csv,85.43,1.42,
ISResMat,OpenData__miller2_vertical_1_ac1_ev_source.csv__miller2_vertical_1_ac1_ev_target.csv,93.0,1.55,
ISResMat,OpenData__miller2_vertical_1_ac2_av_source.csv__miller2_vertical_1_ac2_av_target.csv,95.32,1.59,
ISResMat,OpenData__miller2_vertical_1_ac2_ev_source.csv__miller2_vertical_1_ac2_ev_target.csv,83.82,1.4,
ISResMat,OpenData__miller2_vertical_1_ac3_av_source.csv__miller2_vertical_1_ac3_av_target.csv,91.47,1.52,
ISResMat,OpenData__miller2_vertical_1_ac3_ev_source.csv__miller2_vertical_1_ac3_ev_target.csv,91.74,1.53,
ISResMat,OpenData__miller2_vertical_1_ac4_av_source.csv__miller2_vertical_1_ac4_av_target.csv,81.49,1.36,
ISResMat,OpenData__miller2_vertical_1_ac4_ev_source.csv__miller2_vertical_1_ac4_ev_target.csv,96.32,1.61,
ISResMat,OpenData__miller2_vertical_1_ac5_av_source.csv__miller2_vertical_1_ac5_av_target.csv,86.39,1.44,
ISResMat,OpenData__miller2_vertical_1_ac5_ev_source.csv__miller2_vertical_1_ac5_ev_target.csv,83.21,1.39,
ISResMat,OpenData__miller2_vertical_1_ec_av_source.csv__miller2_vertical_1_ec_av_target.csv,94.01,1.57,
ISResMat,OpenData__miller2_vertical_1_ec_ev_source.csv__miller2_vertical_1_ec_ev_target.csv,91.85,1.53,
ISResMat,OpenData__miller2_vertical_30_ac1_av_source.csv__miller2_vertical_30_ac1_av_target.csv,145.28,2.42,
ISResMat,OpenData__miller2_vertical_30_ac1_ev_source.csv__miller2_vertical_30_ac1_ev_target.csv,116.77,1.95,
ISResMat,OpenData__miller2_vertical_30_ac2_av_source.csv__miller2_vertical_30_ac2_av_target.csv,138.79,2.31,
ISResMat,OpenData__miller2_vertical_30_ac2_ev_source.csv__miller2_vertical_30_ac2_ev_target.csv,130.35,2.17,
ISResMat,OpenData__miller2_vertical_30_ac3_av_source.csv__miller2_vertical_30_ac3_av_target.csv,140.42,2.34,
ISResMat,OpenData__miller2_vertical_30_ac3_ev_source.csv__miller2_vertical_30_ac3_ev_target.csv,112.87,1.88,
ISResMat,OpenData__miller2_vertical_30_ac4_av_source.csv__miller2_vertical_30_ac4_av_target.csv,127.0,2.12,
ISResMat,OpenData__miller2_vertical_30_ac4_ev_source.csv__miller2_vertical_30_ac4_ev_target.csv,114.14,1.9,
ISResMat,OpenData__miller2_vertical_30_ac5_av_source.csv__miller2_vertical_30_ac5_av_target.csv,142.46,2.37,
ISResMat,OpenData__miller2_vertical_30_ac5_ev_source.csv__miller2_vertical_30_ac5_ev_target.csv,130.36,2.17,
ISResMat,OpenData__miller2_vertical_30_ec_av_source.csv__miller2_vertical_30_ec_av_target.csv,150.64,2.51,
ISResMat,OpenData__miller2_vertical_30_ec_ev_source.csv__miller2_vertical_30_ec_ev_target.csv,127.28,2.12,
ISResMat,OpenData__miller2_vertical_50_ac1_av_source.csv__miller2_vertical_50_ac1_av_target.csv,162.31,2.71,
ISResMat,OpenData__miller2_vertical_50_ac1_ev_source.csv__miller2_vertical_50_ac1_ev_target.csv,151.95,2.53,
ISResMat,OpenData__miller2_vertical_50_ac2_av_source.csv__miller2_vertical_50_ac2_av_target.csv,174.57,2.91,
ISResMat,OpenData__miller2_vertical_50_ac2_ev_source.csv__miller2_vertical_50_ac2_ev_target.csv,159.91,2.67,
ISResMat,OpenData__miller2_vertical_50_ac3_av_source.csv__miller2_vertical_50_ac3_av_target.csv,173.3,2.89,
ISResMat,OpenData__miller2_vertical_50_ac3_ev_source.csv__miller2_vertical_50_ac3_ev_target.csv,151.47,2.52,
ISResMat,OpenData__miller2_vertical_50_ac4_av_source.csv__miller2_vertical_50_ac4_av_target.csv,176.95,2.95,
ISResMat,OpenData__miller2_vertical_50_ac4_ev_source.csv__miller2_vertical_50_ac4_ev_target.csv,155.22,2.59,
ISResMat,OpenData__miller2_vertical_50_ac5_av_source.csv__miller2_vertical_50_ac5_av_target.csv,176.12,2.94,
ISResMat,OpenData__miller2_vertical_50_ac5_ev_source.csv__miller2_vertical_50_ac5_ev_target.csv,157.45,2.62,
ISResMat,OpenData__miller2_vertical_50_ec_av_source.csv__miller2_vertical_50_ec_av_target.csv,160.71,2.68,
ISResMat,OpenData__miller2_vertical_50_ec_ev_source.csv__miller2_vertical_50_ec_ev_target.csv,140.58,2.34,
ISResMat,OpenData__miller2_vertical_70_ac1_av_source.csv__miller2_vertical_70_ac1_av_target.csv,219.7,3.66,
ISResMat,OpenData__miller2_vertical_70_ac1_ev_source.csv__miller2_vertical_70_ac1_ev_target.csv,180.99,3.02,
ISResMat,OpenData__miller2_vertical_70_ac2_av_source.csv__miller2_vertical_70_ac2_av_target.csv,216.93,3.62,
ISResMat,OpenData__miller2_vertical_70_ac2_ev_source.csv__miller2_vertical_70_ac2_ev_target.csv,186.46,3.11,
ISResMat,OpenData__miller2_vertical_70_ac3_av_source.csv__miller2_vertical_70_ac3_av_target.csv,190.9,3.18,
ISResMat,OpenData__miller2_vertical_70_ac3_ev_source.csv__miller2_vertical_70_ac3_ev_target.csv,169.24,2.82,
ISResMat,OpenData__miller2_vertical_70_ac4_av_source.csv__miller2_vertical_70_ac4_av_target.csv,189.13,3.15,
ISResMat,OpenData__miller2_vertical_70_ac4_ev_source.csv__miller2_vertical_70_ac4_ev_target.csv,185.45,3.09,
ISResMat,OpenData__miller2_vertical_70_ac5_av_source.csv__miller2_vertical_70_ac5_av_target.csv,217.24,3.62,
ISResMat,OpenData__miller2_vertical_70_ac5_ev_source.csv__miller2_vertical_70_ac5_ev_target.csv,188.37,3.14,
ISResMat,OpenData__miller2_vertical_70_ec_av_source.csv__miller2_vertical_70_ec_av_target.csv,215.35,3.59,
ISResMat,OpenData__miller2_vertical_70_ec_ev_source.csv__miller2_vertical_70_ec_ev_target.csv,161.97,2.7,
ISResMat,TPC-DI__prospect_both_0_1_ac1_av_source.csv__prospect_both_0_1_ac1_av_target.csv,57.92,0.97,
ISResMat,TPC-DI__prospect_both_0_1_ac1_ev_source.csv__prospect_both_0_1_ac1_ev_target.csv,8.67,0.14,
ISResMat,TPC-DI__prospect_both_0_1_ac2_av_source.csv__prospect_both_0_1_ac2_av_target.csv,55.79,0.93,
ISResMat,TPC-DI__prospect_both_0_1_ac2_ev_source.csv__prospect_both_0_1_ac2_ev_target.csv,55.3,0.92,
ISResMat,TPC-DI__prospect_both_0_1_ac3_av_source.csv__prospect_both_0_1_ac3_av_target.csv,8.4,0.14,
ISResMat,TPC-DI__prospect_both_0_1_ac3_ev_source.csv__prospect_both_0_1_ac3_ev_target.csv,55.99,0.93,
ISResMat,TPC-DI__prospect_both_0_1_ac4_av_source.csv__prospect_both_0_1_ac4_av_target.csv,57.3,0.95,
ISResMat,TPC-DI__prospect_both_0_1_ac4_ev_source.csv__prospect_both_0_1_ac4_ev_target.csv,8.68,0.14,
ISResMat,TPC-DI__prospect_both_0_1_ac5_av_source.csv__prospect_both_0_1_ac5_av_target.csv,58.46,0.97,
ISResMat,TPC-DI__prospect_both_0_1_ac5_ev_source.csv__prospect_both_0_1_ac5_ev_target.csv,8.61,0.14,
ISResMat,TPC-DI__prospect_both_0_1_ec_av_source.csv__prospect_both_0_1_ec_av_target.csv,8.69,0.14,
ISResMat,TPC-DI__prospect_both_0_1_ec_ev_source.csv__prospect_both_0_1_ec_ev_target.csv,52.07,0.87,
ISResMat,TPC-DI__prospect_both_0_30_ac1_av_source.csv__prospect_both_0_30_ac1_av_target.csv,78.66,1.31,
ISResMat,TPC-DI__prospect_both_0_30_ac1_ev_source.csv__prospect_both_0_30_ac1_ev_target.csv,9.54,0.16,
ISResMat,TPC-DI__prospect_both_0_30_ac2_av_source.csv__prospect_both_0_30_ac2_av_target.csv,62.58,1.04,
ISResMat,TPC-DI__prospect_both_0_30_ac2_ev_source.csv__prospect_both_0_30_ac2_ev_target.csv,78.82,1.31,
ISResMat,TPC-DI__prospect_both_0_30_ac3_av_source.csv__prospect_both_0_30_ac3_av_target.csv,59.37,0.99,
ISResMat,TPC-DI__prospect_both_0_30_ac3_ev_source.csv__prospect_both_0_30_ac3_ev_target.csv,9.21,0.15,
ISResMat,TPC-DI__prospect_both_0_30_ac4_av_source.csv__prospect_both_0_30_ac4_av_target.csv,9.64,0.16,
ISResMat,TPC-DI__prospect_both_0_30_ac4_ev_source.csv__prospect_both_0_30_ac4_ev_target.csv,9.47,0.16,
ISResMat,TPC-DI__prospect_both_0_30_ac5_av_source.csv__prospect_both_0_30_ac5_av_target.csv,9.22,0.15,
ISResMat,TPC-DI__prospect_both_0_30_ac5_ev_source.csv__prospect_both_0_30_ac5_ev_target.csv,9.59,0.16,
ISResMat,TPC-DI__prospect_both_0_30_ec_av_source.csv__prospect_both_0_30_ec_av_target.csv,10.03,0.17,
ISResMat,TPC-DI__prospect_both_0_30_ec_ev_source.csv__prospect_both_0_30_ec_ev_target.csv,9.49,0.16,
ISResMat,TPC-DI__prospect_both_0_50_ac1_av_source.csv__prospect_both_0_50_ac1_av_target.csv,11.09,0.18,
ISResMat,TPC-DI__prospect_both_0_50_ac1_ev_source.csv__prospect_both_0_50_ac1_ev_target.csv,11.32,0.19,
ISResMat,TPC-DI__prospect_both_0_50_ac2_av_source.csv__prospect_both_0_50_ac2_av_target.csv,84.81,1.41,
ISResMat,TPC-DI__prospect_both_0_50_ac2_ev_source.csv__prospect_both_0_50_ac2_ev_target.csv,83.83,1.4,
ISResMat,TPC-DI__prospect_both_0_50_ac3_av_source.csv__prospect_both_0_50_ac3_av_target.csv,97.61,1.63,
ISResMat,TPC-DI__prospect_both_0_50_ac3_ev_source.csv__prospect_both_0_50_ac3_ev_target.csv,11.25,0.19,
ISResMat,TPC-DI__prospect_both_0_50_ac4_av_source.csv__prospect_both_0_50_ac4_av_target.csv,89.8,1.5,
ISResMat,TPC-DI__prospect_both_0_50_ac4_ev_source.csv__prospect_both_0_50_ac4_ev_target.csv,81.05,1.35,
ISResMat,TPC-DI__prospect_both_0_50_ac5_av_source.csv__prospect_both_0_50_ac5_av_target.csv,99.46,1.66,
ISResMat,TPC-DI__prospect_both_0_50_ac5_ev_source.csv__prospect_both_0_50_ac5_ev_target.csv,11.39,0.19,
ISResMat,TPC-DI__prospect_both_0_50_ec_av_source.csv__prospect_both_0_50_ec_av_target.csv,73.03,1.22,
ISResMat,TPC-DI__prospect_both_0_50_ec_ev_source.csv__prospect_both_0_50_ec_ev_target.csv,10.8,0.18,
ISResMat,TPC-DI__prospect_both_0_70_ac1_av_source.csv__prospect_both_0_70_ac1_av_target.csv,107.94,1.8,
ISResMat,TPC-DI__prospect_both_0_70_ac1_ev_source.csv__prospect_both_0_70_ac1_ev_target.csv,94.44,1.57,
ISResMat,TPC-DI__prospect_both_0_70_ac2_av_source.csv__prospect_both_0_70_ac2_av_target.csv,112.49,1.87,
ISResMat,TPC-DI__prospect_both_0_70_ac2_ev_source.csv__prospect_both_0_70_ac2_ev_target.csv,100.68,1.68,
ISResMat,TPC-DI__prospect_both_0_70_ac3_av_source.csv__prospect_both_0_70_ac3_av_target.csv,102.23,1.7,
ISResMat,TPC-DI__prospect_both_0_70_ac3_ev_source.csv__prospect_both_0_70_ac3_ev_target.csv,105.17,1.75,
ISResMat,TPC-DI__prospect_both_0_70_ac4_av_source.csv__prospect_both_0_70_ac4_av_target.csv,11.71,0.2,
ISResMat,TPC-DI__prospect_both_0_70_ac4_ev_source.csv__prospect_both_0_70_ac4_ev_target.csv,12.35,0.21,
ISResMat,TPC-DI__prospect_both_0_70_ac5_av_source.csv__prospect_both_0_70_ac5_av_target.csv,99.66,1.66,
ISResMat,TPC-DI__prospect_both_0_70_ac5_ev_source.csv__prospect_both_0_70_ac5_ev_target.csv,103.44,1.72,
ISResMat,TPC-DI__prospect_both_0_70_ec_av_source.csv__prospect_both_0_70_ec_av_target.csv,82.41,1.37,
ISResMat,TPC-DI__prospect_both_0_70_ec_ev_source.csv__prospect_both_0_70_ec_ev_target.csv,12.15,0.2,
ISResMat,TPC-DI__prospect_both_50_1_ac1_av_source.csv__prospect_both_50_1_ac1_av_target.csv,60.46,1.01,
ISResMat,TPC-DI__prospect_both_50_1_ac1_ev_source.csv__prospect_both_50_1_ac1_ev_target.csv,53.25,0.89,
ISResMat,TPC-DI__prospect_both_50_1_ac2_av_source.csv__prospect_both_50_1_ac2_av_target.csv,55.82,0.93,
ISResMat,TPC-DI__prospect_both_50_1_ac2_ev_source.csv__prospect_both_50_1_ac2_ev_target.csv,8.75,0.15,
ISResMat,TPC-DI__prospect_both_50_1_ac3_av_source.csv__prospect_both_50_1_ac3_av_target.csv,9.09,0.15,
ISResMat,TPC-DI__prospect_both_50_1_ac3_ev_source.csv__prospect_both_50_1_ac3_ev_target.csv,8.49,0.14,
ISResMat,TPC-DI__prospect_both_50_1_ac4_av_source.csv__prospect_both_50_1_ac4_av_target.csv,61.34,1.02,
ISResMat,TPC-DI__prospect_both_50_1_ac4_ev_source.csv__prospect_both_50_1_ac4_ev_target.csv,8.7,0.14,
ISResMat,TPC-DI__prospect_both_50_1_ac5_av_source.csv__prospect_both_50_1_ac5_av_target.csv,9.0,0.15,
ISResMat,TPC-DI__prospect_both_50_1_ac5_ev_source.csv__prospect_both_50_1_ac5_ev_target.csv,8.8,0.15,
ISResMat,TPC-DI__prospect_both_50_1_ec_av_source.csv__prospect_both_50_1_ec_av_target.csv,56.96,0.95,
ISResMat,TPC-DI__prospect_both_50_1_ec_ev_source.csv__prospect_both_50_1_ec_ev_target.csv,9.0,0.15,
ISResMat,TPC-DI__prospect_both_50_30_ac1_av_source.csv__prospect_both_50_30_ac1_av_target.csv,9.88,0.16,
ISResMat,TPC-DI__prospect_both_50_30_ac1_ev_source.csv__prospect_both_50_30_ac1_ev_target.csv,9.94,0.17,
ISResMat,TPC-DI__prospect_both_50_30_ac2_av_source.csv__prospect_both_50_30_ac2_av_target.csv,56.34,0.94,
ISResMat,TPC-DI__prospect_both_50_30_ac2_ev_source.csv__prospect_both_50_30_ac2_ev_target.csv,9.63,0.16,
ISResMat,TPC-DI__prospect_both_50_30_ac3_ev_source.csv__prospect_both_50_30_ac3_ev_target.csv,10.02,0.17,
ISResMat,TPC-DI__prospect_both_50_30_ac4_av_source.csv__prospect_both_50_30_ac4_av_target.csv,65.99,1.1,
ISResMat,TPC-DI__prospect_both_50_30_ac4_ev_source.csv__prospect_both_50_30_ac4_ev_target.csv,71.48,1.19,
ISResMat,TPC-DI__prospect_both_50_30_ac5_av_source.csv__prospect_both_50_30_ac5_av_target.csv,9.78,0.16,
ISResMat,TPC-DI__prospect_both_50_30_ac5_ev_source.csv__prospect_both_50_30_ac5_ev_target.csv,10.32,0.17,
ISResMat,TPC-DI__prospect_both_50_30_ec_av_source.csv__prospect_both_50_30_ec_av_target.csv,9.96,0.17,
ISResMat,TPC-DI__prospect_both_50_30_ec_ev_source.csv__prospect_both_50_30_ec_ev_target.csv,9.7,0.16,
ISResMat,TPC-DI__prospect_both_50_50_ac1_av_source.csv__prospect_both_50_50_ac1_av_target.csv,10.88,0.18,
ISResMat,TPC-DI__prospect_both_50_50_ac1_ev_source.csv__prospect_both_50_50_ac1_ev_target.csv,82.08,1.37,
ISResMat,TPC-DI__prospect_both_50_50_ac2_av_source.csv__prospect_both_50_50_ac2_av_target.csv,11.19,0.19,
ISResMat,TPC-DI__prospect_both_50_50_ac2_ev_source.csv__prospect_both_50_50_ac2_ev_target.csv,11.45,0.19,
ISResMat,TPC-DI__prospect_both_50_50_ac3_ev_source.csv__prospect_both_50_50_ac3_ev_target.csv,11.44,0.19,
ISResMat,TPC-DI__prospect_both_50_50_ac4_av_source.csv__prospect_both_50_50_ac4_av_target.csv,11.97,0.2,
ISResMat,TPC-DI__prospect_both_50_50_ac4_ev_source.csv__prospect_both_50_50_ac4_ev_target.csv,11.62,0.19,
ISResMat,TPC-DI__prospect_both_50_50_ac5_av_source.csv__prospect_both_50_50_ac5_av_target.csv,12.1,0.2,
ISResMat,TPC-DI__prospect_both_50_50_ac5_ev_source.csv__prospect_both_50_50_ac5_ev_target.csv,88.49,1.47,
ISResMat,TPC-DI__prospect_both_50_50_ec_av_source.csv__prospect_both_50_50_ec_av_target.csv,92.44,1.54,
ISResMat,TPC-DI__prospect_both_50_50_ec_ev_source.csv__prospect_both_50_50_ec_ev_target.csv,106.28,1.77,
ISResMat,TPC-DI__prospect_both_50_70_ac1_av_source.csv__prospect_both_50_70_ac1_av_target.csv,99.99,1.67,
ISResMat,TPC-DI__prospect_both_50_70_ac1_ev_source.csv__prospect_both_50_70_ac1_ev_target.csv,104.52,1.74,
ISResMat,TPC-DI__prospect_both_50_70_ac2_av_source.csv__prospect_both_50_70_ac2_av_target.csv,12.51,0.21,
ISResMat,TPC-DI__prospect_both_50_70_ac2_ev_source.csv__prospect_both_50_70_ac2_ev_target.csv,96.25,1.6,
ISResMat,TPC-DI__prospect_both_50_70_ac3_av_source.csv__prospect_both_50_70_ac3_av_target.csv,94.44,1.57,
ISResMat,TPC-DI__prospect_both_50_70_ac3_ev_source.csv__prospect_both_50_70_ac3_ev_target.csv,85.25,1.42,
ISResMat,TPC-DI__prospect_both_50_70_ac4_av_source.csv__prospect_both_50_70_ac4_av_target.csv,11.75,0.2,
ISResMat,TPC-DI__prospect_both_50_70_ac4_ev_source.csv__prospect_both_50_70_ac4_ev_target.csv,78.02,1.3,
ISResMat,TPC-DI__prospect_both_50_70_ac5_av_source.csv__prospect_both_50_70_ac5_av_target.csv,12.4,0.21,
ISResMat,TPC-DI__prospect_both_50_70_ac5_ev_source.csv__prospect_both_50_70_ac5_ev_target.csv,97.98,1.63,
ISResMat,TPC-DI__prospect_both_50_70_ec_av_source.csv__prospect_both_50_70_ec_av_target.csv,12.27,0.2,
ISResMat,TPC-DI__prospect_both_50_70_ec_ev_source.csv__prospect_both_50_70_ec_ev_target.csv,11.84,0.2,
ISResMat,TPC-DI__prospect_horizontal_0_ac1_av_source.csv__prospect_horizontal_0_ac1_av_target.csv,13.6,0.23,
ISResMat,TPC-DI__prospect_horizontal_0_ac1_ev_source.csv__prospect_horizontal_0_ac1_ev_target.csv,131.18,2.19,
ISResMat,TPC-DI__prospect_horizontal_0_ac2_av_source.csv__prospect_horizontal_0_ac2_av_target.csv,13.52,0.23,
ISResMat,TPC-DI__prospect_horizontal_0_ac2_ev_source.csv__prospect_horizontal_0_ac2_ev_target.csv,143.21,2.39,
ISResMat,TPC-DI__prospect_horizontal_0_ac3_av_source.csv__prospect_horizontal_0_ac3_av_target.csv,123.04,2.05,
ISResMat,TPC-DI__prospect_horizontal_0_ac4_av_source.csv__prospect_horizontal_0_ac4_av_target.csv,123.65,2.06,
ISResMat,TPC-DI__prospect_horizontal_0_ac4_ev_source.csv__prospect_horizontal_0_ac4_ev_target.csv,13.73,0.23,
ISResMat,TPC-DI__prospect_horizontal_0_ac5_av_source.csv__prospect_horizontal_0_ac5_av_target.csv,123.01,2.05,
ISResMat,TPC-DI__prospect_horizontal_0_ac5_ev_source.csv__prospect_horizontal_0_ac5_ev_target.csv,13.99,0.23,
ISResMat,TPC-DI__prospect_horizontal_0_ec_ev_source.csv__prospect_horizontal_0_ec_ev_target.csv,14.32,0.24,
ISResMat,TPC-DI__prospect_horizontal_100_ac1_av_source.csv__prospect_horizontal_100_ac1_av_target.csv,136.92,2.28,
ISResMat,TPC-DI__prospect_horizontal_100_ac1_ev_source.csv__prospect_horizontal_100_ac1_ev_target.csv,125.9,2.1,
ISResMat,TPC-DI__prospect_horizontal_100_ac2_av_source.csv__prospect_horizontal_100_ac2_av_target.csv,130.54,2.18,
ISResMat,TPC-DI__prospect_horizontal_100_ac2_ev_source.csv__prospect_horizontal_100_ac2_ev_target.csv,130.84,2.18,
ISResMat,TPC-DI__prospect_horizontal_100_ac3_av_source.csv__prospect_horizontal_100_ac3_av_target.csv,14.75,0.25,
ISResMat,TPC-DI__prospect_horizontal_100_ac3_ev_source.csv__prospect_horizontal_100_ac3_ev_target.csv,14.37,0.24,
ISResMat,TPC-DI__prospect_horizontal_100_ac4_av_source.csv__prospect_horizontal_100_ac4_av_target.csv,14.6,0.24,
ISResMat,TPC-DI__prospect_horizontal_100_ac4_ev_source.csv__prospect_horizontal_100_ac4_ev_target.csv,122.51,2.04,
ISResMat,TPC-DI__prospect_horizontal_100_ac5_av_source.csv__prospect_horizontal_100_ac5_av_target.csv,132.56,2.21,
ISResMat,TPC-DI__prospect_horizontal_100_ac5_ev_source.csv__prospect_horizontal_100_ac5_ev_target.csv,14.62,0.24,
ISResMat,TPC-DI__prospect_horizontal_100_ec_av_source.csv__prospect_horizontal_100_ec_av_target.csv,15.79,0.26,
ISResMat,TPC-DI__prospect_horizontal_100_ec_ev_source.csv__prospect_horizontal_100_ec_ev_target.csv,128.91,2.15,
ISResMat,TPC-DI__prospect_horizontal_50_ac1_av_source.csv__prospect_horizontal_50_ac1_av_target.csv,128.81,2.15,
ISResMat,TPC-DI__prospect_horizontal_50_ac1_ev_source.csv__prospect_horizontal_50_ac1_ev_target.csv,132.33,2.21,
ISResMat,TPC-DI__prospect_horizontal_50_ac2_ev_source.csv__prospect_horizontal_50_ac2_ev_target.csv,14.45,0.24,
ISResMat,TPC-DI__prospect_horizontal_50_ac3_av_source.csv__prospect_horizontal_50_ac3_av_target.csv,122.09,2.03,
ISResMat,TPC-DI__prospect_horizontal_50_ac3_ev_source.csv__prospect_horizontal_50_ac3_ev_target.csv,14.41,0.24,
ISResMat,TPC-DI__prospect_horizontal_50_ac4_av_source.csv__prospect_horizontal_50_ac4_av_target.csv,127.8,2.13,
ISResMat,TPC-DI__prospect_horizontal_50_ac4_ev_source.csv__prospect_horizontal_50_ac4_ev_target.csv,14.89,0.25,
ISResMat,TPC-DI__prospect_horizontal_50_ac5_av_source.csv__prospect_horizontal_50_ac5_av_target.csv,127.43,2.12,
ISResMat,TPC-DI__prospect_horizontal_50_ac5_ev_source.csv__prospect_horizontal_50_ac5_ev_target.csv,14.39,0.24,
ISResMat,TPC-DI__prospect_horizontal_50_ec_av_source.csv__prospect_horizontal_50_ec_av_target.csv,14.42,0.24,
ISResMat,TPC-DI__prospect_horizontal_50_ec_ev_source.csv__prospect_horizontal_50_ec_ev_target.csv,134.96,2.25,
ISResMat,TPC-DI__prospect_vertical_1_ac1_av_source.csv__prospect_vertical_1_ac1_av_target.csv,57.87,0.96,
ISResMat,TPC-DI__prospect_vertical_1_ac1_ev_source.csv__prospect_vertical_1_ac1_ev_target.csv,9.45,0.16,
ISResMat,TPC-DI__prospect_vertical_1_ac2_av_source.csv__prospect_vertical_1_ac2_av_target.csv,57.15,0.95,
ISResMat,TPC-DI__prospect_vertical_1_ac2_ev_source.csv__prospect_vertical_1_ac2_ev_target.csv,9.4,0.16,
ISResMat,TPC-DI__prospect_vertical_1_ac3_av_source.csv__prospect_vertical_1_ac3_av_target.csv,60.18,1.0,
ISResMat,TPC-DI__prospect_vertical_1_ac3_ev_source.csv__prospect_vertical_1_ac3_ev_target.csv,56.17,0.94,
ISResMat,TPC-DI__prospect_vertical_1_ac4_av_source.csv__prospect_vertical_1_ac4_av_target.csv,10.12,0.17,
ISResMat,TPC-DI__prospect_vertical_1_ac4_ev_source.csv__prospect_vertical_1_ac4_ev_target.csv,62.06,1.03,
ISResMat,TPC-DI__prospect_vertical_1_ac5_av_source.csv__prospect_vertical_1_ac5_av_target.csv,9.28,0.15,
ISResMat,TPC-DI__prospect_vertical_1_ac5_ev_source.csv__prospect_vertical_1_ac5_ev_target.csv,58.45,0.97,
ISResMat,TPC-DI__prospect_vertical_1_ec_av_source.csv__prospect_vertical_1_ec_av_target.csv,59.97,1.0,
ISResMat,TPC-DI__prospect_vertical_1_ec_ev_source.csv__prospect_vertical_1_ec_ev_target.csv,56.93,0.95,
ISResMat,TPC-DI__prospect_vertical_30_ac1_av_source.csv__prospect_vertical_30_ac1_av_target.csv,10.65,0.18,
ISResMat,TPC-DI__prospect_vertical_30_ac1_ev_source.csv__prospect_vertical_30_ac1_ev_target.csv,70.98,1.18,
ISResMat,TPC-DI__prospect_vertical_30_ac2_av_source.csv__prospect_vertical_30_ac2_av_target.csv,10.55,0.18,
ISResMat,TPC-DI__prospect_vertical_30_ac2_ev_source.csv__prospect_vertical_30_ac2_ev_target.csv,10.86,0.18,
ISResMat,TPC-DI__prospect_vertical_30_ac3_av_source.csv__prospect_vertical_30_ac3_av_target.csv,64.22,1.07,
ISResMat,TPC-DI__prospect_vertical_30_ac3_ev_source.csv__prospect_vertical_30_ac3_ev_target.csv,10.38,0.17,
ISResMat,TPC-DI__prospect_vertical_30_ac4_av_source.csv__prospect_vertical_30_ac4_av_target.csv,75.39,1.26,
ISResMat,TPC-DI__prospect_vertical_30_ac4_ev_source.csv__prospect_vertical_30_ac4_ev_target.csv,76.43,1.27,
ISResMat,TPC-DI__prospect_vertical_30_ac5_av_source.csv__prospect_vertical_30_ac5_av_target.csv,59.98,1.0,
ISResMat,TPC-DI__prospect_vertical_30_ac5_ev_source.csv__prospect_vertical_30_ac5_ev_target.csv,83.64,1.39,
ISResMat,TPC-DI__prospect_vertical_30_ec_av_source.csv__prospect_vertical_30_ec_av_target.csv,81.57,1.36,
ISResMat,TPC-DI__prospect_vertical_30_ec_ev_source.csv__prospect_vertical_30_ec_ev_target.csv,10.79,0.18,
ISResMat,TPC-DI__prospect_vertical_50_ac1_av_source.csv__prospect_vertical_50_ac1_av_target.csv,12.73,0.21,
ISResMat,TPC-DI__prospect_vertical_50_ac1_ev_source.csv__prospect_vertical_50_ac1_ev_target.csv,12.12,0.2,
ISResMat,TPC-DI__prospect_vertical_50_ac2_av_source.csv__prospect_vertical_50_ac2_av_target.csv,103.17,1.72,
ISResMat,TPC-DI__prospect_vertical_50_ac2_ev_source.csv__prospect_vertical_50_ac2_ev_target.csv,12.01,0.2,
ISResMat,TPC-DI__prospect_vertical_50_ac3_av_source.csv__prospect_vertical_50_ac3_av_target.csv,97.59,1.63,
ISResMat,TPC-DI__prospect_vertical_50_ac3_ev_source.csv__prospect_vertical_50_ac3_ev_target.csv,12.1,0.2,
ISResMat,TPC-DI__prospect_vertical_50_ac4_av_source.csv__prospect_vertical_50_ac4_av_target.csv,12.42,0.21,
ISResMat,TPC-DI__prospect_vertical_50_ac4_ev_source.csv__prospect_vertical_50_ac4_ev_target.csv,83.48,1.39,
ISResMat,TPC-DI__prospect_vertical_50_ac5_av_source.csv__prospect_vertical_50_ac5_av_target.csv,119.32,1.99,
ISResMat,TPC-DI__prospect_vertical_50_ac5_ev_source.csv__prospect_vertical_50_ac5_ev_target.csv,12.57,0.21,
ISResMat,TPC-DI__prospect_vertical_50_ec_av_source.csv__prospect_vertical_50_ec_av_target.csv,12.12,0.2,
ISResMat,TPC-DI__prospect_vertical_50_ec_ev_source.csv__prospect_vertical_50_ec_ev_target.csv,11.8,0.2,
ISResMat,TPC-DI__prospect_vertical_70_ac1_av_source.csv__prospect_vertical_70_ac1_av_target.csv,13.18,0.22,
ISResMat,TPC-DI__prospect_vertical_70_ac1_ev_source.csv__prospect_vertical_70_ac1_ev_target.csv,109.82,1.83,
ISResMat,TPC-DI__prospect_vertical_70_ac2_av_source.csv__prospect_vertical_70_ac2_av_target.csv,110.23,1.84,
ISResMat,TPC-DI__prospect_vertical_70_ac2_ev_source.csv__prospect_vertical_70_ac2_ev_target.csv,13.03,0.22,
ISResMat,TPC-DI__prospect_vertical_70_ac3_av_source.csv__prospect_vertical_70_ac3_av_target.csv,116.62,1.94,
ISResMat,TPC-DI__prospect_vertical_70_ac3_ev_source.csv__prospect_vertical_70_ac3_ev_target.csv,106.88,1.78,
ISResMat,TPC-DI__prospect_vertical_70_ac4_av_source.csv__prospect_vertical_70_ac4_av_target.csv,13.32,0.22,
ISResMat,TPC-DI__prospect_vertical_70_ac4_ev_source.csv__prospect_vertical_70_ac4_ev_target.csv,14.26,0.24,
ISResMat,TPC-DI__prospect_vertical_70_ac5_av_source.csv__prospect_vertical_70_ac5_av_target.csv,108.83,1.81,
ISResMat,TPC-DI__prospect_vertical_70_ac5_ev_source.csv__prospect_vertical_70_ac5_ev_target.csv,13.31,0.22,
ISResMat,TPC-DI__prospect_vertical_70_ec_av_source.csv__prospect_vertical_70_ec_av_target.csv,15.65,0.26,
ISResMat,TPC-DI__prospect_vertical_70_ec_ev_source.csv__prospect_vertical_70_ec_ev_target.csv,93.73,1.56,
ISResMat,Wikidata__musicians_joinable_source.csv__musicians_joinable_target.csv,85.81,1.43,
ISResMat,Wikidata__musicians_semjoinable_source.csv__musicians_semjoinable_target.csv,83.18,1.39,
ISResMat,Wikidata__musicians_unionable_source.csv__musicians_unionable_target.csv,125.6,2.09,
ISResMat,Wikidata__musicians_viewunion_source.csv__musicians_viewunion_target.csv,84.21,1.4,
COMA++,ChEMBL__assays_both_0_1_ac1_av_source.csv__assays_both_0_1_ac1_av_target.csv,15.74,0.26,
COMA++,ChEMBL__assays_both_0_1_ac1_ev_source.csv__assays_both_0_1_ac1_ev_target.csv,15.4,0.26,
COMA++,ChEMBL__assays_both_0_1_ac2_av_source.csv__assays_both_0_1_ac2_av_target.csv,15.45,0.26,
COMA++,ChEMBL__assays_both_0_1_ac2_ev_source.csv__assays_both_0_1_ac2_ev_target.csv,15.06,0.25,
COMA++,ChEMBL__assays_both_0_1_ac3_av_source.csv__assays_both_0_1_ac3_av_target.csv,15.28,0.25,
COMA++,ChEMBL__assays_both_0_1_ac3_ev_source.csv__assays_both_0_1_ac3_ev_target.csv,14.78,0.25,
COMA++,ChEMBL__assays_both_0_1_ac4_av_source.csv__assays_both_0_1_ac4_av_target.csv,15.64,0.26,
COMA++,ChEMBL__assays_both_0_1_ac4_ev_source.csv__assays_both_0_1_ac4_ev_target.csv,15.46,0.26,
COMA++,ChEMBL__assays_both_0_1_ac5_av_source.csv__assays_both_0_1_ac5_av_target.csv,15.58,0.26,
COMA++,ChEMBL__assays_both_0_1_ac5_ev_source.csv__assays_both_0_1_ac5_ev_target.csv,15.14,0.25,
COMA++,ChEMBL__assays_both_0_1_ec_av_source.csv__assays_both_0_1_ec_av_target.csv,15.18,0.25,
COMA++,ChEMBL__assays_both_0_1_ec_ev_source.csv__assays_both_0_1_ec_ev_target.csv,15.52,0.26,
COMA++,ChEMBL__assays_both_0_30_ac1_av_source.csv__assays_both_0_30_ac1_av_target.csv,18.9,0.31,
COMA++,ChEMBL__assays_both_0_30_ac1_ev_source.csv__assays_both_0_30_ac1_ev_target.csv,23.8,0.4,
COMA++,ChEMBL__assays_both_0_30_ac2_av_source.csv__assays_both_0_30_ac2_av_target.csv,22.71,0.38,
COMA++,ChEMBL__assays_both_0_30_ac2_ev_source.csv__assays_both_0_30_ac2_ev_target.csv,20.24,0.34,
COMA++,ChEMBL__assays_both_0_30_ac3_av_source.csv__assays_both_0_30_ac3_av_target.csv,19.93,0.33,
COMA++,ChEMBL__assays_both_0_30_ac3_ev_source.csv__assays_both_0_30_ac3_ev_target.csv,18.78,0.31,
COMA++,ChEMBL__assays_both_0_30_ac4_av_source.csv__assays_both_0_30_ac4_av_target.csv,19.85,0.33,
COMA++,ChEMBL__assays_both_0_30_ac4_ev_source.csv__assays_both_0_30_ac4_ev_target.csv,19.32,0.32,
COMA++,ChEMBL__assays_both_0_30_ac5_av_source.csv__assays_both_0_30_ac5_av_target.csv,17.93,0.3,
COMA++,ChEMBL__assays_both_0_30_ac5_ev_source.csv__assays_both_0_30_ac5_ev_target.csv,20.5,0.34,
COMA++,ChEMBL__assays_both_0_30_ec_av_source.csv__assays_both_0_30_ec_av_target.csv,21.59,0.36,
COMA++,ChEMBL__assays_both_0_30_ec_ev_source.csv__assays_both_0_30_ec_ev_target.csv,22.58,0.38,
COMA++,ChEMBL__assays_both_0_50_ac1_av_source.csv__assays_both_0_50_ac1_av_target.csv,34.62,0.58,
COMA++,ChEMBL__assays_both_0_50_ac1_ev_source.csv__assays_both_0_50_ac1_ev_target.csv,41.13,0.69,
COMA++,ChEMBL__assays_both_0_50_ac2_av_source.csv__assays_both_0_50_ac2_av_target.csv,29.05,0.48,
COMA++,ChEMBL__assays_both_0_50_ac2_ev_source.csv__assays_both_0_50_ac2_ev_target.csv,31.05,0.52,
COMA++,ChEMBL__assays_both_0_50_ac3_av_source.csv__assays_both_0_50_ac3_av_target.csv,30.75,0.51,
COMA++,ChEMBL__assays_both_0_50_ac3_ev_source.csv__assays_both_0_50_ac3_ev_target.csv,31.38,0.52,
COMA++,ChEMBL__assays_both_0_50_ac4_av_source.csv__assays_both_0_50_ac4_av_target.csv,28.28,0.47,
COMA++,ChEMBL__assays_both_0_50_ac4_ev_source.csv__assays_both_0_50_ac4_ev_target.csv,36.39,0.61,
COMA++,ChEMBL__assays_both_0_50_ac5_av_source.csv__assays_both_0_50_ac5_av_target.csv,29.64,0.49,
COMA++,ChEMBL__assays_both_0_50_ac5_ev_source.csv__assays_both_0_50_ac5_ev_target.csv,21.74,0.36,
COMA++,ChEMBL__assays_both_0_50_ec_av_source.csv__assays_both_0_50_ec_av_target.csv,30.21,0.5,
COMA++,ChEMBL__assays_both_0_50_ec_ev_source.csv__assays_both_0_50_ec_ev_target.csv,23.58,0.39,
COMA++,ChEMBL__assays_both_0_70_ac1_av_source.csv__assays_both_0_70_ac1_av_target.csv,35.87,0.6,
COMA++,ChEMBL__assays_both_0_70_ac1_ev_source.csv__assays_both_0_70_ac1_ev_target.csv,39.55,0.66,
COMA++,ChEMBL__assays_both_0_70_ac2_av_source.csv__assays_both_0_70_ac2_av_target.csv,36.81,0.61,
COMA++,ChEMBL__assays_both_0_70_ac2_ev_source.csv__assays_both_0_70_ac2_ev_target.csv,29.97,0.5,
COMA++,ChEMBL__assays_both_0_70_ac3_av_source.csv__assays_both_0_70_ac3_av_target.csv,37.66,0.63,
COMA++,ChEMBL__assays_both_0_70_ac3_ev_source.csv__assays_both_0_70_ac3_ev_target.csv,35.48,0.59,
COMA++,ChEMBL__assays_both_0_70_ac4_av_source.csv__assays_both_0_70_ac4_av_target.csv,47.36,0.79,
COMA++,ChEMBL__assays_both_0_70_ac4_ev_source.csv__assays_both_0_70_ac4_ev_target.csv,31.8,0.53,
COMA++,ChEMBL__assays_both_0_70_ac5_av_source.csv__assays_both_0_70_ac5_av_target.csv,35.46,0.59,
COMA++,ChEMBL__assays_both_0_70_ac5_ev_source.csv__assays_both_0_70_ac5_ev_target.csv,32.58,0.54,
COMA++,ChEMBL__assays_both_0_70_ec_av_source.csv__assays_both_0_70_ec_av_target.csv,47.22,0.79,
COMA++,ChEMBL__assays_both_0_70_ec_ev_source.csv__assays_both_0_70_ec_ev_target.csv,37.9,0.63,
COMA++,ChEMBL__assays_both_50_1_ac1_av_source.csv__assays_both_50_1_ac1_av_target.csv,15.59,0.26,
COMA++,ChEMBL__assays_both_50_1_ac1_ev_source.csv__assays_both_50_1_ac1_ev_target.csv,15.78,0.26,
COMA++,ChEMBL__assays_both_50_1_ac2_av_source.csv__assays_both_50_1_ac2_av_target.csv,15.67,0.26,
COMA++,ChEMBL__assays_both_50_1_ac2_ev_source.csv__assays_both_50_1_ac2_ev_target.csv,15.14,0.25,
COMA++,ChEMBL__assays_both_50_1_ac3_av_source.csv__assays_both_50_1_ac3_av_target.csv,16.01,0.27,
COMA++,ChEMBL__assays_both_50_1_ac3_ev_source.csv__assays_both_50_1_ac3_ev_target.csv,15.25,0.25,
COMA++,ChEMBL__assays_both_50_1_ac4_av_source.csv__assays_both_50_1_ac4_av_target.csv,15.47,0.26,
COMA++,ChEMBL__assays_both_50_1_ac4_ev_source.csv__assays_both_50_1_ac4_ev_target.csv,15.6,0.26,
COMA++,ChEMBL__assays_both_50_1_ac5_av_source.csv__assays_both_50_1_ac5_av_target.csv,15.5,0.26,
COMA++,ChEMBL__assays_both_50_1_ac5_ev_source.csv__assays_both_50_1_ac5_ev_target.csv,15.48,0.26,
COMA++,ChEMBL__assays_both_50_1_ec_av_source.csv__assays_both_50_1_ec_av_target.csv,14.46,0.24,
COMA++,ChEMBL__assays_both_50_1_ec_ev_source.csv__assays_both_50_1_ec_ev_target.csv,15.13,0.25,
COMA++,ChEMBL__assays_both_50_30_ac1_av_source.csv__assays_both_50_30_ac1_av_target.csv,20.72,0.35,
COMA++,ChEMBL__assays_both_50_30_ac1_ev_source.csv__assays_both_50_30_ac1_ev_target.csv,20.3,0.34,
COMA++,ChEMBL__assays_both_50_30_ac2_av_source.csv__assays_both_50_30_ac2_av_target.csv,23.19,0.39,
COMA++,ChEMBL__assays_both_50_30_ac2_ev_source.csv__assays_both_50_30_ac2_ev_target.csv,22.83,0.38,
COMA++,ChEMBL__assays_both_50_30_ac3_av_source.csv__assays_both_50_30_ac3_av_target.csv,20.75,0.35,
COMA++,ChEMBL__assays_both_50_30_ac3_ev_source.csv__assays_both_50_30_ac3_ev_target.csv,23.55,0.39,
COMA++,ChEMBL__assays_both_50_30_ac4_av_source.csv__assays_both_50_30_ac4_av_target.csv,30.33,0.51,
COMA++,ChEMBL__assays_both_50_30_ac4_ev_source.csv__assays_both_50_30_ac4_ev_target.csv,17.31,0.29,
COMA++,ChEMBL__assays_both_50_30_ac5_av_source.csv__assays_both_50_30_ac5_av_target.csv,29.09,0.48,
COMA++,ChEMBL__assays_both_50_30_ac5_ev_source.csv__assays_both_50_30_ac5_ev_target.csv,19.36,0.32,
COMA++,ChEMBL__assays_both_50_30_ec_av_source.csv__assays_both_50_30_ec_av_target.csv,23.23,0.39,
COMA++,ChEMBL__assays_both_50_30_ec_ev_source.csv__assays_both_50_30_ec_ev_target.csv,22.11,0.37,
COMA++,ChEMBL__assays_both_50_50_ac1_av_source.csv__assays_both_50_50_ac1_av_target.csv,27.92,0.47,
COMA++,ChEMBL__assays_both_50_50_ac1_ev_source.csv__assays_both_50_50_ac1_ev_target.csv,23.86,0.4,
COMA++,ChEMBL__assays_both_50_50_ac2_av_source.csv__assays_both_50_50_ac2_av_target.csv,38.76,0.65,
COMA++,ChEMBL__assays_both_50_50_ac2_ev_source.csv__assays_both_50_50_ac2_ev_target.csv,32.87,0.55,
COMA++,ChEMBL__assays_both_50_50_ac3_av_source.csv__assays_both_50_50_ac3_av_target.csv,35.52,0.59,
COMA++,ChEMBL__assays_both_50_50_ac3_ev_source.csv__assays_both_50_50_ac3_ev_target.csv,25.86,0.43,
COMA++,ChEMBL__assays_both_50_50_ac4_av_source.csv__assays_both_50_50_ac4_av_target.csv,25.28,0.42,
COMA++,ChEMBL__assays_both_50_50_ac4_ev_source.csv__assays_both_50_50_ac4_ev_target.csv,25.26,0.42,
COMA++,ChEMBL__assays_both_50_50_ac5_av_source.csv__assays_both_50_50_ac5_av_target.csv,27.25,0.45,
COMA++,ChEMBL__assays_both_50_50_ac5_ev_source.csv__assays_both_50_50_ac5_ev_target.csv,24.51,0.41,
COMA++,ChEMBL__assays_both_50_50_ec_av_source.csv__assays_both_50_50_ec_av_target.csv,39.24,0.65,
COMA++,ChEMBL__assays_both_50_50_ec_ev_source.csv__assays_both_50_50_ec_ev_target.csv,21.26,0.35,
COMA++,ChEMBL__assays_both_50_70_ac1_av_source.csv__assays_both_50_70_ac1_av_target.csv,46.1,0.77,
COMA++,ChEMBL__assays_both_50_70_ac1_ev_source.csv__assays_both_50_70_ac1_ev_target.csv,34.97,0.58,
COMA++,ChEMBL__assays_both_50_70_ac2_av_source.csv__assays_both_50_70_ac2_av_target.csv,46.66,0.78,
COMA++,ChEMBL__assays_both_50_70_ac2_ev_source.csv__assays_both_50_70_ac2_ev_target.csv,32.64,0.54,
COMA++,ChEMBL__assays_both_50_70_ac3_av_source.csv__assays_both_50_70_ac3_av_target.csv,42.22,0.7,
COMA++,ChEMBL__assays_both_50_70_ac3_ev_source.csv__assays_both_50_70_ac3_ev_target.csv,46.15,0.77,
COMA++,ChEMBL__assays_both_50_70_ac4_av_source.csv__assays_both_50_70_ac4_av_target.csv,40.71,0.68,
COMA++,ChEMBL__assays_both_50_70_ac4_ev_source.csv__assays_both_50_70_ac4_ev_target.csv,30.41,0.51,
COMA++,ChEMBL__assays_both_50_70_ac5_av_source.csv__assays_both_50_70_ac5_av_target.csv,34.24,0.57,
COMA++,ChEMBL__assays_both_50_70_ac5_ev_source.csv__assays_both_50_70_ac5_ev_target.csv,40.35,0.67,
COMA++,ChEMBL__assays_both_50_70_ec_av_source.csv__assays_both_50_70_ec_av_target.csv,36.8,0.61,
COMA++,ChEMBL__assays_both_50_70_ec_ev_source.csv__assays_both_50_70_ec_ev_target.csv,39.31,0.66,
COMA++,ChEMBL__assays_horizontal_0_ac1_av_source.csv__assays_horizontal_0_ac1_av_target.csv,50.15,0.84,
COMA++,ChEMBL__assays_horizontal_0_ac1_ev_source.csv__assays_horizontal_0_ac1_ev_target.csv,50.02,0.83,
COMA++,ChEMBL__assays_horizontal_0_ac2_av_source.csv__assays_horizontal_0_ac2_av_target.csv,51.51,0.86,
COMA++,ChEMBL__assays_horizontal_0_ac2_ev_source.csv__assays_horizontal_0_ac2_ev_target.csv,51.08,0.85,
COMA++,ChEMBL__assays_horizontal_0_ac3_av_source.csv__assays_horizontal_0_ac3_av_target.csv,48.81,0.81,
COMA++,ChEMBL__assays_horizontal_0_ac3_ev_source.csv__assays_horizontal_0_ac3_ev_target.csv,49.1,0.82,
COMA++,ChEMBL__assays_horizontal_0_ac4_av_source.csv__assays_horizontal_0_ac4_av_target.csv,50.87,0.85,
COMA++,ChEMBL__assays_horizontal_0_ac4_ev_source.csv__assays_horizontal_0_ac4_ev_target.csv,49.05,0.82,
COMA++,ChEMBL__assays_horizontal_0_ac5_av_source.csv__assays_horizontal_0_ac5_av_target.csv,49.58,0.83,
COMA++,ChEMBL__assays_horizontal_0_ac5_ev_source.csv__assays_horizontal_0_ac5_ev_target.csv,49.17,0.82,
COMA++,ChEMBL__assays_horizontal_0_ec_av_source.csv__assays_horizontal_0_ec_av_target.csv,53.82,0.9,
COMA++,ChEMBL__assays_horizontal_0_ec_ev_source.csv__assays_horizontal_0_ec_ev_target.csv,48.91,0.82,
COMA++,ChEMBL__assays_horizontal_100_ac1_av_source.csv__assays_horizontal_100_ac1_av_target.csv,49.75,0.83,
COMA++,ChEMBL__assays_horizontal_100_ac1_ev_source.csv__assays_horizontal_100_ac1_ev_target.csv,49.77,0.83,
COMA++,ChEMBL__assays_horizontal_100_ac2_av_source.csv__assays_horizontal_100_ac2_av_target.csv,49.96,0.83,
COMA++,ChEMBL__assays_horizontal_100_ac2_ev_source.csv__assays_horizontal_100_ac2_ev_target.csv,50.69,0.84,
COMA++,ChEMBL__assays_horizontal_100_ac3_av_source.csv__assays_horizontal_100_ac3_av_target.csv,49.81,0.83,
COMA++,ChEMBL__assays_horizontal_100_ac3_ev_source.csv__assays_horizontal_100_ac3_ev_target.csv,49.2,0.82,
COMA++,ChEMBL__assays_horizontal_100_ac4_av_source.csv__assays_horizontal_100_ac4_av_target.csv,47.61,0.79,
COMA++,ChEMBL__assays_horizontal_100_ac4_ev_source.csv__assays_horizontal_100_ac4_ev_target.csv,51.8,0.86,
COMA++,ChEMBL__assays_horizontal_100_ac5_av_source.csv__assays_horizontal_100_ac5_av_target.csv,50.0,0.83,
COMA++,ChEMBL__assays_horizontal_100_ac5_ev_source.csv__assays_horizontal_100_ac5_ev_target.csv,45.0,0.75,
COMA++,ChEMBL__assays_horizontal_100_ec_av_source.csv__assays_horizontal_100_ec_av_target.csv,47.98,0.8,
COMA++,ChEMBL__assays_horizontal_100_ec_ev_source.csv__assays_horizontal_100_ec_ev_target.csv,48.81,0.81,
COMA++,ChEMBL__assays_horizontal_50_ac1_av_source.csv__assays_horizontal_50_ac1_av_target.csv,50.44,0.84,
COMA++,ChEMBL__assays_horizontal_50_ac1_ev_source.csv__assays_horizontal_50_ac1_ev_target.csv,48.73,0.81,
COMA++,ChEMBL__assays_horizontal_50_ac2_av_source.csv__assays_horizontal_50_ac2_av_target.csv,49.55,0.83,
COMA++,ChEMBL__assays_horizontal_50_ac2_ev_source.csv__assays_horizontal_50_ac2_ev_target.csv,49.62,0.83,
COMA++,ChEMBL__assays_horizontal_50_ac3_av_source.csv__assays_horizontal_50_ac3_av_target.csv,51.15,0.85,
COMA++,ChEMBL__assays_horizontal_50_ac3_ev_source.csv__assays_horizontal_50_ac3_ev_target.csv,49.47,0.82,
COMA++,ChEMBL__assays_horizontal_50_ac4_av_source.csv__assays_horizontal_50_ac4_av_target.csv,48.75,0.81,
COMA++,ChEMBL__assays_horizontal_50_ac4_ev_source.csv__assays_horizontal_50_ac4_ev_target.csv,50.1,0.83,
COMA++,ChEMBL__assays_horizontal_50_ac5_av_source.csv__assays_horizontal_50_ac5_av_target.csv,43.23,0.72,
COMA++,ChEMBL__assays_horizontal_50_ac5_ev_source.csv__assays_horizontal_50_ac5_ev_target.csv,49.12,0.82,
COMA++,ChEMBL__assays_horizontal_50_ec_av_source.csv__assays_horizontal_50_ec_av_target.csv,47.84,0.8,
COMA++,ChEMBL__assays_horizontal_50_ec_ev_source.csv__assays_horizontal_50_ec_ev_target.csv,49.52,0.83,
COMA++,ChEMBL__assays_vertical_1_ac1_av_source.csv__assays_vertical_1_ac1_av_target.csv,15.42,0.26,
COMA++,ChEMBL__assays_vertical_1_ac1_ev_source.csv__assays_vertical_1_ac1_ev_target.csv,15.76,0.26,
COMA++,ChEMBL__assays_vertical_1_ac2_av_source.csv__assays_vertical_1_ac2_av_target.csv,15.75,0.26,
COMA++,ChEMBL__assays_vertical_1_ac2_ev_source.csv__assays_vertical_1_ac2_ev_target.csv,15.64,0.26,
COMA++,ChEMBL__assays_vertical_1_ac3_av_source.csv__assays_vertical_1_ac3_av_target.csv,15.55,0.26,
COMA++,ChEMBL__assays_vertical_1_ac3_ev_source.csv__assays_vertical_1_ac3_ev_target.csv,15.46,0.26,
COMA++,ChEMBL__assays_vertical_1_ac4_av_source.csv__assays_vertical_1_ac4_av_target.csv,15.53,0.26,
COMA++,ChEMBL__assays_vertical_1_ac4_ev_source.csv__assays_vertical_1_ac4_ev_target.csv,15.58,0.26,
COMA++,ChEMBL__assays_vertical_1_ac5_av_source.csv__assays_vertical_1_ac5_av_target.csv,16.3,0.27,
COMA++,ChEMBL__assays_vertical_1_ac5_ev_source.csv__assays_vertical_1_ac5_ev_target.csv,15.78,0.26,
COMA++,ChEMBL__assays_vertical_1_ec_av_source.csv__assays_vertical_1_ec_av_target.csv,15.76,0.26,
COMA++,ChEMBL__assays_vertical_1_ec_ev_source.csv__assays_vertical_1_ec_ev_target.csv,15.93,0.27,
COMA++,ChEMBL__assays_vertical_30_ac1_av_source.csv__assays_vertical_30_ac1_av_target.csv,24.26,0.4,
COMA++,ChEMBL__assays_vertical_30_ac1_ev_source.csv__assays_vertical_30_ac1_ev_target.csv,21.74,0.36,
COMA++,ChEMBL__assays_vertical_30_ac2_av_source.csv__assays_vertical_30_ac2_av_target.csv,33.27,0.55,
COMA++,ChEMBL__assays_vertical_30_ac2_ev_source.csv__assays_vertical_30_ac2_ev_target.csv,19.82,0.33,
COMA++,ChEMBL__assays_vertical_30_ac3_av_source.csv__assays_vertical_30_ac3_av_target.csv,19.02,0.32,
COMA++,ChEMBL__assays_vertical_30_ac3_ev_source.csv__assays_vertical_30_ac3_ev_target.csv,24.69,0.41,
COMA++,ChEMBL__assays_vertical_30_ac4_av_source.csv__assays_vertical_30_ac4_av_target.csv,18.62,0.31,
COMA++,ChEMBL__assays_vertical_30_ac4_ev_source.csv__assays_vertical_30_ac4_ev_target.csv,25.53,0.43,
COMA++,ChEMBL__assays_vertical_30_ac5_av_source.csv__assays_vertical_30_ac5_av_target.csv,22.62,0.38,
COMA++,ChEMBL__assays_vertical_30_ac5_ev_source.csv__assays_vertical_30_ac5_ev_target.csv,18.53,0.31,
COMA++,ChEMBL__assays_vertical_30_ec_av_source.csv__assays_vertical_30_ec_av_target.csv,23.07,0.38,
COMA++,ChEMBL__assays_vertical_30_ec_ev_source.csv__assays_vertical_30_ec_ev_target.csv,19.46,0.32,
COMA++,ChEMBL__assays_vertical_50_ac1_av_source.csv__assays_vertical_50_ac1_av_target.csv,28.59,0.48,
COMA++,ChEMBL__assays_vertical_50_ac1_ev_source.csv__assays_vertical_50_ac1_ev_target.csv,30.93,0.52,
COMA++,ChEMBL__assays_vertical_50_ac2_av_source.csv__assays_vertical_50_ac2_av_target.csv,35.31,0.59,
COMA++,ChEMBL__assays_vertical_50_ac2_ev_source.csv__assays_vertical_50_ac2_ev_target.csv,27.46,0.46,
COMA++,ChEMBL__assays_vertical_50_ac3_av_source.csv__assays_vertical_50_ac3_av_target.csv,32.44,0.54,
COMA++,ChEMBL__assays_vertical_50_ac3_ev_source.csv__assays_vertical_50_ac3_ev_target.csv,36.85,0.61,
COMA++,ChEMBL__assays_vertical_50_ac4_av_source.csv__assays_vertical_50_ac4_av_target.csv,37.01,0.62,
COMA++,ChEMBL__assays_vertical_50_ac4_ev_source.csv__assays_vertical_50_ac4_ev_target.csv,28.69,0.48,
COMA++,ChEMBL__assays_vertical_50_ac5_av_source.csv__assays_vertical_50_ac5_av_target.csv,27.86,0.46,
COMA++,ChEMBL__assays_vertical_50_ac5_ev_source.csv__assays_vertical_50_ac5_ev_target.csv,20.01,0.33,
COMA++,ChEMBL__assays_vertical_50_ec_av_source.csv__assays_vertical_50_ec_av_target.csv,32.05,0.53,
COMA++,ChEMBL__assays_vertical_50_ec_ev_source.csv__assays_vertical_50_ec_ev_target.csv,35.54,0.59,
COMA++,ChEMBL__assays_vertical_70_ac1_av_source.csv__assays_vertical_70_ac1_av_target.csv,49.18,0.82,
COMA++,ChEMBL__assays_vertical_70_ac1_ev_source.csv__assays_vertical_70_ac1_ev_target.csv,41.68,0.69,
COMA++,ChEMBL__assays_vertical_70_ac2_av_source.csv__assays_vertical_70_ac2_av_target.csv,37.77,0.63,
COMA++,ChEMBL__assays_vertical_70_ac2_ev_source.csv__assays_vertical_70_ac2_ev_target.csv,39.17,0.65,
COMA++,ChEMBL__assays_vertical_70_ac3_av_source.csv__assays_vertical_70_ac3_av_target.csv,49.02,0.82,
COMA++,ChEMBL__assays_vertical_70_ac3_ev_source.csv__assays_vertical_70_ac3_ev_target.csv,37.65,0.63,
COMA++,ChEMBL__assays_vertical_70_ac4_av_source.csv__assays_vertical_70_ac4_av_target.csv,54.31,0.91,
COMA++,ChEMBL__assays_vertical_70_ac4_ev_source.csv__assays_vertical_70_ac4_ev_target.csv,41.3,0.69,
COMA++,ChEMBL__assays_vertical_70_ac5_av_source.csv__assays_vertical_70_ac5_av_target.csv,40.71,0.68,
COMA++,ChEMBL__assays_vertical_70_ac5_ev_source.csv__assays_vertical_70_ac5_ev_target.csv,37.79,0.63,
COMA++,ChEMBL__assays_vertical_70_ec_av_source.csv__assays_vertical_70_ec_av_target.csv,40.9,0.68,
COMA++,ChEMBL__assays_vertical_70_ec_ev_source.csv__assays_vertical_70_ec_ev_target.csv,34.82,0.58,
COMA++,Magellan__amazon_google_exp_source.csv__amazon_google_exp_target.csv,12.47,0.21,
COMA++,Magellan__beeradvo_ratebeer_source.csv__beeradvo_ratebeer_target.csv,17.66,0.29,
COMA++,Magellan__dblp_acm_source.csv__dblp_acm_target.csv,18.7,0.31,
COMA++,Magellan__dblp_scholar_source.csv__dblp_scholar_target.csv,18.47,0.31,
COMA++,Magellan__itunes_amazon_source.csv__itunes_amazon_target.csv,24.61,0.41,
COMA++,Magellan__walmart_amazon_source.csv__walmart_amazon_target.csv,28.2,0.47,
COMA++,OpenData__miller2_both_0_1_ac1_av_source.csv__miller2_both_0_1_ac1_av_target.csv,134.14,2.24,
COMA++,OpenData__miller2_both_0_1_ac1_ev_source.csv__miller2_both_0_1_ac1_ev_target.csv,124.9,2.08,
COMA++,OpenData__miller2_both_0_1_ac2_av_source.csv__miller2_both_0_1_ac2_av_target.csv,131.66,2.19,
COMA++,OpenData__miller2_both_0_1_ac2_ev_source.csv__miller2_both_0_1_ac2_ev_target.csv,131.3,2.19,
COMA++,OpenData__miller2_both_0_1_ac3_av_source.csv__miller2_both_0_1_ac3_av_target.csv,124.25,2.07,
COMA++,OpenData__miller2_both_0_1_ac3_ev_source.csv__miller2_both_0_1_ac3_ev_target.csv,129.19,2.15,
COMA++,OpenData__miller2_both_0_1_ac4_av_source.csv__miller2_both_0_1_ac4_av_target.csv,132.67,2.21,
COMA++,OpenData__miller2_both_0_1_ac4_ev_source.csv__miller2_both_0_1_ac4_ev_target.csv,132.99,2.22,
COMA++,OpenData__miller2_both_0_1_ac5_av_source.csv__miller2_both_0_1_ac5_av_target.csv,128.24,2.14,
COMA++,OpenData__miller2_both_0_1_ac5_ev_source.csv__miller2_both_0_1_ac5_ev_target.csv,129.06,2.15,
COMA++,OpenData__miller2_both_0_1_ec_av_source.csv__miller2_both_0_1_ec_av_target.csv,129.35,2.16,
COMA++,OpenData__miller2_both_0_1_ec_ev_source.csv__miller2_both_0_1_ec_ev_target.csv,129.53,2.16,
COMA++,OpenData__miller2_both_0_30_ac1_av_source.csv__miller2_both_0_30_ac1_av_target.csv,208.92,3.48,
COMA++,OpenData__miller2_both_0_30_ac1_ev_source.csv__miller2_both_0_30_ac1_ev_target.csv,200.46,3.34,
COMA++,OpenData__miller2_both_0_30_ac2_av_source.csv__miller2_both_0_30_ac2_av_target.csv,288.25,4.8,
COMA++,OpenData__miller2_both_0_30_ac2_ev_source.csv__miller2_both_0_30_ac2_ev_target.csv,293.38,4.89,
COMA++,OpenData__miller2_both_0_30_ac3_av_source.csv__miller2_both_0_30_ac3_av_target.csv,289.32,4.82,
COMA++,OpenData__miller2_both_0_30_ac3_ev_source.csv__miller2_both_0_30_ac3_ev_target.csv,251.44,4.19,
COMA++,OpenData__miller2_both_0_30_ac4_av_source.csv__miller2_both_0_30_ac4_av_target.csv,223.18,3.72,
COMA++,OpenData__miller2_both_0_30_ac4_ev_source.csv__miller2_both_0_30_ac4_ev_target.csv,294.54,4.91,
COMA++,OpenData__miller2_both_0_30_ac5_av_source.csv__miller2_both_0_30_ac5_av_target.csv,205.84,3.43,
COMA++,OpenData__miller2_both_0_30_ac5_ev_source.csv__miller2_both_0_30_ac5_ev_target.csv,301.6,5.03,
COMA++,OpenData__miller2_both_0_30_ec_av_source.csv__miller2_both_0_30_ec_av_target.csv,217.68,3.63,
COMA++,OpenData__miller2_both_0_30_ec_ev_source.csv__miller2_both_0_30_ec_ev_target.csv,215.47,3.59,
COMA++,OpenData__miller2_both_0_50_ac1_av_source.csv__miller2_both_0_50_ac1_av_target.csv,259.86,4.33,
COMA++,OpenData__miller2_both_0_50_ac1_ev_source.csv__miller2_both_0_50_ac1_ev_target.csv,315.96,5.27,
COMA++,OpenData__miller2_both_0_50_ac2_av_source.csv__miller2_both_0_50_ac2_av_target.csv,382.33,6.37,
COMA++,OpenData__miller2_both_0_50_ac2_ev_source.csv__miller2_both_0_50_ac2_ev_target.csv,387.78,6.46,
COMA++,OpenData__miller2_both_0_50_ac3_av_source.csv__miller2_both_0_50_ac3_av_target.csv,240.93,4.02,
COMA++,OpenData__miller2_both_0_50_ac3_ev_source.csv__miller2_both_0_50_ac3_ev_target.csv,265.63,4.43,
COMA++,OpenData__miller2_both_0_50_ac4_av_source.csv__miller2_both_0_50_ac4_av_target.csv,272.43,4.54,
COMA++,OpenData__miller2_both_0_50_ac4_ev_source.csv__miller2_both_0_50_ac4_ev_target.csv,386.74,6.45,
COMA++,OpenData__miller2_both_0_50_ac5_av_source.csv__miller2_both_0_50_ac5_av_target.csv,278.28,4.64,
COMA++,OpenData__miller2_both_0_50_ac5_ev_source.csv__miller2_both_0_50_ac5_ev_target.csv,318.5,5.31,
COMA++,OpenData__miller2_both_0_50_ec_av_source.csv__miller2_both_0_50_ec_av_target.csv,386.15,6.44,
COMA++,OpenData__miller2_both_0_50_ec_ev_source.csv__miller2_both_0_50_ec_ev_target.csv,299.82,5.0,
COMA++,OpenData__miller2_both_0_70_ac1_av_source.csv__miller2_both_0_70_ac1_av_target.csv,365.06,6.08,
COMA++,OpenData__miller2_both_0_70_ac1_ev_source.csv__miller2_both_0_70_ac1_ev_target.csv,404.87,6.75,
COMA++,OpenData__miller2_both_0_70_ac2_av_source.csv__miller2_both_0_70_ac2_av_target.csv,365.27,6.09,
COMA++,OpenData__miller2_both_0_70_ac2_ev_source.csv__miller2_both_0_70_ac2_ev_target.csv,384.32,6.41,
COMA++,OpenData__miller2_both_0_70_ac3_av_source.csv__miller2_both_0_70_ac3_av_target.csv,348.74,5.81,
COMA++,OpenData__miller2_both_0_70_ac3_ev_source.csv__miller2_both_0_70_ac3_ev_target.csv,379.91,6.33,
COMA++,OpenData__miller2_both_0_70_ac4_av_source.csv__miller2_both_0_70_ac4_av_target.csv,329.2,5.49,
COMA++,OpenData__miller2_both_0_70_ac4_ev_source.csv__miller2_both_0_70_ac4_ev_target.csv,513.74,8.56,
COMA++,OpenData__miller2_both_0_70_ac5_av_source.csv__miller2_both_0_70_ac5_av_target.csv,316.59,5.28,
COMA++,OpenData__miller2_both_0_70_ac5_ev_source.csv__miller2_both_0_70_ac5_ev_target.csv,417.05,6.95,
COMA++,OpenData__miller2_both_0_70_ec_av_source.csv__miller2_both_0_70_ec_av_target.csv,370.38,6.17,
COMA++,OpenData__miller2_both_0_70_ec_ev_source.csv__miller2_both_0_70_ec_ev_target.csv,365.18,6.09,
COMA++,OpenData__miller2_both_50_1_ac1_av_source.csv__miller2_both_50_1_ac1_av_target.csv,128.87,2.15,
COMA++,OpenData__miller2_both_50_1_ac1_ev_source.csv__miller2_both_50_1_ac1_ev_target.csv,133.87,2.23,
COMA++,OpenData__miller2_both_50_1_ac2_av_source.csv__miller2_both_50_1_ac2_av_target.csv,128.61,2.14,
COMA++,OpenData__miller2_both_50_1_ac2_ev_source.csv__miller2_both_50_1_ac2_ev_target.csv,133.48,2.22,
COMA++,OpenData__miller2_both_50_1_ac3_av_source.csv__miller2_both_50_1_ac3_av_target.csv,128.72,2.15,
COMA++,OpenData__miller2_both_50_1_ac3_ev_source.csv__miller2_both_50_1_ac3_ev_target.csv,130.46,2.17,
COMA++,OpenData__miller2_both_50_1_ac4_av_source.csv__miller2_both_50_1_ac4_av_target.csv,130.82,2.18,
COMA++,OpenData__miller2_both_50_1_ac4_ev_source.csv__miller2_both_50_1_ac4_ev_target.csv,132.89,2.21,
COMA++,OpenData__miller2_both_50_1_ac5_av_source.csv__miller2_both_50_1_ac5_av_target.csv,133.11,2.22,
COMA++,OpenData__miller2_both_50_1_ac5_ev_source.csv__miller2_both_50_1_ac5_ev_target.csv,136.78,2.28,
COMA++,OpenData__miller2_both_50_1_ec_av_source.csv__miller2_both_50_1_ec_av_target.csv,129.53,2.16,
COMA++,OpenData__miller2_both_50_1_ec_ev_source.csv__miller2_both_50_1_ec_ev_target.csv,131.12,2.19,
COMA++,OpenData__miller2_both_50_30_ac1_av_source.csv__miller2_both_50_30_ac1_av_target.csv,202.82,3.38,
COMA++,OpenData__miller2_both_50_30_ac1_ev_source.csv__miller2_both_50_30_ac1_ev_target.csv,331.98,5.53,
COMA++,OpenData__miller2_both_50_30_ac2_av_source.csv__miller2_both_50_30_ac2_av_target.csv,289.06,4.82,
COMA++,OpenData__miller2_both_50_30_ac2_ev_source.csv__miller2_both_50_30_ac2_ev_target.csv,234.15,3.9,
COMA++,OpenData__miller2_both_50_30_ac3_av_source.csv__miller2_both_50_30_ac3_av_target.csv,287.0,4.78,
COMA++,OpenData__miller2_both_50_30_ac3_ev_source.csv__miller2_both_50_30_ac3_ev_target.csv,241.19,4.02,
COMA++,OpenData__miller2_both_50_30_ac4_av_source.csv__miller2_both_50_30_ac4_av_target.csv,205.15,3.42,
COMA++,OpenData__miller2_both_50_30_ac4_ev_source.csv__miller2_both_50_30_ac4_ev_target.csv,238.67,3.98,
COMA++,OpenData__miller2_both_50_30_ac5_av_source.csv__miller2_both_50_30_ac5_av_target.csv,206.12,3.44,
COMA++,OpenData__miller2_both_50_30_ac5_ev_source.csv__miller2_both_50_30_ac5_ev_target.csv,243.65,4.06,
COMA++,OpenData__miller2_both_50_30_ec_av_source.csv__miller2_both_50_30_ec_av_target.csv,204.52,3.41,
COMA++,OpenData__miller2_both_50_30_ec_ev_source.csv__miller2_both_50_30_ec_ev_target.csv,294.11,4.9,
COMA++,OpenData__miller2_both_50_50_ac1_av_source.csv__miller2_both_50_50_ac1_av_target.csv,380.85,6.35,
COMA++,OpenData__miller2_both_50_50_ac1_ev_source.csv__miller2_both_50_50_ac1_ev_target.csv,313.63,5.23,
COMA++,OpenData__miller2_both_50_50_ac2_av_source.csv__miller2_both_50_50_ac2_av_target.csv,284.95,4.75,
COMA++,OpenData__miller2_both_50_50_ac2_ev_source.csv__miller2_both_50_50_ac2_ev_target.csv,385.9,6.43,
COMA++,OpenData__miller2_both_50_50_ac3_av_source.csv__miller2_both_50_50_ac3_av_target.csv,311.56,5.19,
COMA++,OpenData__miller2_both_50_50_ac3_ev_source.csv__miller2_both_50_50_ac3_ev_target.csv,322.36,5.37,
COMA++,OpenData__miller2_both_50_50_ac4_av_source.csv__miller2_both_50_50_ac4_av_target.csv,377.75,6.3,
COMA++,OpenData__miller2_both_50_50_ac4_ev_source.csv__miller2_both_50_50_ac4_ev_target.csv,317.5,5.29,
COMA++,OpenData__miller2_both_50_50_ac5_av_source.csv__miller2_both_50_50_ac5_av_target.csv,379.29,6.32,
COMA++,OpenData__miller2_both_50_50_ac5_ev_source.csv__miller2_both_50_50_ac5_ev_target.csv,265.27,4.42,
COMA++,OpenData__miller2_both_50_50_ec_av_source.csv__miller2_both_50_50_ec_av_target.csv,297.17,4.95,
COMA++,OpenData__miller2_both_50_50_ec_ev_source.csv__miller2_both_50_50_ec_ev_target.csv,317.68,5.29,
COMA++,OpenData__miller2_both_50_70_ac1_av_source.csv__miller2_both_50_70_ac1_av_target.csv,364.93,6.08,
COMA++,OpenData__miller2_both_50_70_ac1_ev_source.csv__miller2_both_50_70_ac1_ev_target.csv,436.68,7.28,
COMA++,OpenData__miller2_both_50_70_ac2_av_source.csv__miller2_both_50_70_ac2_av_target.csv,314.74,5.25,
COMA++,OpenData__miller2_both_50_70_ac2_ev_source.csv__miller2_both_50_70_ac2_ev_target.csv,410.98,6.85,
COMA++,OpenData__miller2_both_50_70_ac3_av_source.csv__miller2_both_50_70_ac3_av_target.csv,485.0,8.08,
COMA++,OpenData__miller2_both_50_70_ac3_ev_source.csv__miller2_both_50_70_ac3_ev_target.csv,432.19,7.2,
COMA++,OpenData__miller2_both_50_70_ac4_av_source.csv__miller2_both_50_70_ac4_av_target.csv,392.27,6.54,
COMA++,OpenData__miller2_both_50_70_ac4_ev_source.csv__miller2_both_50_70_ac4_ev_target.csv,408.69,6.81,
COMA++,OpenData__miller2_both_50_70_ac5_av_source.csv__miller2_both_50_70_ac5_av_target.csv,347.99,5.8,
COMA++,OpenData__miller2_both_50_70_ac5_ev_source.csv__miller2_both_50_70_ac5_ev_target.csv,353.41,5.89,
COMA++,OpenData__miller2_both_50_70_ec_av_source.csv__miller2_both_50_70_ec_av_target.csv,489.84,8.16,
COMA++,OpenData__miller2_both_50_70_ec_ev_source.csv__miller2_both_50_70_ec_ev_target.csv,499.84,8.33,
COMA++,OpenData__miller2_vertical_1_ac1_av_source.csv__miller2_vertical_1_ac1_av_target.csv,143.96,2.4,
COMA++,OpenData__miller2_vertical_1_ac1_ev_source.csv__miller2_vertical_1_ac1_ev_target.csv,131.45,2.19,
COMA++,OpenData__miller2_vertical_1_ac2_av_source.csv__miller2_vertical_1_ac2_av_target.csv,132.32,2.21,
COMA++,OpenData__miller2_vertical_1_ac2_ev_source.csv__miller2_vertical_1_ac2_ev_target.csv,133.94,2.23,
COMA++,OpenData__miller2_vertical_1_ac3_av_source.csv__miller2_vertical_1_ac3_av_target.csv,133.96,2.23,
COMA++,OpenData__miller2_vertical_1_ac3_ev_source.csv__miller2_vertical_1_ac3_ev_target.csv,132.63,2.21,
COMA++,OpenData__miller2_vertical_1_ac4_av_source.csv__miller2_vertical_1_ac4_av_target.csv,132.73,2.21,
COMA++,OpenData__miller2_vertical_1_ac4_ev_source.csv__miller2_vertical_1_ac4_ev_target.csv,133.27,2.22,
COMA++,OpenData__miller2_vertical_1_ac5_av_source.csv__miller2_vertical_1_ac5_av_target.csv,133.57,2.23,
COMA++,OpenData__miller2_vertical_1_ac5_ev_source.csv__miller2_vertical_1_ac5_ev_target.csv,133.32,2.22,
COMA++,OpenData__miller2_vertical_1_ec_av_source.csv__miller2_vertical_1_ec_av_target.csv,133.22,2.22,
COMA++,OpenData__miller2_vertical_1_ec_ev_source.csv__miller2_vertical_1_ec_ev_target.csv,134.4,2.24,
COMA++,OpenData__miller2_vertical_30_ac1_av_source.csv__miller2_vertical_30_ac1_av_target.csv,299.86,5.0,
COMA++,OpenData__miller2_vertical_30_ac1_ev_source.csv__miller2_vertical_30_ac1_ev_target.csv,249.05,4.15,
COMA++,OpenData__miller2_vertical_30_ac2_av_source.csv__miller2_vertical_30_ac2_av_target.csv,240.65,4.01,
COMA++,OpenData__miller2_vertical_30_ac2_ev_source.csv__miller2_vertical_30_ac2_ev_target.csv,275.57,4.59,
COMA++,OpenData__miller2_vertical_30_ac3_av_source.csv__miller2_vertical_30_ac3_av_target.csv,320.32,5.34,
COMA++,OpenData__miller2_vertical_30_ac3_ev_source.csv__miller2_vertical_30_ac3_ev_target.csv,305.61,5.09,
COMA++,OpenData__miller2_vertical_30_ac4_av_source.csv__miller2_vertical_30_ac4_av_target.csv,217.8,3.63,
COMA++,OpenData__miller2_vertical_30_ac4_ev_source.csv__miller2_vertical_30_ac4_ev_target.csv,247.4,4.12,
COMA++,OpenData__miller2_vertical_30_ac5_av_source.csv__miller2_vertical_30_ac5_av_target.csv,214.8,3.58,
COMA++,OpenData__miller2_vertical_30_ac5_ev_source.csv__miller2_vertical_30_ac5_ev_target.csv,265.43,4.42,
COMA++,OpenData__miller2_vertical_30_ec_av_source.csv__miller2_vertical_30_ec_av_target.csv,246.33,4.11,
COMA++,OpenData__miller2_vertical_30_ec_ev_source.csv__miller2_vertical_30_ec_ev_target.csv,241.53,4.03,
COMA++,OpenData__miller2_vertical_50_ac1_av_source.csv__miller2_vertical_50_ac1_av_target.csv,219.04,3.65,
COMA++,OpenData__miller2_vertical_50_ac1_ev_source.csv__miller2_vertical_50_ac1_ev_target.csv,396.28,6.6,
COMA++,OpenData__miller2_vertical_50_ac2_av_source.csv__miller2_vertical_50_ac2_av_target.csv,286.24,4.77,
COMA++,OpenData__miller2_vertical_50_ac2_ev_source.csv__miller2_vertical_50_ac2_ev_target.csv,366.33,6.11,
COMA++,OpenData__miller2_vertical_50_ac3_av_source.csv__miller2_vertical_50_ac3_av_target.csv,392.93,6.55,
COMA++,OpenData__miller2_vertical_50_ac3_ev_source.csv__miller2_vertical_50_ac3_ev_target.csv,324.43,5.41,
COMA++,OpenData__miller2_vertical_50_ac4_av_source.csv__miller2_vertical_50_ac4_av_target.csv,268.75,4.48,
COMA++,OpenData__miller2_vertical_50_ac4_ev_source.csv__miller2_vertical_50_ac4_ev_target.csv,341.91,5.7,
COMA++,OpenData__miller2_vertical_50_ac5_av_source.csv__miller2_vertical_50_ac5_av_target.csv,226.78,3.78,
COMA++,OpenData__miller2_vertical_50_ac5_ev_source.csv__miller2_vertical_50_ac5_ev_target.csv,365.91,6.1,
COMA++,OpenData__miller2_vertical_50_ec_av_source.csv__miller2_vertical_50_ec_av_target.csv,290.8,4.85,
COMA++,OpenData__miller2_vertical_50_ec_ev_source.csv__miller2_vertical_50_ec_ev_target.csv,336.17,5.6,
COMA++,OpenData__miller2_vertical_70_ac1_av_source.csv__miller2_vertical_70_ac1_av_target.csv,360.44,6.01,
COMA++,OpenData__miller2_vertical_70_ac1_ev_source.csv__miller2_vertical_70_ac1_ev_target.csv,498.32,8.31,
COMA++,OpenData__miller2_vertical_70_ac2_av_source.csv__miller2_vertical_70_ac2_av_target.csv,343.2,5.72,
COMA++,OpenData__miller2_vertical_70_ac2_ev_source.csv__miller2_vertical_70_ac2_ev_target.csv,501.22,8.35,
COMA++,OpenData__miller2_vertical_70_ac3_av_source.csv__miller2_vertical_70_ac3_av_target.csv,361.67,6.03,
COMA++,OpenData__miller2_vertical_70_ac3_ev_source.csv__miller2_vertical_70_ac3_ev_target.csv,413.95,6.9,
COMA++,OpenData__miller2_vertical_70_ac4_av_source.csv__miller2_vertical_70_ac4_av_target.csv,488.65,8.14,
COMA++,OpenData__miller2_vertical_70_ac4_ev_source.csv__miller2_vertical_70_ac4_ev_target.csv,453.31,7.56,
COMA++,OpenData__miller2_vertical_70_ac5_av_source.csv__miller2_vertical_70_ac5_av_target.csv,269.4,4.49,
COMA++,OpenData__miller2_vertical_70_ac5_ev_source.csv__miller2_vertical_70_ac5_ev_target.csv,508.4,8.47,
COMA++,OpenData__miller2_vertical_70_ec_av_source.csv__miller2_vertical_70_ec_av_target.csv,353.26,5.89,
COMA++,OpenData__miller2_vertical_70_ec_ev_source.csv__miller2_vertical_70_ec_ev_target.csv,463.1,7.72,
COMA++,TPC-DI__prospect_both_0_1_ac1_av_source.csv__prospect_both_0_1_ac1_av_target.csv,52.68,0.88,
COMA++,TPC-DI__prospect_both_0_1_ac1_ev_source.csv__prospect_both_0_1_ac1_ev_target.csv,51.01,0.85,
COMA++,TPC-DI__prospect_both_0_1_ac2_av_source.csv__prospect_both_0_1_ac2_av_target.csv,47.6,0.79,
COMA++,TPC-DI__prospect_both_0_1_ac2_ev_source.csv__prospect_both_0_1_ac2_ev_target.csv,48.89,0.81,
COMA++,TPC-DI__prospect_both_0_1_ac3_av_source.csv__prospect_both_0_1_ac3_av_target.csv,50.97,0.85,
COMA++,TPC-DI__prospect_both_0_1_ac3_ev_source.csv__prospect_both_0_1_ac3_ev_target.csv,46.1,0.77,
COMA++,TPC-DI__prospect_both_0_1_ac4_av_source.csv__prospect_both_0_1_ac4_av_target.csv,46.12,0.77,
COMA++,TPC-DI__prospect_both_0_1_ac4_ev_source.csv__prospect_both_0_1_ac4_ev_target.csv,47.58,0.79,
COMA++,TPC-DI__prospect_both_0_1_ac5_av_source.csv__prospect_both_0_1_ac5_av_target.csv,45.85,0.76,
COMA++,TPC-DI__prospect_both_0_1_ac5_ev_source.csv__prospect_both_0_1_ac5_ev_target.csv,50.73,0.85,
COMA++,TPC-DI__prospect_both_0_1_ec_av_source.csv__prospect_both_0_1_ec_av_target.csv,47.49,0.79,
COMA++,TPC-DI__prospect_both_0_1_ec_ev_source.csv__prospect_both_0_1_ec_ev_target.csv,49.52,0.83,
COMA++,TPC-DI__prospect_both_0_30_ac1_av_source.csv__prospect_both_0_30_ac1_av_target.csv,101.96,1.7,
COMA++,TPC-DI__prospect_both_0_30_ac1_ev_source.csv__prospect_both_0_30_ac1_ev_target.csv,79.2,1.32,
COMA++,TPC-DI__prospect_both_0_30_ac2_av_source.csv__prospect_both_0_30_ac2_av_target.csv,70.84,1.18,
COMA++,TPC-DI__prospect_both_0_30_ac2_ev_source.csv__prospect_both_0_30_ac2_ev_target.csv,81.95,1.37,
COMA++,TPC-DI__prospect_both_0_30_ac3_av_source.csv__prospect_both_0_30_ac3_av_target.csv,79.41,1.32,
COMA++,TPC-DI__prospect_both_0_30_ac3_ev_source.csv__prospect_both_0_30_ac3_ev_target.csv,76.03,1.27,
COMA++,TPC-DI__prospect_both_0_30_ac4_av_source.csv__prospect_both_0_30_ac4_av_target.csv,74.32,1.24,
COMA++,TPC-DI__prospect_both_0_30_ac4_ev_source.csv__prospect_both_0_30_ac4_ev_target.csv,82.4,1.37,
COMA++,TPC-DI__prospect_both_0_30_ac5_av_source.csv__prospect_both_0_30_ac5_av_target.csv,61.22,1.02,
COMA++,TPC-DI__prospect_both_0_30_ac5_ev_source.csv__prospect_both_0_30_ac5_ev_target.csv,81.87,1.36,
COMA++,TPC-DI__prospect_both_0_30_ec_av_source.csv__prospect_both_0_30_ec_av_target.csv,80.93,1.35,
COMA++,TPC-DI__prospect_both_0_30_ec_ev_source.csv__prospect_both_0_30_ec_ev_target.csv,90.65,1.51,
COMA++,TPC-DI__prospect_both_0_50_ac1_av_source.csv__prospect_both_0_50_ac1_av_target.csv,137.92,2.3,
COMA++,TPC-DI__prospect_both_0_50_ac1_ev_source.csv__prospect_both_0_50_ac1_ev_target.csv,112.93,1.88,
COMA++,TPC-DI__prospect_both_0_50_ac2_av_source.csv__prospect_both_0_50_ac2_av_target.csv,104.91,1.75,
COMA++,TPC-DI__prospect_both_0_50_ac2_ev_source.csv__prospect_both_0_50_ac2_ev_target.csv,140.97,2.35,
COMA++,TPC-DI__prospect_both_0_50_ac3_av_source.csv__prospect_both_0_50_ac3_av_target.csv,114.24,1.9,
COMA++,TPC-DI__prospect_both_0_50_ac3_ev_source.csv__prospect_both_0_50_ac3_ev_target.csv,102.12,1.7,
COMA++,TPC-DI__prospect_both_0_50_ac4_av_source.csv__prospect_both_0_50_ac4_av_target.csv,129.75,2.16,
COMA++,TPC-DI__prospect_both_0_50_ac4_ev_source.csv__prospect_both_0_50_ac4_ev_target.csv,110.12,1.84,
COMA++,TPC-DI__prospect_both_0_50_ac5_av_source.csv__prospect_both_0_50_ac5_av_target.csv,125.26,2.09,
COMA++,TPC-DI__prospect_both_0_50_ac5_ev_source.csv__prospect_both_0_50_ac5_ev_target.csv,99.06,1.65,
COMA++,TPC-DI__prospect_both_0_50_ec_av_source.csv__prospect_both_0_50_ec_av_target.csv,101.56,1.69,
COMA++,TPC-DI__prospect_both_0_50_ec_ev_source.csv__prospect_both_0_50_ec_ev_target.csv,102.09,1.7,
COMA++,TPC-DI__prospect_both_0_70_ac1_av_source.csv__prospect_both_0_70_ac1_av_target.csv,144.31,2.41,
COMA++,TPC-DI__prospect_both_0_70_ac1_ev_source.csv__prospect_both_0_70_ac1_ev_target.csv,146.57,2.44,
COMA++,TPC-DI__prospect_both_0_70_ac2_av_source.csv__prospect_both_0_70_ac2_av_target.csv,148.46,2.47,
COMA++,TPC-DI__prospect_both_0_70_ac2_ev_source.csv__prospect_both_0_70_ac2_ev_target.csv,128.78,2.15,
COMA++,TPC-DI__prospect_both_0_70_ac3_av_source.csv__prospect_both_0_70_ac3_av_target.csv,151.73,2.53,
COMA++,TPC-DI__prospect_both_0_70_ac3_ev_source.csv__prospect_both_0_70_ac3_ev_target.csv,167.1,2.79,
COMA++,TPC-DI__prospect_both_0_70_ac4_av_source.csv__prospect_both_0_70_ac4_av_target.csv,158.66,2.64,
COMA++,TPC-DI__prospect_both_0_70_ac4_ev_source.csv__prospect_both_0_70_ac4_ev_target.csv,144.46,2.41,
COMA++,TPC-DI__prospect_both_0_70_ac5_av_source.csv__prospect_both_0_70_ac5_av_target.csv,138.21,2.3,
COMA++,TPC-DI__prospect_both_0_70_ac5_ev_source.csv__prospect_both_0_70_ac5_ev_target.csv,147.41,2.46,
COMA++,TPC-DI__prospect_both_0_70_ec_av_source.csv__prospect_both_0_70_ec_av_target.csv,129.48,2.16,
COMA++,TPC-DI__prospect_both_0_70_ec_ev_source.csv__prospect_both_0_70_ec_ev_target.csv,140.86,2.35,
COMA++,TPC-DI__prospect_both_50_1_ac1_av_source.csv__prospect_both_50_1_ac1_av_target.csv,46.73,0.78,
COMA++,TPC-DI__prospect_both_50_1_ac1_ev_source.csv__prospect_both_50_1_ac1_ev_target.csv,45.68,0.76,
COMA++,TPC-DI__prospect_both_50_1_ac2_av_source.csv__prospect_both_50_1_ac2_av_target.csv,50.45,0.84,
COMA++,TPC-DI__prospect_both_50_1_ac2_ev_source.csv__prospect_both_50_1_ac2_ev_target.csv,49.36,0.82,
COMA++,TPC-DI__prospect_both_50_1_ac3_av_source.csv__prospect_both_50_1_ac3_av_target.csv,46.3,0.77,
COMA++,TPC-DI__prospect_both_50_1_ac3_ev_source.csv__prospect_both_50_1_ac3_ev_target.csv,47.19,0.79,
COMA++,TPC-DI__prospect_both_50_1_ac4_av_source.csv__prospect_both_50_1_ac4_av_target.csv,45.38,0.76,
COMA++,TPC-DI__prospect_both_50_1_ac4_ev_source.csv__prospect_both_50_1_ac4_ev_target.csv,46.65,0.78,
COMA++,TPC-DI__prospect_both_50_1_ac5_av_source.csv__prospect_both_50_1_ac5_av_target.csv,49.42,0.82,
COMA++,TPC-DI__prospect_both_50_1_ac5_ev_source.csv__prospect_both_50_1_ac5_ev_target.csv,47.57,0.79,
COMA++,TPC-DI__prospect_both_50_1_ec_av_source.csv__prospect_both_50_1_ec_av_target.csv,51.37,0.86,
COMA++,TPC-DI__prospect_both_50_1_ec_ev_source.csv__prospect_both_50_1_ec_ev_target.csv,46.18,0.77,
COMA++,TPC-DI__prospect_both_50_30_ac1_av_source.csv__prospect_both_50_30_ac1_av_target.csv,79.85,1.33,
COMA++,TPC-DI__prospect_both_50_30_ac1_ev_source.csv__prospect_both_50_30_ac1_ev_target.csv,65.55,1.09,
COMA++,TPC-DI__prospect_both_50_30_ac2_av_source.csv__prospect_both_50_30_ac2_av_target.csv,83.58,1.39,
COMA++,TPC-DI__prospect_both_50_30_ac2_ev_source.csv__prospect_both_50_30_ac2_ev_target.csv,64.17,1.07,
COMA++,TPC-DI__prospect_both_50_30_ac3_ev_source.csv__prospect_both_50_30_ac3_ev_target.csv,72.75,1.21,
COMA++,TPC-DI__prospect_both_50_30_ac4_av_source.csv__prospect_both_50_30_ac4_av_target.csv,76.88,1.28,
COMA++,TPC-DI__prospect_both_50_30_ac4_ev_source.csv__prospect_both_50_30_ac4_ev_target.csv,81.02,1.35,
COMA++,TPC-DI__prospect_both_50_30_ac5_av_source.csv__prospect_both_50_30_ac5_av_target.csv,70.74,1.18,
COMA++,TPC-DI__prospect_both_50_30_ac5_ev_source.csv__prospect_both_50_30_ac5_ev_target.csv,74.73,1.25,
COMA++,TPC-DI__prospect_both_50_30_ec_av_source.csv__prospect_both_50_30_ec_av_target.csv,84.95,1.42,
COMA++,TPC-DI__prospect_both_50_30_ec_ev_source.csv__prospect_both_50_30_ec_ev_target.csv,78.89,1.31,
COMA++,TPC-DI__prospect_both_50_50_ac1_av_source.csv__prospect_both_50_50_ac1_av_target.csv,137.97,2.3,
COMA++,TPC-DI__prospect_both_50_50_ac1_ev_source.csv__prospect_both_50_50_ac1_ev_target.csv,98.83,1.65,
COMA++,TPC-DI__prospect_both_50_50_ac2_av_source.csv__prospect_both_50_50_ac2_av_target.csv,133.15,2.22,
COMA++,TPC-DI__prospect_both_50_50_ac2_ev_source.csv__prospect_both_50_50_ac2_ev_target.csv,108.28,1.8,
COMA++,TPC-DI__prospect_both_50_50_ac3_ev_source.csv__prospect_both_50_50_ac3_ev_target.csv,98.19,1.64,
COMA++,TPC-DI__prospect_both_50_50_ac4_av_source.csv__prospect_both_50_50_ac4_av_target.csv,128.89,2.15,
COMA++,TPC-DI__prospect_both_50_50_ac4_ev_source.csv__prospect_both_50_50_ac4_ev_target.csv,100.59,1.68,
COMA++,TPC-DI__prospect_both_50_50_ac5_av_source.csv__prospect_both_50_50_ac5_av_target.csv,116.9,1.95,
COMA++,TPC-DI__prospect_both_50_50_ac5_ev_source.csv__prospect_both_50_50_ac5_ev_target.csv,124.89,2.08,
COMA++,TPC-DI__prospect_both_50_50_ec_av_source.csv__prospect_both_50_50_ec_av_target.csv,124.39,2.07,
COMA++,TPC-DI__prospect_both_50_50_ec_ev_source.csv__prospect_both_50_50_ec_ev_target.csv,123.48,2.06,
COMA++,TPC-DI__prospect_both_50_70_ac1_av_source.csv__prospect_both_50_70_ac1_av_target.csv,122.74,2.05,
COMA++,TPC-DI__prospect_both_50_70_ac1_ev_source.csv__prospect_both_50_70_ac1_ev_target.csv,135.53,2.26,
COMA++,TPC-DI__prospect_both_50_70_ac2_av_source.csv__prospect_both_50_70_ac2_av_target.csv,128.71,2.15,
COMA++,TPC-DI__prospect_both_50_70_ac2_ev_source.csv__prospect_both_50_70_ac2_ev_target.csv,115.88,1.93,
COMA++,TPC-DI__prospect_both_50_70_ac3_av_source.csv__prospect_both_50_70_ac3_av_target.csv,155.85,2.6,
COMA++,TPC-DI__prospect_both_50_70_ac3_ev_source.csv__prospect_both_50_70_ac3_ev_target.csv,144.58,2.41,
COMA++,TPC-DI__prospect_both_50_70_ac4_av_source.csv__prospect_both_50_70_ac4_av_target.csv,142.87,2.38,
COMA++,TPC-DI__prospect_both_50_70_ac4_ev_source.csv__prospect_both_50_70_ac4_ev_target.csv,138.26,2.3,
COMA++,TPC-DI__prospect_both_50_70_ac5_av_source.csv__prospect_both_50_70_ac5_av_target.csv,156.29,2.6,
COMA++,TPC-DI__prospect_both_50_70_ac5_ev_source.csv__prospect_both_50_70_ac5_ev_target.csv,132.95,2.22,
COMA++,TPC-DI__prospect_both_50_70_ec_av_source.csv__prospect_both_50_70_ec_av_target.csv,155.27,2.59,
COMA++,TPC-DI__prospect_both_50_70_ec_ev_source.csv__prospect_both_50_70_ec_ev_target.csv,130.66,2.18,
COMA++,TPC-DI__prospect_horizontal_0_ac1_av_source.csv__prospect_horizontal_0_ac1_av_target.csv,203.2,3.39,
COMA++,TPC-DI__prospect_horizontal_0_ac1_ev_source.csv__prospect_horizontal_0_ac1_ev_target.csv,230.71,3.85,
COMA++,TPC-DI__prospect_horizontal_0_ac2_av_source.csv__prospect_horizontal_0_ac2_av_target.csv,209.58,3.49,
COMA++,TPC-DI__prospect_horizontal_0_ac2_ev_source.csv__prospect_horizontal_0_ac2_ev_target.csv,221.44,3.69,
COMA++,TPC-DI__prospect_horizontal_0_ac3_av_source.csv__prospect_horizontal_0_ac3_av_target.csv,222.64,3.71,
COMA++,TPC-DI__prospect_horizontal_0_ac4_av_source.csv__prospect_horizontal_0_ac4_av_target.csv,203.51,3.39,
COMA++,TPC-DI__prospect_horizontal_0_ac4_ev_source.csv__prospect_horizontal_0_ac4_ev_target.csv,188.67,3.14,
COMA++,TPC-DI__prospect_horizontal_0_ac5_av_source.csv__prospect_horizontal_0_ac5_av_target.csv,210.32,3.51,
COMA++,TPC-DI__prospect_horizontal_0_ac5_ev_source.csv__prospect_horizontal_0_ac5_ev_target.csv,220.56,3.68,
COMA++,TPC-DI__prospect_horizontal_0_ec_ev_source.csv__prospect_horizontal_0_ec_ev_target.csv,224.99,3.75,
COMA++,TPC-DI__prospect_horizontal_100_ac1_av_source.csv__prospect_horizontal_100_ac1_av_target.csv,212.08,3.53,
COMA++,TPC-DI__prospect_horizontal_100_ac1_ev_source.csv__prospect_horizontal_100_ac1_ev_target.csv,226.18,3.77,
COMA++,TPC-DI__prospect_horizontal_100_ac2_av_source.csv__prospect_horizontal_100_ac2_av_target.csv,238.77,3.98,
COMA++,TPC-DI__prospect_horizontal_100_ac2_ev_source.csv__prospect_horizontal_100_ac2_ev_target.csv,235.66,3.93,
COMA++,TPC-DI__prospect_horizontal_100_ac3_av_source.csv__prospect_horizontal_100_ac3_av_target.csv,240.35,4.01,
COMA++,TPC-DI__prospect_horizontal_100_ac3_ev_source.csv__prospect_horizontal_100_ac3_ev_target.csv,198.92,3.32,
COMA++,TPC-DI__prospect_horizontal_100_ac4_av_source.csv__prospect_horizontal_100_ac4_av_target.csv,199.14,3.32,
COMA++,TPC-DI__prospect_horizontal_100_ac4_ev_source.csv__prospect_horizontal_100_ac4_ev_target.csv,219.31,3.66,
COMA++,TPC-DI__prospect_horizontal_100_ac5_av_source.csv__prospect_horizontal_100_ac5_av_target.csv,212.42,3.54,
COMA++,TPC-DI__prospect_horizontal_100_ac5_ev_source.csv__prospect_horizontal_100_ac5_ev_target.csv,220.21,3.67,
COMA++,TPC-DI__prospect_horizontal_100_ec_av_source.csv__prospect_horizontal_100_ec_av_target.csv,231.49,3.86,
COMA++,TPC-DI__prospect_horizontal_100_ec_ev_source.csv__prospect_horizontal_100_ec_ev_target.csv,231.09,3.85,
COMA++,TPC-DI__prospect_horizontal_50_ac1_av_source.csv__prospect_horizontal_50_ac1_av_target.csv,252.21,4.2,
COMA++,TPC-DI__prospect_horizontal_50_ac1_ev_source.csv__prospect_horizontal_50_ac1_ev_target.csv,208.66,3.48,
COMA++,TPC-DI__prospect_horizontal_50_ac2_ev_source.csv__prospect_horizontal_50_ac2_ev_target.csv,254.79,4.25,
COMA++,TPC-DI__prospect_horizontal_50_ac3_av_source.csv__prospect_horizontal_50_ac3_av_target.csv,202.05,3.37,
COMA++,TPC-DI__prospect_horizontal_50_ac3_ev_source.csv__prospect_horizontal_50_ac3_ev_target.csv,214.97,3.58,
COMA++,TPC-DI__prospect_horizontal_50_ac4_av_source.csv__prospect_horizontal_50_ac4_av_target.csv,235.95,3.93,
COMA++,TPC-DI__prospect_horizontal_50_ac4_ev_source.csv__prospect_horizontal_50_ac4_ev_target.csv,202.76,3.38,
COMA++,TPC-DI__prospect_horizontal_50_ac5_av_source.csv__prospect_horizontal_50_ac5_av_target.csv,221.94,3.7,
COMA++,TPC-DI__prospect_horizontal_50_ac5_ev_source.csv__prospect_horizontal_50_ac5_ev_target.csv,199.84,3.33,
COMA++,TPC-DI__prospect_horizontal_50_ec_av_source.csv__prospect_horizontal_50_ec_av_target.csv,229.38,3.82,
COMA++,TPC-DI__prospect_horizontal_50_ec_ev_source.csv__prospect_horizontal_50_ec_ev_target.csv,210.75,3.51,
COMA++,TPC-DI__prospect_vertical_1_ac1_av_source.csv__prospect_vertical_1_ac1_av_target.csv,44.77,0.75,
COMA++,TPC-DI__prospect_vertical_1_ac1_ev_source.csv__prospect_vertical_1_ac1_ev_target.csv,47.33,0.79,
COMA++,TPC-DI__prospect_vertical_1_ac2_av_source.csv__prospect_vertical_1_ac2_av_target.csv,47.37,0.79,
COMA++,TPC-DI__prospect_vertical_1_ac2_ev_source.csv__prospect_vertical_1_ac2_ev_target.csv,48.98,0.82,
COMA++,TPC-DI__prospect_vertical_1_ac3_av_source.csv__prospect_vertical_1_ac3_av_target.csv,45.35,0.76,
COMA++,TPC-DI__prospect_vertical_1_ac3_ev_source.csv__prospect_vertical_1_ac3_ev_target.csv,45.78,0.76,
COMA++,TPC-DI__prospect_vertical_1_ac4_av_source.csv__prospect_vertical_1_ac4_av_target.csv,49.61,0.83,
COMA++,TPC-DI__prospect_vertical_1_ac4_ev_source.csv__prospect_vertical_1_ac4_ev_target.csv,51.35,0.86,
COMA++,TPC-DI__prospect_vertical_1_ac5_av_source.csv__prospect_vertical_1_ac5_av_target.csv,47.28,0.79,
COMA++,TPC-DI__prospect_vertical_1_ac5_ev_source.csv__prospect_vertical_1_ac5_ev_target.csv,50.13,0.84,
COMA++,TPC-DI__prospect_vertical_1_ec_av_source.csv__prospect_vertical_1_ec_av_target.csv,49.88,0.83,
COMA++,TPC-DI__prospect_vertical_1_ec_ev_source.csv__prospect_vertical_1_ec_ev_target.csv,48.09,0.8,
COMA++,TPC-DI__prospect_vertical_30_ac1_av_source.csv__prospect_vertical_30_ac1_av_target.csv,68.74,1.15,
COMA++,TPC-DI__prospect_vertical_30_ac1_ev_source.csv__prospect_vertical_30_ac1_ev_target.csv,67.17,1.12,
COMA++,TPC-DI__prospect_vertical_30_ac2_av_source.csv__prospect_vertical_30_ac2_av_target.csv,66.8,1.11,
COMA++,TPC-DI__prospect_vertical_30_ac2_ev_source.csv__prospect_vertical_30_ac2_ev_target.csv,68.35,1.14,
COMA++,TPC-DI__prospect_vertical_30_ac3_av_source.csv__prospect_vertical_30_ac3_av_target.csv,61.36,1.02,
COMA++,TPC-DI__prospect_vertical_30_ac3_ev_source.csv__prospect_vertical_30_ac3_ev_target.csv,68.97,1.15,
COMA++,TPC-DI__prospect_vertical_30_ac4_av_source.csv__prospect_vertical_30_ac4_av_target.csv,83.0,1.38,
COMA++,TPC-DI__prospect_vertical_30_ac4_ev_source.csv__prospect_vertical_30_ac4_ev_target.csv,80.95,1.35,
COMA++,TPC-DI__prospect_vertical_30_ac5_av_source.csv__prospect_vertical_30_ac5_av_target.csv,63.76,1.06,
COMA++,TPC-DI__prospect_vertical_30_ac5_ev_source.csv__prospect_vertical_30_ac5_ev_target.csv,74.56,1.24,
COMA++,TPC-DI__prospect_vertical_30_ec_av_source.csv__prospect_vertical_30_ec_av_target.csv,65.63,1.09,
COMA++,TPC-DI__prospect_vertical_30_ec_ev_source.csv__prospect_vertical_30_ec_ev_target.csv,60.41,1.01,
COMA++,TPC-DI__prospect_vertical_50_ac1_av_source.csv__prospect_vertical_50_ac1_av_target.csv,94.14,1.57,
COMA++,TPC-DI__prospect_vertical_50_ac1_ev_source.csv__prospect_vertical_50_ac1_ev_target.csv,94.86,1.58,
COMA++,TPC-DI__prospect_vertical_50_ac2_av_source.csv__prospect_vertical_50_ac2_av_target.csv,107.56,1.79,
COMA++,TPC-DI__prospect_vertical_50_ac2_ev_source.csv__prospect_vertical_50_ac2_ev_target.csv,124.22,2.07,
COMA++,TPC-DI__prospect_vertical_50_ac3_av_source.csv__prospect_vertical_50_ac3_av_target.csv,104.64,1.74,
COMA++,TPC-DI__prospect_vertical_50_ac3_ev_source.csv__prospect_vertical_50_ac3_ev_target.csv,95.46,1.59,
COMA++,TPC-DI__prospect_vertical_50_ac4_av_source.csv__prospect_vertical_50_ac4_av_target.csv,113.08,1.88,
COMA++,TPC-DI__prospect_vertical_50_ac4_ev_source.csv__prospect_vertical_50_ac4_ev_target.csv,88.84,1.48,
COMA++,TPC-DI__prospect_vertical_50_ac5_av_source.csv__prospect_vertical_50_ac5_av_target.csv,140.09,2.33,
COMA++,TPC-DI__prospect_vertical_50_ac5_ev_source.csv__prospect_vertical_50_ac5_ev_target.csv,85.99,1.43,
COMA++,TPC-DI__prospect_vertical_50_ec_av_source.csv__prospect_vertical_50_ec_av_target.csv,117.54,1.96,
COMA++,TPC-DI__prospect_vertical_50_ec_ev_source.csv__prospect_vertical_50_ec_ev_target.csv,84.62,1.41,
COMA++,TPC-DI__prospect_vertical_70_ac1_av_source.csv__prospect_vertical_70_ac1_av_target.csv,135.45,2.26,
COMA++,TPC-DI__prospect_vertical_70_ac1_ev_source.csv__prospect_vertical_70_ac1_ev_target.csv,127.67,2.13,
COMA++,TPC-DI__prospect_vertical_70_ac2_av_source.csv__prospect_vertical_70_ac2_av_target.csv,151.14,2.52,
COMA++,TPC-DI__prospect_vertical_70_ac2_ev_source.csv__prospect_vertical_70_ac2_ev_target.csv,143.96,2.4,
COMA++,TPC-DI__prospect_vertical_70_ac3_av_source.csv__prospect_vertical_70_ac3_av_target.csv,147.85,2.46,
COMA++,TPC-DI__prospect_vertical_70_ac3_ev_source.csv__prospect_vertical_70_ac3_ev_target.csv,138.22,2.3,
COMA++,TPC-DI__prospect_vertical_70_ac4_av_source.csv__prospect_vertical_70_ac4_av_target.csv,140.16,2.34,
COMA++,TPC-DI__prospect_vertical_70_ac4_ev_source.csv__prospect_vertical_70_ac4_ev_target.csv,102.48,1.71,
COMA++,TPC-DI__prospect_vertical_70_ac5_av_source.csv__prospect_vertical_70_ac5_av_target.csv,127.93,2.13,
COMA++,TPC-DI__prospect_vertical_70_ac5_ev_source.csv__prospect_vertical_70_ac5_ev_target.csv,143.56,2.39,
COMA++,TPC-DI__prospect_vertical_70_ec_av_source.csv__prospect_vertical_70_ec_av_target.csv,162.34,2.71,
COMA++,TPC-DI__prospect_vertical_70_ec_ev_source.csv__prospect_vertical_70_ec_ev_target.csv,145.13,2.42,
COMA++,Wikidata__musicians_joinable_source.csv__musicians_joinable_target.csv,45.59,0.76,
COMA++,Wikidata__musicians_semjoinable_source.csv__musicians_semjoinable_target.csv,46.46,0.77,
COMA++,Wikidata__musicians_unionable_source.csv__musicians_unionable_target.csv,87.17,1.45,
COMA++,Wikidata__musicians_viewunion_source.csv__musicians_viewunion_target.csv,39.91,0.67,
COMA,ChEMBL__assays_both_0_1_ac1_av_source.csv__assays_both_0_1_ac1_av_target.csv,1.25,0.02,
COMA,ChEMBL__assays_both_0_1_ac1_ev_source.csv__assays_both_0_1_ac1_ev_target.csv,1.24,0.02,
COMA,ChEMBL__assays_both_0_1_ac2_av_source.csv__assays_both_0_1_ac2_av_target.csv,1.26,0.02,
COMA,ChEMBL__assays_both_0_1_ac2_ev_source.csv__assays_both_0_1_ac2_ev_target.csv,1.23,0.02,
COMA,ChEMBL__assays_both_0_1_ac3_av_source.csv__assays_both_0_1_ac3_av_target.csv,1.2,0.02,
COMA,ChEMBL__assays_both_0_1_ac3_ev_source.csv__assays_both_0_1_ac3_ev_target.csv,1.23,0.02,
COMA,ChEMBL__assays_both_0_1_ac4_av_source.csv__assays_both_0_1_ac4_av_target.csv,1.25,0.02,
COMA,ChEMBL__assays_both_0_1_ac4_ev_source.csv__assays_both_0_1_ac4_ev_target.csv,1.22,0.02,
COMA,ChEMBL__assays_both_0_1_ac5_av_source.csv__assays_both_0_1_ac5_av_target.csv,1.34,0.02,
COMA,ChEMBL__assays_both_0_1_ac5_ev_source.csv__assays_both_0_1_ac5_ev_target.csv,1.24,0.02,
COMA,ChEMBL__assays_both_0_1_ec_av_source.csv__assays_both_0_1_ec_av_target.csv,1.27,0.02,
COMA,ChEMBL__assays_both_0_1_ec_ev_source.csv__assays_both_0_1_ec_ev_target.csv,1.3,0.02,
COMA,ChEMBL__assays_both_0_30_ac1_av_source.csv__assays_both_0_30_ac1_av_target.csv,1.31,0.02,
COMA,ChEMBL__assays_both_0_30_ac1_ev_source.csv__assays_both_0_30_ac1_ev_target.csv,1.35,0.02,
COMA,ChEMBL__assays_both_0_30_ac2_av_source.csv__assays_both_0_30_ac2_av_target.csv,1.35,0.02,
COMA,ChEMBL__assays_both_0_30_ac2_ev_source.csv__assays_both_0_30_ac2_ev_target.csv,1.29,0.02,
COMA,ChEMBL__assays_both_0_30_ac3_av_source.csv__assays_both_0_30_ac3_av_target.csv,1.42,0.02,
COMA,ChEMBL__assays_both_0_30_ac3_ev_source.csv__assays_both_0_30_ac3_ev_target.csv,1.35,0.02,
COMA,ChEMBL__assays_both_0_30_ac4_av_source.csv__assays_both_0_30_ac4_av_target.csv,1.32,0.02,
COMA,ChEMBL__assays_both_0_30_ac4_ev_source.csv__assays_both_0_30_ac4_ev_target.csv,1.29,0.02,
COMA,ChEMBL__assays_both_0_30_ac5_av_source.csv__assays_both_0_30_ac5_av_target.csv,1.26,0.02,
COMA,ChEMBL__assays_both_0_30_ac5_ev_source.csv__assays_both_0_30_ac5_ev_target.csv,1.33,0.02,
COMA,ChEMBL__assays_both_0_30_ec_av_source.csv__assays_both_0_30_ec_av_target.csv,1.31,0.02,
COMA,ChEMBL__assays_both_0_30_ec_ev_source.csv__assays_both_0_30_ec_ev_target.csv,1.36,0.02,
COMA,ChEMBL__assays_both_0_50_ac1_av_source.csv__assays_both_0_50_ac1_av_target.csv,1.49,0.02,
COMA,ChEMBL__assays_both_0_50_ac1_ev_source.csv__assays_both_0_50_ac1_ev_target.csv,1.53,0.03,
COMA,ChEMBL__assays_both_0_50_ac2_av_source.csv__assays_both_0_50_ac2_av_target.csv,1.39,0.02,
COMA,ChEMBL__assays_both_0_50_ac2_ev_source.csv__assays_both_0_50_ac2_ev_target.csv,1.51,0.03,
COMA,ChEMBL__assays_both_0_50_ac3_av_source.csv__assays_both_0_50_ac3_av_target.csv,1.49,0.02,
COMA,ChEMBL__assays_both_0_50_ac3_ev_source.csv__assays_both_0_50_ac3_ev_target.csv,1.41,0.02,
COMA,ChEMBL__assays_both_0_50_ac4_av_source.csv__assays_both_0_50_ac4_av_target.csv,1.44,0.02,
COMA,ChEMBL__assays_both_0_50_ac4_ev_source.csv__assays_both_0_50_ac4_ev_target.csv,1.44,0.02,
COMA,ChEMBL__assays_both_0_50_ac5_av_source.csv__assays_both_0_50_ac5_av_target.csv,1.41,0.02,
COMA,ChEMBL__assays_both_0_50_ac5_ev_source.csv__assays_both_0_50_ac5_ev_target.csv,1.39,0.02,
COMA,ChEMBL__assays_both_0_50_ec_av_source.csv__assays_both_0_50_ec_av_target.csv,1.49,0.02,
COMA,ChEMBL__assays_both_0_50_ec_ev_source.csv__assays_both_0_50_ec_ev_target.csv,1.45,0.02,
COMA,ChEMBL__assays_both_0_70_ac1_av_source.csv__assays_both_0_70_ac1_av_target.csv,1.43,0.02,
COMA,ChEMBL__assays_both_0_70_ac1_ev_source.csv__assays_both_0_70_ac1_ev_target.csv,1.67,0.03,
COMA,ChEMBL__assays_both_0_70_ac2_av_source.csv__assays_both_0_70_ac2_av_target.csv,1.41,0.02,
COMA,ChEMBL__assays_both_0_70_ac2_ev_source.csv__assays_both_0_70_ac2_ev_target.csv,1.45,0.02,
COMA,ChEMBL__assays_both_0_70_ac3_av_source.csv__assays_both_0_70_ac3_av_target.csv,1.44,0.02,
COMA,ChEMBL__assays_both_0_70_ac3_ev_source.csv__assays_both_0_70_ac3_ev_target.csv,1.51,0.03,
COMA,ChEMBL__assays_both_0_70_ac4_av_source.csv__assays_both_0_70_ac4_av_target.csv,1.64,0.03,
COMA,ChEMBL__assays_both_0_70_ac4_ev_source.csv__assays_both_0_70_ac4_ev_target.csv,1.53,0.03,
COMA,ChEMBL__assays_both_0_70_ac5_av_source.csv__assays_both_0_70_ac5_av_target.csv,1.54,0.03,
COMA,ChEMBL__assays_both_0_70_ac5_ev_source.csv__assays_both_0_70_ac5_ev_target.csv,1.52,0.03,
COMA,ChEMBL__assays_both_0_70_ec_av_source.csv__assays_both_0_70_ec_av_target.csv,1.6,0.03,
COMA,ChEMBL__assays_both_0_70_ec_ev_source.csv__assays_both_0_70_ec_ev_target.csv,1.47,0.02,
COMA,ChEMBL__assays_both_50_1_ac1_av_source.csv__assays_both_50_1_ac1_av_target.csv,1.3,0.02,
COMA,ChEMBL__assays_both_50_1_ac1_ev_source.csv__assays_both_50_1_ac1_ev_target.csv,1.2,0.02,
COMA,ChEMBL__assays_both_50_1_ac2_av_source.csv__assays_both_50_1_ac2_av_target.csv,1.27,0.02,
COMA,ChEMBL__assays_both_50_1_ac2_ev_source.csv__assays_both_50_1_ac2_ev_target.csv,1.24,0.02,
COMA,ChEMBL__assays_both_50_1_ac3_av_source.csv__assays_both_50_1_ac3_av_target.csv,1.26,0.02,
COMA,ChEMBL__assays_both_50_1_ac3_ev_source.csv__assays_both_50_1_ac3_ev_target.csv,1.33,0.02,
COMA,ChEMBL__assays_both_50_1_ac4_av_source.csv__assays_both_50_1_ac4_av_target.csv,1.24,0.02,
COMA,ChEMBL__assays_both_50_1_ac4_ev_source.csv__assays_both_50_1_ac4_ev_target.csv,1.25,0.02,
COMA,ChEMBL__assays_both_50_1_ac5_av_source.csv__assays_both_50_1_ac5_av_target.csv,1.27,0.02,
COMA,ChEMBL__assays_both_50_1_ac5_ev_source.csv__assays_both_50_1_ac5_ev_target.csv,1.27,0.02,
COMA,ChEMBL__assays_both_50_1_ec_av_source.csv__assays_both_50_1_ec_av_target.csv,1.25,0.02,
COMA,ChEMBL__assays_both_50_1_ec_ev_source.csv__assays_both_50_1_ec_ev_target.csv,1.22,0.02,
COMA,ChEMBL__assays_both_50_30_ac1_av_source.csv__assays_both_50_30_ac1_av_target.csv,1.33,0.02,
COMA,ChEMBL__assays_both_50_30_ac1_ev_source.csv__assays_both_50_30_ac1_ev_target.csv,1.34,0.02,
COMA,ChEMBL__assays_both_50_30_ac2_av_source.csv__assays_both_50_30_ac2_av_target.csv,1.36,0.02,
COMA,ChEMBL__assays_both_50_30_ac2_ev_source.csv__assays_both_50_30_ac2_ev_target.csv,1.33,0.02,
COMA,ChEMBL__assays_both_50_30_ac3_av_source.csv__assays_both_50_30_ac3_av_target.csv,1.34,0.02,
COMA,ChEMBL__assays_both_50_30_ac3_ev_source.csv__assays_both_50_30_ac3_ev_target.csv,1.39,0.02,
COMA,ChEMBL__assays_both_50_30_ac4_av_source.csv__assays_both_50_30_ac4_av_target.csv,1.37,0.02,
COMA,ChEMBL__assays_both_50_30_ac4_ev_source.csv__assays_both_50_30_ac4_ev_target.csv,1.36,0.02,
COMA,ChEMBL__assays_both_50_30_ac5_av_source.csv__assays_both_50_30_ac5_av_target.csv,1.45,0.02,
COMA,ChEMBL__assays_both_50_30_ac5_ev_source.csv__assays_both_50_30_ac5_ev_target.csv,1.3,0.02,
COMA,ChEMBL__assays_both_50_30_ec_av_source.csv__assays_both_50_30_ec_av_target.csv,1.38,0.02,
COMA,ChEMBL__assays_both_50_30_ec_ev_source.csv__assays_both_50_30_ec_ev_target.csv,1.35,0.02,
COMA,ChEMBL__assays_both_50_50_ac1_av_source.csv__assays_both_50_50_ac1_av_target.csv,1.34,0.02,
COMA,ChEMBL__assays_both_50_50_ac1_ev_source.csv__assays_both_50_50_ac1_ev_target.csv,1.44,0.02,
COMA,ChEMBL__assays_both_50_50_ac2_av_source.csv__assays_both_50_50_ac2_av_target.csv,1.45,0.02,
COMA,ChEMBL__assays_both_50_50_ac2_ev_source.csv__assays_both_50_50_ac2_ev_target.csv,1.49,0.02,
COMA,ChEMBL__assays_both_50_50_ac3_av_source.csv__assays_both_50_50_ac3_av_target.csv,1.56,0.03,
COMA,ChEMBL__assays_both_50_50_ac3_ev_source.csv__assays_both_50_50_ac3_ev_target.csv,1.35,0.02,
COMA,ChEMBL__assays_both_50_50_ac4_av_source.csv__assays_both_50_50_ac4_av_target.csv,1.42,0.02,
COMA,ChEMBL__assays_both_50_50_ac4_ev_source.csv__assays_both_50_50_ac4_ev_target.csv,1.45,0.02,
COMA,ChEMBL__assays_both_50_50_ac5_av_source.csv__assays_both_50_50_ac5_av_target.csv,1.42,0.02,
COMA,ChEMBL__assays_both_50_50_ac5_ev_source.csv__assays_both_50_50_ac5_ev_target.csv,1.44,0.02,
COMA,ChEMBL__assays_both_50_50_ec_av_source.csv__assays_both_50_50_ec_av_target.csv,1.58,0.03,
COMA,ChEMBL__assays_both_50_50_ec_ev_source.csv__assays_both_50_50_ec_ev_target.csv,1.35,0.02,
COMA,ChEMBL__assays_both_50_70_ac1_av_source.csv__assays_both_50_70_ac1_av_target.csv,1.61,0.03,
COMA,ChEMBL__assays_both_50_70_ac1_ev_source.csv__assays_both_50_70_ac1_ev_target.csv,1.62,0.03,
COMA,ChEMBL__assays_both_50_70_ac2_av_source.csv__assays_both_50_70_ac2_av_target.csv,1.6,0.03,
COMA,ChEMBL__assays_both_50_70_ac2_ev_source.csv__assays_both_50_70_ac2_ev_target.csv,1.54,0.03,
COMA,ChEMBL__assays_both_50_70_ac3_av_source.csv__assays_both_50_70_ac3_av_target.csv,1.59,0.03,
COMA,ChEMBL__assays_both_50_70_ac3_ev_source.csv__assays_both_50_70_ac3_ev_target.csv,1.6,0.03,
COMA,ChEMBL__assays_both_50_70_ac4_av_source.csv__assays_both_50_70_ac4_av_target.csv,1.51,0.03,
COMA,ChEMBL__assays_both_50_70_ac4_ev_source.csv__assays_both_50_70_ac4_ev_target.csv,1.52,0.03,
COMA,ChEMBL__assays_both_50_70_ac5_av_source.csv__assays_both_50_70_ac5_av_target.csv,1.45,0.02,
COMA,ChEMBL__assays_both_50_70_ac5_ev_source.csv__assays_both_50_70_ac5_ev_target.csv,1.59,0.03,
COMA,ChEMBL__assays_both_50_70_ec_av_source.csv__assays_both_50_70_ec_av_target.csv,1.48,0.02,
COMA,ChEMBL__assays_both_50_70_ec_ev_source.csv__assays_both_50_70_ec_ev_target.csv,1.55,0.03,
COMA,ChEMBL__assays_horizontal_0_ac1_av_source.csv__assays_horizontal_0_ac1_av_target.csv,1.68,0.03,
COMA,ChEMBL__assays_horizontal_0_ac1_ev_source.csv__assays_horizontal_0_ac1_ev_target.csv,1.65,0.03,
COMA,ChEMBL__assays_horizontal_0_ac2_av_source.csv__assays_horizontal_0_ac2_av_target.csv,1.62,0.03,
COMA,ChEMBL__assays_horizontal_0_ac2_ev_source.csv__assays_horizontal_0_ac2_ev_target.csv,1.68,0.03,
COMA,ChEMBL__assays_horizontal_0_ac3_av_source.csv__assays_horizontal_0_ac3_av_target.csv,1.66,0.03,
COMA,ChEMBL__assays_horizontal_0_ac3_ev_source.csv__assays_horizontal_0_ac3_ev_target.csv,1.61,0.03,
COMA,ChEMBL__assays_horizontal_0_ac4_av_source.csv__assays_horizontal_0_ac4_av_target.csv,1.57,0.03,
COMA,ChEMBL__assays_horizontal_0_ac4_ev_source.csv__assays_horizontal_0_ac4_ev_target.csv,1.62,0.03,
COMA,ChEMBL__assays_horizontal_0_ac5_av_source.csv__assays_horizontal_0_ac5_av_target.csv,1.64,0.03,
COMA,ChEMBL__assays_horizontal_0_ac5_ev_source.csv__assays_horizontal_0_ac5_ev_target.csv,1.62,0.03,
COMA,ChEMBL__assays_horizontal_0_ec_av_source.csv__assays_horizontal_0_ec_av_target.csv,1.63,0.03,
COMA,ChEMBL__assays_horizontal_0_ec_ev_source.csv__assays_horizontal_0_ec_ev_target.csv,1.5,0.03,
COMA,ChEMBL__assays_horizontal_100_ac1_av_source.csv__assays_horizontal_100_ac1_av_target.csv,1.7,0.03,
COMA,ChEMBL__assays_horizontal_100_ac1_ev_source.csv__assays_horizontal_100_ac1_ev_target.csv,1.64,0.03,
COMA,ChEMBL__assays_horizontal_100_ac2_av_source.csv__assays_horizontal_100_ac2_av_target.csv,1.63,0.03,
COMA,ChEMBL__assays_horizontal_100_ac2_ev_source.csv__assays_horizontal_100_ac2_ev_target.csv,1.65,0.03,
COMA,ChEMBL__assays_horizontal_100_ac3_av_source.csv__assays_horizontal_100_ac3_av_target.csv,1.68,0.03,
COMA,ChEMBL__assays_horizontal_100_ac3_ev_source.csv__assays_horizontal_100_ac3_ev_target.csv,1.78,0.03,
COMA,ChEMBL__assays_horizontal_100_ac4_av_source.csv__assays_horizontal_100_ac4_av_target.csv,1.7,0.03,
COMA,ChEMBL__assays_horizontal_100_ac4_ev_source.csv__assays_horizontal_100_ac4_ev_target.csv,1.68,0.03,
COMA,ChEMBL__assays_horizontal_100_ac5_av_source.csv__assays_horizontal_100_ac5_av_target.csv,1.67,0.03,
COMA,ChEMBL__assays_horizontal_100_ac5_ev_source.csv__assays_horizontal_100_ac5_ev_target.csv,1.56,0.03,
COMA,ChEMBL__assays_horizontal_100_ec_av_source.csv__assays_horizontal_100_ec_av_target.csv,1.67,0.03,
COMA,ChEMBL__assays_horizontal_100_ec_ev_source.csv__assays_horizontal_100_ec_ev_target.csv,1.71,0.03,
COMA,ChEMBL__assays_horizontal_50_ac1_av_source.csv__assays_horizontal_50_ac1_av_target.csv,1.64,0.03,
COMA,ChEMBL__assays_horizontal_50_ac1_ev_source.csv__assays_horizontal_50_ac1_ev_target.csv,1.63,0.03,
COMA,ChEMBL__assays_horizontal_50_ac2_av_source.csv__assays_horizontal_50_ac2_av_target.csv,1.64,0.03,
COMA,ChEMBL__assays_horizontal_50_ac2_ev_source.csv__assays_horizontal_50_ac2_ev_target.csv,1.68,0.03,
COMA,ChEMBL__assays_horizontal_50_ac3_av_source.csv__assays_horizontal_50_ac3_av_target.csv,1.66,0.03,
COMA,ChEMBL__assays_horizontal_50_ac3_ev_source.csv__assays_horizontal_50_ac3_ev_target.csv,1.67,0.03,
COMA,ChEMBL__assays_horizontal_50_ac4_av_source.csv__assays_horizontal_50_ac4_av_target.csv,1.62,0.03,
COMA,ChEMBL__assays_horizontal_50_ac4_ev_source.csv__assays_horizontal_50_ac4_ev_target.csv,1.64,0.03,
COMA,ChEMBL__assays_horizontal_50_ac5_av_source.csv__assays_horizontal_50_ac5_av_target.csv,1.64,0.03,
COMA,ChEMBL__assays_horizontal_50_ac5_ev_source.csv__assays_horizontal_50_ac5_ev_target.csv,1.63,0.03,
COMA,ChEMBL__assays_horizontal_50_ec_av_source.csv__assays_horizontal_50_ec_av_target.csv,1.88,0.03,
COMA,ChEMBL__assays_horizontal_50_ec_ev_source.csv__assays_horizontal_50_ec_ev_target.csv,1.64,0.03,
COMA,ChEMBL__assays_vertical_1_ac1_av_source.csv__assays_vertical_1_ac1_av_target.csv,1.24,0.02,
COMA,ChEMBL__assays_vertical_1_ac1_ev_source.csv__assays_vertical_1_ac1_ev_target.csv,1.27,0.02,
COMA,ChEMBL__assays_vertical_1_ac2_av_source.csv__assays_vertical_1_ac2_av_target.csv,1.3,0.02,
COMA,ChEMBL__assays_vertical_1_ac2_ev_source.csv__assays_vertical_1_ac2_ev_target.csv,1.22,0.02,
COMA,ChEMBL__assays_vertical_1_ac3_av_source.csv__assays_vertical_1_ac3_av_target.csv,1.29,0.02,
COMA,ChEMBL__assays_vertical_1_ac3_ev_source.csv__assays_vertical_1_ac3_ev_target.csv,1.27,0.02,
COMA,ChEMBL__assays_vertical_1_ac4_av_source.csv__assays_vertical_1_ac4_av_target.csv,1.31,0.02,
COMA,ChEMBL__assays_vertical_1_ac4_ev_source.csv__assays_vertical_1_ac4_ev_target.csv,1.31,0.02,
COMA,ChEMBL__assays_vertical_1_ac5_av_source.csv__assays_vertical_1_ac5_av_target.csv,1.32,0.02,
COMA,ChEMBL__assays_vertical_1_ac5_ev_source.csv__assays_vertical_1_ac5_ev_target.csv,1.32,0.02,
COMA,ChEMBL__assays_vertical_1_ec_av_source.csv__assays_vertical_1_ec_av_target.csv,1.29,0.02,
COMA,ChEMBL__assays_vertical_1_ec_ev_source.csv__assays_vertical_1_ec_ev_target.csv,1.25,0.02,
COMA,ChEMBL__assays_vertical_30_ac1_av_source.csv__assays_vertical_30_ac1_av_target.csv,1.44,0.02,
COMA,ChEMBL__assays_vertical_30_ac1_ev_source.csv__assays_vertical_30_ac1_ev_target.csv,1.49,0.02,
COMA,ChEMBL__assays_vertical_30_ac2_av_source.csv__assays_vertical_30_ac2_av_target.csv,1.48,0.02,
COMA,ChEMBL__assays_vertical_30_ac2_ev_source.csv__assays_vertical_30_ac2_ev_target.csv,1.42,0.02,
COMA,ChEMBL__assays_vertical_30_ac3_av_source.csv__assays_vertical_30_ac3_av_target.csv,1.39,0.02,
COMA,ChEMBL__assays_vertical_30_ac3_ev_source.csv__assays_vertical_30_ac3_ev_target.csv,1.42,0.02,
COMA,ChEMBL__assays_vertical_30_ac4_av_source.csv__assays_vertical_30_ac4_av_target.csv,1.37,0.02,
COMA,ChEMBL__assays_vertical_30_ac4_ev_source.csv__assays_vertical_30_ac4_ev_target.csv,1.39,0.02,
COMA,ChEMBL__assays_vertical_30_ac5_av_source.csv__assays_vertical_30_ac5_av_target.csv,1.4,0.02,
COMA,ChEMBL__assays_vertical_30_ac5_ev_source.csv__assays_vertical_30_ac5_ev_target.csv,1.39,0.02,
COMA,ChEMBL__assays_vertical_30_ec_av_source.csv__assays_vertical_30_ec_av_target.csv,1.32,0.02,
COMA,ChEMBL__assays_vertical_30_ec_ev_source.csv__assays_vertical_30_ec_ev_target.csv,1.4,0.02,
COMA,ChEMBL__assays_vertical_50_ac1_av_source.csv__assays_vertical_50_ac1_av_target.csv,1.55,0.03,
COMA,ChEMBL__assays_vertical_50_ac1_ev_source.csv__assays_vertical_50_ac1_ev_target.csv,1.61,0.03,
COMA,ChEMBL__assays_vertical_50_ac2_av_source.csv__assays_vertical_50_ac2_av_target.csv,1.5,0.02,
COMA,ChEMBL__assays_vertical_50_ac2_ev_source.csv__assays_vertical_50_ac2_ev_target.csv,1.53,0.03,
COMA,ChEMBL__assays_vertical_50_ac3_av_source.csv__assays_vertical_50_ac3_av_target.csv,1.51,0.03,
COMA,ChEMBL__assays_vertical_50_ac3_ev_source.csv__assays_vertical_50_ac3_ev_target.csv,1.45,0.02,
COMA,ChEMBL__assays_vertical_50_ac4_av_source.csv__assays_vertical_50_ac4_av_target.csv,1.6,0.03,
COMA,ChEMBL__assays_vertical_50_ac4_ev_source.csv__assays_vertical_50_ac4_ev_target.csv,1.52,0.03,
COMA,ChEMBL__assays_vertical_50_ac5_av_source.csv__assays_vertical_50_ac5_av_target.csv,1.49,0.02,
COMA,ChEMBL__assays_vertical_50_ac5_ev_source.csv__assays_vertical_50_ac5_ev_target.csv,1.43,0.02,
COMA,ChEMBL__assays_vertical_50_ec_av_source.csv__assays_vertical_50_ec_av_target.csv,1.58,0.03,
COMA,ChEMBL__assays_vertical_50_ec_ev_source.csv__assays_vertical_50_ec_ev_target.csv,1.48,0.02,
COMA,ChEMBL__assays_vertical_70_ac1_av_source.csv__assays_vertical_70_ac1_av_target.csv,1.6,0.03,
COMA,ChEMBL__assays_vertical_70_ac1_ev_source.csv__assays_vertical_70_ac1_ev_target.csv,1.56,0.03,
COMA,ChEMBL__assays_vertical_70_ac2_av_source.csv__assays_vertical_70_ac2_av_target.csv,1.69,0.03,
COMA,ChEMBL__assays_vertical_70_ac2_ev_source.csv__assays_vertical_70_ac2_ev_target.csv,1.61,0.03,
COMA,ChEMBL__assays_vertical_70_ac3_av_source.csv__assays_vertical_70_ac3_av_target.csv,1.66,0.03,
COMA,ChEMBL__assays_vertical_70_ac3_ev_source.csv__assays_vertical_70_ac3_ev_target.csv,1.53,0.03,
COMA,ChEMBL__assays_vertical_70_ac4_av_source.csv__assays_vertical_70_ac4_av_target.csv,1.69,0.03,
COMA,ChEMBL__assays_vertical_70_ac4_ev_source.csv__assays_vertical_70_ac4_ev_target.csv,1.68,0.03,
COMA,ChEMBL__assays_vertical_70_ac5_av_source.csv__assays_vertical_70_ac5_av_target.csv,1.59,0.03,
COMA,ChEMBL__assays_vertical_70_ac5_ev_source.csv__assays_vertical_70_ac5_ev_target.csv,1.65,0.03,
COMA,ChEMBL__assays_vertical_70_ec_av_source.csv__assays_vertical_70_ec_av_target.csv,1.47,0.02,
COMA,ChEMBL__assays_vertical_70_ec_ev_source.csv__assays_vertical_70_ec_ev_target.csv,1.56,0.03,
COMA,Magellan__amazon_google_exp_source.csv__amazon_google_exp_target.csv,0.95,0.02,
COMA,Magellan__beeradvo_ratebeer_source.csv__beeradvo_ratebeer_target.csv,1.08,0.02,
COMA,Magellan__dblp_acm_source.csv__dblp_acm_target.csv,1.04,0.02,
COMA,Magellan__dblp_scholar_source.csv__dblp_scholar_target.csv,1.24,0.02,
COMA,Magellan__itunes_amazon_source.csv__itunes_amazon_target.csv,1.49,0.02,
COMA,Magellan__walmart_amazon_source.csv__walmart_amazon_target.csv,1.19,0.02,
COMA,OpenData__miller2_both_0_1_ac1_av_source.csv__miller2_both_0_1_ac1_av_target.csv,2.04,0.03,
COMA,OpenData__miller2_both_0_1_ac1_ev_source.csv__miller2_both_0_1_ac1_ev_target.csv,1.99,0.03,
COMA,OpenData__miller2_both_0_1_ac2_av_source.csv__miller2_both_0_1_ac2_av_target.csv,2.12,0.04,
COMA,OpenData__miller2_both_0_1_ac2_ev_source.csv__miller2_both_0_1_ac2_ev_target.csv,2.01,0.03,
COMA,OpenData__miller2_both_0_1_ac3_av_source.csv__miller2_both_0_1_ac3_av_target.csv,1.99,0.03,
COMA,OpenData__miller2_both_0_1_ac3_ev_source.csv__miller2_both_0_1_ac3_ev_target.csv,1.99,0.03,
COMA,OpenData__miller2_both_0_1_ac4_av_source.csv__miller2_both_0_1_ac4_av_target.csv,1.98,0.03,
COMA,OpenData__miller2_both_0_1_ac4_ev_source.csv__miller2_both_0_1_ac4_ev_target.csv,2.13,0.04,
COMA,OpenData__miller2_both_0_1_ac5_av_source.csv__miller2_both_0_1_ac5_av_target.csv,1.95,0.03,
COMA,OpenData__miller2_both_0_1_ac5_ev_source.csv__miller2_both_0_1_ac5_ev_target.csv,1.99,0.03,
COMA,OpenData__miller2_both_0_1_ec_av_source.csv__miller2_both_0_1_ec_av_target.csv,1.96,0.03,
COMA,OpenData__miller2_both_0_1_ec_ev_source.csv__miller2_both_0_1_ec_ev_target.csv,2.0,0.03,
COMA,OpenData__miller2_both_0_30_ac1_av_source.csv__miller2_both_0_30_ac1_av_target.csv,2.33,0.04,
COMA,OpenData__miller2_both_0_30_ac1_ev_source.csv__miller2_both_0_30_ac1_ev_target.csv,2.34,0.04,
COMA,OpenData__miller2_both_0_30_ac2_av_source.csv__miller2_both_0_30_ac2_av_target.csv,2.37,0.04,
COMA,OpenData__miller2_both_0_30_ac2_ev_source.csv__miller2_both_0_30_ac2_ev_target.csv,2.39,0.04,
COMA,OpenData__miller2_both_0_30_ac3_av_source.csv__miller2_both_0_30_ac3_av_target.csv,2.35,0.04,
COMA,OpenData__miller2_both_0_30_ac3_ev_source.csv__miller2_both_0_30_ac3_ev_target.csv,2.31,0.04,
COMA,OpenData__miller2_both_0_30_ac4_av_source.csv__miller2_both_0_30_ac4_av_target.csv,2.36,0.04,
COMA,OpenData__miller2_both_0_30_ac4_ev_source.csv__miller2_both_0_30_ac4_ev_target.csv,2.33,0.04,
COMA,OpenData__miller2_both_0_30_ac5_av_source.csv__miller2_both_0_30_ac5_av_target.csv,2.32,0.04,
COMA,OpenData__miller2_both_0_30_ac5_ev_source.csv__miller2_both_0_30_ac5_ev_target.csv,2.32,0.04,
COMA,OpenData__miller2_both_0_30_ec_av_source.csv__miller2_both_0_30_ec_av_target.csv,2.36,0.04,
COMA,OpenData__miller2_both_0_30_ec_ev_source.csv__miller2_both_0_30_ec_ev_target.csv,2.3,0.04,
COMA,OpenData__miller2_both_0_50_ac1_av_source.csv__miller2_both_0_50_ac1_av_target.csv,2.7,0.04,
COMA,OpenData__miller2_both_0_50_ac1_ev_source.csv__miller2_both_0_50_ac1_ev_target.csv,2.8,0.05,
COMA,OpenData__miller2_both_0_50_ac2_av_source.csv__miller2_both_0_50_ac2_av_target.csv,2.58,0.04,
COMA,OpenData__miller2_both_0_50_ac2_ev_source.csv__miller2_both_0_50_ac2_ev_target.csv,2.61,0.04,
COMA,OpenData__miller2_both_0_50_ac3_av_source.csv__miller2_both_0_50_ac3_av_target.csv,2.63,0.04,
COMA,OpenData__miller2_both_0_50_ac3_ev_source.csv__miller2_both_0_50_ac3_ev_target.csv,2.53,0.04,
COMA,OpenData__miller2_both_0_50_ac4_av_source.csv__miller2_both_0_50_ac4_av_target.csv,2.72,0.05,
COMA,OpenData__miller2_both_0_50_ac4_ev_source.csv__miller2_both_0_50_ac4_ev_target.csv,2.63,0.04,
COMA,OpenData__miller2_both_0_50_ac5_av_source.csv__miller2_both_0_50_ac5_av_target.csv,2.82,0.05,
COMA,OpenData__miller2_both_0_50_ac5_ev_source.csv__miller2_both_0_50_ac5_ev_target.csv,2.56,0.04,
COMA,OpenData__miller2_both_0_50_ec_av_source.csv__miller2_both_0_50_ec_av_target.csv,2.59,0.04,
COMA,OpenData__miller2_both_0_50_ec_ev_source.csv__miller2_both_0_50_ec_ev_target.csv,2.54,0.04,
COMA,OpenData__miller2_both_0_70_ac1_av_source.csv__miller2_both_0_70_ac1_av_target.csv,3.0,0.05,
COMA,OpenData__miller2_both_0_70_ac1_ev_source.csv__miller2_both_0_70_ac1_ev_target.csv,2.8,0.05,
COMA,OpenData__miller2_both_0_70_ac2_av_source.csv__miller2_both_0_70_ac2_av_target.csv,3.05,0.05,
COMA,OpenData__miller2_both_0_70_ac2_ev_source.csv__miller2_both_0_70_ac2_ev_target.csv,2.81,0.05,
COMA,OpenData__miller2_both_0_70_ac3_av_source.csv__miller2_both_0_70_ac3_av_target.csv,3.02,0.05,
COMA,OpenData__miller2_both_0_70_ac3_ev_source.csv__miller2_both_0_70_ac3_ev_target.csv,2.97,0.05,
COMA,OpenData__miller2_both_0_70_ac4_av_source.csv__miller2_both_0_70_ac4_av_target.csv,3.1,0.05,
COMA,OpenData__miller2_both_0_70_ac4_ev_source.csv__miller2_both_0_70_ac4_ev_target.csv,2.86,0.05,
COMA,OpenData__miller2_both_0_70_ac5_av_source.csv__miller2_both_0_70_ac5_av_target.csv,3.06,0.05,
COMA,OpenData__miller2_both_0_70_ac5_ev_source.csv__miller2_both_0_70_ac5_ev_target.csv,2.82,0.05,
COMA,OpenData__miller2_both_0_70_ec_av_source.csv__miller2_both_0_70_ec_av_target.csv,2.85,0.05,
COMA,OpenData__miller2_both_0_70_ec_ev_source.csv__miller2_both_0_70_ec_ev_target.csv,2.81,0.05,
COMA,OpenData__miller2_both_50_1_ac1_av_source.csv__miller2_both_50_1_ac1_av_target.csv,1.99,0.03,
COMA,OpenData__miller2_both_50_1_ac1_ev_source.csv__miller2_both_50_1_ac1_ev_target.csv,2.01,0.03,
COMA,OpenData__miller2_both_50_1_ac2_av_source.csv__miller2_both_50_1_ac2_av_target.csv,2.0,0.03,
COMA,OpenData__miller2_both_50_1_ac2_ev_source.csv__miller2_both_50_1_ac2_ev_target.csv,1.99,0.03,
COMA,OpenData__miller2_both_50_1_ac3_av_source.csv__miller2_both_50_1_ac3_av_target.csv,1.99,0.03,
COMA,OpenData__miller2_both_50_1_ac3_ev_source.csv__miller2_both_50_1_ac3_ev_target.csv,2.12,0.04,
COMA,OpenData__miller2_both_50_1_ac4_av_source.csv__miller2_both_50_1_ac4_av_target.csv,2.0,0.03,
COMA,OpenData__miller2_both_50_1_ac4_ev_source.csv__miller2_both_50_1_ac4_ev_target.csv,2.2,0.04,
COMA,OpenData__miller2_both_50_1_ac5_av_source.csv__miller2_both_50_1_ac5_av_target.csv,2.06,0.03,
COMA,OpenData__miller2_both_50_1_ac5_ev_source.csv__miller2_both_50_1_ac5_ev_target.csv,2.04,0.03,
COMA,OpenData__miller2_both_50_1_ec_av_source.csv__miller2_both_50_1_ec_av_target.csv,2.22,0.04,
COMA,OpenData__miller2_both_50_1_ec_ev_source.csv__miller2_both_50_1_ec_ev_target.csv,2.02,0.03,
COMA,OpenData__miller2_both_50_30_ac1_av_source.csv__miller2_both_50_30_ac1_av_target.csv,2.41,0.04,
COMA,OpenData__miller2_both_50_30_ac1_ev_source.csv__miller2_both_50_30_ac1_ev_target.csv,2.45,0.04,
COMA,OpenData__miller2_both_50_30_ac2_av_source.csv__miller2_both_50_30_ac2_av_target.csv,2.43,0.04,
COMA,OpenData__miller2_both_50_30_ac2_ev_source.csv__miller2_both_50_30_ac2_ev_target.csv,2.36,0.04,
COMA,OpenData__miller2_both_50_30_ac3_av_source.csv__miller2_both_50_30_ac3_av_target.csv,2.39,0.04,
COMA,OpenData__miller2_both_50_30_ac3_ev_source.csv__miller2_both_50_30_ac3_ev_target.csv,2.37,0.04,
COMA,OpenData__miller2_both_50_30_ac4_av_source.csv__miller2_both_50_30_ac4_av_target.csv,2.38,0.04,
COMA,OpenData__miller2_both_50_30_ac4_ev_source.csv__miller2_both_50_30_ac4_ev_target.csv,2.44,0.04,
COMA,OpenData__miller2_both_50_30_ac5_av_source.csv__miller2_both_50_30_ac5_av_target.csv,2.39,0.04,
COMA,OpenData__miller2_both_50_30_ac5_ev_source.csv__miller2_both_50_30_ac5_ev_target.csv,2.34,0.04,
COMA,OpenData__miller2_both_50_30_ec_av_source.csv__miller2_both_50_30_ec_av_target.csv,2.41,0.04,
COMA,OpenData__miller2_both_50_30_ec_ev_source.csv__miller2_both_50_30_ec_ev_target.csv,2.45,0.04,
COMA,OpenData__miller2_both_50_50_ac1_av_source.csv__miller2_both_50_50_ac1_av_target.csv,2.64,0.04,
COMA,OpenData__miller2_both_50_50_ac1_ev_source.csv__miller2_both_50_50_ac1_ev_target.csv,2.68,0.04,
COMA,OpenData__miller2_both_50_50_ac2_av_source.csv__miller2_both_50_50_ac2_av_target.csv,2.79,0.05,
COMA,OpenData__miller2_both_50_50_ac2_ev_source.csv__miller2_both_50_50_ac2_ev_target.csv,2.64,0.04,
COMA,OpenData__miller2_both_50_50_ac3_av_source.csv__miller2_both_50_50_ac3_av_target.csv,2.73,0.05,
COMA,OpenData__miller2_both_50_50_ac3_ev_source.csv__miller2_both_50_50_ac3_ev_target.csv,2.91,0.05,
COMA,OpenData__miller2_both_50_50_ac4_av_source.csv__miller2_both_50_50_ac4_av_target.csv,2.86,0.05,
COMA,OpenData__miller2_both_50_50_ac4_ev_source.csv__miller2_both_50_50_ac4_ev_target.csv,2.69,0.04,
COMA,OpenData__miller2_both_50_50_ac5_av_source.csv__miller2_both_50_50_ac5_av_target.csv,2.68,0.04,
COMA,OpenData__miller2_both_50_50_ac5_ev_source.csv__miller2_both_50_50_ac5_ev_target.csv,2.65,0.04,
COMA,OpenData__miller2_both_50_50_ec_av_source.csv__miller2_both_50_50_ec_av_target.csv,2.71,0.05,
COMA,OpenData__miller2_both_50_50_ec_ev_source.csv__miller2_both_50_50_ec_ev_target.csv,2.77,0.05,
COMA,OpenData__miller2_both_50_70_ac1_av_source.csv__miller2_both_50_70_ac1_av_target.csv,2.85,0.05,
COMA,OpenData__miller2_both_50_70_ac1_ev_source.csv__miller2_both_50_70_ac1_ev_target.csv,3.0,0.05,
COMA,OpenData__miller2_both_50_70_ac2_av_source.csv__miller2_both_50_70_ac2_av_target.csv,2.97,0.05,
COMA,OpenData__miller2_both_50_70_ac2_ev_source.csv__miller2_both_50_70_ac2_ev_target.csv,3.01,0.05,
COMA,OpenData__miller2_both_50_70_ac3_av_source.csv__miller2_both_50_70_ac3_av_target.csv,3.06,0.05,
COMA,OpenData__miller2_both_50_70_ac3_ev_source.csv__miller2_both_50_70_ac3_ev_target.csv,2.84,0.05,
COMA,OpenData__miller2_both_50_70_ac4_av_source.csv__miller2_both_50_70_ac4_av_target.csv,3.04,0.05,
COMA,OpenData__miller2_both_50_70_ac4_ev_source.csv__miller2_both_50_70_ac4_ev_target.csv,2.95,0.05,
COMA,OpenData__miller2_both_50_70_ac5_av_source.csv__miller2_both_50_70_ac5_av_target.csv,3.07,0.05,
COMA,OpenData__miller2_both_50_70_ac5_ev_source.csv__miller2_both_50_70_ac5_ev_target.csv,2.94,0.05,
COMA,OpenData__miller2_both_50_70_ec_av_source.csv__miller2_both_50_70_ec_av_target.csv,3.09,0.05,
COMA,OpenData__miller2_both_50_70_ec_ev_source.csv__miller2_both_50_70_ec_ev_target.csv,2.99,0.05,
COMA,OpenData__miller2_horizontal_0_ac1_av_source.csv__miller2_horizontal_0_ac1_av_target.csv,3.52,0.06,
COMA,OpenData__miller2_horizontal_0_ac1_ev_source.csv__miller2_horizontal_0_ac1_ev_target.csv,3.4,0.06,
COMA,OpenData__miller2_horizontal_0_ac2_av_source.csv__miller2_horizontal_0_ac2_av_target.csv,3.43,0.06,
COMA,OpenData__miller2_horizontal_0_ac2_ev_source.csv__miller2_horizontal_0_ac2_ev_target.csv,3.25,0.05,
COMA,OpenData__miller2_horizontal_0_ac3_av_source.csv__miller2_horizontal_0_ac3_av_target.csv,3.47,0.06,
COMA,OpenData__miller2_horizontal_0_ac3_ev_source.csv__miller2_horizontal_0_ac3_ev_target.csv,3.4,0.06,
COMA,OpenData__miller2_horizontal_0_ac4_av_source.csv__miller2_horizontal_0_ac4_av_target.csv,3.39,0.06,
COMA,OpenData__miller2_horizontal_0_ac4_ev_source.csv__miller2_horizontal_0_ac4_ev_target.csv,3.36,0.06,
COMA,OpenData__miller2_horizontal_0_ac5_av_source.csv__miller2_horizontal_0_ac5_av_target.csv,3.43,0.06,
COMA,OpenData__miller2_horizontal_0_ac5_ev_source.csv__miller2_horizontal_0_ac5_ev_target.csv,3.3,0.06,
COMA,OpenData__miller2_horizontal_0_ec_av_source.csv__miller2_horizontal_0_ec_av_target.csv,3.44,0.06,
COMA,OpenData__miller2_horizontal_0_ec_ev_source.csv__miller2_horizontal_0_ec_ev_target.csv,3.35,0.06,
COMA,OpenData__miller2_horizontal_100_ac1_av_source.csv__miller2_horizontal_100_ac1_av_target.csv,3.59,0.06,
COMA,OpenData__miller2_horizontal_100_ac1_ev_source.csv__miller2_horizontal_100_ac1_ev_target.csv,3.97,0.07,
COMA,OpenData__miller2_horizontal_100_ac2_av_source.csv__miller2_horizontal_100_ac2_av_target.csv,3.69,0.06,
COMA,OpenData__miller2_horizontal_100_ac2_ev_source.csv__miller2_horizontal_100_ac2_ev_target.csv,3.54,0.06,
COMA,OpenData__miller2_horizontal_100_ac3_av_source.csv__miller2_horizontal_100_ac3_av_target.csv,3.43,0.06,
COMA,OpenData__miller2_horizontal_100_ac3_ev_source.csv__miller2_horizontal_100_ac3_ev_target.csv,3.54,0.06,
COMA,OpenData__miller2_horizontal_100_ac4_av_source.csv__miller2_horizontal_100_ac4_av_target.csv,3.56,0.06,
COMA,OpenData__miller2_horizontal_100_ac4_ev_source.csv__miller2_horizontal_100_ac4_ev_target.csv,3.45,0.06,
COMA,OpenData__miller2_horizontal_100_ac5_av_source.csv__miller2_horizontal_100_ac5_av_target.csv,3.5,0.06,
COMA,OpenData__miller2_horizontal_100_ac5_ev_source.csv__miller2_horizontal_100_ac5_ev_target.csv,3.57,0.06,
COMA,OpenData__miller2_horizontal_100_ec_av_source.csv__miller2_horizontal_100_ec_av_target.csv,3.75,0.06,
COMA,OpenData__miller2_horizontal_50_ac1_av_source.csv__miller2_horizontal_50_ac1_av_target.csv,3.87,0.06,
COMA,OpenData__miller2_horizontal_50_ac1_ev_source.csv__miller2_horizontal_50_ac1_ev_target.csv,3.49,0.06,
COMA,OpenData__miller2_horizontal_50_ac2_av_source.csv__miller2_horizontal_50_ac2_av_target.csv,3.51,0.06,
COMA,OpenData__miller2_horizontal_50_ac2_ev_source.csv__miller2_horizontal_50_ac2_ev_target.csv,3.49,0.06,
COMA,OpenData__miller2_horizontal_50_ac3_av_source.csv__miller2_horizontal_50_ac3_av_target.csv,3.4,0.06,
COMA,OpenData__miller2_horizontal_50_ac3_ev_source.csv__miller2_horizontal_50_ac3_ev_target.csv,3.45,0.06,
COMA,OpenData__miller2_horizontal_50_ac4_av_source.csv__miller2_horizontal_50_ac4_av_target.csv,3.44,0.06,
COMA,OpenData__miller2_horizontal_50_ac4_ev_source.csv__miller2_horizontal_50_ac4_ev_target.csv,3.42,0.06,
COMA,OpenData__miller2_horizontal_50_ac5_av_source.csv__miller2_horizontal_50_ac5_av_target.csv,3.46,0.06,
COMA,OpenData__miller2_horizontal_50_ac5_ev_source.csv__miller2_horizontal_50_ac5_ev_target.csv,3.45,0.06,
COMA,OpenData__miller2_horizontal_50_ec_av_source.csv__miller2_horizontal_50_ec_av_target.csv,3.47,0.06,
COMA,OpenData__miller2_horizontal_50_ec_ev_source.csv__miller2_horizontal_50_ec_ev_target.csv,3.69,0.06,
COMA,OpenData__miller2_vertical_1_ac1_av_source.csv__miller2_vertical_1_ac1_av_target.csv,2.06,0.03,
COMA,OpenData__miller2_vertical_1_ac1_ev_source.csv__miller2_vertical_1_ac1_ev_target.csv,2.12,0.04,
COMA,OpenData__miller2_vertical_1_ac2_av_source.csv__miller2_vertical_1_ac2_av_target.csv,2.1,0.04,
COMA,OpenData__miller2_vertical_1_ac2_ev_source.csv__miller2_vertical_1_ac2_ev_target.csv,2.09,0.03,
COMA,OpenData__miller2_vertical_1_ac3_av_source.csv__miller2_vertical_1_ac3_av_target.csv,2.11,0.04,
COMA,OpenData__miller2_vertical_1_ac3_ev_source.csv__miller2_vertical_1_ac3_ev_target.csv,2.1,0.03,
COMA,OpenData__miller2_vertical_1_ac4_av_source.csv__miller2_vertical_1_ac4_av_target.csv,2.07,0.03,
COMA,OpenData__miller2_vertical_1_ac4_ev_source.csv__miller2_vertical_1_ac4_ev_target.csv,2.12,0.04,
COMA,OpenData__miller2_vertical_1_ac5_av_source.csv__miller2_vertical_1_ac5_av_target.csv,2.14,0.04,
COMA,OpenData__miller2_vertical_1_ac5_ev_source.csv__miller2_vertical_1_ac5_ev_target.csv,2.3,0.04,
COMA,OpenData__miller2_vertical_1_ec_av_source.csv__miller2_vertical_1_ec_av_target.csv,1.99,0.03,
COMA,OpenData__miller2_vertical_1_ec_ev_source.csv__miller2_vertical_1_ec_ev_target.csv,2.11,0.04,
COMA,OpenData__miller2_vertical_30_ac1_av_source.csv__miller2_vertical_30_ac1_av_target.csv,2.68,0.04,
COMA,OpenData__miller2_vertical_30_ac1_ev_source.csv__miller2_vertical_30_ac1_ev_target.csv,2.52,0.04,
COMA,OpenData__miller2_vertical_30_ac2_av_source.csv__miller2_vertical_30_ac2_av_target.csv,2.46,0.04,
COMA,OpenData__miller2_vertical_30_ac2_ev_source.csv__miller2_vertical_30_ac2_ev_target.csv,2.58,0.04,
COMA,OpenData__miller2_vertical_30_ac3_av_source.csv__miller2_vertical_30_ac3_av_target.csv,2.51,0.04,
COMA,OpenData__miller2_vertical_30_ac3_ev_source.csv__miller2_vertical_30_ac3_ev_target.csv,2.85,0.05,
COMA,OpenData__miller2_vertical_30_ac4_av_source.csv__miller2_vertical_30_ac4_av_target.csv,2.48,0.04,
COMA,OpenData__miller2_vertical_30_ac4_ev_source.csv__miller2_vertical_30_ac4_ev_target.csv,2.57,0.04,
COMA,OpenData__miller2_vertical_30_ac5_av_source.csv__miller2_vertical_30_ac5_av_target.csv,2.69,0.04,
COMA,OpenData__miller2_vertical_30_ac5_ev_source.csv__miller2_vertical_30_ac5_ev_target.csv,2.51,0.04,
COMA,OpenData__miller2_vertical_30_ec_av_source.csv__miller2_vertical_30_ec_av_target.csv,2.61,0.04,
COMA,OpenData__miller2_vertical_30_ec_ev_source.csv__miller2_vertical_30_ec_ev_target.csv,2.57,0.04,
COMA,OpenData__miller2_vertical_50_ac1_av_source.csv__miller2_vertical_50_ac1_av_target.csv,2.93,0.05,
COMA,OpenData__miller2_vertical_50_ac1_ev_source.csv__miller2_vertical_50_ac1_ev_target.csv,2.82,0.05,
COMA,OpenData__miller2_vertical_50_ac2_av_source.csv__miller2_vertical_50_ac2_av_target.csv,2.8,0.05,
COMA,OpenData__miller2_vertical_50_ac2_ev_source.csv__miller2_vertical_50_ac2_ev_target.csv,2.69,0.04,
COMA,OpenData__miller2_vertical_50_ac3_av_source.csv__miller2_vertical_50_ac3_av_target.csv,2.77,0.05,
COMA,OpenData__miller2_vertical_50_ac3_ev_source.csv__miller2_vertical_50_ac3_ev_target.csv,2.71,0.05,
COMA,OpenData__miller2_vertical_50_ac4_av_source.csv__miller2_vertical_50_ac4_av_target.csv,2.91,0.05,
COMA,OpenData__miller2_vertical_50_ac4_ev_source.csv__miller2_vertical_50_ac4_ev_target.csv,2.73,0.05,
COMA,OpenData__miller2_vertical_50_ac5_av_source.csv__miller2_vertical_50_ac5_av_target.csv,2.95,0.05,
COMA,OpenData__miller2_vertical_50_ac5_ev_source.csv__miller2_vertical_50_ac5_ev_target.csv,2.77,0.05,
COMA,OpenData__miller2_vertical_50_ec_av_source.csv__miller2_vertical_50_ec_av_target.csv,2.82,0.05,
COMA,OpenData__miller2_vertical_50_ec_ev_source.csv__miller2_vertical_50_ec_ev_target.csv,2.78,0.05,
COMA,OpenData__miller2_vertical_70_ac1_av_source.csv__miller2_vertical_70_ac1_av_target.csv,3.21,0.05,
COMA,OpenData__miller2_vertical_70_ac1_ev_source.csv__miller2_vertical_70_ac1_ev_target.csv,3.06,0.05,
COMA,OpenData__miller2_vertical_70_ac2_av_source.csv__miller2_vertical_70_ac2_av_target.csv,3.16,0.05,
COMA,OpenData__miller2_vertical_70_ac2_ev_source.csv__miller2_vertical_70_ac2_ev_target.csv,3.02,0.05,
COMA,OpenData__miller2_vertical_70_ac3_av_source.csv__miller2_vertical_70_ac3_av_target.csv,3.25,0.05,
COMA,OpenData__miller2_vertical_70_ac3_ev_source.csv__miller2_vertical_70_ac3_ev_target.csv,3.03,0.05,
COMA,OpenData__miller2_vertical_70_ac4_av_source.csv__miller2_vertical_70_ac4_av_target.csv,3.3,0.05,
COMA,OpenData__miller2_vertical_70_ac4_ev_source.csv__miller2_vertical_70_ac4_ev_target.csv,3.13,0.05,
COMA,OpenData__miller2_vertical_70_ac5_av_source.csv__miller2_vertical_70_ac5_av_target.csv,3.23,0.05,
COMA,OpenData__miller2_vertical_70_ac5_ev_source.csv__miller2_vertical_70_ac5_ev_target.csv,3.21,0.05,
COMA,OpenData__miller2_vertical_70_ec_av_source.csv__miller2_vertical_70_ec_av_target.csv,3.27,0.05,
COMA,OpenData__miller2_vertical_70_ec_ev_source.csv__miller2_vertical_70_ec_ev_target.csv,3.09,0.05,
COMA,TPC-DI__prospect_both_0_1_ac1_av_source.csv__prospect_both_0_1_ac1_av_target.csv,1.34,0.02,
COMA,TPC-DI__prospect_both_0_1_ac1_ev_source.csv__prospect_both_0_1_ac1_ev_target.csv,1.42,0.02,
COMA,TPC-DI__prospect_both_0_1_ac2_av_source.csv__prospect_both_0_1_ac2_av_target.csv,1.43,0.02,
COMA,TPC-DI__prospect_both_0_1_ac2_ev_source.csv__prospect_both_0_1_ac2_ev_target.csv,1.35,0.02,
COMA,TPC-DI__prospect_both_0_1_ac3_av_source.csv__prospect_both_0_1_ac3_av_target.csv,1.4,0.02,
COMA,TPC-DI__prospect_both_0_1_ac3_ev_source.csv__prospect_both_0_1_ac3_ev_target.csv,1.36,0.02,
COMA,TPC-DI__prospect_both_0_1_ac4_av_source.csv__prospect_both_0_1_ac4_av_target.csv,1.36,0.02,
COMA,TPC-DI__prospect_both_0_1_ac4_ev_source.csv__prospect_both_0_1_ac4_ev_target.csv,1.39,0.02,
COMA,TPC-DI__prospect_both_0_1_ac5_av_source.csv__prospect_both_0_1_ac5_av_target.csv,1.4,0.02,
COMA,TPC-DI__prospect_both_0_1_ac5_ev_source.csv__prospect_both_0_1_ac5_ev_target.csv,1.38,0.02,
COMA,TPC-DI__prospect_both_0_1_ec_av_source.csv__prospect_both_0_1_ec_av_target.csv,1.28,0.02,
COMA,TPC-DI__prospect_both_0_1_ec_ev_source.csv__prospect_both_0_1_ec_ev_target.csv,1.39,0.02,
COMA,TPC-DI__prospect_both_0_30_ac1_av_source.csv__prospect_both_0_30_ac1_av_target.csv,1.59,0.03,
COMA,TPC-DI__prospect_both_0_30_ac1_ev_source.csv__prospect_both_0_30_ac1_ev_target.csv,1.5,0.02,
COMA,TPC-DI__prospect_both_0_30_ac2_av_source.csv__prospect_both_0_30_ac2_av_target.csv,1.52,0.03,
COMA,TPC-DI__prospect_both_0_30_ac2_ev_source.csv__prospect_both_0_30_ac2_ev_target.csv,1.54,0.03,
COMA,TPC-DI__prospect_both_0_30_ac3_av_source.csv__prospect_both_0_30_ac3_av_target.csv,1.52,0.03,
COMA,TPC-DI__prospect_both_0_30_ac3_ev_source.csv__prospect_both_0_30_ac3_ev_target.csv,1.56,0.03,
COMA,TPC-DI__prospect_both_0_30_ac4_av_source.csv__prospect_both_0_30_ac4_av_target.csv,1.52,0.03,
COMA,TPC-DI__prospect_both_0_30_ac4_ev_source.csv__prospect_both_0_30_ac4_ev_target.csv,1.54,0.03,
COMA,TPC-DI__prospect_both_0_30_ac5_av_source.csv__prospect_both_0_30_ac5_av_target.csv,1.47,0.02,
COMA,TPC-DI__prospect_both_0_30_ac5_ev_source.csv__prospect_both_0_30_ac5_ev_target.csv,1.54,0.03,
COMA,TPC-DI__prospect_both_0_30_ec_av_source.csv__prospect_both_0_30_ec_av_target.csv,1.48,0.02,
COMA,TPC-DI__prospect_both_0_30_ec_ev_source.csv__prospect_both_0_30_ec_ev_target.csv,1.51,0.03,
COMA,TPC-DI__prospect_both_0_50_ac1_av_source.csv__prospect_both_0_50_ac1_av_target.csv,1.55,0.03,
COMA,TPC-DI__prospect_both_0_50_ac1_ev_source.csv__prospect_both_0_50_ac1_ev_target.csv,1.56,0.03,
COMA,TPC-DI__prospect_both_0_50_ac2_av_source.csv__prospect_both_0_50_ac2_av_target.csv,1.56,0.03,
COMA,TPC-DI__prospect_both_0_50_ac2_ev_source.csv__prospect_both_0_50_ac2_ev_target.csv,1.57,0.03,
COMA,TPC-DI__prospect_both_0_50_ac3_av_source.csv__prospect_both_0_50_ac3_av_target.csv,1.52,0.03,
COMA,TPC-DI__prospect_both_0_50_ac3_ev_source.csv__prospect_both_0_50_ac3_ev_target.csv,1.57,0.03,
COMA,TPC-DI__prospect_both_0_50_ac4_av_source.csv__prospect_both_0_50_ac4_av_target.csv,1.63,0.03,
COMA,TPC-DI__prospect_both_0_50_ac4_ev_source.csv__prospect_both_0_50_ac4_ev_target.csv,1.6,0.03,
COMA,TPC-DI__prospect_both_0_50_ac5_av_source.csv__prospect_both_0_50_ac5_av_target.csv,1.57,0.03,
COMA,TPC-DI__prospect_both_0_50_ac5_ev_source.csv__prospect_both_0_50_ac5_ev_target.csv,1.58,0.03,
COMA,TPC-DI__prospect_both_0_50_ec_av_source.csv__prospect_both_0_50_ec_av_target.csv,1.59,0.03,
COMA,TPC-DI__prospect_both_0_50_ec_ev_source.csv__prospect_both_0_50_ec_ev_target.csv,1.64,0.03,
COMA,TPC-DI__prospect_both_0_70_ac1_av_source.csv__prospect_both_0_70_ac1_av_target.csv,1.78,0.03,
COMA,TPC-DI__prospect_both_0_70_ac1_ev_source.csv__prospect_both_0_70_ac1_ev_target.csv,1.59,0.03,
COMA,TPC-DI__prospect_both_0_70_ac2_av_source.csv__prospect_both_0_70_ac2_av_target.csv,1.71,0.03,
COMA,TPC-DI__prospect_both_0_70_ac2_ev_source.csv__prospect_both_0_70_ac2_ev_target.csv,1.66,0.03,
COMA,TPC-DI__prospect_both_0_70_ac3_av_source.csv__prospect_both_0_70_ac3_av_target.csv,1.61,0.03,
COMA,TPC-DI__prospect_both_0_70_ac3_ev_source.csv__prospect_both_0_70_ac3_ev_target.csv,1.67,0.03,
COMA,TPC-DI__prospect_both_0_70_ac4_av_source.csv__prospect_both_0_70_ac4_av_target.csv,1.7,0.03,
COMA,TPC-DI__prospect_both_0_70_ac4_ev_source.csv__prospect_both_0_70_ac4_ev_target.csv,1.67,0.03,
COMA,TPC-DI__prospect_both_0_70_ac5_av_source.csv__prospect_both_0_70_ac5_av_target.csv,1.67,0.03,
COMA,TPC-DI__prospect_both_0_70_ac5_ev_source.csv__prospect_both_0_70_ac5_ev_target.csv,1.63,0.03,
COMA,TPC-DI__prospect_both_0_70_ec_av_source.csv__prospect_both_0_70_ec_av_target.csv,1.67,0.03,
COMA,TPC-DI__prospect_both_0_70_ec_ev_source.csv__prospect_both_0_70_ec_ev_target.csv,1.77,0.03,
COMA,TPC-DI__prospect_both_50_1_ac1_av_source.csv__prospect_both_50_1_ac1_av_target.csv,1.36,0.02,
COMA,TPC-DI__prospect_both_50_1_ac1_ev_source.csv__prospect_both_50_1_ac1_ev_target.csv,1.52,0.03,
COMA,TPC-DI__prospect_both_50_1_ac2_av_source.csv__prospect_both_50_1_ac2_av_target.csv,1.35,0.02,
COMA,TPC-DI__prospect_both_50_1_ac2_ev_source.csv__prospect_both_50_1_ac2_ev_target.csv,1.43,0.02,
COMA,TPC-DI__prospect_both_50_1_ac3_av_source.csv__prospect_both_50_1_ac3_av_target.csv,1.37,0.02,
COMA,TPC-DI__prospect_both_50_1_ac3_ev_source.csv__prospect_both_50_1_ac3_ev_target.csv,1.42,0.02,
COMA,TPC-DI__prospect_both_50_1_ac4_av_source.csv__prospect_both_50_1_ac4_av_target.csv,1.42,0.02,
COMA,TPC-DI__prospect_both_50_1_ac4_ev_source.csv__prospect_both_50_1_ac4_ev_target.csv,1.43,0.02,
COMA,TPC-DI__prospect_both_50_1_ac5_av_source.csv__prospect_both_50_1_ac5_av_target.csv,1.38,0.02,
COMA,TPC-DI__prospect_both_50_1_ac5_ev_source.csv__prospect_both_50_1_ac5_ev_target.csv,1.34,0.02,
COMA,TPC-DI__prospect_both_50_1_ec_av_source.csv__prospect_both_50_1_ec_av_target.csv,1.44,0.02,
COMA,TPC-DI__prospect_both_50_1_ec_ev_source.csv__prospect_both_50_1_ec_ev_target.csv,1.4,0.02,
COMA,TPC-DI__prospect_both_50_30_ac1_av_source.csv__prospect_both_50_30_ac1_av_target.csv,1.59,0.03,
COMA,TPC-DI__prospect_both_50_30_ac1_ev_source.csv__prospect_both_50_30_ac1_ev_target.csv,1.47,0.02,
COMA,TPC-DI__prospect_both_50_30_ac2_av_source.csv__prospect_both_50_30_ac2_av_target.csv,1.48,0.02,
COMA,TPC-DI__prospect_both_50_30_ac2_ev_source.csv__prospect_both_50_30_ac2_ev_target.csv,1.49,0.02,
COMA,TPC-DI__prospect_both_50_30_ac3_ev_source.csv__prospect_both_50_30_ac3_ev_target.csv,1.6,0.03,
COMA,TPC-DI__prospect_both_50_30_ac4_av_source.csv__prospect_both_50_30_ac4_av_target.csv,1.51,0.03,
COMA,TPC-DI__prospect_both_50_30_ac4_ev_source.csv__prospect_both_50_30_ac4_ev_target.csv,1.55,0.03,
COMA,TPC-DI__prospect_both_50_30_ac5_av_source.csv__prospect_both_50_30_ac5_av_target.csv,1.52,0.03,
COMA,TPC-DI__prospect_both_50_30_ac5_ev_source.csv__prospect_both_50_30_ac5_ev_target.csv,1.53,0.03,
COMA,TPC-DI__prospect_both_50_30_ec_av_source.csv__prospect_both_50_30_ec_av_target.csv,1.67,0.03,
COMA,TPC-DI__prospect_both_50_30_ec_ev_source.csv__prospect_both_50_30_ec_ev_target.csv,1.47,0.02,
COMA,TPC-DI__prospect_both_50_50_ac1_av_source.csv__prospect_both_50_50_ac1_av_target.csv,1.63,0.03,
COMA,TPC-DI__prospect_both_50_50_ac1_ev_source.csv__prospect_both_50_50_ac1_ev_target.csv,1.62,0.03,
COMA,TPC-DI__prospect_both_50_50_ac2_av_source.csv__prospect_both_50_50_ac2_av_target.csv,1.64,0.03,
COMA,TPC-DI__prospect_both_50_50_ac2_ev_source.csv__prospect_both_50_50_ac2_ev_target.csv,1.65,0.03,
COMA,TPC-DI__prospect_both_50_50_ac3_ev_source.csv__prospect_both_50_50_ac3_ev_target.csv,1.68,0.03,
COMA,TPC-DI__prospect_both_50_50_ac4_av_source.csv__prospect_both_50_50_ac4_av_target.csv,1.69,0.03,
COMA,TPC-DI__prospect_both_50_50_ac4_ev_source.csv__prospect_both_50_50_ac4_ev_target.csv,1.66,0.03,
COMA,TPC-DI__prospect_both_50_50_ac5_av_source.csv__prospect_both_50_50_ac5_av_target.csv,1.66,0.03,
COMA,TPC-DI__prospect_both_50_50_ac5_ev_source.csv__prospect_both_50_50_ac5_ev_target.csv,1.66,0.03,
COMA,TPC-DI__prospect_both_50_50_ec_av_source.csv__prospect_both_50_50_ec_av_target.csv,1.61,0.03,
COMA,TPC-DI__prospect_both_50_50_ec_ev_source.csv__prospect_both_50_50_ec_ev_target.csv,1.75,0.03,
COMA,TPC-DI__prospect_both_50_70_ac1_av_source.csv__prospect_both_50_70_ac1_av_target.csv,1.74,0.03,
COMA,TPC-DI__prospect_both_50_70_ac1_ev_source.csv__prospect_both_50_70_ac1_ev_target.csv,1.63,0.03,
COMA,TPC-DI__prospect_both_50_70_ac2_av_source.csv__prospect_both_50_70_ac2_av_target.csv,1.69,0.03,
COMA,TPC-DI__prospect_both_50_70_ac2_ev_source.csv__prospect_both_50_70_ac2_ev_target.csv,1.66,0.03,
COMA,TPC-DI__prospect_both_50_70_ac3_av_source.csv__prospect_both_50_70_ac3_av_target.csv,1.7,0.03,
COMA,TPC-DI__prospect_both_50_70_ac3_ev_source.csv__prospect_both_50_70_ac3_ev_target.csv,1.71,0.03,
COMA,TPC-DI__prospect_both_50_70_ac4_av_source.csv__prospect_both_50_70_ac4_av_target.csv,1.69,0.03,
COMA,TPC-DI__prospect_both_50_70_ac4_ev_source.csv__prospect_both_50_70_ac4_ev_target.csv,1.61,0.03,
COMA,TPC-DI__prospect_both_50_70_ac5_av_source.csv__prospect_both_50_70_ac5_av_target.csv,1.96,0.03,
COMA,TPC-DI__prospect_both_50_70_ac5_ev_source.csv__prospect_both_50_70_ac5_ev_target.csv,1.76,0.03,
COMA,TPC-DI__prospect_both_50_70_ec_av_source.csv__prospect_both_50_70_ec_av_target.csv,1.69,0.03,
COMA,TPC-DI__prospect_both_50_70_ec_ev_source.csv__prospect_both_50_70_ec_ev_target.csv,1.75,0.03,
COMA,TPC-DI__prospect_horizontal_0_ac1_av_source.csv__prospect_horizontal_0_ac1_av_target.csv,1.78,0.03,
COMA,TPC-DI__prospect_horizontal_0_ac1_ev_source.csv__prospect_horizontal_0_ac1_ev_target.csv,1.9,0.03,
COMA,TPC-DI__prospect_horizontal_0_ac2_av_source.csv__prospect_horizontal_0_ac2_av_target.csv,1.9,0.03,
COMA,TPC-DI__prospect_horizontal_0_ac2_ev_source.csv__prospect_horizontal_0_ac2_ev_target.csv,1.81,0.03,
COMA,TPC-DI__prospect_horizontal_0_ac3_av_source.csv__prospect_horizontal_0_ac3_av_target.csv,1.8,0.03,
COMA,TPC-DI__prospect_horizontal_0_ac4_av_source.csv__prospect_horizontal_0_ac4_av_target.csv,1.82,0.03,
COMA,TPC-DI__prospect_horizontal_0_ac4_ev_source.csv__prospect_horizontal_0_ac4_ev_target.csv,1.88,0.03,
COMA,TPC-DI__prospect_horizontal_0_ac5_av_source.csv__prospect_horizontal_0_ac5_av_target.csv,1.87,0.03,
COMA,TPC-DI__prospect_horizontal_0_ac5_ev_source.csv__prospect_horizontal_0_ac5_ev_target.csv,1.96,0.03,
COMA,TPC-DI__prospect_horizontal_0_ec_ev_source.csv__prospect_horizontal_0_ec_ev_target.csv,1.74,0.03,
COMA,TPC-DI__prospect_horizontal_100_ac1_av_source.csv__prospect_horizontal_100_ac1_av_target.csv,1.94,0.03,
COMA,TPC-DI__prospect_horizontal_100_ac1_ev_source.csv__prospect_horizontal_100_ac1_ev_target.csv,1.96,0.03,
COMA,TPC-DI__prospect_horizontal_100_ac2_av_source.csv__prospect_horizontal_100_ac2_av_target.csv,1.91,0.03,
COMA,TPC-DI__prospect_horizontal_100_ac2_ev_source.csv__prospect_horizontal_100_ac2_ev_target.csv,1.92,0.03,
COMA,TPC-DI__prospect_horizontal_100_ac3_av_source.csv__prospect_horizontal_100_ac3_av_target.csv,1.87,0.03,
COMA,TPC-DI__prospect_horizontal_100_ac3_ev_source.csv__prospect_horizontal_100_ac3_ev_target.csv,1.88,0.03,
COMA,TPC-DI__prospect_horizontal_100_ac4_av_source.csv__prospect_horizontal_100_ac4_av_target.csv,1.91,0.03,
COMA,TPC-DI__prospect_horizontal_100_ac4_ev_source.csv__prospect_horizontal_100_ac4_ev_target.csv,1.87,0.03,
COMA,TPC-DI__prospect_horizontal_100_ac5_av_source.csv__prospect_horizontal_100_ac5_av_target.csv,1.91,0.03,
COMA,TPC-DI__prospect_horizontal_100_ac5_ev_source.csv__prospect_horizontal_100_ac5_ev_target.csv,1.92,0.03,
COMA,TPC-DI__prospect_horizontal_100_ec_av_source.csv__prospect_horizontal_100_ec_av_target.csv,1.93,0.03,
COMA,TPC-DI__prospect_horizontal_100_ec_ev_source.csv__prospect_horizontal_100_ec_ev_target.csv,1.89,0.03,
COMA,TPC-DI__prospect_horizontal_50_ac1_av_source.csv__prospect_horizontal_50_ac1_av_target.csv,1.91,0.03,
COMA,TPC-DI__prospect_horizontal_50_ac1_ev_source.csv__prospect_horizontal_50_ac1_ev_target.csv,1.96,0.03,
COMA,TPC-DI__prospect_horizontal_50_ac2_ev_source.csv__prospect_horizontal_50_ac2_ev_target.csv,1.91,0.03,
COMA,TPC-DI__prospect_horizontal_50_ac3_av_source.csv__prospect_horizontal_50_ac3_av_target.csv,1.94,0.03,
COMA,TPC-DI__prospect_horizontal_50_ac3_ev_source.csv__prospect_horizontal_50_ac3_ev_target.csv,1.92,0.03,
COMA,TPC-DI__prospect_horizontal_50_ac4_av_source.csv__prospect_horizontal_50_ac4_av_target.csv,1.84,0.03,
COMA,TPC-DI__prospect_horizontal_50_ac4_ev_source.csv__prospect_horizontal_50_ac4_ev_target.csv,1.92,0.03,
COMA,TPC-DI__prospect_horizontal_50_ac5_av_source.csv__prospect_horizontal_50_ac5_av_target.csv,1.79,0.03,
COMA,TPC-DI__prospect_horizontal_50_ac5_ev_source.csv__prospect_horizontal_50_ac5_ev_target.csv,1.91,0.03,
COMA,TPC-DI__prospect_horizontal_50_ec_av_source.csv__prospect_horizontal_50_ec_av_target.csv,1.77,0.03,
COMA,TPC-DI__prospect_horizontal_50_ec_ev_source.csv__prospect_horizontal_50_ec_ev_target.csv,1.8,0.03,
COMA,TPC-DI__prospect_vertical_1_ac1_av_source.csv__prospect_vertical_1_ac1_av_target.csv,1.47,0.02,
COMA,TPC-DI__prospect_vertical_1_ac1_ev_source.csv__prospect_vertical_1_ac1_ev_target.csv,1.44,0.02,
COMA,TPC-DI__prospect_vertical_1_ac2_av_source.csv__prospect_vertical_1_ac2_av_target.csv,1.47,0.02,
COMA,TPC-DI__prospect_vertical_1_ac2_ev_source.csv__prospect_vertical_1_ac2_ev_target.csv,1.42,0.02,
COMA,TPC-DI__prospect_vertical_1_ac3_av_source.csv__prospect_vertical_1_ac3_av_target.csv,1.41,0.02,
COMA,TPC-DI__prospect_vertical_1_ac3_ev_source.csv__prospect_vertical_1_ac3_ev_target.csv,1.42,0.02,
COMA,TPC-DI__prospect_vertical_1_ac4_av_source.csv__prospect_vertical_1_ac4_av_target.csv,1.36,0.02,
COMA,TPC-DI__prospect_vertical_1_ac4_ev_source.csv__prospect_vertical_1_ac4_ev_target.csv,1.39,0.02,
COMA,TPC-DI__prospect_vertical_1_ac5_av_source.csv__prospect_vertical_1_ac5_av_target.csv,1.4,0.02,
COMA,TPC-DI__prospect_vertical_1_ac5_ev_source.csv__prospect_vertical_1_ac5_ev_target.csv,1.41,0.02,
COMA,TPC-DI__prospect_vertical_1_ec_av_source.csv__prospect_vertical_1_ec_av_target.csv,1.47,0.02,
COMA,TPC-DI__prospect_vertical_1_ec_ev_source.csv__prospect_vertical_1_ec_ev_target.csv,1.43,0.02,
COMA,TPC-DI__prospect_vertical_30_ac1_av_source.csv__prospect_vertical_30_ac1_av_target.csv,1.55,0.03,
COMA,TPC-DI__prospect_vertical_30_ac1_ev_source.csv__prospect_vertical_30_ac1_ev_target.csv,1.62,0.03,
COMA,TPC-DI__prospect_vertical_30_ac2_av_source.csv__prospect_vertical_30_ac2_av_target.csv,1.58,0.03,
COMA,TPC-DI__prospect_vertical_30_ac2_ev_source.csv__prospect_vertical_30_ac2_ev_target.csv,1.55,0.03,
COMA,TPC-DI__prospect_vertical_30_ac3_av_source.csv__prospect_vertical_30_ac3_av_target.csv,1.61,0.03,
COMA,TPC-DI__prospect_vertical_30_ac3_ev_source.csv__prospect_vertical_30_ac3_ev_target.csv,1.55,0.03,
COMA,TPC-DI__prospect_vertical_30_ac4_av_source.csv__prospect_vertical_30_ac4_av_target.csv,1.61,0.03,
COMA,TPC-DI__prospect_vertical_30_ac4_ev_source.csv__prospect_vertical_30_ac4_ev_target.csv,1.63,0.03,
COMA,TPC-DI__prospect_vertical_30_ac5_av_source.csv__prospect_vertical_30_ac5_av_target.csv,1.58,0.03,
COMA,TPC-DI__prospect_vertical_30_ac5_ev_source.csv__prospect_vertical_30_ac5_ev_target.csv,1.55,0.03,
COMA,TPC-DI__prospect_vertical_30_ec_av_source.csv__prospect_vertical_30_ec_av_target.csv,1.6,0.03,
COMA,TPC-DI__prospect_vertical_30_ec_ev_source.csv__prospect_vertical_30_ec_ev_target.csv,1.56,0.03,
COMA,TPC-DI__prospect_vertical_50_ac1_av_source.csv__prospect_vertical_50_ac1_av_target.csv,1.73,0.03,
COMA,TPC-DI__prospect_vertical_50_ac1_ev_source.csv__prospect_vertical_50_ac1_ev_target.csv,1.76,0.03,
COMA,TPC-DI__prospect_vertical_50_ac2_av_source.csv__prospect_vertical_50_ac2_av_target.csv,1.71,0.03,
COMA,TPC-DI__prospect_vertical_50_ac2_ev_source.csv__prospect_vertical_50_ac2_ev_target.csv,1.64,0.03,
COMA,TPC-DI__prospect_vertical_50_ac3_av_source.csv__prospect_vertical_50_ac3_av_target.csv,1.7,0.03,
COMA,TPC-DI__prospect_vertical_50_ac3_ev_source.csv__prospect_vertical_50_ac3_ev_target.csv,1.69,0.03,
COMA,TPC-DI__prospect_vertical_50_ac4_av_source.csv__prospect_vertical_50_ac4_av_target.csv,1.72,0.03,
COMA,TPC-DI__prospect_vertical_50_ac4_ev_source.csv__prospect_vertical_50_ac4_ev_target.csv,1.64,0.03,
COMA,TPC-DI__prospect_vertical_50_ac5_av_source.csv__prospect_vertical_50_ac5_av_target.csv,1.72,0.03,
COMA,TPC-DI__prospect_vertical_50_ac5_ev_source.csv__prospect_vertical_50_ac5_ev_target.csv,1.71,0.03,
COMA,TPC-DI__prospect_vertical_50_ec_av_source.csv__prospect_vertical_50_ec_av_target.csv,1.71,0.03,
COMA,TPC-DI__prospect_vertical_50_ec_ev_source.csv__prospect_vertical_50_ec_ev_target.csv,1.69,0.03,
COMA,TPC-DI__prospect_vertical_70_ac1_av_source.csv__prospect_vertical_70_ac1_av_target.csv,1.77,0.03,
COMA,TPC-DI__prospect_vertical_70_ac1_ev_source.csv__prospect_vertical_70_ac1_ev_target.csv,1.75,0.03,
COMA,TPC-DI__prospect_vertical_70_ac2_av_source.csv__prospect_vertical_70_ac2_av_target.csv,1.8,0.03,
COMA,TPC-DI__prospect_vertical_70_ac2_ev_source.csv__prospect_vertical_70_ac2_ev_target.csv,1.79,0.03,
COMA,TPC-DI__prospect_vertical_70_ac3_av_source.csv__prospect_vertical_70_ac3_av_target.csv,1.77,0.03,
COMA,TPC-DI__prospect_vertical_70_ac3_ev_source.csv__prospect_vertical_70_ac3_ev_target.csv,1.71,0.03,
COMA,TPC-DI__prospect_vertical_70_ac4_av_source.csv__prospect_vertical_70_ac4_av_target.csv,1.78,0.03,
COMA,TPC-DI__prospect_vertical_70_ac4_ev_source.csv__prospect_vertical_70_ac4_ev_target.csv,1.74,0.03,
COMA,TPC-DI__prospect_vertical_70_ac5_av_source.csv__prospect_vertical_70_ac5_av_target.csv,1.75,0.03,
COMA,TPC-DI__prospect_vertical_70_ac5_ev_source.csv__prospect_vertical_70_ac5_ev_target.csv,1.7,0.03,
COMA,TPC-DI__prospect_vertical_70_ec_av_source.csv__prospect_vertical_70_ec_av_target.csv,1.91,0.03,
COMA,TPC-DI__prospect_vertical_70_ec_ev_source.csv__prospect_vertical_70_ec_ev_target.csv,1.7,0.03,
COMA,Wikidata__musicians_joinable_source.csv__musicians_joinable_target.csv,1.37,0.02,
COMA,Wikidata__musicians_semjoinable_source.csv__musicians_semjoinable_target.csv,1.35,0.02,
COMA,Wikidata__musicians_unionable_source.csv__musicians_unionable_target.csv,1.54,0.03,
COMA,Wikidata__musicians_viewunion_source.csv__musicians_viewunion_target.csv,1.31,0.02,
Similarity Flooding,ChEMBL__assays_both_0_1_ac1_av_source.csv__assays_both_0_1_ac1_av_target.csv,0.43,0.01,
Similarity Flooding,ChEMBL__assays_both_0_1_ac1_ev_source.csv__assays_both_0_1_ac1_ev_target.csv,0.45,0.01,
Similarity Flooding,ChEMBL__assays_both_0_1_ac2_av_source.csv__assays_both_0_1_ac2_av_target.csv,0.32,0.01,
Similarity Flooding,ChEMBL__assays_both_0_1_ac2_ev_source.csv__assays_both_0_1_ac2_ev_target.csv,0.3,0.0,
Similarity Flooding,ChEMBL__assays_both_0_1_ac3_av_source.csv__assays_both_0_1_ac3_av_target.csv,0.35,0.01,
Similarity Flooding,ChEMBL__assays_both_0_1_ac3_ev_source.csv__assays_both_0_1_ac3_ev_target.csv,0.35,0.01,
Similarity Flooding,ChEMBL__assays_both_0_1_ac4_av_source.csv__assays_both_0_1_ac4_av_target.csv,0.43,0.01,
Similarity Flooding,ChEMBL__assays_both_0_1_ac4_ev_source.csv__assays_both_0_1_ac4_ev_target.csv,0.42,0.01,
Similarity Flooding,ChEMBL__assays_both_0_1_ac5_av_source.csv__assays_both_0_1_ac5_av_target.csv,0.42,0.01,
Similarity Flooding,ChEMBL__assays_both_0_1_ac5_ev_source.csv__assays_both_0_1_ac5_ev_target.csv,0.43,0.01,
Similarity Flooding,ChEMBL__assays_both_0_1_ec_av_source.csv__assays_both_0_1_ec_av_target.csv,0.39,0.01,
Similarity Flooding,ChEMBL__assays_both_0_1_ec_ev_source.csv__assays_both_0_1_ec_ev_target.csv,0.39,0.01,
Similarity Flooding,ChEMBL__assays_both_0_30_ac1_av_source.csv__assays_both_0_30_ac1_av_target.csv,0.64,0.01,
Similarity Flooding,ChEMBL__assays_both_0_30_ac1_ev_source.csv__assays_both_0_30_ac1_ev_target.csv,0.67,0.01,
Similarity Flooding,ChEMBL__assays_both_0_30_ac2_av_source.csv__assays_both_0_30_ac2_av_target.csv,0.47,0.01,
Similarity Flooding,ChEMBL__assays_both_0_30_ac2_ev_source.csv__assays_both_0_30_ac2_ev_target.csv,0.46,0.01,
Similarity Flooding,ChEMBL__assays_both_0_30_ac3_av_source.csv__assays_both_0_30_ac3_av_target.csv,0.57,0.01,
Similarity Flooding,ChEMBL__assays_both_0_30_ac3_ev_source.csv__assays_both_0_30_ac3_ev_target.csv,0.6,0.01,
Similarity Flooding,ChEMBL__assays_both_0_30_ac4_av_source.csv__assays_both_0_30_ac4_av_target.csv,0.63,0.01,
Similarity Flooding,ChEMBL__assays_both_0_30_ac4_ev_source.csv__assays_both_0_30_ac4_ev_target.csv,0.63,0.01,
Similarity Flooding,ChEMBL__assays_both_0_30_ac5_av_source.csv__assays_both_0_30_ac5_av_target.csv,0.66,0.01,
Similarity Flooding,ChEMBL__assays_both_0_30_ac5_ev_source.csv__assays_both_0_30_ac5_ev_target.csv,0.68,0.01,
Similarity Flooding,ChEMBL__assays_both_0_30_ec_av_source.csv__assays_both_0_30_ec_av_target.csv,0.62,0.01,
Similarity Flooding,ChEMBL__assays_both_0_30_ec_ev_source.csv__assays_both_0_30_ec_ev_target.csv,0.62,0.01,
Similarity Flooding,ChEMBL__assays_both_0_50_ac1_av_source.csv__assays_both_0_50_ac1_av_target.csv,0.98,0.02,
Similarity Flooding,ChEMBL__assays_both_0_50_ac1_ev_source.csv__assays_both_0_50_ac1_ev_target.csv,0.97,0.02,
Similarity Flooding,ChEMBL__assays_both_0_50_ac2_av_source.csv__assays_both_0_50_ac2_av_target.csv,0.67,0.01,
Similarity Flooding,ChEMBL__assays_both_0_50_ac2_ev_source.csv__assays_both_0_50_ac2_ev_target.csv,0.62,0.01,
Similarity Flooding,ChEMBL__assays_both_0_50_ac3_av_source.csv__assays_both_0_50_ac3_av_target.csv,0.9,0.02,
Similarity Flooding,ChEMBL__assays_both_0_50_ac3_ev_source.csv__assays_both_0_50_ac3_ev_target.csv,0.88,0.01,
Similarity Flooding,ChEMBL__assays_both_0_50_ac4_ev_source.csv__assays_both_0_50_ac4_ev_target.csv,0.97,0.02,
Similarity Flooding,ChEMBL__assays_both_0_50_ac5_av_source.csv__assays_both_0_50_ac5_av_target.csv,0.95,0.02,
Similarity Flooding,ChEMBL__assays_both_0_50_ac5_ev_source.csv__assays_both_0_50_ac5_ev_target.csv,1.11,0.02,
Similarity Flooding,ChEMBL__assays_both_0_50_ec_av_source.csv__assays_both_0_50_ec_av_target.csv,0.99,0.02,
Similarity Flooding,ChEMBL__assays_both_0_50_ec_ev_source.csv__assays_both_0_50_ec_ev_target.csv,0.93,0.02,
Similarity Flooding,ChEMBL__assays_both_0_70_ac1_av_source.csv__assays_both_0_70_ac1_av_target.csv,1.63,0.03,
Similarity Flooding,ChEMBL__assays_both_0_70_ac1_ev_source.csv__assays_both_0_70_ac1_ev_target.csv,1.68,0.03,
Similarity Flooding,ChEMBL__assays_both_0_70_ac2_av_source.csv__assays_both_0_70_ac2_av_target.csv,1.13,0.02,
Similarity Flooding,ChEMBL__assays_both_0_70_ac2_ev_source.csv__assays_both_0_70_ac2_ev_target.csv,1.14,0.02,
Similarity Flooding,ChEMBL__assays_both_0_70_ac3_av_source.csv__assays_both_0_70_ac3_av_target.csv,1.53,0.03,
Similarity Flooding,ChEMBL__assays_both_0_70_ac3_ev_source.csv__assays_both_0_70_ac3_ev_target.csv,1.46,0.02,
Similarity Flooding,ChEMBL__assays_both_0_70_ac4_av_source.csv__assays_both_0_70_ac4_av_target.csv,1.62,0.03,
Similarity Flooding,ChEMBL__assays_both_0_70_ac4_ev_source.csv__assays_both_0_70_ac4_ev_target.csv,1.62,0.03,
Similarity Flooding,ChEMBL__assays_both_0_70_ac5_av_source.csv__assays_both_0_70_ac5_av_target.csv,1.55,0.03,
Similarity Flooding,ChEMBL__assays_both_0_70_ac5_ev_source.csv__assays_both_0_70_ac5_ev_target.csv,1.6,0.03,
Similarity Flooding,ChEMBL__assays_both_0_70_ec_av_source.csv__assays_both_0_70_ec_av_target.csv,1.6,0.03,
Similarity Flooding,ChEMBL__assays_both_0_70_ec_ev_source.csv__assays_both_0_70_ec_ev_target.csv,1.65,0.03,
Similarity Flooding,ChEMBL__assays_both_50_1_ac1_av_source.csv__assays_both_50_1_ac1_av_target.csv,0.49,0.01,
Similarity Flooding,ChEMBL__assays_both_50_1_ac1_ev_source.csv__assays_both_50_1_ac1_ev_target.csv,0.49,0.01,
Similarity Flooding,ChEMBL__assays_both_50_1_ac2_av_source.csv__assays_both_50_1_ac2_av_target.csv,0.3,0.0,
Similarity Flooding,ChEMBL__assays_both_50_1_ac2_ev_source.csv__assays_both_50_1_ac2_ev_target.csv,0.31,0.01,
Similarity Flooding,ChEMBL__assays_both_50_1_ac3_av_source.csv__assays_both_50_1_ac3_av_target.csv,0.36,0.01,
Similarity Flooding,ChEMBL__assays_both_50_1_ac3_ev_source.csv__assays_both_50_1_ac3_ev_target.csv,0.36,0.01,
Similarity Flooding,ChEMBL__assays_both_50_1_ac4_av_source.csv__assays_both_50_1_ac4_av_target.csv,0.42,0.01,
Similarity Flooding,ChEMBL__assays_both_50_1_ac4_ev_source.csv__assays_both_50_1_ac4_ev_target.csv,0.42,0.01,
Similarity Flooding,ChEMBL__assays_both_50_1_ac5_av_source.csv__assays_both_50_1_ac5_av_target.csv,0.42,0.01,
Similarity Flooding,ChEMBL__assays_both_50_1_ac5_ev_source.csv__assays_both_50_1_ac5_ev_target.csv,0.43,0.01,
Similarity Flooding,ChEMBL__assays_both_50_1_ec_av_source.csv__assays_both_50_1_ec_av_target.csv,0.38,0.01,
Similarity Flooding,ChEMBL__assays_both_50_1_ec_ev_source.csv__assays_both_50_1_ec_ev_target.csv,0.42,0.01,
Similarity Flooding,ChEMBL__assays_both_50_30_ac1_av_source.csv__assays_both_50_30_ac1_av_target.csv,0.65,0.01,
Similarity Flooding,ChEMBL__assays_both_50_30_ac1_ev_source.csv__assays_both_50_30_ac1_ev_target.csv,0.67,0.01,
Similarity Flooding,ChEMBL__assays_both_50_30_ac2_av_source.csv__assays_both_50_30_ac2_av_target.csv,0.48,0.01,
Similarity Flooding,ChEMBL__assays_both_50_30_ac2_ev_source.csv__assays_both_50_30_ac2_ev_target.csv,0.57,0.01,
Similarity Flooding,ChEMBL__assays_both_50_30_ac3_av_source.csv__assays_both_50_30_ac3_av_target.csv,0.59,0.01,
Similarity Flooding,ChEMBL__assays_both_50_30_ac3_ev_source.csv__assays_both_50_30_ac3_ev_target.csv,0.59,0.01,
Similarity Flooding,ChEMBL__assays_both_50_30_ac4_av_source.csv__assays_both_50_30_ac4_av_target.csv,0.65,0.01,
Similarity Flooding,ChEMBL__assays_both_50_30_ac4_ev_source.csv__assays_both_50_30_ac4_ev_target.csv,0.63,0.01,
Similarity Flooding,ChEMBL__assays_both_50_30_ac5_av_source.csv__assays_both_50_30_ac5_av_target.csv,0.65,0.01,
Similarity Flooding,ChEMBL__assays_both_50_30_ac5_ev_source.csv__assays_both_50_30_ac5_ev_target.csv,0.66,0.01,
Similarity Flooding,ChEMBL__assays_both_50_30_ec_av_source.csv__assays_both_50_30_ec_av_target.csv,0.61,0.01,
Similarity Flooding,ChEMBL__assays_both_50_30_ec_ev_source.csv__assays_both_50_30_ec_ev_target.csv,0.67,0.01,
Similarity Flooding,ChEMBL__assays_both_50_50_ac1_av_source.csv__assays_both_50_50_ac1_av_target.csv,0.99,0.02,
Similarity Flooding,ChEMBL__assays_both_50_50_ac1_ev_source.csv__assays_both_50_50_ac1_ev_target.csv,0.99,0.02,
Similarity Flooding,ChEMBL__assays_both_50_50_ac2_av_source.csv__assays_both_50_50_ac2_av_target.csv,0.7,0.01,
Similarity Flooding,ChEMBL__assays_both_50_50_ac2_ev_source.csv__assays_both_50_50_ac2_ev_target.csv,0.64,0.01,
Similarity Flooding,ChEMBL__assays_both_50_50_ac3_av_source.csv__assays_both_50_50_ac3_av_target.csv,0.91,0.02,
Similarity Flooding,ChEMBL__assays_both_50_50_ac3_ev_source.csv__assays_both_50_50_ac3_ev_target.csv,0.88,0.01,
Similarity Flooding,ChEMBL__assays_both_50_50_ac4_av_source.csv__assays_both_50_50_ac4_av_target.csv,0.94,0.02,
Similarity Flooding,ChEMBL__assays_both_50_50_ac4_ev_source.csv__assays_both_50_50_ac4_ev_target.csv,0.97,0.02,
Similarity Flooding,ChEMBL__assays_both_50_50_ac5_av_source.csv__assays_both_50_50_ac5_av_target.csv,0.96,0.02,
Similarity Flooding,ChEMBL__assays_both_50_50_ac5_ev_source.csv__assays_both_50_50_ac5_ev_target.csv,1.08,0.02,
Similarity Flooding,ChEMBL__assays_both_50_50_ec_av_source.csv__assays_both_50_50_ec_av_target.csv,0.96,0.02,
Similarity Flooding,ChEMBL__assays_both_50_50_ec_ev_source.csv__assays_both_50_50_ec_ev_target.csv,0.97,0.02,
Similarity Flooding,ChEMBL__assays_both_50_70_ac1_av_source.csv__assays_both_50_70_ac1_av_target.csv,1.62,0.03,
Similarity Flooding,ChEMBL__assays_both_50_70_ac1_ev_source.csv__assays_both_50_70_ac1_ev_target.csv,1.69,0.03,
Similarity Flooding,ChEMBL__assays_both_50_70_ac2_av_source.csv__assays_both_50_70_ac2_av_target.csv,1.19,0.02,
Similarity Flooding,ChEMBL__assays_both_50_70_ac2_ev_source.csv__assays_both_50_70_ac2_ev_target.csv,1.17,0.02,
Similarity Flooding,ChEMBL__assays_both_50_70_ac3_av_source.csv__assays_both_50_70_ac3_av_target.csv,1.72,0.03,
Similarity Flooding,ChEMBL__assays_both_50_70_ac3_ev_source.csv__assays_both_50_70_ac3_ev_target.csv,1.52,0.03,
Similarity Flooding,ChEMBL__assays_both_50_70_ac4_av_source.csv__assays_both_50_70_ac4_av_target.csv,1.55,0.03,
Similarity Flooding,ChEMBL__assays_both_50_70_ac4_ev_source.csv__assays_both_50_70_ac4_ev_target.csv,1.75,0.03,
Similarity Flooding,ChEMBL__assays_both_50_70_ac5_av_source.csv__assays_both_50_70_ac5_av_target.csv,1.63,0.03,
Similarity Flooding,ChEMBL__assays_both_50_70_ac5_ev_source.csv__assays_both_50_70_ac5_ev_target.csv,1.64,0.03,
Similarity Flooding,ChEMBL__assays_both_50_70_ec_av_source.csv__assays_both_50_70_ec_av_target.csv,1.56,0.03,
Similarity Flooding,ChEMBL__assays_both_50_70_ec_ev_source.csv__assays_both_50_70_ec_ev_target.csv,1.62,0.03,
Similarity Flooding,ChEMBL__assays_horizontal_0_ac1_av_source.csv__assays_horizontal_0_ac1_av_target.csv,2.36,0.04,
Similarity Flooding,ChEMBL__assays_horizontal_0_ac1_ev_source.csv__assays_horizontal_0_ac1_ev_target.csv,2.78,0.05,
Similarity Flooding,ChEMBL__assays_horizontal_0_ac2_av_source.csv__assays_horizontal_0_ac2_av_target.csv,1.51,0.03,
Similarity Flooding,ChEMBL__assays_horizontal_0_ac2_ev_source.csv__assays_horizontal_0_ac2_ev_target.csv,1.5,0.03,
Similarity Flooding,ChEMBL__assays_horizontal_0_ac3_av_source.csv__assays_horizontal_0_ac3_av_target.csv,2.25,0.04,
Similarity Flooding,ChEMBL__assays_horizontal_0_ac3_ev_source.csv__assays_horizontal_0_ac3_ev_target.csv,2.19,0.04,
Similarity Flooding,ChEMBL__assays_horizontal_0_ac4_av_source.csv__assays_horizontal_0_ac4_av_target.csv,2.22,0.04,
Similarity Flooding,ChEMBL__assays_horizontal_0_ac4_ev_source.csv__assays_horizontal_0_ac4_ev_target.csv,2.34,0.04,
Similarity Flooding,ChEMBL__assays_horizontal_0_ac5_av_source.csv__assays_horizontal_0_ac5_av_target.csv,2.32,0.04,
Similarity Flooding,ChEMBL__assays_horizontal_0_ac5_ev_source.csv__assays_horizontal_0_ac5_ev_target.csv,2.34,0.04,
Similarity Flooding,ChEMBL__assays_horizontal_0_ec_av_source.csv__assays_horizontal_0_ec_av_target.csv,2.33,0.04,
Similarity Flooding,ChEMBL__assays_horizontal_0_ec_ev_source.csv__assays_horizontal_0_ec_ev_target.csv,2.41,0.04,
Similarity Flooding,ChEMBL__assays_horizontal_100_ac1_av_source.csv__assays_horizontal_100_ac1_av_target.csv,2.4,0.04,
Similarity Flooding,ChEMBL__assays_horizontal_100_ac1_ev_source.csv__assays_horizontal_100_ac1_ev_target.csv,2.41,0.04,
Similarity Flooding,ChEMBL__assays_horizontal_100_ac2_av_source.csv__assays_horizontal_100_ac2_av_target.csv,1.59,0.03,
Similarity Flooding,ChEMBL__assays_horizontal_100_ac2_ev_source.csv__assays_horizontal_100_ac2_ev_target.csv,1.41,0.02,
Similarity Flooding,ChEMBL__assays_horizontal_100_ac3_av_source.csv__assays_horizontal_100_ac3_av_target.csv,2.39,0.04,
Similarity Flooding,ChEMBL__assays_horizontal_100_ac3_ev_source.csv__assays_horizontal_100_ac3_ev_target.csv,2.27,0.04,
Similarity Flooding,ChEMBL__assays_horizontal_100_ac4_av_source.csv__assays_horizontal_100_ac4_av_target.csv,2.37,0.04,
Similarity Flooding,ChEMBL__assays_horizontal_100_ac4_ev_source.csv__assays_horizontal_100_ac4_ev_target.csv,2.32,0.04,
Similarity Flooding,ChEMBL__assays_horizontal_100_ac5_av_source.csv__assays_horizontal_100_ac5_av_target.csv,2.23,0.04,
Similarity Flooding,ChEMBL__assays_horizontal_100_ac5_ev_source.csv__assays_horizontal_100_ac5_ev_target.csv,2.34,0.04,
Similarity Flooding,ChEMBL__assays_horizontal_100_ec_av_source.csv__assays_horizontal_100_ec_av_target.csv,2.23,0.04,
Similarity Flooding,ChEMBL__assays_horizontal_100_ec_ev_source.csv__assays_horizontal_100_ec_ev_target.csv,2.21,0.04,
Similarity Flooding,ChEMBL__assays_horizontal_50_ac1_av_source.csv__assays_horizontal_50_ac1_av_target.csv,2.3,0.04,
Similarity Flooding,ChEMBL__assays_horizontal_50_ac1_ev_source.csv__assays_horizontal_50_ac1_ev_target.csv,2.39,0.04,
Similarity Flooding,ChEMBL__assays_horizontal_50_ac2_av_source.csv__assays_horizontal_50_ac2_av_target.csv,1.61,0.03,
Similarity Flooding,ChEMBL__assays_horizontal_50_ac2_ev_source.csv__assays_horizontal_50_ac2_ev_target.csv,1.64,0.03,
Similarity Flooding,ChEMBL__assays_horizontal_50_ac3_av_source.csv__assays_horizontal_50_ac3_av_target.csv,2.24,0.04,
Similarity Flooding,ChEMBL__assays_horizontal_50_ac3_ev_source.csv__assays_horizontal_50_ac3_ev_target.csv,2.48,0.04,
Similarity Flooding,ChEMBL__assays_horizontal_50_ac4_av_source.csv__assays_horizontal_50_ac4_av_target.csv,2.31,0.04,
Similarity Flooding,ChEMBL__assays_horizontal_50_ac4_ev_source.csv__assays_horizontal_50_ac4_ev_target.csv,2.36,0.04,
Similarity Flooding,ChEMBL__assays_horizontal_50_ac5_av_source.csv__assays_horizontal_50_ac5_av_target.csv,2.39,0.04,
Similarity Flooding,ChEMBL__assays_horizontal_50_ac5_ev_source.csv__assays_horizontal_50_ac5_ev_target.csv,2.36,0.04,
Similarity Flooding,ChEMBL__assays_horizontal_50_ec_av_source.csv__assays_horizontal_50_ec_av_target.csv,2.38,0.04,
Similarity Flooding,ChEMBL__assays_horizontal_50_ec_ev_source.csv__assays_horizontal_50_ec_ev_target.csv,2.39,0.04,
Similarity Flooding,ChEMBL__assays_vertical_1_ac1_av_source.csv__assays_vertical_1_ac1_av_target.csv,0.43,0.01,
Similarity Flooding,ChEMBL__assays_vertical_1_ac1_ev_source.csv__assays_vertical_1_ac1_ev_target.csv,0.43,0.01,
Similarity Flooding,ChEMBL__assays_vertical_1_ac2_av_source.csv__assays_vertical_1_ac2_av_target.csv,0.35,0.01,
Similarity Flooding,ChEMBL__assays_vertical_1_ac2_ev_source.csv__assays_vertical_1_ac2_ev_target.csv,0.31,0.01,
Similarity Flooding,ChEMBL__assays_vertical_1_ac3_av_source.csv__assays_vertical_1_ac3_av_target.csv,0.36,0.01,
Similarity Flooding,ChEMBL__assays_vertical_1_ac3_ev_source.csv__assays_vertical_1_ac3_ev_target.csv,0.41,0.01,
Similarity Flooding,ChEMBL__assays_vertical_1_ac4_av_source.csv__assays_vertical_1_ac4_av_target.csv,0.42,0.01,
Similarity Flooding,ChEMBL__assays_vertical_1_ac4_ev_source.csv__assays_vertical_1_ac4_ev_target.csv,0.43,0.01,
Similarity Flooding,ChEMBL__assays_vertical_1_ac5_av_source.csv__assays_vertical_1_ac5_av_target.csv,0.43,0.01,
Similarity Flooding,ChEMBL__assays_vertical_1_ac5_ev_source.csv__assays_vertical_1_ac5_ev_target.csv,0.44,0.01,
Similarity Flooding,ChEMBL__assays_vertical_1_ec_av_source.csv__assays_vertical_1_ec_av_target.csv,0.39,0.01,
Similarity Flooding,ChEMBL__assays_vertical_1_ec_ev_source.csv__assays_vertical_1_ec_ev_target.csv,0.39,0.01,
Similarity Flooding,ChEMBL__assays_vertical_30_ac1_av_source.csv__assays_vertical_30_ac1_av_target.csv,0.77,0.01,
Similarity Flooding,ChEMBL__assays_vertical_30_ac1_ev_source.csv__assays_vertical_30_ac1_ev_target.csv,0.68,0.01,
Similarity Flooding,ChEMBL__assays_vertical_30_ac2_av_source.csv__assays_vertical_30_ac2_av_target.csv,0.47,0.01,
Similarity Flooding,ChEMBL__assays_vertical_30_ac2_ev_source.csv__assays_vertical_30_ac2_ev_target.csv,0.47,0.01,
Similarity Flooding,ChEMBL__assays_vertical_30_ac3_av_source.csv__assays_vertical_30_ac3_av_target.csv,0.58,0.01,
Similarity Flooding,ChEMBL__assays_vertical_30_ac3_ev_source.csv__assays_vertical_30_ac3_ev_target.csv,0.57,0.01,
Similarity Flooding,ChEMBL__assays_vertical_30_ac4_av_source.csv__assays_vertical_30_ac4_av_target.csv,0.65,0.01,
Similarity Flooding,ChEMBL__assays_vertical_30_ac4_ev_source.csv__assays_vertical_30_ac4_ev_target.csv,0.65,0.01,
Similarity Flooding,ChEMBL__assays_vertical_30_ac5_av_source.csv__assays_vertical_30_ac5_av_target.csv,0.64,0.01,
Similarity Flooding,ChEMBL__assays_vertical_30_ac5_ev_source.csv__assays_vertical_30_ac5_ev_target.csv,0.66,0.01,
Similarity Flooding,ChEMBL__assays_vertical_30_ec_av_source.csv__assays_vertical_30_ec_av_target.csv,0.72,0.01,
Similarity Flooding,ChEMBL__assays_vertical_30_ec_ev_source.csv__assays_vertical_30_ec_ev_target.csv,0.64,0.01,
Similarity Flooding,ChEMBL__assays_vertical_50_ac1_av_source.csv__assays_vertical_50_ac1_av_target.csv,1.02,0.02,
Similarity Flooding,ChEMBL__assays_vertical_50_ac1_ev_source.csv__assays_vertical_50_ac1_ev_target.csv,1.02,0.02,
Similarity Flooding,ChEMBL__assays_vertical_50_ac2_av_source.csv__assays_vertical_50_ac2_av_target.csv,0.69,0.01,
Similarity Flooding,ChEMBL__assays_vertical_50_ac2_ev_source.csv__assays_vertical_50_ac2_ev_target.csv,0.65,0.01,
Similarity Flooding,ChEMBL__assays_vertical_50_ac3_av_source.csv__assays_vertical_50_ac3_av_target.csv,0.91,0.02,
Similarity Flooding,ChEMBL__assays_vertical_50_ac3_ev_source.csv__assays_vertical_50_ac3_ev_target.csv,1.08,0.02,
Similarity Flooding,ChEMBL__assays_vertical_50_ac4_av_source.csv__assays_vertical_50_ac4_av_target.csv,0.94,0.02,
Similarity Flooding,ChEMBL__assays_vertical_50_ac4_ev_source.csv__assays_vertical_50_ac4_ev_target.csv,0.96,0.02,
Similarity Flooding,ChEMBL__assays_vertical_50_ac5_av_source.csv__assays_vertical_50_ac5_av_target.csv,1.15,0.02,
Similarity Flooding,ChEMBL__assays_vertical_50_ac5_ev_source.csv__assays_vertical_50_ac5_ev_target.csv,0.99,0.02,
Similarity Flooding,ChEMBL__assays_vertical_50_ec_av_source.csv__assays_vertical_50_ec_av_target.csv,0.98,0.02,
Similarity Flooding,ChEMBL__assays_vertical_50_ec_ev_source.csv__assays_vertical_50_ec_ev_target.csv,0.99,0.02,
Similarity Flooding,ChEMBL__assays_vertical_70_ac1_av_source.csv__assays_vertical_70_ac1_av_target.csv,1.63,0.03,
Similarity Flooding,ChEMBL__assays_vertical_70_ac1_ev_source.csv__assays_vertical_70_ac1_ev_target.csv,1.63,0.03,
Similarity Flooding,ChEMBL__assays_vertical_70_ac2_av_source.csv__assays_vertical_70_ac2_av_target.csv,1.16,0.02,
Similarity Flooding,ChEMBL__assays_vertical_70_ac2_ev_source.csv__assays_vertical_70_ac2_ev_target.csv,1.12,0.02,
Similarity Flooding,ChEMBL__assays_vertical_70_ac3_av_source.csv__assays_vertical_70_ac3_av_target.csv,1.51,0.03,
Similarity Flooding,ChEMBL__assays_vertical_70_ac3_ev_source.csv__assays_vertical_70_ac3_ev_target.csv,1.5,0.02,
Similarity Flooding,ChEMBL__assays_vertical_70_ac4_av_source.csv__assays_vertical_70_ac4_av_target.csv,1.56,0.03,
Similarity Flooding,ChEMBL__assays_vertical_70_ac4_ev_source.csv__assays_vertical_70_ac4_ev_target.csv,1.57,0.03,
Similarity Flooding,ChEMBL__assays_vertical_70_ac5_av_source.csv__assays_vertical_70_ac5_av_target.csv,1.63,0.03,
Similarity Flooding,ChEMBL__assays_vertical_70_ac5_ev_source.csv__assays_vertical_70_ac5_ev_target.csv,1.63,0.03,
Similarity Flooding,ChEMBL__assays_vertical_70_ec_av_source.csv__assays_vertical_70_ec_av_target.csv,1.55,0.03,
Similarity Flooding,ChEMBL__assays_vertical_70_ec_ev_source.csv__assays_vertical_70_ec_ev_target.csv,1.6,0.03,
Similarity Flooding,Magellan__amazon_google_exp_source.csv__amazon_google_exp_target.csv,0.04,0.0,
Similarity Flooding,Magellan__beeradvo_ratebeer_source.csv__beeradvo_ratebeer_target.csv,0.05,0.0,
Similarity Flooding,Magellan__dblp_acm_source.csv__dblp_acm_target.csv,0.05,0.0,
Similarity Flooding,Magellan__dblp_scholar_source.csv__dblp_scholar_target.csv,0.07,0.0,
Similarity Flooding,Magellan__itunes_amazon_source.csv__itunes_amazon_target.csv,0.21,0.0,
Similarity Flooding,Magellan__walmart_amazon_source.csv__walmart_amazon_target.csv,0.09,0.0,
Similarity Flooding,OpenData__miller2_both_0_1_ac1_av_source.csv__miller2_both_0_1_ac1_av_target.csv,2.92,0.05,
Similarity Flooding,OpenData__miller2_both_0_1_ac1_ev_source.csv__miller2_both_0_1_ac1_ev_target.csv,2.89,0.05,
Similarity Flooding,OpenData__miller2_both_0_1_ac2_av_source.csv__miller2_both_0_1_ac2_av_target.csv,2.67,0.04,
Similarity Flooding,OpenData__miller2_both_0_1_ac2_ev_source.csv__miller2_both_0_1_ac2_ev_target.csv,2.69,0.04,
Similarity Flooding,OpenData__miller2_both_0_1_ac3_av_source.csv__miller2_both_0_1_ac3_av_target.csv,2.72,0.05,
Similarity Flooding,OpenData__miller2_both_0_1_ac3_ev_source.csv__miller2_both_0_1_ac3_ev_target.csv,2.76,0.05,
Similarity Flooding,OpenData__miller2_both_0_1_ac4_av_source.csv__miller2_both_0_1_ac4_av_target.csv,2.63,0.04,
Similarity Flooding,OpenData__miller2_both_0_1_ac4_ev_source.csv__miller2_both_0_1_ac4_ev_target.csv,2.74,0.05,
Similarity Flooding,OpenData__miller2_both_0_1_ac5_av_source.csv__miller2_both_0_1_ac5_av_target.csv,2.76,0.05,
Similarity Flooding,OpenData__miller2_both_0_1_ac5_ev_source.csv__miller2_both_0_1_ac5_ev_target.csv,2.8,0.05,
Similarity Flooding,OpenData__miller2_both_0_1_ec_av_source.csv__miller2_both_0_1_ec_av_target.csv,2.96,0.05,
Similarity Flooding,OpenData__miller2_both_0_1_ec_ev_source.csv__miller2_both_0_1_ec_ev_target.csv,2.99,0.05,
Similarity Flooding,OpenData__miller2_both_0_30_ac1_av_source.csv__miller2_both_0_30_ac1_av_target.csv,5.35,0.09,
Similarity Flooding,OpenData__miller2_both_0_30_ac1_ev_source.csv__miller2_both_0_30_ac1_ev_target.csv,5.6,0.09,
Similarity Flooding,OpenData__miller2_both_0_30_ac2_av_source.csv__miller2_both_0_30_ac2_av_target.csv,5.07,0.08,
Similarity Flooding,OpenData__miller2_both_0_30_ac2_ev_source.csv__miller2_both_0_30_ac2_ev_target.csv,5.04,0.08,
Similarity Flooding,OpenData__miller2_both_0_30_ac3_av_source.csv__miller2_both_0_30_ac3_av_target.csv,5.52,0.09,
Similarity Flooding,OpenData__miller2_both_0_30_ac3_ev_source.csv__miller2_both_0_30_ac3_ev_target.csv,5.32,0.09,
Similarity Flooding,OpenData__miller2_both_0_30_ac4_av_source.csv__miller2_both_0_30_ac4_av_target.csv,5.11,0.09,
Similarity Flooding,OpenData__miller2_both_0_30_ac4_ev_source.csv__miller2_both_0_30_ac4_ev_target.csv,5.25,0.09,
Similarity Flooding,OpenData__miller2_both_0_30_ac5_av_source.csv__miller2_both_0_30_ac5_av_target.csv,5.62,0.09,
Similarity Flooding,OpenData__miller2_both_0_30_ac5_ev_source.csv__miller2_both_0_30_ac5_ev_target.csv,5.42,0.09,
Similarity Flooding,OpenData__miller2_both_0_30_ec_av_source.csv__miller2_both_0_30_ec_av_target.csv,5.95,0.1,
Similarity Flooding,OpenData__miller2_both_0_30_ec_ev_source.csv__miller2_both_0_30_ec_ev_target.csv,5.78,0.1,
Similarity Flooding,OpenData__miller2_both_0_50_ac1_av_source.csv__miller2_both_0_50_ac1_av_target.csv,7.6,0.13,
Similarity Flooding,OpenData__miller2_both_0_50_ac1_ev_source.csv__miller2_both_0_50_ac1_ev_target.csv,7.6,0.13,
Similarity Flooding,OpenData__miller2_both_0_50_ac2_av_source.csv__miller2_both_0_50_ac2_av_target.csv,7.46,0.12,
Similarity Flooding,OpenData__miller2_both_0_50_ac2_ev_source.csv__miller2_both_0_50_ac2_ev_target.csv,7.55,0.13,
Similarity Flooding,OpenData__miller2_both_0_50_ac3_av_source.csv__miller2_both_0_50_ac3_av_target.csv,7.5,0.13,
Similarity Flooding,OpenData__miller2_both_0_50_ac3_ev_source.csv__miller2_both_0_50_ac3_ev_target.csv,7.49,0.12,
Similarity Flooding,OpenData__miller2_both_0_50_ac4_av_source.csv__miller2_both_0_50_ac4_av_target.csv,7.53,0.13,
Similarity Flooding,OpenData__miller2_both_0_50_ac4_ev_source.csv__miller2_both_0_50_ac4_ev_target.csv,7.62,0.13,
Similarity Flooding,OpenData__miller2_both_0_50_ac5_av_source.csv__miller2_both_0_50_ac5_av_target.csv,7.47,0.12,
Similarity Flooding,OpenData__miller2_both_0_50_ac5_ev_source.csv__miller2_both_0_50_ac5_ev_target.csv,7.67,0.13,
Similarity Flooding,OpenData__miller2_both_0_50_ec_av_source.csv__miller2_both_0_50_ec_av_target.csv,7.96,0.13,
Similarity Flooding,OpenData__miller2_both_0_50_ec_ev_source.csv__miller2_both_0_50_ec_ev_target.csv,7.48,0.12,
Similarity Flooding,OpenData__miller2_both_0_70_ac1_av_source.csv__miller2_both_0_70_ac1_av_target.csv,9.64,0.16,
Similarity Flooding,OpenData__miller2_both_0_70_ac1_ev_source.csv__miller2_both_0_70_ac1_ev_target.csv,9.45,0.16,
Similarity Flooding,OpenData__miller2_both_0_70_ac2_av_source.csv__miller2_both_0_70_ac2_av_target.csv,9.54,0.16,
Similarity Flooding,OpenData__miller2_both_0_70_ac2_ev_source.csv__miller2_both_0_70_ac2_ev_target.csv,9.46,0.16,
Similarity Flooding,OpenData__miller2_both_0_70_ac3_av_source.csv__miller2_both_0_70_ac3_av_target.csv,9.6,0.16,
Similarity Flooding,OpenData__miller2_both_0_70_ac3_ev_source.csv__miller2_both_0_70_ac3_ev_target.csv,9.51,0.16,
Similarity Flooding,OpenData__miller2_both_0_70_ac4_av_source.csv__miller2_both_0_70_ac4_av_target.csv,9.72,0.16,
Similarity Flooding,OpenData__miller2_both_0_70_ac4_ev_source.csv__miller2_both_0_70_ac4_ev_target.csv,9.91,0.17,
Similarity Flooding,OpenData__miller2_both_0_70_ac5_av_source.csv__miller2_both_0_70_ac5_av_target.csv,9.77,0.16,
Similarity Flooding,OpenData__miller2_both_0_70_ac5_ev_source.csv__miller2_both_0_70_ac5_ev_target.csv,9.46,0.16,
Similarity Flooding,OpenData__miller2_both_0_70_ec_av_source.csv__miller2_both_0_70_ec_av_target.csv,9.49,0.16,
Similarity Flooding,OpenData__miller2_both_0_70_ec_ev_source.csv__miller2_both_0_70_ec_ev_target.csv,9.81,0.16,
Similarity Flooding,OpenData__miller2_both_50_1_ac1_av_source.csv__miller2_both_50_1_ac1_av_target.csv,2.89,0.05,
Similarity Flooding,OpenData__miller2_both_50_1_ac1_ev_source.csv__miller2_both_50_1_ac1_ev_target.csv,2.91,0.05,
Similarity Flooding,OpenData__miller2_both_50_1_ac2_av_source.csv__miller2_both_50_1_ac2_av_target.csv,2.67,0.04,
Similarity Flooding,OpenData__miller2_both_50_1_ac2_ev_source.csv__miller2_both_50_1_ac2_ev_target.csv,2.66,0.04,
Similarity Flooding,OpenData__miller2_both_50_1_ac3_av_source.csv__miller2_both_50_1_ac3_av_target.csv,2.8,0.05,
Similarity Flooding,OpenData__miller2_both_50_1_ac3_ev_source.csv__miller2_both_50_1_ac3_ev_target.csv,2.85,0.05,
Similarity Flooding,OpenData__miller2_both_50_1_ac4_av_source.csv__miller2_both_50_1_ac4_av_target.csv,2.61,0.04,
Similarity Flooding,OpenData__miller2_both_50_1_ac4_ev_source.csv__miller2_both_50_1_ac4_ev_target.csv,2.65,0.04,
Similarity Flooding,OpenData__miller2_both_50_1_ac5_av_source.csv__miller2_both_50_1_ac5_av_target.csv,3.24,0.05,
Similarity Flooding,OpenData__miller2_both_50_1_ac5_ev_source.csv__miller2_both_50_1_ac5_ev_target.csv,2.8,0.05,
Similarity Flooding,OpenData__miller2_both_50_1_ec_av_source.csv__miller2_both_50_1_ec_av_target.csv,3.05,0.05,
Similarity Flooding,OpenData__miller2_both_50_1_ec_ev_source.csv__miller2_both_50_1_ec_ev_target.csv,2.98,0.05,
Similarity Flooding,OpenData__miller2_both_50_30_ac1_av_source.csv__miller2_both_50_30_ac1_av_target.csv,5.78,0.1,
Similarity Flooding,OpenData__miller2_both_50_30_ac1_ev_source.csv__miller2_both_50_30_ac1_ev_target.csv,5.66,0.09,
Similarity Flooding,OpenData__miller2_both_50_30_ac2_av_source.csv__miller2_both_50_30_ac2_av_target.csv,5.18,0.09,
Similarity Flooding,OpenData__miller2_both_50_30_ac2_ev_source.csv__miller2_both_50_30_ac2_ev_target.csv,5.18,0.09,
Similarity Flooding,OpenData__miller2_both_50_30_ac3_av_source.csv__miller2_both_50_30_ac3_av_target.csv,5.33,0.09,
Similarity Flooding,OpenData__miller2_both_50_30_ac3_ev_source.csv__miller2_both_50_30_ac3_ev_target.csv,5.23,0.09,
Similarity Flooding,OpenData__miller2_both_50_30_ac4_av_source.csv__miller2_both_50_30_ac4_av_target.csv,5.17,0.09,
Similarity Flooding,OpenData__miller2_both_50_30_ac4_ev_source.csv__miller2_both_50_30_ac4_ev_target.csv,5.17,0.09,
Similarity Flooding,OpenData__miller2_both_50_30_ac5_av_source.csv__miller2_both_50_30_ac5_av_target.csv,5.33,0.09,
Similarity Flooding,OpenData__miller2_both_50_30_ac5_ev_source.csv__miller2_both_50_30_ac5_ev_target.csv,5.66,0.09,
Similarity Flooding,OpenData__miller2_both_50_30_ec_av_source.csv__miller2_both_50_30_ec_av_target.csv,5.77,0.1,
Similarity Flooding,OpenData__miller2_both_50_30_ec_ev_source.csv__miller2_both_50_30_ec_ev_target.csv,5.82,0.1,
Similarity Flooding,OpenData__miller2_both_50_50_ac1_av_source.csv__miller2_both_50_50_ac1_av_target.csv,7.46,0.12,
Similarity Flooding,OpenData__miller2_both_50_50_ac1_ev_source.csv__miller2_both_50_50_ac1_ev_target.csv,7.74,0.13,
Similarity Flooding,OpenData__miller2_both_50_50_ac2_av_source.csv__miller2_both_50_50_ac2_av_target.csv,7.81,0.13,
Similarity Flooding,OpenData__miller2_both_50_50_ac2_ev_source.csv__miller2_both_50_50_ac2_ev_target.csv,7.58,0.13,
Similarity Flooding,OpenData__miller2_both_50_50_ac3_av_source.csv__miller2_both_50_50_ac3_av_target.csv,7.63,0.13,
Similarity Flooding,OpenData__miller2_both_50_50_ac3_ev_source.csv__miller2_both_50_50_ac3_ev_target.csv,7.61,0.13,
Similarity Flooding,OpenData__miller2_both_50_50_ac4_av_source.csv__miller2_both_50_50_ac4_av_target.csv,7.64,0.13,
Similarity Flooding,OpenData__miller2_both_50_50_ac4_ev_source.csv__miller2_both_50_50_ac4_ev_target.csv,7.58,0.13,
Similarity Flooding,OpenData__miller2_both_50_50_ac5_av_source.csv__miller2_both_50_50_ac5_av_target.csv,7.54,0.13,
Similarity Flooding,OpenData__miller2_both_50_50_ac5_ev_source.csv__miller2_both_50_50_ac5_ev_target.csv,7.56,0.13,
Similarity Flooding,OpenData__miller2_both_50_50_ec_av_source.csv__miller2_both_50_50_ec_av_target.csv,7.53,0.13,
Similarity Flooding,OpenData__miller2_both_50_50_ec_ev_source.csv__miller2_both_50_50_ec_ev_target.csv,7.7,0.13,
Similarity Flooding,OpenData__miller2_both_50_70_ac1_av_source.csv__miller2_both_50_70_ac1_av_target.csv,9.46,0.16,
Similarity Flooding,OpenData__miller2_both_50_70_ac1_ev_source.csv__miller2_both_50_70_ac1_ev_target.csv,9.73,0.16,
Similarity Flooding,OpenData__miller2_both_50_70_ac2_av_source.csv__miller2_both_50_70_ac2_av_target.csv,10.7,0.18,
Similarity Flooding,OpenData__miller2_both_50_70_ac2_ev_source.csv__miller2_both_50_70_ac2_ev_target.csv,9.65,0.16,
Similarity Flooding,OpenData__miller2_both_50_70_ac3_av_source.csv__miller2_both_50_70_ac3_av_target.csv,10.07,0.17,
Similarity Flooding,OpenData__miller2_both_50_70_ac3_ev_source.csv__miller2_both_50_70_ac3_ev_target.csv,9.9,0.16,
Similarity Flooding,OpenData__miller2_both_50_70_ac4_av_source.csv__miller2_both_50_70_ac4_av_target.csv,9.6,0.16,
Similarity Flooding,OpenData__miller2_both_50_70_ac4_ev_source.csv__miller2_both_50_70_ac4_ev_target.csv,9.9,0.17,
Similarity Flooding,OpenData__miller2_both_50_70_ac5_av_source.csv__miller2_both_50_70_ac5_av_target.csv,9.44,0.16,
Similarity Flooding,OpenData__miller2_both_50_70_ac5_ev_source.csv__miller2_both_50_70_ac5_ev_target.csv,9.66,0.16,
Similarity Flooding,OpenData__miller2_both_50_70_ec_av_source.csv__miller2_both_50_70_ec_av_target.csv,9.43,0.16,
Similarity Flooding,OpenData__miller2_both_50_70_ec_ev_source.csv__miller2_both_50_70_ec_ev_target.csv,9.42,0.16,
Similarity Flooding,OpenData__miller2_horizontal_0_ac1_av_source.csv__miller2_horizontal_0_ac1_av_target.csv,13.49,0.22,
Similarity Flooding,OpenData__miller2_horizontal_0_ac1_ev_source.csv__miller2_horizontal_0_ac1_ev_target.csv,13.51,0.23,
Similarity Flooding,OpenData__miller2_horizontal_0_ac2_av_source.csv__miller2_horizontal_0_ac2_av_target.csv,13.18,0.22,
Similarity Flooding,OpenData__miller2_horizontal_0_ac2_ev_source.csv__miller2_horizontal_0_ac2_ev_target.csv,13.33,0.22,
Similarity Flooding,OpenData__miller2_horizontal_0_ac3_av_source.csv__miller2_horizontal_0_ac3_av_target.csv,13.31,0.22,
Similarity Flooding,OpenData__miller2_horizontal_0_ac3_ev_source.csv__miller2_horizontal_0_ac3_ev_target.csv,13.44,0.22,
Similarity Flooding,OpenData__miller2_horizontal_0_ac4_av_source.csv__miller2_horizontal_0_ac4_av_target.csv,13.45,0.22,
Similarity Flooding,OpenData__miller2_horizontal_0_ac4_ev_source.csv__miller2_horizontal_0_ac4_ev_target.csv,13.29,0.22,
Similarity Flooding,OpenData__miller2_horizontal_0_ac5_av_source.csv__miller2_horizontal_0_ac5_av_target.csv,13.4,0.22,
Similarity Flooding,OpenData__miller2_horizontal_0_ac5_ev_source.csv__miller2_horizontal_0_ac5_ev_target.csv,13.01,0.22,
Similarity Flooding,OpenData__miller2_horizontal_0_ec_av_source.csv__miller2_horizontal_0_ec_av_target.csv,13.22,0.22,
Similarity Flooding,OpenData__miller2_horizontal_0_ec_ev_source.csv__miller2_horizontal_0_ec_ev_target.csv,14.6,0.24,
Similarity Flooding,OpenData__miller2_horizontal_100_ac1_av_source.csv__miller2_horizontal_100_ac1_av_target.csv,13.4,0.22,
Similarity Flooding,OpenData__miller2_horizontal_100_ac1_ev_source.csv__miller2_horizontal_100_ac1_ev_target.csv,13.77,0.23,
Similarity Flooding,OpenData__miller2_horizontal_100_ac2_av_source.csv__miller2_horizontal_100_ac2_av_target.csv,13.53,0.23,
Similarity Flooding,OpenData__miller2_horizontal_100_ac2_ev_source.csv__miller2_horizontal_100_ac2_ev_target.csv,13.61,0.23,
Similarity Flooding,OpenData__miller2_horizontal_100_ac3_av_source.csv__miller2_horizontal_100_ac3_av_target.csv,13.16,0.22,
Similarity Flooding,OpenData__miller2_horizontal_100_ac3_ev_source.csv__miller2_horizontal_100_ac3_ev_target.csv,13.21,0.22,
Similarity Flooding,OpenData__miller2_horizontal_100_ac4_av_source.csv__miller2_horizontal_100_ac4_av_target.csv,13.46,0.22,
Similarity Flooding,OpenData__miller2_horizontal_100_ac4_ev_source.csv__miller2_horizontal_100_ac4_ev_target.csv,13.87,0.23,
Similarity Flooding,OpenData__miller2_horizontal_100_ac5_av_source.csv__miller2_horizontal_100_ac5_av_target.csv,13.66,0.23,
Similarity Flooding,OpenData__miller2_horizontal_100_ac5_ev_source.csv__miller2_horizontal_100_ac5_ev_target.csv,13.58,0.23,
Similarity Flooding,OpenData__miller2_horizontal_100_ec_av_source.csv__miller2_horizontal_100_ec_av_target.csv,13.52,0.23,
Similarity Flooding,OpenData__miller2_horizontal_50_ac1_av_source.csv__miller2_horizontal_50_ac1_av_target.csv,13.69,0.23,
Similarity Flooding,OpenData__miller2_horizontal_50_ac1_ev_source.csv__miller2_horizontal_50_ac1_ev_target.csv,13.4,0.22,
Similarity Flooding,OpenData__miller2_horizontal_50_ac2_av_source.csv__miller2_horizontal_50_ac2_av_target.csv,13.32,0.22,
Similarity Flooding,OpenData__miller2_horizontal_50_ac2_ev_source.csv__miller2_horizontal_50_ac2_ev_target.csv,13.48,0.22,
Similarity Flooding,OpenData__miller2_horizontal_50_ac3_av_source.csv__miller2_horizontal_50_ac3_av_target.csv,13.34,0.22,
Similarity Flooding,OpenData__miller2_horizontal_50_ac3_ev_source.csv__miller2_horizontal_50_ac3_ev_target.csv,13.48,0.22,
Similarity Flooding,OpenData__miller2_horizontal_50_ac4_av_source.csv__miller2_horizontal_50_ac4_av_target.csv,13.45,0.22,
Similarity Flooding,OpenData__miller2_horizontal_50_ac4_ev_source.csv__miller2_horizontal_50_ac4_ev_target.csv,13.61,0.23,
Similarity Flooding,OpenData__miller2_horizontal_50_ac5_av_source.csv__miller2_horizontal_50_ac5_av_target.csv,13.43,0.22,
Similarity Flooding,OpenData__miller2_horizontal_50_ac5_ev_source.csv__miller2_horizontal_50_ac5_ev_target.csv,13.24,0.22,
Similarity Flooding,OpenData__miller2_horizontal_50_ec_av_source.csv__miller2_horizontal_50_ec_av_target.csv,13.63,0.23,
Similarity Flooding,OpenData__miller2_horizontal_50_ec_ev_source.csv__miller2_horizontal_50_ec_ev_target.csv,13.58,0.23,
Similarity Flooding,OpenData__miller2_vertical_1_ac1_av_source.csv__miller2_vertical_1_ac1_av_target.csv,2.94,0.05,
Similarity Flooding,OpenData__miller2_vertical_1_ac1_ev_source.csv__miller2_vertical_1_ac1_ev_target.csv,3.33,0.06,
Similarity Flooding,OpenData__miller2_vertical_1_ac2_av_source.csv__miller2_vertical_1_ac2_av_target.csv,2.72,0.05,
Similarity Flooding,OpenData__miller2_vertical_1_ac2_ev_source.csv__miller2_vertical_1_ac2_ev_target.csv,2.6,0.04,
Similarity Flooding,OpenData__miller2_vertical_1_ac3_av_source.csv__miller2_vertical_1_ac3_av_target.csv,2.79,0.05,
Similarity Flooding,OpenData__miller2_vertical_1_ac3_ev_source.csv__miller2_vertical_1_ac3_ev_target.csv,2.81,0.05,
Similarity Flooding,OpenData__miller2_vertical_1_ac4_av_source.csv__miller2_vertical_1_ac4_av_target.csv,2.73,0.05,
Similarity Flooding,OpenData__miller2_vertical_1_ac4_ev_source.csv__miller2_vertical_1_ac4_ev_target.csv,2.68,0.04,
Similarity Flooding,OpenData__miller2_vertical_1_ac5_av_source.csv__miller2_vertical_1_ac5_av_target.csv,2.87,0.05,
Similarity Flooding,OpenData__miller2_vertical_1_ac5_ev_source.csv__miller2_vertical_1_ac5_ev_target.csv,2.87,0.05,
Similarity Flooding,OpenData__miller2_vertical_1_ec_av_source.csv__miller2_vertical_1_ec_av_target.csv,2.97,0.05,
Similarity Flooding,OpenData__miller2_vertical_1_ec_ev_source.csv__miller2_vertical_1_ec_ev_target.csv,3.03,0.05,
Similarity Flooding,OpenData__miller2_vertical_30_ac1_av_source.csv__miller2_vertical_30_ac1_av_target.csv,5.55,0.09,
Similarity Flooding,OpenData__miller2_vertical_30_ac1_ev_source.csv__miller2_vertical_30_ac1_ev_target.csv,5.69,0.09,
Similarity Flooding,OpenData__miller2_vertical_30_ac2_av_source.csv__miller2_vertical_30_ac2_av_target.csv,5.23,0.09,
Similarity Flooding,OpenData__miller2_vertical_30_ac2_ev_source.csv__miller2_vertical_30_ac2_ev_target.csv,4.91,0.08,
Similarity Flooding,OpenData__miller2_vertical_30_ac3_av_source.csv__miller2_vertical_30_ac3_av_target.csv,5.57,0.09,
Similarity Flooding,OpenData__miller2_vertical_30_ac3_ev_source.csv__miller2_vertical_30_ac3_ev_target.csv,5.49,0.09,
Similarity Flooding,OpenData__miller2_vertical_30_ac4_av_source.csv__miller2_vertical_30_ac4_av_target.csv,5.39,0.09,
Similarity Flooding,OpenData__miller2_vertical_30_ac4_ev_source.csv__miller2_vertical_30_ac4_ev_target.csv,5.21,0.09,
Similarity Flooding,OpenData__miller2_vertical_30_ac5_av_source.csv__miller2_vertical_30_ac5_av_target.csv,5.47,0.09,
Similarity Flooding,OpenData__miller2_vertical_30_ac5_ev_source.csv__miller2_vertical_30_ac5_ev_target.csv,5.26,0.09,
Similarity Flooding,OpenData__miller2_vertical_30_ec_av_source.csv__miller2_vertical_30_ec_av_target.csv,5.21,0.09,
Similarity Flooding,OpenData__miller2_vertical_30_ec_ev_source.csv__miller2_vertical_30_ec_ev_target.csv,5.84,0.1,
Similarity Flooding,OpenData__miller2_vertical_50_ac1_av_source.csv__miller2_vertical_50_ac1_av_target.csv,7.54,0.13,
Similarity Flooding,OpenData__miller2_vertical_50_ac1_ev_source.csv__miller2_vertical_50_ac1_ev_target.csv,7.6,0.13,
Similarity Flooding,OpenData__miller2_vertical_50_ac2_av_source.csv__miller2_vertical_50_ac2_av_target.csv,7.75,0.13,
Similarity Flooding,OpenData__miller2_vertical_50_ac2_ev_source.csv__miller2_vertical_50_ac2_ev_target.csv,8.33,0.14,
Similarity Flooding,OpenData__miller2_vertical_50_ac3_av_source.csv__miller2_vertical_50_ac3_av_target.csv,7.5,0.13,
Similarity Flooding,OpenData__miller2_vertical_50_ac3_ev_source.csv__miller2_vertical_50_ac3_ev_target.csv,7.72,0.13,
Similarity Flooding,OpenData__miller2_vertical_50_ac4_av_source.csv__miller2_vertical_50_ac4_av_target.csv,7.69,0.13,
Similarity Flooding,OpenData__miller2_vertical_50_ac4_ev_source.csv__miller2_vertical_50_ac4_ev_target.csv,7.66,0.13,
Similarity Flooding,OpenData__miller2_vertical_50_ac5_av_source.csv__miller2_vertical_50_ac5_av_target.csv,7.52,0.13,
Similarity Flooding,OpenData__miller2_vertical_50_ac5_ev_source.csv__miller2_vertical_50_ac5_ev_target.csv,7.63,0.13,
Similarity Flooding,OpenData__miller2_vertical_50_ec_av_source.csv__miller2_vertical_50_ec_av_target.csv,7.41,0.12,
Similarity Flooding,OpenData__miller2_vertical_50_ec_ev_source.csv__miller2_vertical_50_ec_ev_target.csv,7.67,0.13,
Similarity Flooding,OpenData__miller2_vertical_70_ac1_av_source.csv__miller2_vertical_70_ac1_av_target.csv,9.53,0.16,
Similarity Flooding,OpenData__miller2_vertical_70_ac1_ev_source.csv__miller2_vertical_70_ac1_ev_target.csv,9.74,0.16,
Similarity Flooding,OpenData__miller2_vertical_70_ac2_av_source.csv__miller2_vertical_70_ac2_av_target.csv,9.6,0.16,
Similarity Flooding,OpenData__miller2_vertical_70_ac2_ev_source.csv__miller2_vertical_70_ac2_ev_target.csv,10.21,0.17,
Similarity Flooding,OpenData__miller2_vertical_70_ac3_av_source.csv__miller2_vertical_70_ac3_av_target.csv,9.71,0.16,
Similarity Flooding,OpenData__miller2_vertical_70_ac3_ev_source.csv__miller2_vertical_70_ac3_ev_target.csv,9.28,0.15,
Similarity Flooding,OpenData__miller2_vertical_70_ac4_av_source.csv__miller2_vertical_70_ac4_av_target.csv,9.38,0.16,
Similarity Flooding,OpenData__miller2_vertical_70_ac4_ev_source.csv__miller2_vertical_70_ac4_ev_target.csv,9.54,0.16,
Similarity Flooding,OpenData__miller2_vertical_70_ac5_av_source.csv__miller2_vertical_70_ac5_av_target.csv,9.86,0.16,
Similarity Flooding,OpenData__miller2_vertical_70_ac5_ev_source.csv__miller2_vertical_70_ac5_ev_target.csv,9.39,0.16,
Similarity Flooding,OpenData__miller2_vertical_70_ec_av_source.csv__miller2_vertical_70_ec_av_target.csv,9.84,0.16,
Similarity Flooding,OpenData__miller2_vertical_70_ec_ev_source.csv__miller2_vertical_70_ec_ev_target.csv,9.84,0.16,
Similarity Flooding,TPC-DI__prospect_both_0_1_ac1_av_source.csv__prospect_both_0_1_ac1_av_target.csv,0.26,0.0,
Similarity Flooding,TPC-DI__prospect_both_0_1_ac1_ev_source.csv__prospect_both_0_1_ac1_ev_target.csv,0.3,0.0,
Similarity Flooding,TPC-DI__prospect_both_0_1_ac2_av_source.csv__prospect_both_0_1_ac2_av_target.csv,0.2,0.0,
Similarity Flooding,TPC-DI__prospect_both_0_1_ac2_ev_source.csv__prospect_both_0_1_ac2_ev_target.csv,0.18,0.0,
Similarity Flooding,TPC-DI__prospect_both_0_1_ac3_av_source.csv__prospect_both_0_1_ac3_av_target.csv,0.22,0.0,
Similarity Flooding,TPC-DI__prospect_both_0_1_ac3_ev_source.csv__prospect_both_0_1_ac3_ev_target.csv,0.22,0.0,
Similarity Flooding,TPC-DI__prospect_both_0_1_ac4_av_source.csv__prospect_both_0_1_ac4_av_target.csv,0.24,0.0,
Similarity Flooding,TPC-DI__prospect_both_0_1_ac4_ev_source.csv__prospect_both_0_1_ac4_ev_target.csv,0.25,0.0,
Similarity Flooding,TPC-DI__prospect_both_0_1_ac5_av_source.csv__prospect_both_0_1_ac5_av_target.csv,0.24,0.0,
Similarity Flooding,TPC-DI__prospect_both_0_1_ac5_ev_source.csv__prospect_both_0_1_ac5_ev_target.csv,0.24,0.0,
Similarity Flooding,TPC-DI__prospect_both_0_1_ec_av_source.csv__prospect_both_0_1_ec_av_target.csv,0.25,0.0,
Similarity Flooding,TPC-DI__prospect_both_0_1_ec_ev_source.csv__prospect_both_0_1_ec_ev_target.csv,0.25,0.0,
Similarity Flooding,TPC-DI__prospect_both_0_30_ac1_av_source.csv__prospect_both_0_30_ac1_av_target.csv,0.57,0.01,
Similarity Flooding,TPC-DI__prospect_both_0_30_ac1_ev_source.csv__prospect_both_0_30_ac1_ev_target.csv,0.49,0.01,
Similarity Flooding,TPC-DI__prospect_both_0_30_ac2_av_source.csv__prospect_both_0_30_ac2_av_target.csv,0.39,0.01,
Similarity Flooding,TPC-DI__prospect_both_0_30_ac2_ev_source.csv__prospect_both_0_30_ac2_ev_target.csv,0.39,0.01,
Similarity Flooding,TPC-DI__prospect_both_0_30_ac3_av_source.csv__prospect_both_0_30_ac3_av_target.csv,0.4,0.01,
Similarity Flooding,TPC-DI__prospect_both_0_30_ac3_ev_source.csv__prospect_both_0_30_ac3_ev_target.csv,0.48,0.01,
Similarity Flooding,TPC-DI__prospect_both_0_30_ac4_av_source.csv__prospect_both_0_30_ac4_av_target.csv,0.43,0.01,
Similarity Flooding,TPC-DI__prospect_both_0_30_ac4_ev_source.csv__prospect_both_0_30_ac4_ev_target.csv,0.44,0.01,
Similarity Flooding,TPC-DI__prospect_both_0_30_ac5_av_source.csv__prospect_both_0_30_ac5_av_target.csv,0.42,0.01,
Similarity Flooding,TPC-DI__prospect_both_0_30_ac5_ev_source.csv__prospect_both_0_30_ac5_ev_target.csv,0.43,0.01,
Similarity Flooding,TPC-DI__prospect_both_0_30_ec_av_source.csv__prospect_both_0_30_ec_av_target.csv,0.45,0.01,
Similarity Flooding,TPC-DI__prospect_both_0_30_ec_ev_source.csv__prospect_both_0_30_ec_ev_target.csv,0.45,0.01,
Similarity Flooding,TPC-DI__prospect_both_0_50_ac1_av_source.csv__prospect_both_0_50_ac1_av_target.csv,0.7,0.01,
Similarity Flooding,TPC-DI__prospect_both_0_50_ac1_ev_source.csv__prospect_both_0_50_ac1_ev_target.csv,0.69,0.01,
Similarity Flooding,TPC-DI__prospect_both_0_50_ac2_av_source.csv__prospect_both_0_50_ac2_av_target.csv,0.71,0.01,
Similarity Flooding,TPC-DI__prospect_both_0_50_ac2_ev_source.csv__prospect_both_0_50_ac2_ev_target.csv,0.64,0.01,
Similarity Flooding,TPC-DI__prospect_both_0_50_ac3_av_source.csv__prospect_both_0_50_ac3_av_target.csv,0.71,0.01,
Similarity Flooding,TPC-DI__prospect_both_0_50_ac3_ev_source.csv__prospect_both_0_50_ac3_ev_target.csv,0.73,0.01,
Similarity Flooding,TPC-DI__prospect_both_0_50_ac4_av_source.csv__prospect_both_0_50_ac4_av_target.csv,0.66,0.01,
Similarity Flooding,TPC-DI__prospect_both_0_50_ac4_ev_source.csv__prospect_both_0_50_ac4_ev_target.csv,0.65,0.01,
Similarity Flooding,TPC-DI__prospect_both_0_50_ac5_av_source.csv__prospect_both_0_50_ac5_av_target.csv,0.65,0.01,
Similarity Flooding,TPC-DI__prospect_both_0_50_ac5_ev_source.csv__prospect_both_0_50_ac5_ev_target.csv,0.65,0.01,
Similarity Flooding,TPC-DI__prospect_both_0_50_ec_av_source.csv__prospect_both_0_50_ec_av_target.csv,0.69,0.01,
Similarity Flooding,TPC-DI__prospect_both_0_50_ec_ev_source.csv__prospect_both_0_50_ec_ev_target.csv,0.9,0.01,
Similarity Flooding,TPC-DI__prospect_both_0_70_ac1_av_source.csv__prospect_both_0_70_ac1_av_target.csv,0.94,0.02,
Similarity Flooding,TPC-DI__prospect_both_0_70_ac1_ev_source.csv__prospect_both_0_70_ac1_ev_target.csv,0.95,0.02,
Similarity Flooding,TPC-DI__prospect_both_0_70_ac2_av_source.csv__prospect_both_0_70_ac2_av_target.csv,0.84,0.01,
Similarity Flooding,TPC-DI__prospect_both_0_70_ac2_ev_source.csv__prospect_both_0_70_ac2_ev_target.csv,0.85,0.01,
Similarity Flooding,TPC-DI__prospect_both_0_70_ac3_av_source.csv__prospect_both_0_70_ac3_av_target.csv,0.91,0.02,
Similarity Flooding,TPC-DI__prospect_both_0_70_ac3_ev_source.csv__prospect_both_0_70_ac3_ev_target.csv,0.89,0.01,
Similarity Flooding,TPC-DI__prospect_both_0_70_ac4_av_source.csv__prospect_both_0_70_ac4_av_target.csv,0.93,0.02,
Similarity Flooding,TPC-DI__prospect_both_0_70_ac4_ev_source.csv__prospect_both_0_70_ac4_ev_target.csv,0.91,0.02,
Similarity Flooding,TPC-DI__prospect_both_0_70_ac5_av_source.csv__prospect_both_0_70_ac5_av_target.csv,0.91,0.02,
Similarity Flooding,TPC-DI__prospect_both_0_70_ac5_ev_source.csv__prospect_both_0_70_ac5_ev_target.csv,0.86,0.01,
Similarity Flooding,TPC-DI__prospect_both_0_70_ec_av_source.csv__prospect_both_0_70_ec_av_target.csv,0.96,0.02,
Similarity Flooding,TPC-DI__prospect_both_0_70_ec_ev_source.csv__prospect_both_0_70_ec_ev_target.csv,0.96,0.02,
Similarity Flooding,TPC-DI__prospect_both_50_1_ac1_av_source.csv__prospect_both_50_1_ac1_av_target.csv,0.28,0.0,
Similarity Flooding,TPC-DI__prospect_both_50_1_ac1_ev_source.csv__prospect_both_50_1_ac1_ev_target.csv,0.25,0.0,
Similarity Flooding,TPC-DI__prospect_both_50_1_ac2_av_source.csv__prospect_both_50_1_ac2_av_target.csv,0.2,0.0,
Similarity Flooding,TPC-DI__prospect_both_50_1_ac2_ev_source.csv__prospect_both_50_1_ac2_ev_target.csv,0.18,0.0,
Similarity Flooding,TPC-DI__prospect_both_50_1_ac3_av_source.csv__prospect_both_50_1_ac3_av_target.csv,0.23,0.0,
Similarity Flooding,TPC-DI__prospect_both_50_1_ac3_ev_source.csv__prospect_both_50_1_ac3_ev_target.csv,0.23,0.0,
Similarity Flooding,TPC-DI__prospect_both_50_1_ac4_av_source.csv__prospect_both_50_1_ac4_av_target.csv,0.25,0.0,
Similarity Flooding,TPC-DI__prospect_both_50_1_ac4_ev_source.csv__prospect_both_50_1_ac4_ev_target.csv,0.25,0.0,
Similarity Flooding,TPC-DI__prospect_both_50_1_ac5_av_source.csv__prospect_both_50_1_ac5_av_target.csv,0.24,0.0,
Similarity Flooding,TPC-DI__prospect_both_50_1_ac5_ev_source.csv__prospect_both_50_1_ac5_ev_target.csv,0.24,0.0,
Similarity Flooding,TPC-DI__prospect_both_50_1_ec_av_source.csv__prospect_both_50_1_ec_av_target.csv,0.25,0.0,
Similarity Flooding,TPC-DI__prospect_both_50_1_ec_ev_source.csv__prospect_both_50_1_ec_ev_target.csv,0.25,0.0,
Similarity Flooding,TPC-DI__prospect_both_50_30_ac1_av_source.csv__prospect_both_50_30_ac1_av_target.csv,0.45,0.01,
Similarity Flooding,TPC-DI__prospect_both_50_30_ac1_ev_source.csv__prospect_both_50_30_ac1_ev_target.csv,0.45,0.01,
Similarity Flooding,TPC-DI__prospect_both_50_30_ac2_av_source.csv__prospect_both_50_30_ac2_av_target.csv,0.38,0.01,
Similarity Flooding,TPC-DI__prospect_both_50_30_ac2_ev_source.csv__prospect_both_50_30_ac2_ev_target.csv,0.38,0.01,
Similarity Flooding,TPC-DI__prospect_both_50_30_ac3_ev_source.csv__prospect_both_50_30_ac3_ev_target.csv,0.41,0.01,
Similarity Flooding,TPC-DI__prospect_both_50_30_ac4_av_source.csv__prospect_both_50_30_ac4_av_target.csv,0.43,0.01,
Similarity Flooding,TPC-DI__prospect_both_50_30_ac4_ev_source.csv__prospect_both_50_30_ac4_ev_target.csv,0.41,0.01,
Similarity Flooding,TPC-DI__prospect_both_50_30_ac5_av_source.csv__prospect_both_50_30_ac5_av_target.csv,0.42,0.01,
Similarity Flooding,TPC-DI__prospect_both_50_30_ac5_ev_source.csv__prospect_both_50_30_ac5_ev_target.csv,0.44,0.01,
Similarity Flooding,TPC-DI__prospect_both_50_30_ec_av_source.csv__prospect_both_50_30_ec_av_target.csv,0.45,0.01,
Similarity Flooding,TPC-DI__prospect_both_50_30_ec_ev_source.csv__prospect_both_50_30_ec_ev_target.csv,0.45,0.01,
Similarity Flooding,TPC-DI__prospect_both_50_50_ac1_av_source.csv__prospect_both_50_50_ac1_av_target.csv,0.66,0.01,
Similarity Flooding,TPC-DI__prospect_both_50_50_ac1_ev_source.csv__prospect_both_50_50_ac1_ev_target.csv,0.68,0.01,
Similarity Flooding,TPC-DI__prospect_both_50_50_ac2_av_source.csv__prospect_both_50_50_ac2_av_target.csv,0.61,0.01,
Similarity Flooding,TPC-DI__prospect_both_50_50_ac2_ev_source.csv__prospect_both_50_50_ac2_ev_target.csv,0.61,0.01,
Similarity Flooding,TPC-DI__prospect_both_50_50_ac3_ev_source.csv__prospect_both_50_50_ac3_ev_target.csv,0.74,0.01,
Similarity Flooding,TPC-DI__prospect_both_50_50_ac4_av_source.csv__prospect_both_50_50_ac4_av_target.csv,0.68,0.01,
Similarity Flooding,TPC-DI__prospect_both_50_50_ac4_ev_source.csv__prospect_both_50_50_ac4_ev_target.csv,0.64,0.01,
Similarity Flooding,TPC-DI__prospect_both_50_50_ac5_av_source.csv__prospect_both_50_50_ac5_av_target.csv,0.66,0.01,
Similarity Flooding,TPC-DI__prospect_both_50_50_ac5_ev_source.csv__prospect_both_50_50_ac5_ev_target.csv,0.64,0.01,
Similarity Flooding,TPC-DI__prospect_both_50_50_ec_av_source.csv__prospect_both_50_50_ec_av_target.csv,0.69,0.01,
Similarity Flooding,TPC-DI__prospect_both_50_50_ec_ev_source.csv__prospect_both_50_50_ec_ev_target.csv,0.7,0.01,
Similarity Flooding,TPC-DI__prospect_both_50_70_ac1_av_source.csv__prospect_both_50_70_ac1_av_target.csv,0.95,0.02,
Similarity Flooding,TPC-DI__prospect_both_50_70_ac1_ev_source.csv__prospect_both_50_70_ac1_ev_target.csv,0.95,0.02,
Similarity Flooding,TPC-DI__prospect_both_50_70_ac2_av_source.csv__prospect_both_50_70_ac2_av_target.csv,0.85,0.01,
Similarity Flooding,TPC-DI__prospect_both_50_70_ac2_ev_source.csv__prospect_both_50_70_ac2_ev_target.csv,0.86,0.01,
Similarity Flooding,TPC-DI__prospect_both_50_70_ac3_av_source.csv__prospect_both_50_70_ac3_av_target.csv,0.9,0.02,
Similarity Flooding,TPC-DI__prospect_both_50_70_ac3_ev_source.csv__prospect_both_50_70_ac3_ev_target.csv,0.93,0.02,
Similarity Flooding,TPC-DI__prospect_both_50_70_ac4_av_source.csv__prospect_both_50_70_ac4_av_target.csv,0.88,0.01,
Similarity Flooding,TPC-DI__prospect_both_50_70_ac4_ev_source.csv__prospect_both_50_70_ac4_ev_target.csv,0.89,0.01,
Similarity Flooding,TPC-DI__prospect_both_50_70_ac5_av_source.csv__prospect_both_50_70_ac5_av_target.csv,1.04,0.02,
Similarity Flooding,TPC-DI__prospect_both_50_70_ac5_ev_source.csv__prospect_both_50_70_ac5_ev_target.csv,0.92,0.02,
Similarity Flooding,TPC-DI__prospect_both_50_70_ec_av_source.csv__prospect_both_50_70_ec_av_target.csv,0.95,0.02,
Similarity Flooding,TPC-DI__prospect_both_50_70_ec_ev_source.csv__prospect_both_50_70_ec_ev_target.csv,1.08,0.02,
Similarity Flooding,TPC-DI__prospect_horizontal_0_ac1_av_source.csv__prospect_horizontal_0_ac1_av_target.csv,1.75,0.03,
Similarity Flooding,TPC-DI__prospect_horizontal_0_ac1_ev_source.csv__prospect_horizontal_0_ac1_ev_target.csv,1.77,0.03,
Similarity Flooding,TPC-DI__prospect_horizontal_0_ac2_av_source.csv__prospect_horizontal_0_ac2_av_target.csv,1.6,0.03,
Similarity Flooding,TPC-DI__prospect_horizontal_0_ac2_ev_source.csv__prospect_horizontal_0_ac2_ev_target.csv,1.57,0.03,
Similarity Flooding,TPC-DI__prospect_horizontal_0_ac3_av_source.csv__prospect_horizontal_0_ac3_av_target.csv,1.65,0.03,
Similarity Flooding,TPC-DI__prospect_horizontal_0_ac4_av_source.csv__prospect_horizontal_0_ac4_av_target.csv,1.69,0.03,
Similarity Flooding,TPC-DI__prospect_horizontal_0_ac4_ev_source.csv__prospect_horizontal_0_ac4_ev_target.csv,1.6,0.03,
Similarity Flooding,TPC-DI__prospect_horizontal_0_ac5_av_source.csv__prospect_horizontal_0_ac5_av_target.csv,1.81,0.03,
Similarity Flooding,TPC-DI__prospect_horizontal_0_ac5_ev_source.csv__prospect_horizontal_0_ac5_ev_target.csv,1.66,0.03,
Similarity Flooding,TPC-DI__prospect_horizontal_0_ec_ev_source.csv__prospect_horizontal_0_ec_ev_target.csv,1.8,0.03,
Similarity Flooding,TPC-DI__prospect_horizontal_100_ac1_av_source.csv__prospect_horizontal_100_ac1_av_target.csv,1.68,0.03,
Similarity Flooding,TPC-DI__prospect_horizontal_100_ac1_ev_source.csv__prospect_horizontal_100_ac1_ev_target.csv,1.77,0.03,
Similarity Flooding,TPC-DI__prospect_horizontal_100_ac2_av_source.csv__prospect_horizontal_100_ac2_av_target.csv,1.66,0.03,
Similarity Flooding,TPC-DI__prospect_horizontal_100_ac2_ev_source.csv__prospect_horizontal_100_ac2_ev_target.csv,1.66,0.03,
Similarity Flooding,TPC-DI__prospect_horizontal_100_ac3_av_source.csv__prospect_horizontal_100_ac3_av_target.csv,1.66,0.03,
Similarity Flooding,TPC-DI__prospect_horizontal_100_ac3_ev_source.csv__prospect_horizontal_100_ac3_ev_target.csv,1.71,0.03,
Similarity Flooding,TPC-DI__prospect_horizontal_100_ac4_av_source.csv__prospect_horizontal_100_ac4_av_target.csv,1.74,0.03,
Similarity Flooding,TPC-DI__prospect_horizontal_100_ac4_ev_source.csv__prospect_horizontal_100_ac4_ev_target.csv,1.71,0.03,
Similarity Flooding,TPC-DI__prospect_horizontal_100_ac5_av_source.csv__prospect_horizontal_100_ac5_av_target.csv,1.67,0.03,
Similarity Flooding,TPC-DI__prospect_horizontal_100_ac5_ev_source.csv__prospect_horizontal_100_ac5_ev_target.csv,1.69,0.03,
Similarity Flooding,TPC-DI__prospect_horizontal_100_ec_av_source.csv__prospect_horizontal_100_ec_av_target.csv,1.81,0.03,
Similarity Flooding,TPC-DI__prospect_horizontal_100_ec_ev_source.csv__prospect_horizontal_100_ec_ev_target.csv,1.78,0.03,
Similarity Flooding,TPC-DI__prospect_horizontal_50_ac1_av_source.csv__prospect_horizontal_50_ac1_av_target.csv,1.75,0.03,
Similarity Flooding,TPC-DI__prospect_horizontal_50_ac1_ev_source.csv__prospect_horizontal_50_ac1_ev_target.csv,1.75,0.03,
Similarity Flooding,TPC-DI__prospect_horizontal_50_ac2_ev_source.csv__prospect_horizontal_50_ac2_ev_target.csv,1.56,0.03,
Similarity Flooding,TPC-DI__prospect_horizontal_50_ac3_av_source.csv__prospect_horizontal_50_ac3_av_target.csv,1.7,0.03,
Similarity Flooding,TPC-DI__prospect_horizontal_50_ac3_ev_source.csv__prospect_horizontal_50_ac3_ev_target.csv,1.66,0.03,
Similarity Flooding,TPC-DI__prospect_horizontal_50_ac4_av_source.csv__prospect_horizontal_50_ac4_av_target.csv,1.68,0.03,
Similarity Flooding,TPC-DI__prospect_horizontal_50_ac4_ev_source.csv__prospect_horizontal_50_ac4_ev_target.csv,1.66,0.03,
Similarity Flooding,TPC-DI__prospect_horizontal_50_ac5_av_source.csv__prospect_horizontal_50_ac5_av_target.csv,1.73,0.03,
Similarity Flooding,TPC-DI__prospect_horizontal_50_ac5_ev_source.csv__prospect_horizontal_50_ac5_ev_target.csv,1.68,0.03,
Similarity Flooding,TPC-DI__prospect_horizontal_50_ec_av_source.csv__prospect_horizontal_50_ec_av_target.csv,1.81,0.03,
Similarity Flooding,TPC-DI__prospect_horizontal_50_ec_ev_source.csv__prospect_horizontal_50_ec_ev_target.csv,1.76,0.03,
Similarity Flooding,TPC-DI__prospect_vertical_1_ac1_av_source.csv__prospect_vertical_1_ac1_av_target.csv,0.26,0.0,
Similarity Flooding,TPC-DI__prospect_vertical_1_ac1_ev_source.csv__prospect_vertical_1_ac1_ev_target.csv,0.26,0.0,
Similarity Flooding,TPC-DI__prospect_vertical_1_ac2_av_source.csv__prospect_vertical_1_ac2_av_target.csv,0.19,0.0,
Similarity Flooding,TPC-DI__prospect_vertical_1_ac2_ev_source.csv__prospect_vertical_1_ac2_ev_target.csv,0.22,0.0,
Similarity Flooding,TPC-DI__prospect_vertical_1_ac3_av_source.csv__prospect_vertical_1_ac3_av_target.csv,0.23,0.0,
Similarity Flooding,TPC-DI__prospect_vertical_1_ac3_ev_source.csv__prospect_vertical_1_ac3_ev_target.csv,0.23,0.0,
Similarity Flooding,TPC-DI__prospect_vertical_1_ac4_av_source.csv__prospect_vertical_1_ac4_av_target.csv,0.25,0.0,
Similarity Flooding,TPC-DI__prospect_vertical_1_ac4_ev_source.csv__prospect_vertical_1_ac4_ev_target.csv,0.26,0.0,
Similarity Flooding,TPC-DI__prospect_vertical_1_ac5_av_source.csv__prospect_vertical_1_ac5_av_target.csv,0.25,0.0,
Similarity Flooding,TPC-DI__prospect_vertical_1_ac5_ev_source.csv__prospect_vertical_1_ac5_ev_target.csv,0.25,0.0,
Similarity Flooding,TPC-DI__prospect_vertical_1_ec_av_source.csv__prospect_vertical_1_ec_av_target.csv,0.26,0.0,
Similarity Flooding,TPC-DI__prospect_vertical_1_ec_ev_source.csv__prospect_vertical_1_ec_ev_target.csv,0.25,0.0,
Similarity Flooding,TPC-DI__prospect_vertical_30_ac1_av_source.csv__prospect_vertical_30_ac1_av_target.csv,0.46,0.01,
Similarity Flooding,TPC-DI__prospect_vertical_30_ac1_ev_source.csv__prospect_vertical_30_ac1_ev_target.csv,0.42,0.01,
Similarity Flooding,TPC-DI__prospect_vertical_30_ac2_av_source.csv__prospect_vertical_30_ac2_av_target.csv,0.41,0.01,
Similarity Flooding,TPC-DI__prospect_vertical_30_ac2_ev_source.csv__prospect_vertical_30_ac2_ev_target.csv,0.41,0.01,
Similarity Flooding,TPC-DI__prospect_vertical_30_ac3_av_source.csv__prospect_vertical_30_ac3_av_target.csv,0.43,0.01,
Similarity Flooding,TPC-DI__prospect_vertical_30_ac3_ev_source.csv__prospect_vertical_30_ac3_ev_target.csv,0.43,0.01,
Similarity Flooding,TPC-DI__prospect_vertical_30_ac4_av_source.csv__prospect_vertical_30_ac4_av_target.csv,0.44,0.01,
Similarity Flooding,TPC-DI__prospect_vertical_30_ac4_ev_source.csv__prospect_vertical_30_ac4_ev_target.csv,0.46,0.01,
Similarity Flooding,TPC-DI__prospect_vertical_30_ac5_av_source.csv__prospect_vertical_30_ac5_av_target.csv,0.45,0.01,
Similarity Flooding,TPC-DI__prospect_vertical_30_ac5_ev_source.csv__prospect_vertical_30_ac5_ev_target.csv,0.43,0.01,
Similarity Flooding,TPC-DI__prospect_vertical_30_ec_av_source.csv__prospect_vertical_30_ec_av_target.csv,0.47,0.01,
Similarity Flooding,TPC-DI__prospect_vertical_30_ec_ev_source.csv__prospect_vertical_30_ec_ev_target.csv,0.46,0.01,
Similarity Flooding,TPC-DI__prospect_vertical_50_ac1_av_source.csv__prospect_vertical_50_ac1_av_target.csv,0.79,0.01,
Similarity Flooding,TPC-DI__prospect_vertical_50_ac1_ev_source.csv__prospect_vertical_50_ac1_ev_target.csv,0.73,0.01,
Similarity Flooding,TPC-DI__prospect_vertical_50_ac2_av_source.csv__prospect_vertical_50_ac2_av_target.csv,0.64,0.01,
Similarity Flooding,TPC-DI__prospect_vertical_50_ac2_ev_source.csv__prospect_vertical_50_ac2_ev_target.csv,0.63,0.01,
Similarity Flooding,TPC-DI__prospect_vertical_50_ac3_av_source.csv__prospect_vertical_50_ac3_av_target.csv,0.69,0.01,
Similarity Flooding,TPC-DI__prospect_vertical_50_ac3_ev_source.csv__prospect_vertical_50_ac3_ev_target.csv,0.68,0.01,
Similarity Flooding,TPC-DI__prospect_vertical_50_ac4_av_source.csv__prospect_vertical_50_ac4_av_target.csv,0.68,0.01,
Similarity Flooding,TPC-DI__prospect_vertical_50_ac4_ev_source.csv__prospect_vertical_50_ac4_ev_target.csv,0.67,0.01,
Similarity Flooding,TPC-DI__prospect_vertical_50_ac5_av_source.csv__prospect_vertical_50_ac5_av_target.csv,0.69,0.01,
Similarity Flooding,TPC-DI__prospect_vertical_50_ac5_ev_source.csv__prospect_vertical_50_ac5_ev_target.csv,0.67,0.01,
Similarity Flooding,TPC-DI__prospect_vertical_50_ec_av_source.csv__prospect_vertical_50_ec_av_target.csv,0.69,0.01,
Similarity Flooding,TPC-DI__prospect_vertical_50_ec_ev_source.csv__prospect_vertical_50_ec_ev_target.csv,0.72,0.01,
Similarity Flooding,TPC-DI__prospect_vertical_70_ac1_av_source.csv__prospect_vertical_70_ac1_av_target.csv,0.94,0.02,
Similarity Flooding,TPC-DI__prospect_vertical_70_ac1_ev_source.csv__prospect_vertical_70_ac1_ev_target.csv,0.97,0.02,
Similarity Flooding,TPC-DI__prospect_vertical_70_ac2_av_source.csv__prospect_vertical_70_ac2_av_target.csv,0.85,0.01,
Similarity Flooding,TPC-DI__prospect_vertical_70_ac2_ev_source.csv__prospect_vertical_70_ac2_ev_target.csv,0.85,0.01,
Similarity Flooding,TPC-DI__prospect_vertical_70_ac3_av_source.csv__prospect_vertical_70_ac3_av_target.csv,0.91,0.02,
Similarity Flooding,TPC-DI__prospect_vertical_70_ac3_ev_source.csv__prospect_vertical_70_ac3_ev_target.csv,0.92,0.02,
Similarity Flooding,TPC-DI__prospect_vertical_70_ac4_av_source.csv__prospect_vertical_70_ac4_av_target.csv,0.91,0.02,
Similarity Flooding,TPC-DI__prospect_vertical_70_ac4_ev_source.csv__prospect_vertical_70_ac4_ev_target.csv,0.89,0.01,
Similarity Flooding,TPC-DI__prospect_vertical_70_ac5_av_source.csv__prospect_vertical_70_ac5_av_target.csv,0.93,0.02,
Similarity Flooding,TPC-DI__prospect_vertical_70_ac5_ev_source.csv__prospect_vertical_70_ac5_ev_target.csv,0.92,0.02,
Similarity Flooding,TPC-DI__prospect_vertical_70_ec_av_source.csv__prospect_vertical_70_ec_av_target.csv,0.98,0.02,
Similarity Flooding,TPC-DI__prospect_vertical_70_ec_ev_source.csv__prospect_vertical_70_ec_ev_target.csv,1.0,0.02,
Similarity Flooding,Wikidata__musicians_joinable_source.csv__musicians_joinable_target.csv,0.34,0.01,
Similarity Flooding,Wikidata__musicians_semjoinable_source.csv__musicians_semjoinable_target.csv,0.4,0.01,
Similarity Flooding,Wikidata__musicians_unionable_source.csv__musicians_unionable_target.csv,1.04,0.02,
Similarity Flooding,Wikidata__musicians_viewunion_source.csv__musicians_viewunion_target.csv,0.36,0.01,
Distribution Based,ChEMBL__assays_both_0_1_ac1_av_source.csv__assays_both_0_1_ac1_av_target.csv,2.72,0.05,
Distribution Based,ChEMBL__assays_both_0_1_ac1_ev_source.csv__assays_both_0_1_ac1_ev_target.csv,2.71,0.05,
Distribution Based,ChEMBL__assays_both_0_1_ac2_av_source.csv__assays_both_0_1_ac2_av_target.csv,2.73,0.05,
Distribution Based,ChEMBL__assays_both_0_1_ac2_ev_source.csv__assays_both_0_1_ac2_ev_target.csv,2.68,0.04,
Distribution Based,ChEMBL__assays_both_0_1_ac3_av_source.csv__assays_both_0_1_ac3_av_target.csv,2.73,0.05,
Distribution Based,ChEMBL__assays_both_0_1_ac3_ev_source.csv__assays_both_0_1_ac3_ev_target.csv,2.71,0.05,
Distribution Based,ChEMBL__assays_both_0_1_ac4_av_source.csv__assays_both_0_1_ac4_av_target.csv,2.71,0.05,
Distribution Based,ChEMBL__assays_both_0_1_ac4_ev_source.csv__assays_both_0_1_ac4_ev_target.csv,2.75,0.05,
Distribution Based,ChEMBL__assays_both_0_1_ac5_av_source.csv__assays_both_0_1_ac5_av_target.csv,2.74,0.05,
Distribution Based,ChEMBL__assays_both_0_1_ac5_ev_source.csv__assays_both_0_1_ac5_ev_target.csv,2.69,0.04,
Distribution Based,ChEMBL__assays_both_0_1_ec_av_source.csv__assays_both_0_1_ec_av_target.csv,2.7,0.04,
Distribution Based,ChEMBL__assays_both_0_1_ec_ev_source.csv__assays_both_0_1_ec_ev_target.csv,2.71,0.05,
Distribution Based,ChEMBL__assays_both_0_30_ac1_av_source.csv__assays_both_0_30_ac1_av_target.csv,3.13,0.05,
Distribution Based,ChEMBL__assays_both_0_30_ac1_ev_source.csv__assays_both_0_30_ac1_ev_target.csv,2.82,0.05,
Distribution Based,ChEMBL__assays_both_0_30_ac2_av_source.csv__assays_both_0_30_ac2_av_target.csv,4.69,0.08,
Distribution Based,ChEMBL__assays_both_0_30_ac2_ev_source.csv__assays_both_0_30_ac2_ev_target.csv,3.52,0.06,
Distribution Based,ChEMBL__assays_both_0_30_ac3_av_source.csv__assays_both_0_30_ac3_av_target.csv,3.83,0.06,
Distribution Based,ChEMBL__assays_both_0_30_ac3_ev_source.csv__assays_both_0_30_ac3_ev_target.csv,3.89,0.06,
Distribution Based,ChEMBL__assays_both_0_30_ac4_av_source.csv__assays_both_0_30_ac4_av_target.csv,3.81,0.06,
Distribution Based,ChEMBL__assays_both_0_30_ac4_ev_source.csv__assays_both_0_30_ac4_ev_target.csv,2.97,0.05,
Distribution Based,ChEMBL__assays_both_0_30_ac5_av_source.csv__assays_both_0_30_ac5_av_target.csv,3.54,0.06,
Distribution Based,ChEMBL__assays_both_0_30_ac5_ev_source.csv__assays_both_0_30_ac5_ev_target.csv,3.36,0.06,
Distribution Based,ChEMBL__assays_both_0_30_ec_av_source.csv__assays_both_0_30_ec_av_target.csv,4.89,0.08,
Distribution Based,ChEMBL__assays_both_0_30_ec_ev_source.csv__assays_both_0_30_ec_ev_target.csv,3.59,0.06,
Distribution Based,ChEMBL__assays_both_0_50_ac1_av_source.csv__assays_both_0_50_ac1_av_target.csv,4.68,0.08,
Distribution Based,ChEMBL__assays_both_0_50_ac1_ev_source.csv__assays_both_0_50_ac1_ev_target.csv,4.39,0.07,
Distribution Based,ChEMBL__assays_both_0_50_ac2_av_source.csv__assays_both_0_50_ac2_av_target.csv,7.1,0.12,
Distribution Based,ChEMBL__assays_both_0_50_ac2_ev_source.csv__assays_both_0_50_ac2_ev_target.csv,4.77,0.08,
Distribution Based,ChEMBL__assays_both_0_50_ac3_av_source.csv__assays_both_0_50_ac3_av_target.csv,6.82,0.11,
Distribution Based,ChEMBL__assays_both_0_50_ac3_ev_source.csv__assays_both_0_50_ac3_ev_target.csv,4.9,0.08,
Distribution Based,ChEMBL__assays_both_0_50_ac4_av_source.csv__assays_both_0_50_ac4_av_target.csv,5.7,0.1,
Distribution Based,ChEMBL__assays_both_0_50_ac4_ev_source.csv__assays_both_0_50_ac4_ev_target.csv,5.45,0.09,
Distribution Based,ChEMBL__assays_both_0_50_ac5_av_source.csv__assays_both_0_50_ac5_av_target.csv,6.6,0.11,
Distribution Based,ChEMBL__assays_both_0_50_ac5_ev_source.csv__assays_both_0_50_ac5_ev_target.csv,3.58,0.06,
Distribution Based,ChEMBL__assays_both_0_50_ec_av_source.csv__assays_both_0_50_ec_av_target.csv,5.68,0.09,
Distribution Based,ChEMBL__assays_both_0_50_ec_ev_source.csv__assays_both_0_50_ec_ev_target.csv,4.38,0.07,
Distribution Based,ChEMBL__assays_both_0_70_ac1_av_source.csv__assays_both_0_70_ac1_av_target.csv,4.83,0.08,
Distribution Based,ChEMBL__assays_both_0_70_ac1_ev_source.csv__assays_both_0_70_ac1_ev_target.csv,4.79,0.08,
Distribution Based,ChEMBL__assays_both_0_70_ac2_av_source.csv__assays_both_0_70_ac2_av_target.csv,8.93,0.15,
Distribution Based,ChEMBL__assays_both_0_70_ac2_ev_source.csv__assays_both_0_70_ac2_ev_target.csv,6.15,0.1,
Distribution Based,ChEMBL__assays_both_0_70_ac3_av_source.csv__assays_both_0_70_ac3_av_target.csv,9.24,0.15,
Distribution Based,ChEMBL__assays_both_0_70_ac3_ev_source.csv__assays_both_0_70_ac3_ev_target.csv,5.46,0.09,
Distribution Based,ChEMBL__assays_both_0_70_ac4_av_source.csv__assays_both_0_70_ac4_av_target.csv,8.81,0.15,
Distribution Based,ChEMBL__assays_both_0_70_ac4_ev_source.csv__assays_both_0_70_ac4_ev_target.csv,4.8,0.08,
Distribution Based,ChEMBL__assays_both_0_70_ac5_av_source.csv__assays_both_0_70_ac5_av_target.csv,8.29,0.14,
Distribution Based,ChEMBL__assays_both_0_70_ac5_ev_source.csv__assays_both_0_70_ac5_ev_target.csv,5.91,0.1,
Distribution Based,ChEMBL__assays_both_0_70_ec_av_source.csv__assays_both_0_70_ec_av_target.csv,8.37,0.14,
Distribution Based,ChEMBL__assays_both_0_70_ec_ev_source.csv__assays_both_0_70_ec_ev_target.csv,5.91,0.1,
Distribution Based,ChEMBL__assays_both_50_1_ac1_av_source.csv__assays_both_50_1_ac1_av_target.csv,3.66,0.06,
Distribution Based,ChEMBL__assays_both_50_1_ac1_ev_source.csv__assays_both_50_1_ac1_ev_target.csv,3.6,0.06,
Distribution Based,ChEMBL__assays_both_50_1_ac2_av_source.csv__assays_both_50_1_ac2_av_target.csv,3.65,0.06,
Distribution Based,ChEMBL__assays_both_50_1_ac2_ev_source.csv__assays_both_50_1_ac2_ev_target.csv,3.62,0.06,
Distribution Based,ChEMBL__assays_both_50_1_ac3_av_source.csv__assays_both_50_1_ac3_av_target.csv,3.6,0.06,
Distribution Based,ChEMBL__assays_both_50_1_ac3_ev_source.csv__assays_both_50_1_ac3_ev_target.csv,3.72,0.06,
Distribution Based,ChEMBL__assays_both_50_1_ac4_av_source.csv__assays_both_50_1_ac4_av_target.csv,3.62,0.06,
Distribution Based,ChEMBL__assays_both_50_1_ac4_ev_source.csv__assays_both_50_1_ac4_ev_target.csv,3.66,0.06,
Distribution Based,ChEMBL__assays_both_50_1_ac5_av_source.csv__assays_both_50_1_ac5_av_target.csv,3.67,0.06,
Distribution Based,ChEMBL__assays_both_50_1_ac5_ev_source.csv__assays_both_50_1_ac5_ev_target.csv,3.66,0.06,
Distribution Based,ChEMBL__assays_both_50_1_ec_av_source.csv__assays_both_50_1_ec_av_target.csv,3.62,0.06,
Distribution Based,ChEMBL__assays_both_50_1_ec_ev_source.csv__assays_both_50_1_ec_ev_target.csv,3.65,0.06,
Distribution Based,ChEMBL__assays_both_50_30_ac1_av_source.csv__assays_both_50_30_ac1_av_target.csv,4.23,0.07,
Distribution Based,ChEMBL__assays_both_50_30_ac1_ev_source.csv__assays_both_50_30_ac1_ev_target.csv,3.81,0.06,
Distribution Based,ChEMBL__assays_both_50_30_ac2_av_source.csv__assays_both_50_30_ac2_av_target.csv,5.32,0.09,
Distribution Based,ChEMBL__assays_both_50_30_ac2_ev_source.csv__assays_both_50_30_ac2_ev_target.csv,4.74,0.08,
Distribution Based,ChEMBL__assays_both_50_30_ac3_av_source.csv__assays_both_50_30_ac3_av_target.csv,5.9,0.1,
Distribution Based,ChEMBL__assays_both_50_30_ac3_ev_source.csv__assays_both_50_30_ac3_ev_target.csv,5.87,0.1,
Distribution Based,ChEMBL__assays_both_50_30_ac4_av_source.csv__assays_both_50_30_ac4_av_target.csv,6.46,0.11,
Distribution Based,ChEMBL__assays_both_50_30_ac4_ev_source.csv__assays_both_50_30_ac4_ev_target.csv,4.36,0.07,
Distribution Based,ChEMBL__assays_both_50_30_ac5_av_source.csv__assays_both_50_30_ac5_av_target.csv,6.06,0.1,
Distribution Based,ChEMBL__assays_both_50_30_ac5_ev_source.csv__assays_both_50_30_ac5_ev_target.csv,5.3,0.09,
Distribution Based,ChEMBL__assays_both_50_30_ec_av_source.csv__assays_both_50_30_ec_av_target.csv,6.28,0.1,
Distribution Based,ChEMBL__assays_both_50_30_ec_ev_source.csv__assays_both_50_30_ec_ev_target.csv,5.93,0.1,
Distribution Based,ChEMBL__assays_both_50_50_ac1_av_source.csv__assays_both_50_50_ac1_av_target.csv,6.22,0.1,
Distribution Based,ChEMBL__assays_both_50_50_ac1_ev_source.csv__assays_both_50_50_ac1_ev_target.csv,4.07,0.07,
Distribution Based,ChEMBL__assays_both_50_50_ac2_av_source.csv__assays_both_50_50_ac2_av_target.csv,8.35,0.14,
Distribution Based,ChEMBL__assays_both_50_50_ac2_ev_source.csv__assays_both_50_50_ac2_ev_target.csv,6.54,0.11,
Distribution Based,ChEMBL__assays_both_50_50_ac3_av_source.csv__assays_both_50_50_ac3_av_target.csv,8.16,0.14,
Distribution Based,ChEMBL__assays_both_50_50_ac3_ev_source.csv__assays_both_50_50_ac3_ev_target.csv,6.53,0.11,
Distribution Based,ChEMBL__assays_both_50_50_ac4_av_source.csv__assays_both_50_50_ac4_av_target.csv,7.87,0.13,
Distribution Based,ChEMBL__assays_both_50_50_ac4_ev_source.csv__assays_both_50_50_ac4_ev_target.csv,6.4,0.11,
Distribution Based,ChEMBL__assays_both_50_50_ac5_av_source.csv__assays_both_50_50_ac5_av_target.csv,7.07,0.12,
Distribution Based,ChEMBL__assays_both_50_50_ac5_ev_source.csv__assays_both_50_50_ac5_ev_target.csv,5.9,0.1,
Distribution Based,ChEMBL__assays_both_50_50_ec_av_source.csv__assays_both_50_50_ec_av_target.csv,7.77,0.13,
Distribution Based,ChEMBL__assays_both_50_50_ec_ev_source.csv__assays_both_50_50_ec_ev_target.csv,5.14,0.09,
Distribution Based,ChEMBL__assays_both_50_70_ac1_av_source.csv__assays_both_50_70_ac1_av_target.csv,6.88,0.11,
Distribution Based,ChEMBL__assays_both_50_70_ac1_ev_source.csv__assays_both_50_70_ac1_ev_target.csv,5.3,0.09,
Distribution Based,ChEMBL__assays_both_50_70_ac2_av_source.csv__assays_both_50_70_ac2_av_target.csv,11.64,0.19,
Distribution Based,ChEMBL__assays_both_50_70_ac2_ev_source.csv__assays_both_50_70_ac2_ev_target.csv,7.89,0.13,
Distribution Based,ChEMBL__assays_both_50_70_ac3_av_source.csv__assays_both_50_70_ac3_av_target.csv,11.62,0.19,
Distribution Based,ChEMBL__assays_both_50_70_ac3_ev_source.csv__assays_both_50_70_ac3_ev_target.csv,10.49,0.17,
Distribution Based,ChEMBL__assays_both_50_70_ac4_av_source.csv__assays_both_50_70_ac4_av_target.csv,12.96,0.22,
Distribution Based,ChEMBL__assays_both_50_70_ac4_ev_source.csv__assays_both_50_70_ac4_ev_target.csv,7.81,0.13,
Distribution Based,ChEMBL__assays_both_50_70_ac5_av_source.csv__assays_both_50_70_ac5_av_target.csv,9.86,0.16,
Distribution Based,ChEMBL__assays_both_50_70_ac5_ev_source.csv__assays_both_50_70_ac5_ev_target.csv,8.99,0.15,
Distribution Based,ChEMBL__assays_both_50_70_ec_av_source.csv__assays_both_50_70_ec_av_target.csv,11.72,0.2,
Distribution Based,ChEMBL__assays_both_50_70_ec_ev_source.csv__assays_both_50_70_ec_ev_target.csv,7.96,0.13,
Distribution Based,ChEMBL__assays_horizontal_0_ac1_av_source.csv__assays_horizontal_0_ac1_av_target.csv,5.3,0.09,
Distribution Based,ChEMBL__assays_horizontal_0_ac1_ev_source.csv__assays_horizontal_0_ac1_ev_target.csv,5.33,0.09,
Distribution Based,ChEMBL__assays_horizontal_0_ac2_av_source.csv__assays_horizontal_0_ac2_av_target.csv,8.55,0.14,
Distribution Based,ChEMBL__assays_horizontal_0_ac2_ev_source.csv__assays_horizontal_0_ac2_ev_target.csv,8.86,0.15,
Distribution Based,ChEMBL__assays_horizontal_0_ac3_av_source.csv__assays_horizontal_0_ac3_av_target.csv,8.43,0.14,
Distribution Based,ChEMBL__assays_horizontal_0_ac3_ev_source.csv__assays_horizontal_0_ac3_ev_target.csv,8.96,0.15,
Distribution Based,ChEMBL__assays_horizontal_0_ac4_av_source.csv__assays_horizontal_0_ac4_av_target.csv,8.89,0.15,
Distribution Based,ChEMBL__assays_horizontal_0_ac4_ev_source.csv__assays_horizontal_0_ac4_ev_target.csv,8.82,0.15,
Distribution Based,ChEMBL__assays_horizontal_0_ac5_av_source.csv__assays_horizontal_0_ac5_av_target.csv,8.55,0.14,
Distribution Based,ChEMBL__assays_horizontal_0_ac5_ev_source.csv__assays_horizontal_0_ac5_ev_target.csv,8.89,0.15,
Distribution Based,ChEMBL__assays_horizontal_0_ec_av_source.csv__assays_horizontal_0_ec_av_target.csv,8.39,0.14,
Distribution Based,ChEMBL__assays_horizontal_0_ec_ev_source.csv__assays_horizontal_0_ec_ev_target.csv,8.93,0.15,
Distribution Based,ChEMBL__assays_horizontal_100_ac1_av_source.csv__assays_horizontal_100_ac1_av_target.csv,8.27,0.14,
Distribution Based,ChEMBL__assays_horizontal_100_ac1_ev_source.csv__assays_horizontal_100_ac1_ev_target.csv,6.73,0.11,
Distribution Based,ChEMBL__assays_horizontal_100_ac2_av_source.csv__assays_horizontal_100_ac2_av_target.csv,12.14,0.2,
Distribution Based,ChEMBL__assays_horizontal_100_ac2_ev_source.csv__assays_horizontal_100_ac2_ev_target.csv,9.3,0.15,
Distribution Based,ChEMBL__assays_horizontal_100_ac3_av_source.csv__assays_horizontal_100_ac3_av_target.csv,12.2,0.2,
Distribution Based,ChEMBL__assays_horizontal_100_ac3_ev_source.csv__assays_horizontal_100_ac3_ev_target.csv,9.37,0.16,
Distribution Based,ChEMBL__assays_horizontal_100_ac4_av_source.csv__assays_horizontal_100_ac4_av_target.csv,12.34,0.21,
Distribution Based,ChEMBL__assays_horizontal_100_ac4_ev_source.csv__assays_horizontal_100_ac4_ev_target.csv,9.43,0.16,
Distribution Based,ChEMBL__assays_horizontal_100_ac5_av_source.csv__assays_horizontal_100_ac5_av_target.csv,11.12,0.19,
Distribution Based,ChEMBL__assays_horizontal_100_ac5_ev_source.csv__assays_horizontal_100_ac5_ev_target.csv,9.14,0.15,
Distribution Based,ChEMBL__assays_horizontal_100_ec_av_source.csv__assays_horizontal_100_ec_av_target.csv,11.83,0.2,
Distribution Based,ChEMBL__assays_horizontal_100_ec_ev_source.csv__assays_horizontal_100_ec_ev_target.csv,9.33,0.16,
Distribution Based,ChEMBL__assays_horizontal_50_ac1_av_source.csv__assays_horizontal_50_ac1_av_target.csv,7.07,0.12,
Distribution Based,ChEMBL__assays_horizontal_50_ac1_ev_source.csv__assays_horizontal_50_ac1_ev_target.csv,6.22,0.1,
Distribution Based,ChEMBL__assays_horizontal_50_ac2_av_source.csv__assays_horizontal_50_ac2_av_target.csv,10.4,0.17,
Distribution Based,ChEMBL__assays_horizontal_50_ac2_ev_source.csv__assays_horizontal_50_ac2_ev_target.csv,8.94,0.15,
Distribution Based,ChEMBL__assays_horizontal_50_ac3_av_source.csv__assays_horizontal_50_ac3_av_target.csv,10.87,0.18,
Distribution Based,ChEMBL__assays_horizontal_50_ac3_ev_source.csv__assays_horizontal_50_ac3_ev_target.csv,8.73,0.15,
Distribution Based,ChEMBL__assays_horizontal_50_ac4_av_source.csv__assays_horizontal_50_ac4_av_target.csv,10.67,0.18,
Distribution Based,ChEMBL__assays_horizontal_50_ac4_ev_source.csv__assays_horizontal_50_ac4_ev_target.csv,9.02,0.15,
Distribution Based,ChEMBL__assays_horizontal_50_ac5_av_source.csv__assays_horizontal_50_ac5_av_target.csv,9.87,0.16,
Distribution Based,ChEMBL__assays_horizontal_50_ac5_ev_source.csv__assays_horizontal_50_ac5_ev_target.csv,8.73,0.15,
Distribution Based,ChEMBL__assays_horizontal_50_ec_av_source.csv__assays_horizontal_50_ec_av_target.csv,10.3,0.17,
Distribution Based,ChEMBL__assays_horizontal_50_ec_ev_source.csv__assays_horizontal_50_ec_ev_target.csv,8.98,0.15,
Distribution Based,ChEMBL__assays_vertical_1_ac1_av_source.csv__assays_vertical_1_ac1_av_target.csv,5.15,0.09,
Distribution Based,ChEMBL__assays_vertical_1_ac1_ev_source.csv__assays_vertical_1_ac1_ev_target.csv,5.23,0.09,
Distribution Based,ChEMBL__assays_vertical_1_ac2_av_source.csv__assays_vertical_1_ac2_av_target.csv,5.13,0.09,
Distribution Based,ChEMBL__assays_vertical_1_ac2_ev_source.csv__assays_vertical_1_ac2_ev_target.csv,5.14,0.09,
Distribution Based,ChEMBL__assays_vertical_1_ac3_av_source.csv__assays_vertical_1_ac3_av_target.csv,5.2,0.09,
Distribution Based,ChEMBL__assays_vertical_1_ac3_ev_source.csv__assays_vertical_1_ac3_ev_target.csv,5.21,0.09,
Distribution Based,ChEMBL__assays_vertical_1_ac4_av_source.csv__assays_vertical_1_ac4_av_target.csv,5.23,0.09,
Distribution Based,ChEMBL__assays_vertical_1_ac4_ev_source.csv__assays_vertical_1_ac4_ev_target.csv,5.21,0.09,
Distribution Based,ChEMBL__assays_vertical_1_ac5_av_source.csv__assays_vertical_1_ac5_av_target.csv,5.18,0.09,
Distribution Based,ChEMBL__assays_vertical_1_ac5_ev_source.csv__assays_vertical_1_ac5_ev_target.csv,5.16,0.09,
Distribution Based,ChEMBL__assays_vertical_1_ec_av_source.csv__assays_vertical_1_ec_av_target.csv,5.18,0.09,
Distribution Based,ChEMBL__assays_vertical_1_ec_ev_source.csv__assays_vertical_1_ec_ev_target.csv,5.17,0.09,
Distribution Based,ChEMBL__assays_vertical_30_ac1_av_source.csv__assays_vertical_30_ac1_av_target.csv,6.21,0.1,
Distribution Based,ChEMBL__assays_vertical_30_ac1_ev_source.csv__assays_vertical_30_ac1_ev_target.csv,6.43,0.11,
Distribution Based,ChEMBL__assays_vertical_30_ac2_av_source.csv__assays_vertical_30_ac2_av_target.csv,8.85,0.15,
Distribution Based,ChEMBL__assays_vertical_30_ac2_ev_source.csv__assays_vertical_30_ac2_ev_target.csv,6.47,0.11,
Distribution Based,ChEMBL__assays_vertical_30_ac3_av_source.csv__assays_vertical_30_ac3_av_target.csv,6.76,0.11,
Distribution Based,ChEMBL__assays_vertical_30_ac3_ev_source.csv__assays_vertical_30_ac3_ev_target.csv,7.23,0.12,
Distribution Based,ChEMBL__assays_vertical_30_ac4_av_source.csv__assays_vertical_30_ac4_av_target.csv,7.89,0.13,
Distribution Based,ChEMBL__assays_vertical_30_ac4_ev_source.csv__assays_vertical_30_ac4_ev_target.csv,7.25,0.12,
Distribution Based,ChEMBL__assays_vertical_30_ac5_av_source.csv__assays_vertical_30_ac5_av_target.csv,7.35,0.12,
Distribution Based,ChEMBL__assays_vertical_30_ac5_ev_source.csv__assays_vertical_30_ac5_ev_target.csv,6.42,0.11,
Distribution Based,ChEMBL__assays_vertical_30_ec_av_source.csv__assays_vertical_30_ec_av_target.csv,7.98,0.13,
Distribution Based,ChEMBL__assays_vertical_30_ec_ev_source.csv__assays_vertical_30_ec_ev_target.csv,6.98,0.12,
Distribution Based,ChEMBL__assays_vertical_50_ac1_av_source.csv__assays_vertical_50_ac1_av_target.csv,5.73,0.1,
Distribution Based,ChEMBL__assays_vertical_50_ac1_ev_source.csv__assays_vertical_50_ac1_ev_target.csv,7.12,0.12,
Distribution Based,ChEMBL__assays_vertical_50_ac2_av_source.csv__assays_vertical_50_ac2_av_target.csv,12.78,0.21,
Distribution Based,ChEMBL__assays_vertical_50_ac2_ev_source.csv__assays_vertical_50_ac2_ev_target.csv,9.05,0.15,
Distribution Based,ChEMBL__assays_vertical_50_ac3_av_source.csv__assays_vertical_50_ac3_av_target.csv,11.58,0.19,
Distribution Based,ChEMBL__assays_vertical_50_ac3_ev_source.csv__assays_vertical_50_ac3_ev_target.csv,9.71,0.16,
Distribution Based,ChEMBL__assays_vertical_50_ac4_av_source.csv__assays_vertical_50_ac4_av_target.csv,12.81,0.21,
Distribution Based,ChEMBL__assays_vertical_50_ac4_ev_source.csv__assays_vertical_50_ac4_ev_target.csv,9.41,0.16,
Distribution Based,ChEMBL__assays_vertical_50_ac5_av_source.csv__assays_vertical_50_ac5_av_target.csv,10.7,0.18,
Distribution Based,ChEMBL__assays_vertical_50_ac5_ev_source.csv__assays_vertical_50_ac5_ev_target.csv,7.84,0.13,
Distribution Based,ChEMBL__assays_vertical_50_ec_av_source.csv__assays_vertical_50_ec_av_target.csv,11.03,0.18,
Distribution Based,ChEMBL__assays_vertical_50_ec_ev_source.csv__assays_vertical_50_ec_ev_target.csv,10.47,0.17,
Distribution Based,ChEMBL__assays_vertical_70_ac1_av_source.csv__assays_vertical_70_ac1_av_target.csv,10.14,0.17,
Distribution Based,ChEMBL__assays_vertical_70_ac1_ev_source.csv__assays_vertical_70_ac1_ev_target.csv,9.44,0.16,
Distribution Based,ChEMBL__assays_vertical_70_ac2_av_source.csv__assays_vertical_70_ac2_av_target.csv,14.6,0.24,
Distribution Based,ChEMBL__assays_vertical_70_ac2_ev_source.csv__assays_vertical_70_ac2_ev_target.csv,12.75,0.21,
Distribution Based,ChEMBL__assays_vertical_70_ac3_av_source.csv__assays_vertical_70_ac3_av_target.csv,19.14,0.32,
Distribution Based,ChEMBL__assays_vertical_70_ac3_ev_source.csv__assays_vertical_70_ac3_ev_target.csv,12.79,0.21,
Distribution Based,ChEMBL__assays_vertical_70_ac4_av_source.csv__assays_vertical_70_ac4_av_target.csv,15.99,0.27,
Distribution Based,ChEMBL__assays_vertical_70_ac4_ev_source.csv__assays_vertical_70_ac4_ev_target.csv,12.44,0.21,
Distribution Based,ChEMBL__assays_vertical_70_ac5_av_source.csv__assays_vertical_70_ac5_av_target.csv,12.66,0.21,
Distribution Based,ChEMBL__assays_vertical_70_ac5_ev_source.csv__assays_vertical_70_ac5_ev_target.csv,10.8,0.18,
Distribution Based,ChEMBL__assays_vertical_70_ec_av_source.csv__assays_vertical_70_ec_av_target.csv,12.95,0.22,
Distribution Based,ChEMBL__assays_vertical_70_ec_ev_source.csv__assays_vertical_70_ec_ev_target.csv,10.85,0.18,
Distribution Based,Magellan__amazon_google_exp_source.csv__amazon_google_exp_target.csv,0.76,0.01,
Distribution Based,Magellan__beeradvo_ratebeer_source.csv__beeradvo_ratebeer_target.csv,1.17,0.02,
Distribution Based,Magellan__dblp_acm_source.csv__dblp_acm_target.csv,0.96,0.02,
Distribution Based,Magellan__dblp_scholar_source.csv__dblp_scholar_target.csv,7.53,0.13,
Distribution Based,Magellan__itunes_amazon_source.csv__itunes_amazon_target.csv,19.99,0.33,
Distribution Based,Magellan__walmart_amazon_source.csv__walmart_amazon_target.csv,4.58,0.08,
Distribution Based,OpenData__miller2_both_0_1_ac1_av_source.csv__miller2_both_0_1_ac1_av_target.csv,15.55,0.26,
Distribution Based,OpenData__miller2_both_0_1_ac1_ev_source.csv__miller2_both_0_1_ac1_ev_target.csv,13.68,0.23,
Distribution Based,OpenData__miller2_both_0_1_ac2_av_source.csv__miller2_both_0_1_ac2_av_target.csv,19.53,0.33,
Distribution Based,OpenData__miller2_both_0_1_ac2_ev_source.csv__miller2_both_0_1_ac2_ev_target.csv,19.63,0.33,
Distribution Based,OpenData__miller2_both_0_1_ac3_av_source.csv__miller2_both_0_1_ac3_av_target.csv,19.58,0.33,
Distribution Based,OpenData__miller2_both_0_1_ac3_ev_source.csv__miller2_both_0_1_ac3_ev_target.csv,19.69,0.33,
Distribution Based,OpenData__miller2_both_0_1_ac4_av_source.csv__miller2_both_0_1_ac4_av_target.csv,18.0,0.3,
Distribution Based,OpenData__miller2_both_0_1_ac4_ev_source.csv__miller2_both_0_1_ac4_ev_target.csv,16.6,0.28,
Distribution Based,OpenData__miller2_both_0_1_ac5_av_source.csv__miller2_both_0_1_ac5_av_target.csv,15.48,0.26,
Distribution Based,OpenData__miller2_both_0_1_ac5_ev_source.csv__miller2_both_0_1_ac5_ev_target.csv,13.88,0.23,
Distribution Based,OpenData__miller2_both_0_1_ec_av_source.csv__miller2_both_0_1_ec_av_target.csv,16.99,0.28,
Distribution Based,OpenData__miller2_both_0_1_ec_ev_source.csv__miller2_both_0_1_ec_ev_target.csv,17.68,0.29,
Distribution Based,OpenData__miller2_both_0_30_ac1_av_source.csv__miller2_both_0_30_ac1_av_target.csv,29.16,0.49,
Distribution Based,OpenData__miller2_both_0_30_ac1_ev_source.csv__miller2_both_0_30_ac1_ev_target.csv,27.53,0.46,
Distribution Based,OpenData__miller2_both_0_30_ac2_av_source.csv__miller2_both_0_30_ac2_av_target.csv,45.13,0.75,
Distribution Based,OpenData__miller2_both_0_30_ac2_ev_source.csv__miller2_both_0_30_ac2_ev_target.csv,32.1,0.54,
Distribution Based,OpenData__miller2_both_0_30_ac3_av_source.csv__miller2_both_0_30_ac3_av_target.csv,43.24,0.72,
Distribution Based,OpenData__miller2_both_0_30_ac3_ev_source.csv__miller2_both_0_30_ac3_ev_target.csv,34.26,0.57,
Distribution Based,OpenData__miller2_both_0_30_ac4_av_source.csv__miller2_both_0_30_ac4_av_target.csv,35.76,0.6,
Distribution Based,OpenData__miller2_both_0_30_ac4_ev_source.csv__miller2_both_0_30_ac4_ev_target.csv,28.51,0.48,
Distribution Based,OpenData__miller2_both_0_30_ac5_av_source.csv__miller2_both_0_30_ac5_av_target.csv,30.26,0.5,
Distribution Based,OpenData__miller2_both_0_30_ac5_ev_source.csv__miller2_both_0_30_ac5_ev_target.csv,28.34,0.47,
Distribution Based,OpenData__miller2_both_0_30_ec_av_source.csv__miller2_both_0_30_ec_av_target.csv,34.21,0.57,
Distribution Based,OpenData__miller2_both_0_30_ec_ev_source.csv__miller2_both_0_30_ec_ev_target.csv,29.68,0.49,
Distribution Based,OpenData__miller2_both_0_50_ac1_av_source.csv__miller2_both_0_50_ac1_av_target.csv,42.84,0.71,
Distribution Based,OpenData__miller2_both_0_50_ac1_ev_source.csv__miller2_both_0_50_ac1_ev_target.csv,37.27,0.62,
Distribution Based,OpenData__miller2_both_0_50_ac2_av_source.csv__miller2_both_0_50_ac2_av_target.csv,65.13,1.09,
Distribution Based,OpenData__miller2_both_0_50_ac2_ev_source.csv__miller2_both_0_50_ac2_ev_target.csv,43.65,0.73,
Distribution Based,OpenData__miller2_both_0_50_ac3_av_source.csv__miller2_both_0_50_ac3_av_target.csv,63.62,1.06,
Distribution Based,OpenData__miller2_both_0_50_ac3_ev_source.csv__miller2_both_0_50_ac3_ev_target.csv,43.09,0.72,
Distribution Based,OpenData__miller2_both_0_50_ac4_av_source.csv__miller2_both_0_50_ac4_av_target.csv,57.42,0.96,
Distribution Based,OpenData__miller2_both_0_50_ac4_ev_source.csv__miller2_both_0_50_ac4_ev_target.csv,43.71,0.73,
Distribution Based,OpenData__miller2_both_0_50_ac5_av_source.csv__miller2_both_0_50_ac5_av_target.csv,47.66,0.79,
Distribution Based,OpenData__miller2_both_0_50_ac5_ev_source.csv__miller2_both_0_50_ac5_ev_target.csv,36.9,0.62,
Distribution Based,OpenData__miller2_both_0_50_ec_av_source.csv__miller2_both_0_50_ec_av_target.csv,51.42,0.86,
Distribution Based,OpenData__miller2_both_0_50_ec_ev_source.csv__miller2_both_0_50_ec_ev_target.csv,45.4,0.76,
Distribution Based,OpenData__miller2_both_0_70_ac1_av_source.csv__miller2_both_0_70_ac1_av_target.csv,59.08,0.98,
Distribution Based,OpenData__miller2_both_0_70_ac1_ev_source.csv__miller2_both_0_70_ac1_ev_target.csv,43.79,0.73,
Distribution Based,OpenData__miller2_both_0_70_ac2_av_source.csv__miller2_both_0_70_ac2_av_target.csv,75.03,1.25,
Distribution Based,OpenData__miller2_both_0_70_ac2_ev_source.csv__miller2_both_0_70_ac2_ev_target.csv,64.34,1.07,
Distribution Based,OpenData__miller2_both_0_70_ac3_av_source.csv__miller2_both_0_70_ac3_av_target.csv,83.56,1.39,
Distribution Based,OpenData__miller2_both_0_70_ac3_ev_source.csv__miller2_both_0_70_ac3_ev_target.csv,62.12,1.04,
Distribution Based,OpenData__miller2_both_0_70_ac4_av_source.csv__miller2_both_0_70_ac4_av_target.csv,77.46,1.29,
Distribution Based,OpenData__miller2_both_0_70_ac4_ev_source.csv__miller2_both_0_70_ac4_ev_target.csv,57.36,0.96,
Distribution Based,OpenData__miller2_both_0_70_ac5_av_source.csv__miller2_both_0_70_ac5_av_target.csv,56.37,0.94,
Distribution Based,OpenData__miller2_both_0_70_ac5_ev_source.csv__miller2_both_0_70_ac5_ev_target.csv,48.7,0.81,
Distribution Based,OpenData__miller2_both_0_70_ec_av_source.csv__miller2_both_0_70_ec_av_target.csv,63.4,1.06,
Distribution Based,OpenData__miller2_both_0_70_ec_ev_source.csv__miller2_both_0_70_ec_ev_target.csv,61.5,1.03,
Distribution Based,OpenData__miller2_both_50_1_ac1_av_source.csv__miller2_both_50_1_ac1_av_target.csv,21.31,0.36,
Distribution Based,OpenData__miller2_both_50_1_ac1_ev_source.csv__miller2_both_50_1_ac1_ev_target.csv,21.26,0.35,
Distribution Based,OpenData__miller2_both_50_1_ac2_av_source.csv__miller2_both_50_1_ac2_av_target.csv,27.46,0.46,
Distribution Based,OpenData__miller2_both_50_1_ac2_ev_source.csv__miller2_both_50_1_ac2_ev_target.csv,26.63,0.44,
Distribution Based,OpenData__miller2_both_50_1_ac3_av_source.csv__miller2_both_50_1_ac3_av_target.csv,27.83,0.46,
Distribution Based,OpenData__miller2_both_50_1_ac3_ev_source.csv__miller2_both_50_1_ac3_ev_target.csv,26.77,0.45,
Distribution Based,OpenData__miller2_both_50_1_ac4_av_source.csv__miller2_both_50_1_ac4_av_target.csv,25.65,0.43,
Distribution Based,OpenData__miller2_both_50_1_ac4_ev_source.csv__miller2_both_50_1_ac4_ev_target.csv,26.09,0.43,
Distribution Based,OpenData__miller2_both_50_1_ac5_av_source.csv__miller2_both_50_1_ac5_av_target.csv,21.14,0.35,
Distribution Based,OpenData__miller2_both_50_1_ac5_ev_source.csv__miller2_both_50_1_ac5_ev_target.csv,20.57,0.34,
Distribution Based,OpenData__miller2_both_50_1_ec_av_source.csv__miller2_both_50_1_ec_av_target.csv,25.39,0.42,
Distribution Based,OpenData__miller2_both_50_1_ec_ev_source.csv__miller2_both_50_1_ec_ev_target.csv,24.01,0.4,
Distribution Based,OpenData__miller2_both_50_30_ac1_av_source.csv__miller2_both_50_30_ac1_av_target.csv,39.35,0.66,
Distribution Based,OpenData__miller2_both_50_30_ac1_ev_source.csv__miller2_both_50_30_ac1_ev_target.csv,30.03,0.5,
Distribution Based,OpenData__miller2_both_50_30_ac2_av_source.csv__miller2_both_50_30_ac2_av_target.csv,59.83,1.0,
Distribution Based,OpenData__miller2_both_50_30_ac2_ev_source.csv__miller2_both_50_30_ac2_ev_target.csv,45.52,0.76,
Distribution Based,OpenData__miller2_both_50_30_ac3_av_source.csv__miller2_both_50_30_ac3_av_target.csv,60.48,1.01,
Distribution Based,OpenData__miller2_both_50_30_ac3_ev_source.csv__miller2_both_50_30_ac3_ev_target.csv,48.41,0.81,
Distribution Based,OpenData__miller2_both_50_30_ac4_av_source.csv__miller2_both_50_30_ac4_av_target.csv,46.91,0.78,
Distribution Based,OpenData__miller2_both_50_30_ac4_ev_source.csv__miller2_both_50_30_ac4_ev_target.csv,43.8,0.73,
Distribution Based,OpenData__miller2_both_50_30_ac5_av_source.csv__miller2_both_50_30_ac5_av_target.csv,43.93,0.73,
Distribution Based,OpenData__miller2_both_50_30_ac5_ev_source.csv__miller2_both_50_30_ac5_ev_target.csv,33.23,0.55,
Distribution Based,OpenData__miller2_both_50_30_ec_av_source.csv__miller2_both_50_30_ec_av_target.csv,47.23,0.79,
Distribution Based,OpenData__miller2_both_50_30_ec_ev_source.csv__miller2_both_50_30_ec_ev_target.csv,42.76,0.71,
Distribution Based,OpenData__miller2_both_50_50_ac1_av_source.csv__miller2_both_50_50_ac1_av_target.csv,57.39,0.96,
Distribution Based,OpenData__miller2_both_50_50_ac1_ev_source.csv__miller2_both_50_50_ac1_ev_target.csv,43.28,0.72,
Distribution Based,OpenData__miller2_both_50_50_ac2_av_source.csv__miller2_both_50_50_ac2_av_target.csv,81.48,1.36,
Distribution Based,OpenData__miller2_both_50_50_ac2_ev_source.csv__miller2_both_50_50_ac2_ev_target.csv,61.3,1.02,
Distribution Based,OpenData__miller2_both_50_50_ac3_av_source.csv__miller2_both_50_50_ac3_av_target.csv,78.29,1.3,
Distribution Based,OpenData__miller2_both_50_50_ac3_ev_source.csv__miller2_both_50_50_ac3_ev_target.csv,64.06,1.07,
Distribution Based,OpenData__miller2_both_50_50_ac4_av_source.csv__miller2_both_50_50_ac4_av_target.csv,66.7,1.11,
Distribution Based,OpenData__miller2_both_50_50_ac4_ev_source.csv__miller2_both_50_50_ac4_ev_target.csv,51.78,0.86,
Distribution Based,OpenData__miller2_both_50_50_ac5_av_source.csv__miller2_both_50_50_ac5_av_target.csv,55.19,0.92,
Distribution Based,OpenData__miller2_both_50_50_ac5_ev_source.csv__miller2_both_50_50_ac5_ev_target.csv,57.29,0.95,
Distribution Based,OpenData__miller2_both_50_50_ec_av_source.csv__miller2_both_50_50_ec_av_target.csv,72.27,1.2,
Distribution Based,OpenData__miller2_both_50_50_ec_ev_source.csv__miller2_both_50_50_ec_ev_target.csv,54.86,0.91,
Distribution Based,OpenData__miller2_both_50_70_ac1_av_source.csv__miller2_both_50_70_ac1_av_target.csv,89.3,1.49,
Distribution Based,OpenData__miller2_both_50_70_ac1_ev_source.csv__miller2_both_50_70_ac1_ev_target.csv,50.6,0.84,
Distribution Based,OpenData__miller2_both_50_70_ac2_av_source.csv__miller2_both_50_70_ac2_av_target.csv,107.53,1.79,
Distribution Based,OpenData__miller2_both_50_70_ac2_ev_source.csv__miller2_both_50_70_ac2_ev_target.csv,85.71,1.43,
Distribution Based,OpenData__miller2_both_50_70_ac3_av_source.csv__miller2_both_50_70_ac3_av_target.csv,105.08,1.75,
Distribution Based,OpenData__miller2_both_50_70_ac3_ev_source.csv__miller2_both_50_70_ac3_ev_target.csv,78.09,1.3,
Distribution Based,OpenData__miller2_both_50_70_ac4_av_source.csv__miller2_both_50_70_ac4_av_target.csv,92.93,1.55,
Distribution Based,OpenData__miller2_both_50_70_ac4_ev_source.csv__miller2_both_50_70_ac4_ev_target.csv,85.57,1.43,
Distribution Based,OpenData__miller2_both_50_70_ac5_av_source.csv__miller2_both_50_70_ac5_av_target.csv,84.23,1.4,
Distribution Based,OpenData__miller2_both_50_70_ac5_ev_source.csv__miller2_both_50_70_ac5_ev_target.csv,68.19,1.14,
Distribution Based,OpenData__miller2_both_50_70_ec_av_source.csv__miller2_both_50_70_ec_av_target.csv,99.61,1.66,
Distribution Based,OpenData__miller2_both_50_70_ec_ev_source.csv__miller2_both_50_70_ec_ev_target.csv,70.03,1.17,
Distribution Based,OpenData__miller2_horizontal_0_ac1_av_source.csv__miller2_horizontal_0_ac1_av_target.csv,70.04,1.17,
Distribution Based,OpenData__miller2_horizontal_0_ac1_ev_source.csv__miller2_horizontal_0_ac1_ev_target.csv,67.75,1.13,
Distribution Based,OpenData__miller2_horizontal_0_ac2_av_source.csv__miller2_horizontal_0_ac2_av_target.csv,89.17,1.49,
Distribution Based,OpenData__miller2_horizontal_0_ac2_ev_source.csv__miller2_horizontal_0_ac2_ev_target.csv,90.21,1.5,
Distribution Based,OpenData__miller2_horizontal_0_ac3_av_source.csv__miller2_horizontal_0_ac3_av_target.csv,89.17,1.49,
Distribution Based,OpenData__miller2_horizontal_0_ac3_ev_source.csv__miller2_horizontal_0_ac3_ev_target.csv,89.27,1.49,
Distribution Based,OpenData__miller2_horizontal_0_ac4_av_source.csv__miller2_horizontal_0_ac4_av_target.csv,79.18,1.32,
Distribution Based,OpenData__miller2_horizontal_0_ac4_ev_source.csv__miller2_horizontal_0_ac4_ev_target.csv,76.02,1.27,
Distribution Based,OpenData__miller2_horizontal_0_ac5_av_source.csv__miller2_horizontal_0_ac5_av_target.csv,66.83,1.11,
Distribution Based,OpenData__miller2_horizontal_0_ac5_ev_source.csv__miller2_horizontal_0_ac5_ev_target.csv,68.08,1.13,
Distribution Based,OpenData__miller2_horizontal_0_ec_av_source.csv__miller2_horizontal_0_ec_av_target.csv,76.52,1.28,
Distribution Based,OpenData__miller2_horizontal_0_ec_ev_source.csv__miller2_horizontal_0_ec_ev_target.csv,76.6,1.28,
Distribution Based,OpenData__miller2_horizontal_100_ac1_av_source.csv__miller2_horizontal_100_ac1_av_target.csv,116.51,1.94,
Distribution Based,OpenData__miller2_horizontal_100_ac1_ev_source.csv__miller2_horizontal_100_ac1_ev_target.csv,87.57,1.46,
Distribution Based,OpenData__miller2_horizontal_100_ac2_av_source.csv__miller2_horizontal_100_ac2_av_target.csv,145.46,2.42,
Distribution Based,OpenData__miller2_horizontal_100_ac2_ev_source.csv__miller2_horizontal_100_ac2_ev_target.csv,109.79,1.83,
Distribution Based,OpenData__miller2_horizontal_100_ac3_av_source.csv__miller2_horizontal_100_ac3_av_target.csv,141.77,2.36,
Distribution Based,OpenData__miller2_horizontal_100_ac3_ev_source.csv__miller2_horizontal_100_ac3_ev_target.csv,110.03,1.83,
Distribution Based,OpenData__miller2_horizontal_100_ac4_av_source.csv__miller2_horizontal_100_ac4_av_target.csv,123.35,2.06,
Distribution Based,OpenData__miller2_horizontal_100_ac4_ev_source.csv__miller2_horizontal_100_ac4_ev_target.csv,101.04,1.68,
Distribution Based,OpenData__miller2_horizontal_100_ac5_av_source.csv__miller2_horizontal_100_ac5_av_target.csv,115.52,1.93,
Distribution Based,OpenData__miller2_horizontal_100_ac5_ev_source.csv__miller2_horizontal_100_ac5_ev_target.csv,90.42,1.51,
Distribution Based,OpenData__miller2_horizontal_100_ec_av_source.csv__miller2_horizontal_100_ec_av_target.csv,124.18,2.07,
Distribution Based,OpenData__miller2_horizontal_50_ac1_av_source.csv__miller2_horizontal_50_ac1_av_target.csv,93.1,1.55,
Distribution Based,OpenData__miller2_horizontal_50_ac1_ev_source.csv__miller2_horizontal_50_ac1_ev_target.csv,74.15,1.24,
Distribution Based,OpenData__miller2_horizontal_50_ac2_av_source.csv__miller2_horizontal_50_ac2_av_target.csv,121.73,2.03,
Distribution Based,OpenData__miller2_horizontal_50_ac2_ev_source.csv__miller2_horizontal_50_ac2_ev_target.csv,101.09,1.68,
Distribution Based,OpenData__miller2_horizontal_50_ac3_av_source.csv__miller2_horizontal_50_ac3_av_target.csv,121.88,2.03,
Distribution Based,OpenData__miller2_horizontal_50_ac3_ev_source.csv__miller2_horizontal_50_ac3_ev_target.csv,98.66,1.64,
Distribution Based,OpenData__miller2_horizontal_50_ac4_av_source.csv__miller2_horizontal_50_ac4_av_target.csv,117.26,1.95,
Distribution Based,OpenData__miller2_horizontal_50_ac4_ev_source.csv__miller2_horizontal_50_ac4_ev_target.csv,88.24,1.47,
Distribution Based,OpenData__miller2_horizontal_50_ac5_av_source.csv__miller2_horizontal_50_ac5_av_target.csv,100.2,1.67,
Distribution Based,OpenData__miller2_horizontal_50_ac5_ev_source.csv__miller2_horizontal_50_ac5_ev_target.csv,75.72,1.26,
Distribution Based,OpenData__miller2_horizontal_50_ec_av_source.csv__miller2_horizontal_50_ec_av_target.csv,108.01,1.8,
Distribution Based,OpenData__miller2_horizontal_50_ec_ev_source.csv__miller2_horizontal_50_ec_ev_target.csv,91.53,1.53,
Distribution Based,OpenData__miller2_vertical_1_ac1_av_source.csv__miller2_vertical_1_ac1_av_target.csv,28.8,0.48,
Distribution Based,OpenData__miller2_vertical_1_ac1_ev_source.csv__miller2_vertical_1_ac1_ev_target.csv,29.81,0.5,
Distribution Based,OpenData__miller2_vertical_1_ac2_av_source.csv__miller2_vertical_1_ac2_av_target.csv,40.01,0.67,
Distribution Based,OpenData__miller2_vertical_1_ac2_ev_source.csv__miller2_vertical_1_ac2_ev_target.csv,40.29,0.67,
Distribution Based,OpenData__miller2_vertical_1_ac3_av_source.csv__miller2_vertical_1_ac3_av_target.csv,39.77,0.66,
Distribution Based,OpenData__miller2_vertical_1_ac3_ev_source.csv__miller2_vertical_1_ac3_ev_target.csv,40.33,0.67,
Distribution Based,OpenData__miller2_vertical_1_ac4_av_source.csv__miller2_vertical_1_ac4_av_target.csv,35.97,0.6,
Distribution Based,OpenData__miller2_vertical_1_ac4_ev_source.csv__miller2_vertical_1_ac4_ev_target.csv,34.18,0.57,
Distribution Based,OpenData__miller2_vertical_1_ac5_av_source.csv__miller2_vertical_1_ac5_av_target.csv,28.78,0.48,
Distribution Based,OpenData__miller2_vertical_1_ac5_ev_source.csv__miller2_vertical_1_ac5_ev_target.csv,29.63,0.49,
Distribution Based,OpenData__miller2_vertical_1_ec_av_source.csv__miller2_vertical_1_ec_av_target.csv,32.7,0.54,
Distribution Based,OpenData__miller2_vertical_1_ec_ev_source.csv__miller2_vertical_1_ec_ev_target.csv,33.93,0.57,
Distribution Based,OpenData__miller2_vertical_30_ac1_av_source.csv__miller2_vertical_30_ac1_av_target.csv,59.25,0.99,
Distribution Based,OpenData__miller2_vertical_30_ac1_ev_source.csv__miller2_vertical_30_ac1_ev_target.csv,52.3,0.87,
Distribution Based,OpenData__miller2_vertical_30_ac2_av_source.csv__miller2_vertical_30_ac2_av_target.csv,91.83,1.53,
Distribution Based,OpenData__miller2_vertical_30_ac2_ev_source.csv__miller2_vertical_30_ac2_ev_target.csv,73.41,1.22,
Distribution Based,OpenData__miller2_vertical_30_ac3_av_source.csv__miller2_vertical_30_ac3_av_target.csv,81.74,1.36,
Distribution Based,OpenData__miller2_vertical_30_ac3_ev_source.csv__miller2_vertical_30_ac3_ev_target.csv,67.5,1.13,
Distribution Based,OpenData__miller2_vertical_30_ac4_av_source.csv__miller2_vertical_30_ac4_av_target.csv,74.01,1.23,
Distribution Based,OpenData__miller2_vertical_30_ac4_ev_source.csv__miller2_vertical_30_ac4_ev_target.csv,57.27,0.95,
Distribution Based,OpenData__miller2_vertical_30_ac5_av_source.csv__miller2_vertical_30_ac5_av_target.csv,65.84,1.1,
Distribution Based,OpenData__miller2_vertical_30_ac5_ev_source.csv__miller2_vertical_30_ac5_ev_target.csv,62.62,1.04,
Distribution Based,OpenData__miller2_vertical_30_ec_av_source.csv__miller2_vertical_30_ec_av_target.csv,74.15,1.24,
Distribution Based,OpenData__miller2_vertical_30_ec_ev_source.csv__miller2_vertical_30_ec_ev_target.csv,59.42,0.99,
Distribution Based,OpenData__miller2_vertical_50_ac1_av_source.csv__miller2_vertical_50_ac1_av_target.csv,86.35,1.44,
Distribution Based,OpenData__miller2_vertical_50_ac1_ev_source.csv__miller2_vertical_50_ac1_ev_target.csv,82.1,1.37,
Distribution Based,OpenData__miller2_vertical_50_ac2_av_source.csv__miller2_vertical_50_ac2_av_target.csv,115.45,1.92,
Distribution Based,OpenData__miller2_vertical_50_ac2_ev_source.csv__miller2_vertical_50_ac2_ev_target.csv,110.22,1.84,
Distribution Based,OpenData__miller2_vertical_50_ac3_av_source.csv__miller2_vertical_50_ac3_av_target.csv,119.49,1.99,
Distribution Based,OpenData__miller2_vertical_50_ac3_ev_source.csv__miller2_vertical_50_ac3_ev_target.csv,89.93,1.5,
Distribution Based,OpenData__miller2_vertical_50_ac4_av_source.csv__miller2_vertical_50_ac4_av_target.csv,116.94,1.95,
Distribution Based,OpenData__miller2_vertical_50_ac4_ev_source.csv__miller2_vertical_50_ac4_ev_target.csv,91.47,1.52,
Distribution Based,OpenData__miller2_vertical_50_ac5_av_source.csv__miller2_vertical_50_ac5_av_target.csv,87.46,1.46,
Distribution Based,OpenData__miller2_vertical_50_ac5_ev_source.csv__miller2_vertical_50_ac5_ev_target.csv,71.5,1.19,
Distribution Based,OpenData__miller2_vertical_50_ec_av_source.csv__miller2_vertical_50_ec_av_target.csv,99.14,1.65,
Distribution Based,OpenData__miller2_vertical_50_ec_ev_source.csv__miller2_vertical_50_ec_ev_target.csv,86.54,1.44,
Distribution Based,OpenData__miller2_vertical_70_ac1_av_source.csv__miller2_vertical_70_ac1_av_target.csv,115.42,1.92,
Distribution Based,OpenData__miller2_vertical_70_ac1_ev_source.csv__miller2_vertical_70_ac1_ev_target.csv,95.01,1.58,
Distribution Based,OpenData__miller2_vertical_70_ac2_av_source.csv__miller2_vertical_70_ac2_av_target.csv,161.13,2.69,
Distribution Based,OpenData__miller2_vertical_70_ac2_ev_source.csv__miller2_vertical_70_ac2_ev_target.csv,130.85,2.18,
Distribution Based,OpenData__miller2_vertical_70_ac3_av_source.csv__miller2_vertical_70_ac3_av_target.csv,160.69,2.68,
Distribution Based,OpenData__miller2_vertical_70_ac3_ev_source.csv__miller2_vertical_70_ac3_ev_target.csv,130.02,2.17,
Distribution Based,OpenData__miller2_vertical_70_ac4_av_source.csv__miller2_vertical_70_ac4_av_target.csv,140.86,2.35,
Distribution Based,OpenData__miller2_vertical_70_ac4_ev_source.csv__miller2_vertical_70_ac4_ev_target.csv,119.85,2.0,
Distribution Based,OpenData__miller2_vertical_70_ac5_av_source.csv__miller2_vertical_70_ac5_av_target.csv,118.72,1.98,
Distribution Based,OpenData__miller2_vertical_70_ac5_ev_source.csv__miller2_vertical_70_ac5_ev_target.csv,98.73,1.65,
Distribution Based,OpenData__miller2_vertical_70_ec_av_source.csv__miller2_vertical_70_ec_av_target.csv,139.66,2.33,
Distribution Based,OpenData__miller2_vertical_70_ec_ev_source.csv__miller2_vertical_70_ec_ev_target.csv,118.81,1.98,
Distribution Based,TPC-DI__prospect_both_0_1_ac1_av_source.csv__prospect_both_0_1_ac1_av_target.csv,4.61,0.08,
Distribution Based,TPC-DI__prospect_both_0_1_ac1_ev_source.csv__prospect_both_0_1_ac1_ev_target.csv,4.67,0.08,
Distribution Based,TPC-DI__prospect_both_0_1_ac2_av_source.csv__prospect_both_0_1_ac2_av_target.csv,5.71,0.1,
Distribution Based,TPC-DI__prospect_both_0_1_ac2_ev_source.csv__prospect_both_0_1_ac2_ev_target.csv,5.71,0.1,
Distribution Based,TPC-DI__prospect_both_0_1_ac3_av_source.csv__prospect_both_0_1_ac3_av_target.csv,5.89,0.1,
Distribution Based,TPC-DI__prospect_both_0_1_ac3_ev_source.csv__prospect_both_0_1_ac3_ev_target.csv,5.69,0.09,
Distribution Based,TPC-DI__prospect_both_0_1_ac4_av_source.csv__prospect_both_0_1_ac4_av_target.csv,5.06,0.08,
Distribution Based,TPC-DI__prospect_both_0_1_ac4_ev_source.csv__prospect_both_0_1_ac4_ev_target.csv,5.36,0.09,
Distribution Based,TPC-DI__prospect_both_0_1_ac5_av_source.csv__prospect_both_0_1_ac5_av_target.csv,4.99,0.08,
Distribution Based,TPC-DI__prospect_both_0_1_ac5_ev_source.csv__prospect_both_0_1_ac5_ev_target.csv,4.98,0.08,
Distribution Based,TPC-DI__prospect_both_0_1_ec_av_source.csv__prospect_both_0_1_ec_av_target.csv,5.84,0.1,
Distribution Based,TPC-DI__prospect_both_0_1_ec_ev_source.csv__prospect_both_0_1_ec_ev_target.csv,5.77,0.1,
Distribution Based,TPC-DI__prospect_both_0_30_ac1_av_source.csv__prospect_both_0_30_ac1_av_target.csv,6.61,0.11,
Distribution Based,TPC-DI__prospect_both_0_30_ac1_ev_source.csv__prospect_both_0_30_ac1_ev_target.csv,7.59,0.13,
Distribution Based,TPC-DI__prospect_both_0_30_ac2_av_source.csv__prospect_both_0_30_ac2_av_target.csv,9.04,0.15,
Distribution Based,TPC-DI__prospect_both_0_30_ac2_ev_source.csv__prospect_both_0_30_ac2_ev_target.csv,9.11,0.15,
Distribution Based,TPC-DI__prospect_both_0_30_ac3_av_source.csv__prospect_both_0_30_ac3_av_target.csv,8.72,0.15,
Distribution Based,TPC-DI__prospect_both_0_30_ac3_ev_source.csv__prospect_both_0_30_ac3_ev_target.csv,8.1,0.14,
Distribution Based,TPC-DI__prospect_both_0_30_ac4_av_source.csv__prospect_both_0_30_ac4_av_target.csv,7.44,0.12,
Distribution Based,TPC-DI__prospect_both_0_30_ac4_ev_source.csv__prospect_both_0_30_ac4_ev_target.csv,8.76,0.15,
Distribution Based,TPC-DI__prospect_both_0_30_ac5_av_source.csv__prospect_both_0_30_ac5_av_target.csv,7.72,0.13,
Distribution Based,TPC-DI__prospect_both_0_30_ac5_ev_source.csv__prospect_both_0_30_ac5_ev_target.csv,7.22,0.12,
Distribution Based,TPC-DI__prospect_both_0_30_ec_av_source.csv__prospect_both_0_30_ec_av_target.csv,9.22,0.15,
Distribution Based,TPC-DI__prospect_both_0_30_ec_ev_source.csv__prospect_both_0_30_ec_ev_target.csv,9.29,0.15,
Distribution Based,TPC-DI__prospect_both_0_50_ac1_av_source.csv__prospect_both_0_50_ac1_av_target.csv,9.94,0.17,
Distribution Based,TPC-DI__prospect_both_0_50_ac1_ev_source.csv__prospect_both_0_50_ac1_ev_target.csv,9.74,0.16,
Distribution Based,TPC-DI__prospect_both_0_50_ac2_av_source.csv__prospect_both_0_50_ac2_av_target.csv,12.15,0.2,
Distribution Based,TPC-DI__prospect_both_0_50_ac2_ev_source.csv__prospect_both_0_50_ac2_ev_target.csv,11.67,0.19,
Distribution Based,TPC-DI__prospect_both_0_50_ac3_av_source.csv__prospect_both_0_50_ac3_av_target.csv,12.46,0.21,
Distribution Based,TPC-DI__prospect_both_0_50_ac3_ev_source.csv__prospect_both_0_50_ac3_ev_target.csv,11.93,0.2,
Distribution Based,TPC-DI__prospect_both_0_50_ac4_av_source.csv__prospect_both_0_50_ac4_av_target.csv,11.62,0.19,
Distribution Based,TPC-DI__prospect_both_0_50_ac4_ev_source.csv__prospect_both_0_50_ac4_ev_target.csv,11.41,0.19,
Distribution Based,TPC-DI__prospect_both_0_50_ac5_av_source.csv__prospect_both_0_50_ac5_av_target.csv,10.8,0.18,
Distribution Based,TPC-DI__prospect_both_0_50_ac5_ev_source.csv__prospect_both_0_50_ac5_ev_target.csv,10.53,0.18,
Distribution Based,TPC-DI__prospect_both_0_50_ec_av_source.csv__prospect_both_0_50_ec_av_target.csv,12.47,0.21,
Distribution Based,TPC-DI__prospect_both_0_50_ec_ev_source.csv__prospect_both_0_50_ec_ev_target.csv,10.52,0.18,
Distribution Based,TPC-DI__prospect_both_0_70_ac1_av_source.csv__prospect_both_0_70_ac1_av_target.csv,10.98,0.18,
Distribution Based,TPC-DI__prospect_both_0_70_ac1_ev_source.csv__prospect_both_0_70_ac1_ev_target.csv,13.04,0.22,
Distribution Based,TPC-DI__prospect_both_0_70_ac2_av_source.csv__prospect_both_0_70_ac2_av_target.csv,14.32,0.24,
Distribution Based,TPC-DI__prospect_both_0_70_ac2_ev_source.csv__prospect_both_0_70_ac2_ev_target.csv,14.44,0.24,
Distribution Based,TPC-DI__prospect_both_0_70_ac3_av_source.csv__prospect_both_0_70_ac3_av_target.csv,14.88,0.25,
Distribution Based,TPC-DI__prospect_both_0_70_ac3_ev_source.csv__prospect_both_0_70_ac3_ev_target.csv,13.92,0.23,
Distribution Based,TPC-DI__prospect_both_0_70_ac4_av_source.csv__prospect_both_0_70_ac4_av_target.csv,13.26,0.22,
Distribution Based,TPC-DI__prospect_both_0_70_ac4_ev_source.csv__prospect_both_0_70_ac4_ev_target.csv,12.94,0.22,
Distribution Based,TPC-DI__prospect_both_0_70_ac5_av_source.csv__prospect_both_0_70_ac5_av_target.csv,12.71,0.21,
Distribution Based,TPC-DI__prospect_both_0_70_ac5_ev_source.csv__prospect_both_0_70_ac5_ev_target.csv,12.73,0.21,
Distribution Based,TPC-DI__prospect_both_0_70_ec_av_source.csv__prospect_both_0_70_ec_av_target.csv,14.65,0.24,
Distribution Based,TPC-DI__prospect_both_0_70_ec_ev_source.csv__prospect_both_0_70_ec_ev_target.csv,14.46,0.24,
Distribution Based,TPC-DI__prospect_both_50_1_ac1_av_source.csv__prospect_both_50_1_ac1_av_target.csv,6.17,0.1,
Distribution Based,TPC-DI__prospect_both_50_1_ac1_ev_source.csv__prospect_both_50_1_ac1_ev_target.csv,5.95,0.1,
Distribution Based,TPC-DI__prospect_both_50_1_ac2_av_source.csv__prospect_both_50_1_ac2_av_target.csv,7.56,0.13,
Distribution Based,TPC-DI__prospect_both_50_1_ac2_ev_source.csv__prospect_both_50_1_ac2_ev_target.csv,7.7,0.13,
Distribution Based,TPC-DI__prospect_both_50_1_ac3_av_source.csv__prospect_both_50_1_ac3_av_target.csv,7.65,0.13,
Distribution Based,TPC-DI__prospect_both_50_1_ac3_ev_source.csv__prospect_both_50_1_ac3_ev_target.csv,7.61,0.13,
Distribution Based,TPC-DI__prospect_both_50_1_ac4_av_source.csv__prospect_both_50_1_ac4_av_target.csv,7.16,0.12,
Distribution Based,TPC-DI__prospect_both_50_1_ac4_ev_source.csv__prospect_both_50_1_ac4_ev_target.csv,6.59,0.11,
Distribution Based,TPC-DI__prospect_both_50_1_ac5_av_source.csv__prospect_both_50_1_ac5_av_target.csv,6.55,0.11,
Distribution Based,TPC-DI__prospect_both_50_1_ac5_ev_source.csv__prospect_both_50_1_ac5_ev_target.csv,6.49,0.11,
Distribution Based,TPC-DI__prospect_both_50_1_ec_av_source.csv__prospect_both_50_1_ec_av_target.csv,7.72,0.13,
Distribution Based,TPC-DI__prospect_both_50_1_ec_ev_source.csv__prospect_both_50_1_ec_ev_target.csv,7.69,0.13,
Distribution Based,TPC-DI__prospect_both_50_30_ac1_av_source.csv__prospect_both_50_30_ac1_av_target.csv,9.02,0.15,
Distribution Based,TPC-DI__prospect_both_50_30_ac1_ev_source.csv__prospect_both_50_30_ac1_ev_target.csv,8.44,0.14,
Distribution Based,TPC-DI__prospect_both_50_30_ac2_av_source.csv__prospect_both_50_30_ac2_av_target.csv,12.04,0.2,
Distribution Based,TPC-DI__prospect_both_50_30_ac2_ev_source.csv__prospect_both_50_30_ac2_ev_target.csv,10.52,0.18,
Distribution Based,TPC-DI__prospect_both_50_30_ac3_ev_source.csv__prospect_both_50_30_ac3_ev_target.csv,11.02,0.18,
Distribution Based,TPC-DI__prospect_both_50_30_ac4_av_source.csv__prospect_both_50_30_ac4_av_target.csv,10.02,0.17,
Distribution Based,TPC-DI__prospect_both_50_30_ac4_ev_source.csv__prospect_both_50_30_ac4_ev_target.csv,10.58,0.18,
Distribution Based,TPC-DI__prospect_both_50_30_ac5_av_source.csv__prospect_both_50_30_ac5_av_target.csv,9.54,0.16,
Distribution Based,TPC-DI__prospect_both_50_30_ac5_ev_source.csv__prospect_both_50_30_ac5_ev_target.csv,10.44,0.17,
Distribution Based,TPC-DI__prospect_both_50_30_ec_av_source.csv__prospect_both_50_30_ec_av_target.csv,11.85,0.2,
Distribution Based,TPC-DI__prospect_both_50_30_ec_ev_source.csv__prospect_both_50_30_ec_ev_target.csv,12.53,0.21,
Distribution Based,TPC-DI__prospect_both_50_50_ac1_av_source.csv__prospect_both_50_50_ac1_av_target.csv,12.7,0.21,
Distribution Based,TPC-DI__prospect_both_50_50_ac1_ev_source.csv__prospect_both_50_50_ac1_ev_target.csv,13.08,0.22,
Distribution Based,TPC-DI__prospect_both_50_50_ac2_av_source.csv__prospect_both_50_50_ac2_av_target.csv,15.91,0.27,
Distribution Based,TPC-DI__prospect_both_50_50_ac2_ev_source.csv__prospect_both_50_50_ac2_ev_target.csv,15.72,0.26,
Distribution Based,TPC-DI__prospect_both_50_50_ac3_ev_source.csv__prospect_both_50_50_ac3_ev_target.csv,16.17,0.27,
Distribution Based,TPC-DI__prospect_both_50_50_ac4_av_source.csv__prospect_both_50_50_ac4_av_target.csv,13.44,0.22,
Distribution Based,TPC-DI__prospect_both_50_50_ac4_ev_source.csv__prospect_both_50_50_ac4_ev_target.csv,13.58,0.23,
Distribution Based,TPC-DI__prospect_both_50_50_ac5_av_source.csv__prospect_both_50_50_ac5_av_target.csv,12.52,0.21,
Distribution Based,TPC-DI__prospect_both_50_50_ac5_ev_source.csv__prospect_both_50_50_ac5_ev_target.csv,14.62,0.24,
Distribution Based,TPC-DI__prospect_both_50_50_ec_av_source.csv__prospect_both_50_50_ec_av_target.csv,17.06,0.28,
Distribution Based,TPC-DI__prospect_both_50_50_ec_ev_source.csv__prospect_both_50_50_ec_ev_target.csv,15.87,0.26,
Distribution Based,TPC-DI__prospect_both_50_70_ac1_av_source.csv__prospect_both_50_70_ac1_av_target.csv,14.74,0.25,
Distribution Based,TPC-DI__prospect_both_50_70_ac1_ev_source.csv__prospect_both_50_70_ac1_ev_target.csv,14.65,0.24,
Distribution Based,TPC-DI__prospect_both_50_70_ac2_av_source.csv__prospect_both_50_70_ac2_av_target.csv,18.62,0.31,
Distribution Based,TPC-DI__prospect_both_50_70_ac2_ev_source.csv__prospect_both_50_70_ac2_ev_target.csv,17.74,0.3,
Distribution Based,TPC-DI__prospect_both_50_70_ac3_av_source.csv__prospect_both_50_70_ac3_av_target.csv,19.12,0.32,
Distribution Based,TPC-DI__prospect_both_50_70_ac3_ev_source.csv__prospect_both_50_70_ac3_ev_target.csv,20.6,0.34,
Distribution Based,TPC-DI__prospect_both_50_70_ac4_av_source.csv__prospect_both_50_70_ac4_av_target.csv,18.28,0.3,
Distribution Based,TPC-DI__prospect_both_50_70_ac4_ev_source.csv__prospect_both_50_70_ac4_ev_target.csv,18.53,0.31,
Distribution Based,TPC-DI__prospect_both_50_70_ac5_av_source.csv__prospect_both_50_70_ac5_av_target.csv,17.75,0.3,
Distribution Based,TPC-DI__prospect_both_50_70_ac5_ev_source.csv__prospect_both_50_70_ac5_ev_target.csv,17.42,0.29,
Distribution Based,TPC-DI__prospect_both_50_70_ec_av_source.csv__prospect_both_50_70_ec_av_target.csv,19.5,0.32,
Distribution Based,TPC-DI__prospect_both_50_70_ec_ev_source.csv__prospect_both_50_70_ec_ev_target.csv,19.36,0.32,
Distribution Based,TPC-DI__prospect_horizontal_0_ac1_av_source.csv__prospect_horizontal_0_ac1_av_target.csv,16.79,0.28,
Distribution Based,TPC-DI__prospect_horizontal_0_ac1_ev_source.csv__prospect_horizontal_0_ac1_ev_target.csv,16.9,0.28,
Distribution Based,TPC-DI__prospect_horizontal_0_ac2_av_source.csv__prospect_horizontal_0_ac2_av_target.csv,19.89,0.33,
Distribution Based,TPC-DI__prospect_horizontal_0_ac2_ev_source.csv__prospect_horizontal_0_ac2_ev_target.csv,20.51,0.34,
Distribution Based,TPC-DI__prospect_horizontal_0_ac3_av_source.csv__prospect_horizontal_0_ac3_av_target.csv,19.77,0.33,
Distribution Based,TPC-DI__prospect_horizontal_0_ac4_av_source.csv__prospect_horizontal_0_ac4_av_target.csv,19.12,0.32,
Distribution Based,TPC-DI__prospect_horizontal_0_ac4_ev_source.csv__prospect_horizontal_0_ac4_ev_target.csv,19.18,0.32,
Distribution Based,TPC-DI__prospect_horizontal_0_ac5_av_source.csv__prospect_horizontal_0_ac5_av_target.csv,18.0,0.3,
Distribution Based,TPC-DI__prospect_horizontal_0_ac5_ev_source.csv__prospect_horizontal_0_ac5_ev_target.csv,18.23,0.3,
Distribution Based,TPC-DI__prospect_horizontal_0_ec_ev_source.csv__prospect_horizontal_0_ec_ev_target.csv,20.11,0.34,
Distribution Based,TPC-DI__prospect_horizontal_100_ac1_av_source.csv__prospect_horizontal_100_ac1_av_target.csv,20.08,0.33,
Distribution Based,TPC-DI__prospect_horizontal_100_ac1_ev_source.csv__prospect_horizontal_100_ac1_ev_target.csv,19.43,0.32,
Distribution Based,TPC-DI__prospect_horizontal_100_ac2_av_source.csv__prospect_horizontal_100_ac2_av_target.csv,24.64,0.41,
Distribution Based,TPC-DI__prospect_horizontal_100_ac2_ev_source.csv__prospect_horizontal_100_ac2_ev_target.csv,22.9,0.38,
Distribution Based,TPC-DI__prospect_horizontal_100_ac3_av_source.csv__prospect_horizontal_100_ac3_av_target.csv,24.24,0.4,
Distribution Based,TPC-DI__prospect_horizontal_100_ac3_ev_source.csv__prospect_horizontal_100_ac3_ev_target.csv,23.17,0.39,
Distribution Based,TPC-DI__prospect_horizontal_100_ac4_av_source.csv__prospect_horizontal_100_ac4_av_target.csv,23.11,0.39,
Distribution Based,TPC-DI__prospect_horizontal_100_ac4_ev_source.csv__prospect_horizontal_100_ac4_ev_target.csv,21.33,0.36,
Distribution Based,TPC-DI__prospect_horizontal_100_ac5_av_source.csv__prospect_horizontal_100_ac5_av_target.csv,20.42,0.34,
Distribution Based,TPC-DI__prospect_horizontal_100_ac5_ev_source.csv__prospect_horizontal_100_ac5_ev_target.csv,20.54,0.34,
Distribution Based,TPC-DI__prospect_horizontal_100_ec_av_source.csv__prospect_horizontal_100_ec_av_target.csv,24.07,0.4,
Distribution Based,TPC-DI__prospect_horizontal_100_ec_ev_source.csv__prospect_horizontal_100_ec_ev_target.csv,23.05,0.38,
Distribution Based,TPC-DI__prospect_horizontal_50_ac1_av_source.csv__prospect_horizontal_50_ac1_av_target.csv,18.35,0.31,
Distribution Based,TPC-DI__prospect_horizontal_50_ac1_ev_source.csv__prospect_horizontal_50_ac1_ev_target.csv,17.48,0.29,
Distribution Based,TPC-DI__prospect_horizontal_50_ac2_ev_source.csv__prospect_horizontal_50_ac2_ev_target.csv,21.77,0.36,
Distribution Based,TPC-DI__prospect_horizontal_50_ac3_av_source.csv__prospect_horizontal_50_ac3_av_target.csv,21.89,0.36,
Distribution Based,TPC-DI__prospect_horizontal_50_ac3_ev_source.csv__prospect_horizontal_50_ac3_ev_target.csv,21.88,0.36,
Distribution Based,TPC-DI__prospect_horizontal_50_ac4_av_source.csv__prospect_horizontal_50_ac4_av_target.csv,20.02,0.33,
Distribution Based,TPC-DI__prospect_horizontal_50_ac4_ev_source.csv__prospect_horizontal_50_ac4_ev_target.csv,20.22,0.34,
Distribution Based,TPC-DI__prospect_horizontal_50_ac5_av_source.csv__prospect_horizontal_50_ac5_av_target.csv,19.62,0.33,
Distribution Based,TPC-DI__prospect_horizontal_50_ac5_ev_source.csv__prospect_horizontal_50_ac5_ev_target.csv,18.85,0.31,
Distribution Based,TPC-DI__prospect_horizontal_50_ec_av_source.csv__prospect_horizontal_50_ec_av_target.csv,22.64,0.38,
Distribution Based,TPC-DI__prospect_horizontal_50_ec_ev_source.csv__prospect_horizontal_50_ec_ev_target.csv,21.64,0.36,
Distribution Based,TPC-DI__prospect_vertical_1_ac1_av_source.csv__prospect_vertical_1_ac1_av_target.csv,8.1,0.13,
Distribution Based,TPC-DI__prospect_vertical_1_ac1_ev_source.csv__prospect_vertical_1_ac1_ev_target.csv,7.95,0.13,
Distribution Based,TPC-DI__prospect_vertical_1_ac2_av_source.csv__prospect_vertical_1_ac2_av_target.csv,9.9,0.16,
Distribution Based,TPC-DI__prospect_vertical_1_ac2_ev_source.csv__prospect_vertical_1_ac2_ev_target.csv,10.26,0.17,
Distribution Based,TPC-DI__prospect_vertical_1_ac3_av_source.csv__prospect_vertical_1_ac3_av_target.csv,10.2,0.17,
Distribution Based,TPC-DI__prospect_vertical_1_ac3_ev_source.csv__prospect_vertical_1_ac3_ev_target.csv,10.25,0.17,
Distribution Based,TPC-DI__prospect_vertical_1_ac4_av_source.csv__prospect_vertical_1_ac4_av_target.csv,9.33,0.16,
Distribution Based,TPC-DI__prospect_vertical_1_ac4_ev_source.csv__prospect_vertical_1_ac4_ev_target.csv,8.89,0.15,
Distribution Based,TPC-DI__prospect_vertical_1_ac5_av_source.csv__prospect_vertical_1_ac5_av_target.csv,8.34,0.14,
Distribution Based,TPC-DI__prospect_vertical_1_ac5_ev_source.csv__prospect_vertical_1_ac5_ev_target.csv,8.95,0.15,
Distribution Based,TPC-DI__prospect_vertical_1_ec_av_source.csv__prospect_vertical_1_ec_av_target.csv,10.63,0.18,
Distribution Based,TPC-DI__prospect_vertical_1_ec_ev_source.csv__prospect_vertical_1_ec_ev_target.csv,10.2,0.17,
Distribution Based,TPC-DI__prospect_vertical_30_ac1_av_source.csv__prospect_vertical_30_ac1_av_target.csv,12.86,0.21,
Distribution Based,TPC-DI__prospect_vertical_30_ac1_ev_source.csv__prospect_vertical_30_ac1_ev_target.csv,11.41,0.19,
Distribution Based,TPC-DI__prospect_vertical_30_ac2_av_source.csv__prospect_vertical_30_ac2_av_target.csv,14.51,0.24,
Distribution Based,TPC-DI__prospect_vertical_30_ac2_ev_source.csv__prospect_vertical_30_ac2_ev_target.csv,15.41,0.26,
Distribution Based,TPC-DI__prospect_vertical_30_ac3_av_source.csv__prospect_vertical_30_ac3_av_target.csv,14.6,0.24,
Distribution Based,TPC-DI__prospect_vertical_30_ac3_ev_source.csv__prospect_vertical_30_ac3_ev_target.csv,14.82,0.25,
Distribution Based,TPC-DI__prospect_vertical_30_ac4_av_source.csv__prospect_vertical_30_ac4_av_target.csv,13.98,0.23,
Distribution Based,TPC-DI__prospect_vertical_30_ac4_ev_source.csv__prospect_vertical_30_ac4_ev_target.csv,15.28,0.25,
Distribution Based,TPC-DI__prospect_vertical_30_ac5_av_source.csv__prospect_vertical_30_ac5_av_target.csv,12.23,0.2,
Distribution Based,TPC-DI__prospect_vertical_30_ac5_ev_source.csv__prospect_vertical_30_ac5_ev_target.csv,13.59,0.23,
Distribution Based,TPC-DI__prospect_vertical_30_ec_av_source.csv__prospect_vertical_30_ec_av_target.csv,14.71,0.25,
Distribution Based,TPC-DI__prospect_vertical_30_ec_ev_source.csv__prospect_vertical_30_ec_ev_target.csv,14.82,0.25,
Distribution Based,TPC-DI__prospect_vertical_50_ac1_av_source.csv__prospect_vertical_50_ac1_av_target.csv,15.5,0.26,
Distribution Based,TPC-DI__prospect_vertical_50_ac1_ev_source.csv__prospect_vertical_50_ac1_ev_target.csv,16.03,0.27,
Distribution Based,TPC-DI__prospect_vertical_50_ac2_av_source.csv__prospect_vertical_50_ac2_av_target.csv,19.98,0.33,
Distribution Based,TPC-DI__prospect_vertical_50_ac2_ev_source.csv__prospect_vertical_50_ac2_ev_target.csv,22.71,0.38,
Distribution Based,TPC-DI__prospect_vertical_50_ac3_av_source.csv__prospect_vertical_50_ac3_av_target.csv,21.37,0.36,
Distribution Based,TPC-DI__prospect_vertical_50_ac3_ev_source.csv__prospect_vertical_50_ac3_ev_target.csv,20.06,0.33,
Distribution Based,TPC-DI__prospect_vertical_50_ac4_av_source.csv__prospect_vertical_50_ac4_av_target.csv,20.32,0.34,
Distribution Based,TPC-DI__prospect_vertical_50_ac4_ev_source.csv__prospect_vertical_50_ac4_ev_target.csv,18.54,0.31,
Distribution Based,TPC-DI__prospect_vertical_50_ac5_av_source.csv__prospect_vertical_50_ac5_av_target.csv,18.64,0.31,
Distribution Based,TPC-DI__prospect_vertical_50_ac5_ev_source.csv__prospect_vertical_50_ac5_ev_target.csv,18.6,0.31,
Distribution Based,TPC-DI__prospect_vertical_50_ec_av_source.csv__prospect_vertical_50_ec_av_target.csv,22.44,0.37,
Distribution Based,TPC-DI__prospect_vertical_50_ec_ev_source.csv__prospect_vertical_50_ec_ev_target.csv,20.31,0.34,
Distribution Based,TPC-DI__prospect_vertical_70_ac1_av_source.csv__prospect_vertical_70_ac1_av_target.csv,21.19,0.35,
Distribution Based,TPC-DI__prospect_vertical_70_ac1_ev_source.csv__prospect_vertical_70_ac1_ev_target.csv,20.4,0.34,
Distribution Based,TPC-DI__prospect_vertical_70_ac2_av_source.csv__prospect_vertical_70_ac2_av_target.csv,25.73,0.43,
Distribution Based,TPC-DI__prospect_vertical_70_ac2_ev_source.csv__prospect_vertical_70_ac2_ev_target.csv,25.58,0.43,
Distribution Based,TPC-DI__prospect_vertical_70_ac3_av_source.csv__prospect_vertical_70_ac3_av_target.csv,25.01,0.42,
Distribution Based,TPC-DI__prospect_vertical_70_ac3_ev_source.csv__prospect_vertical_70_ac3_ev_target.csv,26.17,0.44,
Distribution Based,TPC-DI__prospect_vertical_70_ac4_av_source.csv__prospect_vertical_70_ac4_av_target.csv,23.54,0.39,
Distribution Based,TPC-DI__prospect_vertical_70_ac4_ev_source.csv__prospect_vertical_70_ac4_ev_target.csv,23.64,0.39,
Distribution Based,TPC-DI__prospect_vertical_70_ac5_av_source.csv__prospect_vertical_70_ac5_av_target.csv,22.09,0.37,
Distribution Based,TPC-DI__prospect_vertical_70_ac5_ev_source.csv__prospect_vertical_70_ac5_ev_target.csv,23.13,0.39,
Distribution Based,TPC-DI__prospect_vertical_70_ec_av_source.csv__prospect_vertical_70_ec_av_target.csv,28.02,0.47,
Distribution Based,TPC-DI__prospect_vertical_70_ec_ev_source.csv__prospect_vertical_70_ec_ev_target.csv,24.45,0.41,
Distribution Based,Wikidata__musicians_joinable_source.csv__musicians_joinable_target.csv,8.94,0.15,
Distribution Based,Wikidata__musicians_semjoinable_source.csv__musicians_semjoinable_target.csv,10.21,0.17,
Distribution Based,Wikidata__musicians_unionable_source.csv__musicians_unionable_target.csv,19.29,0.32,
Distribution Based,Wikidata__musicians_viewunion_source.csv__musicians_viewunion_target.csv,5.41,0.09,
Cupid,ChEMBL__assays_both_0_1_ac1_av_source.csv__assays_both_0_1_ac1_av_target.csv,31.39,0.52,
Cupid,ChEMBL__assays_both_0_1_ac1_ev_source.csv__assays_both_0_1_ac1_ev_target.csv,30.66,0.51,
Cupid,ChEMBL__assays_both_0_1_ac2_av_source.csv__assays_both_0_1_ac2_av_target.csv,11.65,0.19,
Cupid,ChEMBL__assays_both_0_1_ac2_ev_source.csv__assays_both_0_1_ac2_ev_target.csv,7.21,0.12,
Cupid,ChEMBL__assays_both_0_1_ac3_av_source.csv__assays_both_0_1_ac3_av_target.csv,18.35,0.31,
Cupid,ChEMBL__assays_both_0_1_ac3_ev_source.csv__assays_both_0_1_ac3_ev_target.csv,17.89,0.3,
Cupid,ChEMBL__assays_both_0_1_ac4_av_source.csv__assays_both_0_1_ac4_av_target.csv,16.75,0.28,
Cupid,ChEMBL__assays_both_0_1_ac4_ev_source.csv__assays_both_0_1_ac4_ev_target.csv,22.95,0.38,
Cupid,ChEMBL__assays_both_0_1_ac5_av_source.csv__assays_both_0_1_ac5_av_target.csv,21.61,0.36,
Cupid,ChEMBL__assays_both_0_1_ac5_ev_source.csv__assays_both_0_1_ac5_ev_target.csv,26.38,0.44,
Cupid,ChEMBL__assays_both_0_1_ec_av_source.csv__assays_both_0_1_ec_av_target.csv,22.36,0.37,
Cupid,ChEMBL__assays_both_0_1_ec_ev_source.csv__assays_both_0_1_ec_ev_target.csv,21.81,0.36,
Cupid,ChEMBL__assays_both_0_30_ac1_av_source.csv__assays_both_0_30_ac1_av_target.csv,30.94,0.52,
Cupid,ChEMBL__assays_both_0_30_ac1_ev_source.csv__assays_both_0_30_ac1_ev_target.csv,41.33,0.69,
Cupid,ChEMBL__assays_both_0_30_ac2_av_source.csv__assays_both_0_30_ac2_av_target.csv,16.08,0.27,
Cupid,ChEMBL__assays_both_0_30_ac2_ev_source.csv__assays_both_0_30_ac2_ev_target.csv,15.6,0.26,
Cupid,ChEMBL__assays_both_0_30_ac3_av_source.csv__assays_both_0_30_ac3_av_target.csv,34.2,0.57,
Cupid,ChEMBL__assays_both_0_30_ac3_ev_source.csv__assays_both_0_30_ac3_ev_target.csv,28.74,0.48,
Cupid,ChEMBL__assays_both_0_30_ac4_av_source.csv__assays_both_0_30_ac4_av_target.csv,18.29,0.3,
Cupid,ChEMBL__assays_both_0_30_ac4_ev_source.csv__assays_both_0_30_ac4_ev_target.csv,27.14,0.45,
Cupid,ChEMBL__assays_both_0_30_ac5_av_source.csv__assays_both_0_30_ac5_av_target.csv,17.17,0.29,
Cupid,ChEMBL__assays_both_0_30_ac5_ev_source.csv__assays_both_0_30_ac5_ev_target.csv,42.79,0.71,
Cupid,ChEMBL__assays_both_0_30_ec_av_source.csv__assays_both_0_30_ec_av_target.csv,31.79,0.53,
Cupid,ChEMBL__assays_both_0_30_ec_ev_source.csv__assays_both_0_30_ec_ev_target.csv,30.47,0.51,
Cupid,ChEMBL__assays_both_0_50_ac1_av_source.csv__assays_both_0_50_ac1_av_target.csv,73.91,1.23,
Cupid,ChEMBL__assays_both_0_50_ac1_ev_source.csv__assays_both_0_50_ac1_ev_target.csv,68.7,1.15,
Cupid,ChEMBL__assays_both_0_50_ac2_av_source.csv__assays_both_0_50_ac2_av_target.csv,21.66,0.36,
Cupid,ChEMBL__assays_both_0_50_ac2_ev_source.csv__assays_both_0_50_ac2_ev_target.csv,14.15,0.24,
Cupid,ChEMBL__assays_both_0_50_ac3_av_source.csv__assays_both_0_50_ac3_av_target.csv,44.81,0.75,
Cupid,ChEMBL__assays_both_0_50_ac3_ev_source.csv__assays_both_0_50_ac3_ev_target.csv,34.33,0.57,
Cupid,ChEMBL__assays_both_0_50_ac4_av_source.csv__assays_both_0_50_ac4_av_target.csv,36.88,0.61,
Cupid,ChEMBL__assays_both_0_50_ac4_ev_source.csv__assays_both_0_50_ac4_ev_target.csv,37.93,0.63,
Cupid,ChEMBL__assays_both_0_50_ac5_av_source.csv__assays_both_0_50_ac5_av_target.csv,60.36,1.01,
Cupid,ChEMBL__assays_both_0_50_ac5_ev_source.csv__assays_both_0_50_ac5_ev_target.csv,57.85,0.96,
Cupid,ChEMBL__assays_both_0_50_ec_av_source.csv__assays_both_0_50_ec_av_target.csv,51.66,0.86,
Cupid,ChEMBL__assays_both_0_50_ec_ev_source.csv__assays_both_0_50_ec_ev_target.csv,33.9,0.57,
Cupid,ChEMBL__assays_both_0_70_ac1_av_source.csv__assays_both_0_70_ac1_av_target.csv,67.12,1.12,
Cupid,ChEMBL__assays_both_0_70_ac1_ev_source.csv__assays_both_0_70_ac1_ev_target.csv,76.2,1.27,
Cupid,ChEMBL__assays_both_0_70_ac2_av_source.csv__assays_both_0_70_ac2_av_target.csv,23.29,0.39,
Cupid,ChEMBL__assays_both_0_70_ac2_ev_source.csv__assays_both_0_70_ac2_ev_target.csv,28.72,0.48,
Cupid,ChEMBL__assays_both_0_70_ac3_av_source.csv__assays_both_0_70_ac3_av_target.csv,38.73,0.65,
Cupid,ChEMBL__assays_both_0_70_ac3_ev_source.csv__assays_both_0_70_ac3_ev_target.csv,45.12,0.75,
Cupid,ChEMBL__assays_both_0_70_ac4_av_source.csv__assays_both_0_70_ac4_av_target.csv,50.12,0.84,
Cupid,ChEMBL__assays_both_0_70_ac4_ev_source.csv__assays_both_0_70_ac4_ev_target.csv,33.11,0.55,
Cupid,ChEMBL__assays_both_0_70_ac5_av_source.csv__assays_both_0_70_ac5_av_target.csv,67.99,1.13,
Cupid,ChEMBL__assays_both_0_70_ac5_ev_source.csv__assays_both_0_70_ac5_ev_target.csv,86.31,1.44,
Cupid,ChEMBL__assays_both_0_70_ec_av_source.csv__assays_both_0_70_ec_av_target.csv,63.8,1.06,
Cupid,ChEMBL__assays_both_0_70_ec_ev_source.csv__assays_both_0_70_ec_ev_target.csv,34.1,0.57,
Cupid,ChEMBL__assays_both_50_1_ac1_av_source.csv__assays_both_50_1_ac1_av_target.csv,16.3,0.27,
Cupid,ChEMBL__assays_both_50_1_ac1_ev_source.csv__assays_both_50_1_ac1_ev_target.csv,12.88,0.21,
Cupid,ChEMBL__assays_both_50_1_ac2_av_source.csv__assays_both_50_1_ac2_av_target.csv,6.03,0.1,
Cupid,ChEMBL__assays_both_50_1_ac2_ev_source.csv__assays_both_50_1_ac2_ev_target.csv,6.37,0.11,
Cupid,ChEMBL__assays_both_50_1_ac3_av_source.csv__assays_both_50_1_ac3_av_target.csv,17.78,0.3,
Cupid,ChEMBL__assays_both_50_1_ac3_ev_source.csv__assays_both_50_1_ac3_ev_target.csv,8.67,0.14,
Cupid,ChEMBL__assays_both_50_1_ac4_av_source.csv__assays_both_50_1_ac4_av_target.csv,21.35,0.36,
Cupid,ChEMBL__assays_both_50_1_ac4_ev_source.csv__assays_both_50_1_ac4_ev_target.csv,9.53,0.16,
Cupid,ChEMBL__assays_both_50_1_ac5_av_source.csv__assays_both_50_1_ac5_av_target.csv,30.94,0.52,
Cupid,ChEMBL__assays_both_50_1_ac5_ev_source.csv__assays_both_50_1_ac5_ev_target.csv,12.09,0.2,
Cupid,ChEMBL__assays_both_50_1_ec_av_source.csv__assays_both_50_1_ec_av_target.csv,12.81,0.21,
Cupid,ChEMBL__assays_both_50_1_ec_ev_source.csv__assays_both_50_1_ec_ev_target.csv,9.63,0.16,
Cupid,ChEMBL__assays_both_50_30_ac1_av_source.csv__assays_both_50_30_ac1_av_target.csv,52.79,0.88,
Cupid,ChEMBL__assays_both_50_30_ac1_ev_source.csv__assays_both_50_30_ac1_ev_target.csv,24.66,0.41,
Cupid,ChEMBL__assays_both_50_30_ac2_av_source.csv__assays_both_50_30_ac2_av_target.csv,18.0,0.3,
Cupid,ChEMBL__assays_both_50_30_ac2_ev_source.csv__assays_both_50_30_ac2_ev_target.csv,8.56,0.14,
Cupid,ChEMBL__assays_both_50_30_ac3_av_source.csv__assays_both_50_30_ac3_av_target.csv,35.08,0.58,
Cupid,ChEMBL__assays_both_50_30_ac3_ev_source.csv__assays_both_50_30_ac3_ev_target.csv,11.37,0.19,
Cupid,ChEMBL__assays_both_50_30_ac4_av_source.csv__assays_both_50_30_ac4_av_target.csv,29.86,0.5,
Cupid,ChEMBL__assays_both_50_30_ac4_ev_source.csv__assays_both_50_30_ac4_ev_target.csv,13.29,0.22,
Cupid,ChEMBL__assays_both_50_30_ac5_av_source.csv__assays_both_50_30_ac5_av_target.csv,36.32,0.61,
Cupid,ChEMBL__assays_both_50_30_ac5_ev_source.csv__assays_both_50_30_ac5_ev_target.csv,17.15,0.29,
Cupid,ChEMBL__assays_both_50_30_ec_av_source.csv__assays_both_50_30_ec_av_target.csv,34.74,0.58,
Cupid,ChEMBL__assays_both_50_30_ec_ev_source.csv__assays_both_50_30_ec_ev_target.csv,11.35,0.19,
Cupid,ChEMBL__assays_both_50_50_ac1_av_source.csv__assays_both_50_50_ac1_av_target.csv,74.18,1.24,
Cupid,ChEMBL__assays_both_50_50_ac1_ev_source.csv__assays_both_50_50_ac1_ev_target.csv,24.15,0.4,
Cupid,ChEMBL__assays_both_50_50_ac2_av_source.csv__assays_both_50_50_ac2_av_target.csv,19.02,0.32,
Cupid,ChEMBL__assays_both_50_50_ac2_ev_source.csv__assays_both_50_50_ac2_ev_target.csv,10.4,0.17,
Cupid,ChEMBL__assays_both_50_50_ac3_av_source.csv__assays_both_50_50_ac3_av_target.csv,20.75,0.35,
Cupid,ChEMBL__assays_both_50_50_ac3_ev_source.csv__assays_both_50_50_ac3_ev_target.csv,20.9,0.35,
Cupid,ChEMBL__assays_both_50_50_ac4_av_source.csv__assays_both_50_50_ac4_av_target.csv,26.24,0.44,
Cupid,ChEMBL__assays_both_50_50_ac4_ev_source.csv__assays_both_50_50_ac4_ev_target.csv,17.31,0.29,
Cupid,ChEMBL__assays_both_50_50_ac5_av_source.csv__assays_both_50_50_ac5_av_target.csv,61.03,1.02,
Cupid,ChEMBL__assays_both_50_50_ac5_ev_source.csv__assays_both_50_50_ac5_ev_target.csv,26.68,0.44,
Cupid,ChEMBL__assays_both_50_50_ec_av_source.csv__assays_both_50_50_ec_av_target.csv,47.31,0.79,
Cupid,ChEMBL__assays_both_50_50_ec_ev_source.csv__assays_both_50_50_ec_ev_target.csv,16.57,0.28,
Cupid,ChEMBL__assays_both_50_70_ac1_av_source.csv__assays_both_50_70_ac1_av_target.csv,94.3,1.57,
Cupid,ChEMBL__assays_both_50_70_ac1_ev_source.csv__assays_both_50_70_ac1_ev_target.csv,32.11,0.54,
Cupid,ChEMBL__assays_both_50_70_ac2_av_source.csv__assays_both_50_70_ac2_av_target.csv,25.38,0.42,
Cupid,ChEMBL__assays_both_50_70_ac2_ev_source.csv__assays_both_50_70_ac2_ev_target.csv,29.37,0.49,
Cupid,ChEMBL__assays_both_50_70_ac3_av_source.csv__assays_both_50_70_ac3_av_target.csv,47.02,0.78,
Cupid,ChEMBL__assays_both_50_70_ac3_ev_source.csv__assays_both_50_70_ac3_ev_target.csv,47.45,0.79,
Cupid,ChEMBL__assays_both_50_70_ac4_av_source.csv__assays_both_50_70_ac4_av_target.csv,49.9,0.83,
Cupid,ChEMBL__assays_both_50_70_ac4_ev_source.csv__assays_both_50_70_ac4_ev_target.csv,25.78,0.43,
Cupid,ChEMBL__assays_both_50_70_ac5_av_source.csv__assays_both_50_70_ac5_av_target.csv,75.01,1.25,
Cupid,ChEMBL__assays_both_50_70_ac5_ev_source.csv__assays_both_50_70_ac5_ev_target.csv,56.77,0.95,
Cupid,ChEMBL__assays_both_50_70_ec_av_source.csv__assays_both_50_70_ec_av_target.csv,52.99,0.88,
Cupid,ChEMBL__assays_both_50_70_ec_ev_source.csv__assays_both_50_70_ec_ev_target.csv,38.69,0.64,
Cupid,ChEMBL__assays_horizontal_0_ac1_av_source.csv__assays_horizontal_0_ac1_av_target.csv,55.11,0.92,
Cupid,ChEMBL__assays_horizontal_0_ac1_ev_source.csv__assays_horizontal_0_ac1_ev_target.csv,66.7,1.11,
Cupid,ChEMBL__assays_horizontal_0_ac2_av_source.csv__assays_horizontal_0_ac2_av_target.csv,36.56,0.61,
Cupid,ChEMBL__assays_horizontal_0_ac2_ev_source.csv__assays_horizontal_0_ac2_ev_target.csv,45.81,0.76,
Cupid,ChEMBL__assays_horizontal_0_ac3_av_source.csv__assays_horizontal_0_ac3_av_target.csv,51.49,0.86,
Cupid,ChEMBL__assays_horizontal_0_ac3_ev_source.csv__assays_horizontal_0_ac3_ev_target.csv,64.5,1.07,
Cupid,ChEMBL__assays_horizontal_0_ac4_av_source.csv__assays_horizontal_0_ac4_av_target.csv,78.34,1.31,
Cupid,ChEMBL__assays_horizontal_0_ac4_ev_source.csv__assays_horizontal_0_ac4_ev_target.csv,68.55,1.14,
Cupid,ChEMBL__assays_horizontal_0_ac5_av_source.csv__assays_horizontal_0_ac5_av_target.csv,59.24,0.99,
Cupid,ChEMBL__assays_horizontal_0_ac5_ev_source.csv__assays_horizontal_0_ac5_ev_target.csv,78.23,1.3,
Cupid,ChEMBL__assays_horizontal_0_ec_av_source.csv__assays_horizontal_0_ec_av_target.csv,83.0,1.38,
Cupid,ChEMBL__assays_horizontal_0_ec_ev_source.csv__assays_horizontal_0_ec_ev_target.csv,55.83,0.93,
Cupid,ChEMBL__assays_horizontal_100_ac1_av_source.csv__assays_horizontal_100_ac1_av_target.csv,101.64,1.69,
Cupid,ChEMBL__assays_horizontal_100_ac1_ev_source.csv__assays_horizontal_100_ac1_ev_target.csv,107.59,1.79,
Cupid,ChEMBL__assays_horizontal_100_ac2_av_source.csv__assays_horizontal_100_ac2_av_target.csv,20.83,0.35,
Cupid,ChEMBL__assays_horizontal_100_ac2_ev_source.csv__assays_horizontal_100_ac2_ev_target.csv,11.81,0.2,
Cupid,ChEMBL__assays_horizontal_100_ac3_av_source.csv__assays_horizontal_100_ac3_av_target.csv,53.47,0.89,
Cupid,ChEMBL__assays_horizontal_100_ac3_ev_source.csv__assays_horizontal_100_ac3_ev_target.csv,52.39,0.87,
Cupid,ChEMBL__assays_horizontal_100_ac4_av_source.csv__assays_horizontal_100_ac4_av_target.csv,70.84,1.18,
Cupid,ChEMBL__assays_horizontal_100_ac4_ev_source.csv__assays_horizontal_100_ac4_ev_target.csv,68.17,1.14,
Cupid,ChEMBL__assays_horizontal_100_ac5_av_source.csv__assays_horizontal_100_ac5_av_target.csv,98.23,1.64,
Cupid,ChEMBL__assays_horizontal_100_ac5_ev_source.csv__assays_horizontal_100_ac5_ev_target.csv,113.62,1.89,
Cupid,ChEMBL__assays_horizontal_100_ec_av_source.csv__assays_horizontal_100_ec_av_target.csv,75.56,1.26,
Cupid,ChEMBL__assays_horizontal_100_ec_ev_source.csv__assays_horizontal_100_ec_ev_target.csv,88.91,1.48,
Cupid,ChEMBL__assays_horizontal_50_ac1_av_source.csv__assays_horizontal_50_ac1_av_target.csv,82.89,1.38,
Cupid,ChEMBL__assays_horizontal_50_ac1_ev_source.csv__assays_horizontal_50_ac1_ev_target.csv,84.78,1.41,
Cupid,ChEMBL__assays_horizontal_50_ac2_av_source.csv__assays_horizontal_50_ac2_av_target.csv,28.05,0.47,
Cupid,ChEMBL__assays_horizontal_50_ac2_ev_source.csv__assays_horizontal_50_ac2_ev_target.csv,36.64,0.61,
Cupid,ChEMBL__assays_horizontal_50_ac3_av_source.csv__assays_horizontal_50_ac3_av_target.csv,65.05,1.08,
Cupid,ChEMBL__assays_horizontal_50_ac3_ev_source.csv__assays_horizontal_50_ac3_ev_target.csv,81.48,1.36,
Cupid,ChEMBL__assays_horizontal_50_ac4_av_source.csv__assays_horizontal_50_ac4_av_target.csv,50.06,0.83,
Cupid,ChEMBL__assays_horizontal_50_ac4_ev_source.csv__assays_horizontal_50_ac4_ev_target.csv,33.83,0.56,
Cupid,ChEMBL__assays_horizontal_50_ac5_av_source.csv__assays_horizontal_50_ac5_av_target.csv,72.26,1.2,
Cupid,ChEMBL__assays_horizontal_50_ac5_ev_source.csv__assays_horizontal_50_ac5_ev_target.csv,43.59,0.73,
Cupid,ChEMBL__assays_horizontal_50_ec_av_source.csv__assays_horizontal_50_ec_av_target.csv,85.36,1.42,
Cupid,ChEMBL__assays_horizontal_50_ec_ev_source.csv__assays_horizontal_50_ec_ev_target.csv,82.94,1.38,
Cupid,ChEMBL__assays_vertical_1_ac1_av_source.csv__assays_vertical_1_ac1_av_target.csv,35.44,0.59,
Cupid,ChEMBL__assays_vertical_1_ac1_ev_source.csv__assays_vertical_1_ac1_ev_target.csv,15.46,0.26,
Cupid,ChEMBL__assays_vertical_1_ac2_av_source.csv__assays_vertical_1_ac2_av_target.csv,12.3,0.2,
Cupid,ChEMBL__assays_vertical_1_ac2_ev_source.csv__assays_vertical_1_ac2_ev_target.csv,6.59,0.11,
Cupid,ChEMBL__assays_vertical_1_ac3_av_source.csv__assays_vertical_1_ac3_av_target.csv,18.06,0.3,
Cupid,ChEMBL__assays_vertical_1_ac3_ev_source.csv__assays_vertical_1_ac3_ev_target.csv,13.34,0.22,
Cupid,ChEMBL__assays_vertical_1_ac4_av_source.csv__assays_vertical_1_ac4_av_target.csv,23.0,0.38,
Cupid,ChEMBL__assays_vertical_1_ac4_ev_source.csv__assays_vertical_1_ac4_ev_target.csv,20.13,0.34,
Cupid,ChEMBL__assays_vertical_1_ac5_av_source.csv__assays_vertical_1_ac5_av_target.csv,20.51,0.34,
Cupid,ChEMBL__assays_vertical_1_ac5_ev_source.csv__assays_vertical_1_ac5_ev_target.csv,13.95,0.23,
Cupid,ChEMBL__assays_vertical_1_ec_av_source.csv__assays_vertical_1_ec_av_target.csv,10.68,0.18,
Cupid,ChEMBL__assays_vertical_1_ec_ev_source.csv__assays_vertical_1_ec_ev_target.csv,22.62,0.38,
Cupid,ChEMBL__assays_vertical_30_ac1_av_source.csv__assays_vertical_30_ac1_av_target.csv,19.66,0.33,
Cupid,ChEMBL__assays_vertical_30_ac1_ev_source.csv__assays_vertical_30_ac1_ev_target.csv,37.06,0.62,
Cupid,ChEMBL__assays_vertical_30_ac2_av_source.csv__assays_vertical_30_ac2_av_target.csv,11.05,0.18,
Cupid,ChEMBL__assays_vertical_30_ac2_ev_source.csv__assays_vertical_30_ac2_ev_target.csv,16.03,0.27,
Cupid,ChEMBL__assays_vertical_30_ac3_av_source.csv__assays_vertical_30_ac3_av_target.csv,13.14,0.22,
Cupid,ChEMBL__assays_vertical_30_ac3_ev_source.csv__assays_vertical_30_ac3_ev_target.csv,31.55,0.53,
Cupid,ChEMBL__assays_vertical_30_ac4_av_source.csv__assays_vertical_30_ac4_av_target.csv,29.89,0.5,
Cupid,ChEMBL__assays_vertical_30_ac4_ev_source.csv__assays_vertical_30_ac4_ev_target.csv,29.04,0.48,
Cupid,ChEMBL__assays_vertical_30_ac5_av_source.csv__assays_vertical_30_ac5_av_target.csv,37.65,0.63,
Cupid,ChEMBL__assays_vertical_30_ac5_ev_source.csv__assays_vertical_30_ac5_ev_target.csv,49.03,0.82,
Cupid,ChEMBL__assays_vertical_30_ec_av_source.csv__assays_vertical_30_ec_av_target.csv,32.21,0.54,
Cupid,ChEMBL__assays_vertical_30_ec_ev_source.csv__assays_vertical_30_ec_ev_target.csv,30.13,0.5,
Cupid,ChEMBL__assays_vertical_50_ac1_av_source.csv__assays_vertical_50_ac1_av_target.csv,40.57,0.68,
Cupid,ChEMBL__assays_vertical_50_ac1_ev_source.csv__assays_vertical_50_ac1_ev_target.csv,57.8,0.96,
Cupid,ChEMBL__assays_vertical_50_ac2_av_source.csv__assays_vertical_50_ac2_av_target.csv,19.08,0.32,
Cupid,ChEMBL__assays_vertical_50_ac2_ev_source.csv__assays_vertical_50_ac2_ev_target.csv,20.9,0.35,
Cupid,ChEMBL__assays_vertical_50_ac3_av_source.csv__assays_vertical_50_ac3_av_target.csv,44.49,0.74,
Cupid,ChEMBL__assays_vertical_50_ac3_ev_source.csv__assays_vertical_50_ac3_ev_target.csv,32.27,0.54,
Cupid,ChEMBL__assays_vertical_50_ac4_av_source.csv__assays_vertical_50_ac4_av_target.csv,38.26,0.64,
Cupid,ChEMBL__assays_vertical_50_ac4_ev_source.csv__assays_vertical_50_ac4_ev_target.csv,25.37,0.42,
Cupid,ChEMBL__assays_vertical_50_ac5_av_source.csv__assays_vertical_50_ac5_av_target.csv,64.38,1.07,
Cupid,ChEMBL__assays_vertical_50_ac5_ev_source.csv__assays_vertical_50_ac5_ev_target.csv,56.9,0.95,
Cupid,ChEMBL__assays_vertical_50_ec_av_source.csv__assays_vertical_50_ec_av_target.csv,24.35,0.41,
Cupid,ChEMBL__assays_vertical_50_ec_ev_source.csv__assays_vertical_50_ec_ev_target.csv,50.42,0.84,
Cupid,ChEMBL__assays_vertical_70_ac1_av_source.csv__assays_vertical_70_ac1_av_target.csv,85.8,1.43,
Cupid,ChEMBL__assays_vertical_70_ac1_ev_source.csv__assays_vertical_70_ac1_ev_target.csv,79.76,1.33,
Cupid,ChEMBL__assays_vertical_70_ac2_av_source.csv__assays_vertical_70_ac2_av_target.csv,27.35,0.46,
Cupid,ChEMBL__assays_vertical_70_ac2_ev_source.csv__assays_vertical_70_ac2_ev_target.csv,17.1,0.29,
Cupid,ChEMBL__assays_vertical_70_ac3_av_source.csv__assays_vertical_70_ac3_av_target.csv,15.49,0.26,
Cupid,ChEMBL__assays_vertical_70_ac3_ev_source.csv__assays_vertical_70_ac3_ev_target.csv,44.58,0.74,
Cupid,ChEMBL__assays_vertical_70_ac4_av_source.csv__assays_vertical_70_ac4_av_target.csv,31.32,0.52,
Cupid,ChEMBL__assays_vertical_70_ac4_ev_source.csv__assays_vertical_70_ac4_ev_target.csv,48.35,0.81,
Cupid,ChEMBL__assays_vertical_70_ac5_av_source.csv__assays_vertical_70_ac5_av_target.csv,69.72,1.16,
Cupid,ChEMBL__assays_vertical_70_ac5_ev_source.csv__assays_vertical_70_ac5_ev_target.csv,68.62,1.14,
Cupid,ChEMBL__assays_vertical_70_ec_av_source.csv__assays_vertical_70_ec_av_target.csv,52.28,0.87,
Cupid,ChEMBL__assays_vertical_70_ec_ev_source.csv__assays_vertical_70_ec_ev_target.csv,35.73,0.6,
Cupid,Magellan__amazon_google_exp_source.csv__amazon_google_exp_target.csv,3.14,0.05,
Cupid,Magellan__beeradvo_ratebeer_source.csv__beeradvo_ratebeer_target.csv,4.62,0.08,
Cupid,Magellan__dblp_acm_source.csv__dblp_acm_target.csv,3.36,0.06,
Cupid,Magellan__dblp_scholar_source.csv__dblp_scholar_target.csv,3.04,0.05,
Cupid,Magellan__itunes_amazon_source.csv__itunes_amazon_target.csv,8.04,0.13,
Cupid,Magellan__walmart_amazon_source.csv__walmart_amazon_target.csv,3.29,0.05,
Cupid,OpenData__miller2_both_0_1_ac1_av_source.csv__miller2_both_0_1_ac1_av_target.csv,67.55,1.13,
Cupid,OpenData__miller2_both_0_1_ac1_ev_source.csv__miller2_both_0_1_ac1_ev_target.csv,88.44,1.47,
Cupid,OpenData__miller2_both_0_1_ac2_av_source.csv__miller2_both_0_1_ac2_av_target.csv,42.95,0.72,
Cupid,OpenData__miller2_both_0_1_ac2_ev_source.csv__miller2_both_0_1_ac2_ev_target.csv,35.69,0.59,
Cupid,OpenData__miller2_both_0_1_ac3_av_source.csv__miller2_both_0_1_ac3_av_target.csv,28.16,0.47,
Cupid,OpenData__miller2_both_0_1_ac3_ev_source.csv__miller2_both_0_1_ac3_ev_target.csv,25.26,0.42,
Cupid,OpenData__miller2_both_0_1_ac4_av_source.csv__miller2_both_0_1_ac4_av_target.csv,68.34,1.14,
Cupid,OpenData__miller2_both_0_1_ac4_ev_source.csv__miller2_both_0_1_ac4_ev_target.csv,68.57,1.14,
Cupid,OpenData__miller2_both_0_1_ac5_av_source.csv__miller2_both_0_1_ac5_av_target.csv,53.07,0.88,
Cupid,OpenData__miller2_both_0_1_ac5_ev_source.csv__miller2_both_0_1_ac5_ev_target.csv,52.22,0.87,
Cupid,OpenData__miller2_both_0_1_ec_av_source.csv__miller2_both_0_1_ec_av_target.csv,67.3,1.12,
Cupid,OpenData__miller2_both_0_1_ec_ev_source.csv__miller2_both_0_1_ec_ev_target.csv,57.6,0.96,
Cupid,OpenData__miller2_both_0_30_ac1_av_source.csv__miller2_both_0_30_ac1_av_target.csv,125.58,2.09,
Cupid,OpenData__miller2_both_0_30_ac1_ev_source.csv__miller2_both_0_30_ac1_ev_target.csv,131.07,2.18,
Cupid,OpenData__miller2_both_0_30_ac2_av_source.csv__miller2_both_0_30_ac2_av_target.csv,69.89,1.16,
Cupid,OpenData__miller2_both_0_30_ac2_ev_source.csv__miller2_both_0_30_ac2_ev_target.csv,80.31,1.34,
Cupid,OpenData__miller2_both_0_30_ac3_av_source.csv__miller2_both_0_30_ac3_av_target.csv,51.07,0.85,
Cupid,OpenData__miller2_both_0_30_ac3_ev_source.csv__miller2_both_0_30_ac3_ev_target.csv,53.02,0.88,
Cupid,OpenData__miller2_both_0_30_ac4_av_source.csv__miller2_both_0_30_ac4_av_target.csv,104.44,1.74,
Cupid,OpenData__miller2_both_0_30_ac4_ev_source.csv__miller2_both_0_30_ac4_ev_target.csv,90.87,1.51,
Cupid,OpenData__miller2_both_0_30_ac5_av_source.csv__miller2_both_0_30_ac5_av_target.csv,54.58,0.91,
Cupid,OpenData__miller2_both_0_30_ac5_ev_source.csv__miller2_both_0_30_ac5_ev_target.csv,60.68,1.01,
Cupid,OpenData__miller2_both_0_30_ec_av_source.csv__miller2_both_0_30_ec_av_target.csv,80.71,1.35,
Cupid,OpenData__miller2_both_0_30_ec_ev_source.csv__miller2_both_0_30_ec_ev_target.csv,98.72,1.65,
Cupid,OpenData__miller2_both_0_50_ac1_av_source.csv__miller2_both_0_50_ac1_av_target.csv,127.98,2.13,
Cupid,OpenData__miller2_both_0_50_ac1_ev_source.csv__miller2_both_0_50_ac1_ev_target.csv,121.73,2.03,
Cupid,OpenData__miller2_both_0_50_ac2_av_source.csv__miller2_both_0_50_ac2_av_target.csv,94.66,1.58,
Cupid,OpenData__miller2_both_0_50_ac2_ev_source.csv__miller2_both_0_50_ac2_ev_target.csv,89.59,1.49,
Cupid,OpenData__miller2_both_0_50_ac3_av_source.csv__miller2_both_0_50_ac3_av_target.csv,61.3,1.02,
Cupid,OpenData__miller2_both_0_50_ac3_ev_source.csv__miller2_both_0_50_ac3_ev_target.csv,66.73,1.11,
Cupid,OpenData__miller2_both_0_50_ac4_av_source.csv__miller2_both_0_50_ac4_av_target.csv,138.78,2.31,
Cupid,OpenData__miller2_both_0_50_ac4_ev_source.csv__miller2_both_0_50_ac4_ev_target.csv,105.34,1.76,
Cupid,OpenData__miller2_both_0_50_ac5_av_source.csv__miller2_both_0_50_ac5_av_target.csv,108.5,1.81,
Cupid,OpenData__miller2_both_0_50_ac5_ev_source.csv__miller2_both_0_50_ac5_ev_target.csv,105.16,1.75,
Cupid,OpenData__miller2_both_0_50_ec_av_source.csv__miller2_both_0_50_ec_av_target.csv,132.62,2.21,
Cupid,OpenData__miller2_both_0_50_ec_ev_source.csv__miller2_both_0_50_ec_ev_target.csv,133.22,2.22,
Cupid,OpenData__miller2_both_0_70_ac1_av_source.csv__miller2_both_0_70_ac1_av_target.csv,218.87,3.65,
Cupid,OpenData__miller2_both_0_70_ac1_ev_source.csv__miller2_both_0_70_ac1_ev_target.csv,234.93,3.92,
Cupid,OpenData__miller2_both_0_70_ac2_av_source.csv__miller2_both_0_70_ac2_av_target.csv,93.6,1.56,
Cupid,OpenData__miller2_both_0_70_ac2_ev_source.csv__miller2_both_0_70_ac2_ev_target.csv,92.64,1.54,
Cupid,OpenData__miller2_both_0_70_ac3_av_source.csv__miller2_both_0_70_ac3_av_target.csv,66.34,1.11,
Cupid,OpenData__miller2_both_0_70_ac3_ev_source.csv__miller2_both_0_70_ac3_ev_target.csv,54.81,0.91,
Cupid,OpenData__miller2_both_0_70_ac4_av_source.csv__miller2_both_0_70_ac4_av_target.csv,149.28,2.49,
Cupid,OpenData__miller2_both_0_70_ac4_ev_source.csv__miller2_both_0_70_ac4_ev_target.csv,146.98,2.45,
Cupid,OpenData__miller2_both_0_70_ac5_av_source.csv__miller2_both_0_70_ac5_av_target.csv,94.48,1.57,
Cupid,OpenData__miller2_both_0_70_ac5_ev_source.csv__miller2_both_0_70_ac5_ev_target.csv,144.62,2.41,
Cupid,OpenData__miller2_both_0_70_ec_av_source.csv__miller2_both_0_70_ec_av_target.csv,159.68,2.66,
Cupid,OpenData__miller2_both_0_70_ec_ev_source.csv__miller2_both_0_70_ec_ev_target.csv,167.08,2.78,
Cupid,OpenData__miller2_both_50_1_ac1_av_source.csv__miller2_both_50_1_ac1_av_target.csv,109.74,1.83,
Cupid,OpenData__miller2_both_50_1_ac1_ev_source.csv__miller2_both_50_1_ac1_ev_target.csv,74.77,1.25,
Cupid,OpenData__miller2_both_50_1_ac2_av_source.csv__miller2_both_50_1_ac2_av_target.csv,31.94,0.53,
Cupid,OpenData__miller2_both_50_1_ac2_ev_source.csv__miller2_both_50_1_ac2_ev_target.csv,45.73,0.76,
Cupid,OpenData__miller2_both_50_1_ac3_av_source.csv__miller2_both_50_1_ac3_av_target.csv,32.86,0.55,
Cupid,OpenData__miller2_both_50_1_ac3_ev_source.csv__miller2_both_50_1_ac3_ev_target.csv,32.36,0.54,
Cupid,OpenData__miller2_both_50_1_ac4_av_source.csv__miller2_both_50_1_ac4_av_target.csv,68.6,1.14,
Cupid,OpenData__miller2_both_50_1_ac4_ev_source.csv__miller2_both_50_1_ac4_ev_target.csv,52.89,0.88,
Cupid,OpenData__miller2_both_50_1_ac5_av_source.csv__miller2_both_50_1_ac5_av_target.csv,49.05,0.82,
Cupid,OpenData__miller2_both_50_1_ac5_ev_source.csv__miller2_both_50_1_ac5_ev_target.csv,54.09,0.9,
Cupid,OpenData__miller2_both_50_1_ec_av_source.csv__miller2_both_50_1_ec_av_target.csv,64.23,1.07,
Cupid,OpenData__miller2_both_50_1_ec_ev_source.csv__miller2_both_50_1_ec_ev_target.csv,47.73,0.8,
Cupid,OpenData__miller2_both_50_30_ac1_av_source.csv__miller2_both_50_30_ac1_av_target.csv,164.18,2.74,
Cupid,OpenData__miller2_both_50_30_ac1_ev_source.csv__miller2_both_50_30_ac1_ev_target.csv,93.2,1.55,
Cupid,OpenData__miller2_both_50_30_ac2_av_source.csv__miller2_both_50_30_ac2_av_target.csv,51.99,0.87,
Cupid,OpenData__miller2_both_50_30_ac2_ev_source.csv__miller2_both_50_30_ac2_ev_target.csv,79.86,1.33,
Cupid,OpenData__miller2_both_50_30_ac3_av_source.csv__miller2_both_50_30_ac3_av_target.csv,51.8,0.86,
Cupid,OpenData__miller2_both_50_30_ac3_ev_source.csv__miller2_both_50_30_ac3_ev_target.csv,47.82,0.8,
Cupid,OpenData__miller2_both_50_30_ac4_av_source.csv__miller2_both_50_30_ac4_av_target.csv,98.26,1.64,
Cupid,OpenData__miller2_both_50_30_ac4_ev_source.csv__miller2_both_50_30_ac4_ev_target.csv,135.75,2.26,
Cupid,OpenData__miller2_both_50_30_ac5_av_source.csv__miller2_both_50_30_ac5_av_target.csv,68.83,1.15,
Cupid,OpenData__miller2_both_50_30_ac5_ev_source.csv__miller2_both_50_30_ac5_ev_target.csv,53.55,0.89,
Cupid,OpenData__miller2_both_50_30_ec_av_source.csv__miller2_both_50_30_ec_av_target.csv,116.05,1.93,
Cupid,OpenData__miller2_both_50_30_ec_ev_source.csv__miller2_both_50_30_ec_ev_target.csv,104.41,1.74,
Cupid,OpenData__miller2_both_50_50_ac1_av_source.csv__miller2_both_50_50_ac1_av_target.csv,206.36,3.44,
Cupid,OpenData__miller2_both_50_50_ac1_ev_source.csv__miller2_both_50_50_ac1_ev_target.csv,220.23,3.67,
Cupid,OpenData__miller2_both_50_50_ac2_av_source.csv__miller2_both_50_50_ac2_av_target.csv,70.02,1.17,
Cupid,OpenData__miller2_both_50_50_ac2_ev_source.csv__miller2_both_50_50_ac2_ev_target.csv,98.92,1.65,
Cupid,OpenData__miller2_both_50_50_ac3_av_source.csv__miller2_both_50_50_ac3_av_target.csv,57.21,0.95,
Cupid,OpenData__miller2_both_50_50_ac3_ev_source.csv__miller2_both_50_50_ac3_ev_target.csv,74.41,1.24,
Cupid,OpenData__miller2_both_50_50_ac4_av_source.csv__miller2_both_50_50_ac4_av_target.csv,122.83,2.05,
Cupid,OpenData__miller2_both_50_50_ac4_ev_source.csv__miller2_both_50_50_ac4_ev_target.csv,141.79,2.36,
Cupid,OpenData__miller2_both_50_50_ac5_av_source.csv__miller2_both_50_50_ac5_av_target.csv,78.52,1.31,
Cupid,OpenData__miller2_both_50_50_ac5_ev_source.csv__miller2_both_50_50_ac5_ev_target.csv,109.52,1.83,
Cupid,OpenData__miller2_both_50_50_ec_av_source.csv__miller2_both_50_50_ec_av_target.csv,130.65,2.18,
Cupid,OpenData__miller2_both_50_50_ec_ev_source.csv__miller2_both_50_50_ec_ev_target.csv,136.77,2.28,
Cupid,OpenData__miller2_both_50_70_ac1_av_source.csv__miller2_both_50_70_ac1_av_target.csv,163.76,2.73,
Cupid,OpenData__miller2_both_50_70_ac1_ev_source.csv__miller2_both_50_70_ac1_ev_target.csv,237.43,3.96,
Cupid,OpenData__miller2_both_50_70_ac2_av_source.csv__miller2_both_50_70_ac2_av_target.csv,150.23,2.5,
Cupid,OpenData__miller2_both_50_70_ac2_ev_source.csv__miller2_both_50_70_ac2_ev_target.csv,144.1,2.4,
Cupid,OpenData__miller2_both_50_70_ac3_av_source.csv__miller2_both_50_70_ac3_av_target.csv,78.59,1.31,
Cupid,OpenData__miller2_both_50_70_ac3_ev_source.csv__miller2_both_50_70_ac3_ev_target.csv,60.84,1.01,
Cupid,OpenData__miller2_both_50_70_ac4_av_source.csv__miller2_both_50_70_ac4_av_target.csv,205.61,3.43,
Cupid,OpenData__miller2_both_50_70_ac4_ev_source.csv__miller2_both_50_70_ac4_ev_target.csv,164.52,2.74,
Cupid,OpenData__miller2_both_50_70_ac5_av_source.csv__miller2_both_50_70_ac5_av_target.csv,125.38,2.09,
Cupid,OpenData__miller2_both_50_70_ac5_ev_source.csv__miller2_both_50_70_ac5_ev_target.csv,139.53,2.33,
Cupid,OpenData__miller2_both_50_70_ec_av_source.csv__miller2_both_50_70_ec_av_target.csv,213.84,3.56,
Cupid,OpenData__miller2_both_50_70_ec_ev_source.csv__miller2_both_50_70_ec_ev_target.csv,137.61,2.29,
Cupid,OpenData__miller2_horizontal_0_ac1_av_source.csv__miller2_horizontal_0_ac1_av_target.csv,192.97,3.22,
Cupid,OpenData__miller2_horizontal_0_ac1_ev_source.csv__miller2_horizontal_0_ac1_ev_target.csv,278.03,4.63,
Cupid,OpenData__miller2_horizontal_0_ac2_av_source.csv__miller2_horizontal_0_ac2_av_target.csv,125.89,2.1,
Cupid,OpenData__miller2_horizontal_0_ac2_ev_source.csv__miller2_horizontal_0_ac2_ev_target.csv,185.99,3.1,
Cupid,OpenData__miller2_horizontal_0_ac3_av_source.csv__miller2_horizontal_0_ac3_av_target.csv,48.17,0.8,
Cupid,OpenData__miller2_horizontal_0_ac3_ev_source.csv__miller2_horizontal_0_ac3_ev_target.csv,114.29,1.9,
Cupid,OpenData__miller2_horizontal_0_ac4_av_source.csv__miller2_horizontal_0_ac4_av_target.csv,175.27,2.92,
Cupid,OpenData__miller2_horizontal_0_ac4_ev_source.csv__miller2_horizontal_0_ac4_ev_target.csv,247.4,4.12,
Cupid,OpenData__miller2_horizontal_0_ac5_av_source.csv__miller2_horizontal_0_ac5_av_target.csv,83.7,1.39,
Cupid,OpenData__miller2_horizontal_0_ac5_ev_source.csv__miller2_horizontal_0_ac5_ev_target.csv,248.45,4.14,
Cupid,OpenData__miller2_horizontal_0_ec_av_source.csv__miller2_horizontal_0_ec_av_target.csv,146.09,2.43,
Cupid,OpenData__miller2_horizontal_0_ec_ev_source.csv__miller2_horizontal_0_ec_ev_target.csv,289.21,4.82,
Cupid,OpenData__miller2_horizontal_100_ac1_av_source.csv__miller2_horizontal_100_ac1_av_target.csv,379.32,6.32,
Cupid,OpenData__miller2_horizontal_100_ac1_ev_source.csv__miller2_horizontal_100_ac1_ev_target.csv,411.32,6.86,
Cupid,OpenData__miller2_horizontal_100_ac2_av_source.csv__miller2_horizontal_100_ac2_av_target.csv,214.47,3.57,
Cupid,OpenData__miller2_horizontal_100_ac2_ev_source.csv__miller2_horizontal_100_ac2_ev_target.csv,170.51,2.84,
Cupid,OpenData__miller2_horizontal_100_ac3_av_source.csv__miller2_horizontal_100_ac3_av_target.csv,99.78,1.66,
Cupid,OpenData__miller2_horizontal_100_ac3_ev_source.csv__miller2_horizontal_100_ac3_ev_target.csv,100.65,1.68,
Cupid,OpenData__miller2_horizontal_100_ac4_av_source.csv__miller2_horizontal_100_ac4_av_target.csv,175.07,2.92,
Cupid,OpenData__miller2_horizontal_100_ac4_ev_source.csv__miller2_horizontal_100_ac4_ev_target.csv,303.19,5.05,
Cupid,OpenData__miller2_horizontal_100_ac5_av_source.csv__miller2_horizontal_100_ac5_av_target.csv,194.18,3.24,
Cupid,OpenData__miller2_horizontal_100_ac5_ev_source.csv__miller2_horizontal_100_ac5_ev_target.csv,195.55,3.26,
Cupid,OpenData__miller2_horizontal_100_ec_av_source.csv__miller2_horizontal_100_ec_av_target.csv,233.7,3.9,
Cupid,OpenData__miller2_horizontal_100_ec_ev_source.csv__miller2_horizontal_100_ec_ev_target.csv,304.88,5.08,
Cupid,OpenData__miller2_horizontal_50_ac1_av_source.csv__miller2_horizontal_50_ac1_av_target.csv,397.95,6.63,
Cupid,OpenData__miller2_horizontal_50_ac1_ev_source.csv__miller2_horizontal_50_ac1_ev_target.csv,275.4,4.59,
Cupid,OpenData__miller2_horizontal_50_ac2_av_source.csv__miller2_horizontal_50_ac2_av_target.csv,152.85,2.55,
Cupid,OpenData__miller2_horizontal_50_ac2_ev_source.csv__miller2_horizontal_50_ac2_ev_target.csv,161.98,2.7,
Cupid,OpenData__miller2_horizontal_50_ac3_av_source.csv__miller2_horizontal_50_ac3_av_target.csv,95.48,1.59,
Cupid,OpenData__miller2_horizontal_50_ac3_ev_source.csv__miller2_horizontal_50_ac3_ev_target.csv,151.71,2.53,
Cupid,OpenData__miller2_horizontal_50_ac4_av_source.csv__miller2_horizontal_50_ac4_av_target.csv,321.36,5.36,
Cupid,OpenData__miller2_horizontal_50_ac4_ev_source.csv__miller2_horizontal_50_ac4_ev_target.csv,254.03,4.23,
Cupid,OpenData__miller2_horizontal_50_ac5_av_source.csv__miller2_horizontal_50_ac5_av_target.csv,188.61,3.14,
Cupid,OpenData__miller2_horizontal_50_ac5_ev_source.csv__miller2_horizontal_50_ac5_ev_target.csv,142.7,2.38,
Cupid,OpenData__miller2_horizontal_50_ec_av_source.csv__miller2_horizontal_50_ec_av_target.csv,305.96,5.1,
Cupid,OpenData__miller2_horizontal_50_ec_ev_source.csv__miller2_horizontal_50_ec_ev_target.csv,286.52,4.78,
Cupid,OpenData__miller2_vertical_1_ac1_av_source.csv__miller2_vertical_1_ac1_av_target.csv,68.5,1.14,
Cupid,OpenData__miller2_vertical_1_ac1_ev_source.csv__miller2_vertical_1_ac1_ev_target.csv,89.44,1.49,
Cupid,OpenData__miller2_vertical_1_ac2_av_source.csv__miller2_vertical_1_ac2_av_target.csv,35.83,0.6,
Cupid,OpenData__miller2_vertical_1_ac2_ev_source.csv__miller2_vertical_1_ac2_ev_target.csv,47.67,0.79,
Cupid,OpenData__miller2_vertical_1_ac3_av_source.csv__miller2_vertical_1_ac3_av_target.csv,32.52,0.54,
Cupid,OpenData__miller2_vertical_1_ac3_ev_source.csv__miller2_vertical_1_ac3_ev_target.csv,32.05,0.53,
Cupid,OpenData__miller2_vertical_1_ac4_av_source.csv__miller2_vertical_1_ac4_av_target.csv,46.75,0.78,
Cupid,OpenData__miller2_vertical_1_ac4_ev_source.csv__miller2_vertical_1_ac4_ev_target.csv,69.37,1.16,
Cupid,OpenData__miller2_vertical_1_ac5_av_source.csv__miller2_vertical_1_ac5_av_target.csv,52.31,0.87,
Cupid,OpenData__miller2_vertical_1_ac5_ev_source.csv__miller2_vertical_1_ac5_ev_target.csv,53.02,0.88,
Cupid,OpenData__miller2_vertical_1_ec_av_source.csv__miller2_vertical_1_ec_av_target.csv,83.28,1.39,
Cupid,OpenData__miller2_vertical_1_ec_ev_source.csv__miller2_vertical_1_ec_ev_target.csv,67.08,1.12,
Cupid,OpenData__miller2_vertical_30_ac1_av_source.csv__miller2_vertical_30_ac1_av_target.csv,114.41,1.91,
Cupid,OpenData__miller2_vertical_30_ac1_ev_source.csv__miller2_vertical_30_ac1_ev_target.csv,188.09,3.13,
Cupid,OpenData__miller2_vertical_30_ac2_av_source.csv__miller2_vertical_30_ac2_av_target.csv,75.61,1.26,
Cupid,OpenData__miller2_vertical_30_ac2_ev_source.csv__miller2_vertical_30_ac2_ev_target.csv,62.02,1.03,
Cupid,OpenData__miller2_vertical_30_ac3_av_source.csv__miller2_vertical_30_ac3_av_target.csv,46.39,0.77,
Cupid,OpenData__miller2_vertical_30_ac3_ev_source.csv__miller2_vertical_30_ac3_ev_target.csv,48.17,0.8,
Cupid,OpenData__miller2_vertical_30_ac4_av_source.csv__miller2_vertical_30_ac4_av_target.csv,106.24,1.77,
Cupid,OpenData__miller2_vertical_30_ac4_ev_source.csv__miller2_vertical_30_ac4_ev_target.csv,131.52,2.19,
Cupid,OpenData__miller2_vertical_30_ac5_av_source.csv__miller2_vertical_30_ac5_av_target.csv,58.38,0.97,
Cupid,OpenData__miller2_vertical_30_ac5_ev_source.csv__miller2_vertical_30_ac5_ev_target.csv,66.35,1.11,
Cupid,OpenData__miller2_vertical_30_ec_av_source.csv__miller2_vertical_30_ec_av_target.csv,134.05,2.23,
Cupid,OpenData__miller2_vertical_30_ec_ev_source.csv__miller2_vertical_30_ec_ev_target.csv,89.34,1.49,
Cupid,OpenData__miller2_vertical_50_ac1_av_source.csv__miller2_vertical_50_ac1_av_target.csv,225.66,3.76,
Cupid,OpenData__miller2_vertical_50_ac1_ev_source.csv__miller2_vertical_50_ac1_ev_target.csv,190.04,3.17,
Cupid,OpenData__miller2_vertical_50_ac2_av_source.csv__miller2_vertical_50_ac2_av_target.csv,107.25,1.79,
Cupid,OpenData__miller2_vertical_50_ac2_ev_source.csv__miller2_vertical_50_ac2_ev_target.csv,88.85,1.48,
Cupid,OpenData__miller2_vertical_50_ac3_av_source.csv__miller2_vertical_50_ac3_av_target.csv,55.04,0.92,
Cupid,OpenData__miller2_vertical_50_ac3_ev_source.csv__miller2_vertical_50_ac3_ev_target.csv,58.76,0.98,
Cupid,OpenData__miller2_vertical_50_ac4_av_source.csv__miller2_vertical_50_ac4_av_target.csv,169.55,2.83,
Cupid,OpenData__miller2_vertical_50_ac4_ev_source.csv__miller2_vertical_50_ac4_ev_target.csv,104.44,1.74,
Cupid,OpenData__miller2_vertical_50_ac5_av_source.csv__miller2_vertical_50_ac5_av_target.csv,94.67,1.58,
Cupid,OpenData__miller2_vertical_50_ac5_ev_source.csv__miller2_vertical_50_ac5_ev_target.csv,109.41,1.82,
Cupid,OpenData__miller2_vertical_50_ec_av_source.csv__miller2_vertical_50_ec_av_target.csv,95.53,1.59,
Cupid,OpenData__miller2_vertical_50_ec_ev_source.csv__miller2_vertical_50_ec_ev_target.csv,139.4,2.32,
Cupid,OpenData__miller2_vertical_70_ac1_av_source.csv__miller2_vertical_70_ac1_av_target.csv,220.47,3.67,
Cupid,OpenData__miller2_vertical_70_ac1_ev_source.csv__miller2_vertical_70_ac1_ev_target.csv,168.18,2.8,
Cupid,OpenData__miller2_vertical_70_ac2_av_source.csv__miller2_vertical_70_ac2_av_target.csv,95.55,1.59,
Cupid,OpenData__miller2_vertical_70_ac2_ev_source.csv__miller2_vertical_70_ac2_ev_target.csv,163.32,2.72,
Cupid,OpenData__miller2_vertical_70_ac3_av_source.csv__miller2_vertical_70_ac3_av_target.csv,64.77,1.08,
Cupid,OpenData__miller2_vertical_70_ac3_ev_source.csv__miller2_vertical_70_ac3_ev_target.csv,100.04,1.67,
Cupid,OpenData__miller2_vertical_70_ac4_av_source.csv__miller2_vertical_70_ac4_av_target.csv,220.14,3.67,
Cupid,OpenData__miller2_vertical_70_ac4_ev_source.csv__miller2_vertical_70_ac4_ev_target.csv,231.9,3.86,
Cupid,OpenData__miller2_vertical_70_ac5_av_source.csv__miller2_vertical_70_ac5_av_target.csv,122.33,2.04,
Cupid,OpenData__miller2_vertical_70_ac5_ev_source.csv__miller2_vertical_70_ac5_ev_target.csv,133.18,2.22,
Cupid,OpenData__miller2_vertical_70_ec_av_source.csv__miller2_vertical_70_ec_av_target.csv,167.18,2.79,
Cupid,OpenData__miller2_vertical_70_ec_ev_source.csv__miller2_vertical_70_ec_ev_target.csv,170.55,2.84,
Cupid,TPC-DI__prospect_both_0_1_ac1_av_source.csv__prospect_both_0_1_ac1_av_target.csv,10.09,0.17,
Cupid,TPC-DI__prospect_both_0_1_ac1_ev_source.csv__prospect_both_0_1_ac1_ev_target.csv,9.61,0.16,
Cupid,TPC-DI__prospect_both_0_1_ac2_av_source.csv__prospect_both_0_1_ac2_av_target.csv,4.75,0.08,
Cupid,TPC-DI__prospect_both_0_1_ac2_ev_source.csv__prospect_both_0_1_ac2_ev_target.csv,5.7,0.1,
Cupid,TPC-DI__prospect_both_0_1_ac3_av_source.csv__prospect_both_0_1_ac3_av_target.csv,5.27,0.09,
Cupid,TPC-DI__prospect_both_0_1_ac3_ev_source.csv__prospect_both_0_1_ac3_ev_target.csv,5.6,0.09,
Cupid,TPC-DI__prospect_both_0_1_ac4_av_source.csv__prospect_both_0_1_ac4_av_target.csv,8.81,0.15,
Cupid,TPC-DI__prospect_both_0_1_ac4_ev_source.csv__prospect_both_0_1_ac4_ev_target.csv,9.84,0.16,
Cupid,TPC-DI__prospect_both_0_1_ac5_av_source.csv__prospect_both_0_1_ac5_av_target.csv,10.77,0.18,
Cupid,TPC-DI__prospect_both_0_1_ac5_ev_source.csv__prospect_both_0_1_ac5_ev_target.csv,9.35,0.16,
Cupid,TPC-DI__prospect_both_0_1_ec_av_source.csv__prospect_both_0_1_ec_av_target.csv,8.43,0.14,
Cupid,TPC-DI__prospect_both_0_1_ec_ev_source.csv__prospect_both_0_1_ec_ev_target.csv,6.78,0.11,
Cupid,TPC-DI__prospect_both_0_30_ac1_av_source.csv__prospect_both_0_30_ac1_av_target.csv,15.49,0.26,
Cupid,TPC-DI__prospect_both_0_30_ac1_ev_source.csv__prospect_both_0_30_ac1_ev_target.csv,20.76,0.35,
Cupid,TPC-DI__prospect_both_0_30_ac2_av_source.csv__prospect_both_0_30_ac2_av_target.csv,8.23,0.14,
Cupid,TPC-DI__prospect_both_0_30_ac2_ev_source.csv__prospect_both_0_30_ac2_ev_target.csv,7.72,0.13,
Cupid,TPC-DI__prospect_both_0_30_ac3_av_source.csv__prospect_both_0_30_ac3_av_target.csv,7.01,0.12,
Cupid,TPC-DI__prospect_both_0_30_ac3_ev_source.csv__prospect_both_0_30_ac3_ev_target.csv,8.47,0.14,
Cupid,TPC-DI__prospect_both_0_30_ac4_av_source.csv__prospect_both_0_30_ac4_av_target.csv,20.43,0.34,
Cupid,TPC-DI__prospect_both_0_30_ac4_ev_source.csv__prospect_both_0_30_ac4_ev_target.csv,13.7,0.23,
Cupid,TPC-DI__prospect_both_0_30_ac5_av_source.csv__prospect_both_0_30_ac5_av_target.csv,13.58,0.23,
Cupid,TPC-DI__prospect_both_0_30_ac5_ev_source.csv__prospect_both_0_30_ac5_ev_target.csv,11.21,0.19,
Cupid,TPC-DI__prospect_both_0_30_ec_av_source.csv__prospect_both_0_30_ec_av_target.csv,12.02,0.2,
Cupid,TPC-DI__prospect_both_0_30_ec_ev_source.csv__prospect_both_0_30_ec_ev_target.csv,12.83,0.21,
Cupid,TPC-DI__prospect_both_0_50_ac1_av_source.csv__prospect_both_0_50_ac1_av_target.csv,28.82,0.48,
Cupid,TPC-DI__prospect_both_0_50_ac1_ev_source.csv__prospect_both_0_50_ac1_ev_target.csv,25.97,0.43,
Cupid,TPC-DI__prospect_both_0_50_ac2_av_source.csv__prospect_both_0_50_ac2_av_target.csv,11.87,0.2,
Cupid,TPC-DI__prospect_both_0_50_ac2_ev_source.csv__prospect_both_0_50_ac2_ev_target.csv,10.2,0.17,
Cupid,TPC-DI__prospect_both_0_50_ac3_av_source.csv__prospect_both_0_50_ac3_av_target.csv,10.95,0.18,
Cupid,TPC-DI__prospect_both_0_50_ac3_ev_source.csv__prospect_both_0_50_ac3_ev_target.csv,6.91,0.12,
Cupid,TPC-DI__prospect_both_0_50_ac4_av_source.csv__prospect_both_0_50_ac4_av_target.csv,22.51,0.38,
Cupid,TPC-DI__prospect_both_0_50_ac4_ev_source.csv__prospect_both_0_50_ac4_ev_target.csv,20.28,0.34,
Cupid,TPC-DI__prospect_both_0_50_ac5_av_source.csv__prospect_both_0_50_ac5_av_target.csv,20.49,0.34,
Cupid,TPC-DI__prospect_both_0_50_ac5_ev_source.csv__prospect_both_0_50_ac5_ev_target.csv,21.4,0.36,
Cupid,TPC-DI__prospect_both_0_50_ec_av_source.csv__prospect_both_0_50_ec_av_target.csv,12.73,0.21,
Cupid,TPC-DI__prospect_both_0_50_ec_ev_source.csv__prospect_both_0_50_ec_ev_target.csv,19.97,0.33,
Cupid,TPC-DI__prospect_both_0_70_ac1_av_source.csv__prospect_both_0_70_ac1_av_target.csv,30.99,0.52,
Cupid,TPC-DI__prospect_both_0_70_ac1_ev_source.csv__prospect_both_0_70_ac1_ev_target.csv,26.07,0.43,
Cupid,TPC-DI__prospect_both_0_70_ac2_av_source.csv__prospect_both_0_70_ac2_av_target.csv,18.63,0.31,
Cupid,TPC-DI__prospect_both_0_70_ac2_ev_source.csv__prospect_both_0_70_ac2_ev_target.csv,15.81,0.26,
Cupid,TPC-DI__prospect_both_0_70_ac3_av_source.csv__prospect_both_0_70_ac3_av_target.csv,9.22,0.15,
Cupid,TPC-DI__prospect_both_0_70_ac3_ev_source.csv__prospect_both_0_70_ac3_ev_target.csv,12.52,0.21,
Cupid,TPC-DI__prospect_both_0_70_ac4_av_source.csv__prospect_both_0_70_ac4_av_target.csv,23.83,0.4,
Cupid,TPC-DI__prospect_both_0_70_ac4_ev_source.csv__prospect_both_0_70_ac4_ev_target.csv,31.62,0.53,
Cupid,TPC-DI__prospect_both_0_70_ac5_av_source.csv__prospect_both_0_70_ac5_av_target.csv,19.9,0.33,
Cupid,TPC-DI__prospect_both_0_70_ac5_ev_source.csv__prospect_both_0_70_ac5_ev_target.csv,18.53,0.31,
Cupid,TPC-DI__prospect_both_0_70_ec_av_source.csv__prospect_both_0_70_ec_av_target.csv,20.61,0.34,
Cupid,TPC-DI__prospect_both_0_70_ec_ev_source.csv__prospect_both_0_70_ec_ev_target.csv,19.33,0.32,
Cupid,TPC-DI__prospect_both_50_1_ac1_av_source.csv__prospect_both_50_1_ac1_av_target.csv,11.6,0.19,
Cupid,TPC-DI__prospect_both_50_1_ac1_ev_source.csv__prospect_both_50_1_ac1_ev_target.csv,9.72,0.16,
Cupid,TPC-DI__prospect_both_50_1_ac2_av_source.csv__prospect_both_50_1_ac2_av_target.csv,13.9,0.23,
Cupid,TPC-DI__prospect_both_50_1_ac2_ev_source.csv__prospect_both_50_1_ac2_ev_target.csv,7.11,0.12,
Cupid,TPC-DI__prospect_both_50_1_ac3_av_source.csv__prospect_both_50_1_ac3_av_target.csv,6.87,0.11,
Cupid,TPC-DI__prospect_both_50_1_ac3_ev_source.csv__prospect_both_50_1_ac3_ev_target.csv,6.9,0.11,
Cupid,TPC-DI__prospect_both_50_1_ac4_av_source.csv__prospect_both_50_1_ac4_av_target.csv,11.22,0.19,
Cupid,TPC-DI__prospect_both_50_1_ac4_ev_source.csv__prospect_both_50_1_ac4_ev_target.csv,8.47,0.14,
Cupid,TPC-DI__prospect_both_50_1_ac5_av_source.csv__prospect_both_50_1_ac5_av_target.csv,10.83,0.18,
Cupid,TPC-DI__prospect_both_50_1_ac5_ev_source.csv__prospect_both_50_1_ac5_ev_target.csv,8.07,0.13,
Cupid,TPC-DI__prospect_both_50_1_ec_av_source.csv__prospect_both_50_1_ec_av_target.csv,17.6,0.29,
Cupid,TPC-DI__prospect_both_50_1_ec_ev_source.csv__prospect_both_50_1_ec_ev_target.csv,7.9,0.13,
Cupid,TPC-DI__prospect_both_50_30_ac1_av_source.csv__prospect_both_50_30_ac1_av_target.csv,18.66,0.31,
Cupid,TPC-DI__prospect_both_50_30_ac1_ev_source.csv__prospect_both_50_30_ac1_ev_target.csv,18.59,0.31,
Cupid,TPC-DI__prospect_both_50_30_ac2_av_source.csv__prospect_both_50_30_ac2_av_target.csv,19.42,0.32,
Cupid,TPC-DI__prospect_both_50_30_ac2_ev_source.csv__prospect_both_50_30_ac2_ev_target.csv,9.6,0.16,
Cupid,TPC-DI__prospect_both_50_30_ac3_av_source.csv__prospect_both_50_30_ac3_av_target.csv,12.83,0.21,
Cupid,TPC-DI__prospect_both_50_30_ac3_ev_source.csv__prospect_both_50_30_ac3_ev_target.csv,7.77,0.13,
Cupid,TPC-DI__prospect_both_50_30_ac4_av_source.csv__prospect_both_50_30_ac4_av_target.csv,16.78,0.28,
Cupid,TPC-DI__prospect_both_50_30_ac4_ev_source.csv__prospect_both_50_30_ac4_ev_target.csv,21.25,0.35,
Cupid,TPC-DI__prospect_both_50_30_ac5_av_source.csv__prospect_both_50_30_ac5_av_target.csv,20.06,0.33,
Cupid,TPC-DI__prospect_both_50_30_ac5_ev_source.csv__prospect_both_50_30_ac5_ev_target.csv,16.03,0.27,
Cupid,TPC-DI__prospect_both_50_30_ec_av_source.csv__prospect_both_50_30_ec_av_target.csv,25.51,0.43,
Cupid,TPC-DI__prospect_both_50_30_ec_ev_source.csv__prospect_both_50_30_ec_ev_target.csv,11.93,0.2,
Cupid,TPC-DI__prospect_both_50_50_ac1_av_source.csv__prospect_both_50_50_ac1_av_target.csv,47.45,0.79,
Cupid,TPC-DI__prospect_both_50_50_ac1_ev_source.csv__prospect_both_50_50_ac1_ev_target.csv,26.11,0.44,
Cupid,TPC-DI__prospect_both_50_50_ac2_av_source.csv__prospect_both_50_50_ac2_av_target.csv,15.65,0.26,
Cupid,TPC-DI__prospect_both_50_50_ac2_ev_source.csv__prospect_both_50_50_ac2_ev_target.csv,11.98,0.2,
Cupid,TPC-DI__prospect_both_50_50_ac3_av_source.csv__prospect_both_50_50_ac3_av_target.csv,11.76,0.2,
Cupid,TPC-DI__prospect_both_50_50_ac3_ev_source.csv__prospect_both_50_50_ac3_ev_target.csv,8.01,0.13,
Cupid,TPC-DI__prospect_both_50_50_ac4_av_source.csv__prospect_both_50_50_ac4_av_target.csv,45.23,0.75,
Cupid,TPC-DI__prospect_both_50_50_ac4_ev_source.csv__prospect_both_50_50_ac4_ev_target.csv,27.03,0.45,
Cupid,TPC-DI__prospect_both_50_50_ac5_av_source.csv__prospect_both_50_50_ac5_av_target.csv,33.31,0.56,
Cupid,TPC-DI__prospect_both_50_50_ac5_ev_source.csv__prospect_both_50_50_ac5_ev_target.csv,19.52,0.33,
Cupid,TPC-DI__prospect_both_50_50_ec_av_source.csv__prospect_both_50_50_ec_av_target.csv,19.16,0.32,
Cupid,TPC-DI__prospect_both_50_50_ec_ev_source.csv__prospect_both_50_50_ec_ev_target.csv,16.1,0.27,
Cupid,TPC-DI__prospect_both_50_70_ac1_av_source.csv__prospect_both_50_70_ac1_av_target.csv,63.36,1.06,
Cupid,TPC-DI__prospect_both_50_70_ac1_ev_source.csv__prospect_both_50_70_ac1_ev_target.csv,25.86,0.43,
Cupid,TPC-DI__prospect_both_50_70_ac2_av_source.csv__prospect_both_50_70_ac2_av_target.csv,19.97,0.33,
Cupid,TPC-DI__prospect_both_50_70_ac2_ev_source.csv__prospect_both_50_70_ac2_ev_target.csv,18.18,0.3,
Cupid,TPC-DI__prospect_both_50_70_ac3_av_source.csv__prospect_both_50_70_ac3_av_target.csv,13.02,0.22,
Cupid,TPC-DI__prospect_both_50_70_ac3_ev_source.csv__prospect_both_50_70_ac3_ev_target.csv,9.61,0.16,
Cupid,TPC-DI__prospect_both_50_70_ac4_av_source.csv__prospect_both_50_70_ac4_av_target.csv,58.26,0.97,
Cupid,TPC-DI__prospect_both_50_70_ac4_ev_source.csv__prospect_both_50_70_ac4_ev_target.csv,29.37,0.49,
Cupid,TPC-DI__prospect_both_50_70_ac5_av_source.csv__prospect_both_50_70_ac5_av_target.csv,40.6,0.68,
Cupid,TPC-DI__prospect_both_50_70_ac5_ev_source.csv__prospect_both_50_70_ac5_ev_target.csv,34.12,0.57,
Cupid,TPC-DI__prospect_both_50_70_ec_av_source.csv__prospect_both_50_70_ec_av_target.csv,25.37,0.42,
Cupid,TPC-DI__prospect_both_50_70_ec_ev_source.csv__prospect_both_50_70_ec_ev_target.csv,19.02,0.32,
Cupid,TPC-DI__prospect_horizontal_0_ac1_av_source.csv__prospect_horizontal_0_ac1_av_target.csv,99.07,1.65,
Cupid,TPC-DI__prospect_horizontal_0_ac1_ev_source.csv__prospect_horizontal_0_ac1_ev_target.csv,48.01,0.8,
Cupid,TPC-DI__prospect_horizontal_0_ac2_av_source.csv__prospect_horizontal_0_ac2_av_target.csv,47.55,0.79,
Cupid,TPC-DI__prospect_horizontal_0_ac2_ev_source.csv__prospect_horizontal_0_ac2_ev_target.csv,38.18,0.64,
Cupid,TPC-DI__prospect_horizontal_0_ac3_av_source.csv__prospect_horizontal_0_ac3_av_target.csv,28.05,0.47,
Cupid,TPC-DI__prospect_horizontal_0_ac3_ev_source.csv__prospect_horizontal_0_ac3_ev_target.csv,28.19,0.47,
Cupid,TPC-DI__prospect_horizontal_0_ac4_av_source.csv__prospect_horizontal_0_ac4_av_target.csv,81.07,1.35,
Cupid,TPC-DI__prospect_horizontal_0_ac4_ev_source.csv__prospect_horizontal_0_ac4_ev_target.csv,79.83,1.33,
Cupid,TPC-DI__prospect_horizontal_0_ac5_av_source.csv__prospect_horizontal_0_ac5_av_target.csv,40.1,0.67,
Cupid,TPC-DI__prospect_horizontal_0_ac5_ev_source.csv__prospect_horizontal_0_ac5_ev_target.csv,58.92,0.98,
Cupid,TPC-DI__prospect_horizontal_0_ec_av_source.csv__prospect_horizontal_0_ec_av_target.csv,54.81,0.91,
Cupid,TPC-DI__prospect_horizontal_0_ec_ev_source.csv__prospect_horizontal_0_ec_ev_target.csv,68.21,1.14,
Cupid,TPC-DI__prospect_horizontal_100_ac1_av_source.csv__prospect_horizontal_100_ac1_av_target.csv,88.71,1.48,
Cupid,TPC-DI__prospect_horizontal_100_ac1_ev_source.csv__prospect_horizontal_100_ac1_ev_target.csv,103.71,1.73,
Cupid,TPC-DI__prospect_horizontal_100_ac2_av_source.csv__prospect_horizontal_100_ac2_av_target.csv,38.49,0.64,
Cupid,TPC-DI__prospect_horizontal_100_ac2_ev_source.csv__prospect_horizontal_100_ac2_ev_target.csv,48.39,0.81,
Cupid,TPC-DI__prospect_horizontal_100_ac3_av_source.csv__prospect_horizontal_100_ac3_av_target.csv,21.49,0.36,
Cupid,TPC-DI__prospect_horizontal_100_ac3_ev_source.csv__prospect_horizontal_100_ac3_ev_target.csv,27.7,0.46,
Cupid,TPC-DI__prospect_horizontal_100_ac4_av_source.csv__prospect_horizontal_100_ac4_av_target.csv,46.86,0.78,
Cupid,TPC-DI__prospect_horizontal_100_ac4_ev_source.csv__prospect_horizontal_100_ac4_ev_target.csv,95.52,1.59,
Cupid,TPC-DI__prospect_horizontal_100_ac5_av_source.csv__prospect_horizontal_100_ac5_av_target.csv,59.76,1.0,
Cupid,TPC-DI__prospect_horizontal_100_ac5_ev_source.csv__prospect_horizontal_100_ac5_ev_target.csv,59.8,1.0,
Cupid,TPC-DI__prospect_horizontal_100_ec_av_source.csv__prospect_horizontal_100_ec_av_target.csv,56.7,0.94,
Cupid,TPC-DI__prospect_horizontal_100_ec_ev_source.csv__prospect_horizontal_100_ec_ev_target.csv,57.07,0.95,
Cupid,TPC-DI__prospect_horizontal_50_ac1_av_source.csv__prospect_horizontal_50_ac1_av_target.csv,63.63,1.06,
Cupid,TPC-DI__prospect_horizontal_50_ac1_ev_source.csv__prospect_horizontal_50_ac1_ev_target.csv,87.29,1.45,
Cupid,TPC-DI__prospect_horizontal_50_ac2_av_source.csv__prospect_horizontal_50_ac2_av_target.csv,42.43,0.71,
Cupid,TPC-DI__prospect_horizontal_50_ac2_ev_source.csv__prospect_horizontal_50_ac2_ev_target.csv,46.46,0.77,
Cupid,TPC-DI__prospect_horizontal_50_ac3_av_source.csv__prospect_horizontal_50_ac3_av_target.csv,28.39,0.47,
Cupid,TPC-DI__prospect_horizontal_50_ac3_ev_source.csv__prospect_horizontal_50_ac3_ev_target.csv,27.27,0.45,
Cupid,TPC-DI__prospect_horizontal_50_ac4_av_source.csv__prospect_horizontal_50_ac4_av_target.csv,33.49,0.56,
Cupid,TPC-DI__prospect_horizontal_50_ac4_ev_source.csv__prospect_horizontal_50_ac4_ev_target.csv,75.3,1.25,
Cupid,TPC-DI__prospect_horizontal_50_ac5_av_source.csv__prospect_horizontal_50_ac5_av_target.csv,37.15,0.62,
Cupid,TPC-DI__prospect_horizontal_50_ac5_ev_source.csv__prospect_horizontal_50_ac5_ev_target.csv,36.43,0.61,
Cupid,TPC-DI__prospect_horizontal_50_ec_av_source.csv__prospect_horizontal_50_ec_av_target.csv,40.84,0.68,
Cupid,TPC-DI__prospect_horizontal_50_ec_ev_source.csv__prospect_horizontal_50_ec_ev_target.csv,31.51,0.53,
Cupid,TPC-DI__prospect_vertical_1_ac1_av_source.csv__prospect_vertical_1_ac1_av_target.csv,27.93,0.47,
Cupid,TPC-DI__prospect_vertical_1_ac1_ev_source.csv__prospect_vertical_1_ac1_ev_target.csv,9.2,0.15,
Cupid,TPC-DI__prospect_vertical_1_ac2_av_source.csv__prospect_vertical_1_ac2_av_target.csv,7.14,0.12,
Cupid,TPC-DI__prospect_vertical_1_ac2_ev_source.csv__prospect_vertical_1_ac2_ev_target.csv,6.46,0.11,
Cupid,TPC-DI__prospect_vertical_1_ac3_av_source.csv__prospect_vertical_1_ac3_av_target.csv,7.15,0.12,
Cupid,TPC-DI__prospect_vertical_1_ac3_ev_source.csv__prospect_vertical_1_ac3_ev_target.csv,6.45,0.11,
Cupid,TPC-DI__prospect_vertical_1_ac4_av_source.csv__prospect_vertical_1_ac4_av_target.csv,29.08,0.48,
Cupid,TPC-DI__prospect_vertical_1_ac4_ev_source.csv__prospect_vertical_1_ac4_ev_target.csv,11.24,0.19,
Cupid,TPC-DI__prospect_vertical_1_ac5_av_source.csv__prospect_vertical_1_ac5_av_target.csv,17.36,0.29,
Cupid,TPC-DI__prospect_vertical_1_ac5_ev_source.csv__prospect_vertical_1_ac5_ev_target.csv,10.44,0.17,
Cupid,TPC-DI__prospect_vertical_1_ec_av_source.csv__prospect_vertical_1_ec_av_target.csv,8.07,0.13,
Cupid,TPC-DI__prospect_vertical_1_ec_ev_source.csv__prospect_vertical_1_ec_ev_target.csv,8.44,0.14,
Cupid,TPC-DI__prospect_vertical_30_ac1_av_source.csv__prospect_vertical_30_ac1_av_target.csv,35.06,0.58,
Cupid,TPC-DI__prospect_vertical_30_ac1_ev_source.csv__prospect_vertical_30_ac1_ev_target.csv,18.02,0.3,
Cupid,TPC-DI__prospect_vertical_30_ac2_av_source.csv__prospect_vertical_30_ac2_av_target.csv,22.88,0.38,
Cupid,TPC-DI__prospect_vertical_30_ac2_ev_source.csv__prospect_vertical_30_ac2_ev_target.csv,11.15,0.19,
Cupid,TPC-DI__prospect_vertical_30_ac3_av_source.csv__prospect_vertical_30_ac3_av_target.csv,8.0,0.13,
Cupid,TPC-DI__prospect_vertical_30_ac3_ev_source.csv__prospect_vertical_30_ac3_ev_target.csv,8.29,0.14,
Cupid,TPC-DI__prospect_vertical_30_ac4_av_source.csv__prospect_vertical_30_ac4_av_target.csv,33.81,0.56,
Cupid,TPC-DI__prospect_vertical_30_ac4_ev_source.csv__prospect_vertical_30_ac4_ev_target.csv,16.02,0.27,
Cupid,TPC-DI__prospect_vertical_30_ac5_av_source.csv__prospect_vertical_30_ac5_av_target.csv,25.75,0.43,
Cupid,TPC-DI__prospect_vertical_30_ac5_ev_source.csv__prospect_vertical_30_ac5_ev_target.csv,13.89,0.23,
Cupid,TPC-DI__prospect_vertical_30_ec_av_source.csv__prospect_vertical_30_ec_av_target.csv,10.87,0.18,
Cupid,TPC-DI__prospect_vertical_30_ec_ev_source.csv__prospect_vertical_30_ec_ev_target.csv,10.55,0.18,
Cupid,TPC-DI__prospect_vertical_50_ac1_av_source.csv__prospect_vertical_50_ac1_av_target.csv,28.37,0.47,
Cupid,TPC-DI__prospect_vertical_50_ac1_ev_source.csv__prospect_vertical_50_ac1_ev_target.csv,24.73,0.41,
Cupid,TPC-DI__prospect_vertical_50_ac2_av_source.csv__prospect_vertical_50_ac2_av_target.csv,19.07,0.32,
Cupid,TPC-DI__prospect_vertical_50_ac2_ev_source.csv__prospect_vertical_50_ac2_ev_target.csv,13.19,0.22,
Cupid,TPC-DI__prospect_vertical_50_ac3_av_source.csv__prospect_vertical_50_ac3_av_target.csv,18.21,0.3,
Cupid,TPC-DI__prospect_vertical_50_ac3_ev_source.csv__prospect_vertical_50_ac3_ev_target.csv,12.18,0.2,
Cupid,TPC-DI__prospect_vertical_50_ac4_av_source.csv__prospect_vertical_50_ac4_av_target.csv,19.31,0.32,
Cupid,TPC-DI__prospect_vertical_50_ac4_ev_source.csv__prospect_vertical_50_ac4_ev_target.csv,24.47,0.41,
Cupid,TPC-DI__prospect_vertical_50_ac5_av_source.csv__prospect_vertical_50_ac5_av_target.csv,24.08,0.4,
Cupid,TPC-DI__prospect_vertical_50_ac5_ev_source.csv__prospect_vertical_50_ac5_ev_target.csv,23.74,0.4,
Cupid,TPC-DI__prospect_vertical_50_ec_av_source.csv__prospect_vertical_50_ec_av_target.csv,23.93,0.4,
Cupid,TPC-DI__prospect_vertical_50_ec_ev_source.csv__prospect_vertical_50_ec_ev_target.csv,21.56,0.36,
Cupid,TPC-DI__prospect_vertical_70_ac1_av_source.csv__prospect_vertical_70_ac1_av_target.csv,36.07,0.6,
Cupid,TPC-DI__prospect_vertical_70_ac1_ev_source.csv__prospect_vertical_70_ac1_ev_target.csv,31.79,0.53,
Cupid,TPC-DI__prospect_vertical_70_ac2_av_source.csv__prospect_vertical_70_ac2_av_target.csv,34.06,0.57,
Cupid,TPC-DI__prospect_vertical_70_ac2_ev_source.csv__prospect_vertical_70_ac2_ev_target.csv,20.41,0.34,
Cupid,TPC-DI__prospect_vertical_70_ac3_av_source.csv__prospect_vertical_70_ac3_av_target.csv,13.94,0.23,
Cupid,TPC-DI__prospect_vertical_70_ac3_ev_source.csv__prospect_vertical_70_ac3_ev_target.csv,12.98,0.22,
Cupid,TPC-DI__prospect_vertical_70_ac4_av_source.csv__prospect_vertical_70_ac4_av_target.csv,35.87,0.6,
Cupid,TPC-DI__prospect_vertical_70_ac4_ev_source.csv__prospect_vertical_70_ac4_ev_target.csv,26.14,0.44,
Cupid,TPC-DI__prospect_vertical_70_ac5_av_source.csv__prospect_vertical_70_ac5_av_target.csv,27.25,0.45,
Cupid,TPC-DI__prospect_vertical_70_ac5_ev_source.csv__prospect_vertical_70_ac5_ev_target.csv,24.35,0.41,
Cupid,TPC-DI__prospect_vertical_70_ec_av_source.csv__prospect_vertical_70_ec_av_target.csv,40.92,0.68,
Cupid,TPC-DI__prospect_vertical_70_ec_ev_source.csv__prospect_vertical_70_ec_ev_target.csv,22.78,0.38,
Cupid,Wikidata__musicians_joinable_source.csv__musicians_joinable_target.csv,17.26,0.29,
Cupid,Wikidata__musicians_semjoin_source.csv__musicians_semjoin_target.csv,15.09,0.25,
Cupid,Wikidata__musicians_source.csv__musicians_target.csv,15.2,0.25,
Cupid,Wikidata__musicians_unionable_source.csv__musicians_unionable_target.csv,29.45,0.49,
Cupid,Wikidata__musicians_viewunion_source.csv__musicians_viewunion_target.csv,17.5,0.29,
