pair_id,dataset,short_dataset,feature_build_sec_pair,feature_build_reduced_sec_pair,category,relation,model,scenario,rf_fit_sec_pair_share,rf_test_fold_appearances,runtime_sec_pair,runtime_note
ChEMBL__Joinable__assays_both_50_1_ac1_ev,ChEMBL,assays_both_50_1_ac1_ev,41.518,15.311689087033272,ChEMBL,Joinable,minilm,si_si2,5.92123784065059,1,47.43923784065059,"feature build from final_time_before_after_fs_bis.csv (minilm, si_si2) + RF fit amortized by test pair; prediction time not separately logged"
ChEMBL__Unionable__assays_horizontal_50_ac5_av,ChEMBL,assays_horizontal_50_ac5_av,135.021,55.62262716172634,ChEMBL,Unionable,minilm,si_si2,5.178372998638553,1,140.19937299863855,"feature build from final_time_before_after_fs_bis.csv (minilm, si_si2) + RF fit amortized by test pair; prediction time not separately logged"
OpenData__Semantically-Joinable__miller2_both_50_70_ac4_av,OpenData,miller2_both_50_70_ac4_av,472.53,205.7300479828566,OpenData,Semantically-Joinable,minilm,si_si2,5.571761430401604,3,478.10176143040155,"feature build from final_time_before_after_fs_bis.csv (minilm, si_si2) + RF fit amortized by test pair; prediction time not separately logged"
TPC-DI__Joinable__prospect_both_50_50_ec_ev,TPC-DI,prospect_both_50_50_ec_ev,74.358,28.780597868368037,TPC-DI,Joinable,minilm,si_si2,5.178372998638553,1,79.53637299863856,"feature build from final_time_before_after_fs_bis.csv (minilm, si_si2) + RF fit amortized by test pair; prediction time not separately logged"
TPC-DI__View-Unionable__prospect_both_0_30_ac1_ev,TPC-DI,prospect_both_0_30_ac1_ev,56.218,21.360951246351007,TPC-DI,View-Unionable,minilm,si_si2,5.549805419644571,2,61.767805419644574,"feature build from final_time_before_after_fs_bis.csv (minilm, si_si2) + RF fit amortized by test pair; prediction time not separately logged"
ChEMBL__Joinable__assays_both_50_1_ac2_ev,ChEMBL,assays_both_50_1_ac2_ev,40.936,15.122172705143686,ChEMBL,Joinable,minilm,si_si2,5.801436971724397,4,46.7374369717244,"feature build from final_time_before_after_fs_bis.csv (minilm, si_si2) + RF fit amortized by test pair; prediction time not separately logged"
ChEMBL__Unionable__assays_horizontal_50_ac5_ev,ChEMBL,assays_horizontal_50_ac5_ev,139.097,57.23477568936349,ChEMBL,Unionable,minilm,si_si2,5.754172111337352,4,144.85117211133735,"feature build from final_time_before_after_fs_bis.csv (minilm, si_si2) + RF fit amortized by test pair; prediction time not separately logged"
OpenData__Semantically-Joinable__miller2_both_50_70_ac5_av,OpenData,miller2_both_50_70_ac5_av,442.838,192.48975161510708,OpenData,Semantically-Joinable,minilm,si_si2,5.42661401036749,1,448.2646140103675,"feature build from final_time_before_after_fs_bis.csv (minilm, si_si2) + RF fit amortized by test pair; prediction time not separately logged"
TPC-DI__Joinable__prospect_both_50_70_ac1_ev,TPC-DI,prospect_both_50_70_ac1_ev,95.898,38.40243994812667,TPC-DI,Joinable,minilm,si_si2,5.615673451915668,1,101.51367345191566,"feature build from final_time_before_after_fs_bis.csv (minilm, si_si2) + RF fit amortized by test pair; prediction time not separately logged"
TPC-DI__View-Unionable__prospect_both_0_30_ac2_av,TPC-DI,prospect_both_0_30_ac2_av,56.884,21.59383534678817,TPC-DI,View-Unionable,minilm,si_si2,6.009124962753012,3,62.893124962753014,"feature build from final_time_before_after_fs_bis.csv (minilm, si_si2) + RF fit amortized by test pair; prediction time not separately logged"
ChEMBL__Joinable__assays_both_50_1_ac3_ev,ChEMBL,assays_both_50_1_ac3_ev,46.874,15.963807536453013,ChEMBL,Joinable,minilm,si_si2,5.863358144993974,3,52.737358144993976,"feature build from final_time_before_after_fs_bis.csv (minilm, si_si2) + RF fit amortized by test pair; prediction time not separately logged"
ChEMBL__Unionable__assays_horizontal_50_ec_av,ChEMBL,assays_horizontal_50_ec_av,165.517,70.23341179546713,ChEMBL,Unionable,minilm,si_si2,12.894884620442308,1,178.4118846204423,"feature build from final_time_before_after_fs_bis.csv (minilm, si_si2) + RF fit amortized by test pair; prediction time not separately logged"
OpenData__Semantically-Joinable__miller2_both_50_70_ec_av,OpenData,miller2_both_50_70_ec_av,463.912,201.32903842021523,OpenData,Semantically-Joinable,minilm,si_si2,5.67392592550904,2,469.585925925509,"feature build from final_time_before_after_fs_bis.csv (minilm, si_si2) + RF fit amortized by test pair; prediction time not separately logged"
TPC-DI__Joinable__prospect_both_50_70_ac2_ev,TPC-DI,prospect_both_50_70_ac2_ev,92.851,36.64881288467347,TPC-DI,Joinable,minilm,si_si2,12.894884620442308,1,105.74588462044231,"feature build from final_time_before_after_fs_bis.csv (minilm, si_si2) + RF fit amortized by test pair; prediction time not separately logged"
TPC-DI__View-Unionable__prospect_both_0_30_ac2_ev,TPC-DI,prospect_both_0_30_ac2_ev,56.341,21.641021506845952,TPC-DI,View-Unionable,minilm,si_si2,5.178372998638553,1,61.51937299863855,"feature build from final_time_before_after_fs_bis.csv (minilm, si_si2) + RF fit amortized by test pair; prediction time not separately logged"
ChEMBL__Joinable__assays_both_50_1_ac4_ev,ChEMBL,assays_both_50_1_ac4_ev,43.423,15.709782832816243,ChEMBL,Joinable,minilm,si_si2,5.615673451915668,1,49.03867345191567,"feature build from final_time_before_after_fs_bis.csv (minilm, si_si2) + RF fit amortized by test pair; prediction time not separately logged"
ChEMBL__Unionable__assays_horizontal_50_ec_ev,ChEMBL,assays_horizontal_50_ec_ev,163.81,69.5002575287968,ChEMBL,Unionable,minilm,si_si2,12.894884620442308,1,176.7048846204423,"feature build from final_time_before_after_fs_bis.csv (minilm, si_si2) + RF fit amortized by test pair; prediction time not separately logged"
OpenData__Semantically-Joinable__miller2_vertical_1_ac1_av,OpenData,miller2_vertical_1_ac1_av,180.106,75.66713701127469,OpenData,Semantically-Joinable,minilm,si_si2,6.490463595692778,1,186.59646359569277,"feature build from final_time_before_after_fs_bis.csv (minilm, si_si2) + RF fit amortized by test pair; prediction time not separately logged"
TPC-DI__Joinable__prospect_both_50_70_ac3_ev,TPC-DI,prospect_both_50_70_ac3_ev,93.965,37.39104129575193,TPC-DI,Joinable,minilm,si_si2,12.894884620442308,1,106.85988462044232,"feature build from final_time_before_after_fs_bis.csv (minilm, si_si2) + RF fit amortized by test pair; prediction time not separately logged"
TPC-DI__View-Unionable__prospect_both_0_30_ac3_av,TPC-DI,prospect_both_0_30_ac3_av,53.258,20.244933667212727,TPC-DI,View-Unionable,minilm,si_si2,5.42661401036749,1,58.68461401036749,"feature build from final_time_before_after_fs_bis.csv (minilm, si_si2) + RF fit amortized by test pair; prediction time not separately logged"
ChEMBL__Joinable__assays_both_50_1_ac5_ev,ChEMBL,assays_both_50_1_ac5_ev,43.23,15.839923457726831,ChEMBL,Joinable,minilm,si_si2,5.67392592550904,2,48.903925925509036,"feature build from final_time_before_after_fs_bis.csv (minilm, si_si2) + RF fit amortized by test pair; prediction time not separately logged"
ChEMBL__View-Unionable__assays_both_0_1_ac1_av,ChEMBL,assays_both_0_1_ac1_av,42.578,15.56123912732303,ChEMBL,View-Unionable,minilm,si_si2,5.615673451915668,1,48.19367345191567,"feature build from final_time_before_after_fs_bis.csv (minilm, si_si2) + RF fit amortized by test pair; prediction time not separately logged"
OpenData__Semantically-Joinable__miller2_vertical_1_ac2_av,OpenData,miller2_vertical_1_ac2_av,186.743,78.04014209213852,OpenData,Semantically-Joinable,minilm,si_si2,5.615673451915668,1,192.35867345191565,"feature build from final_time_before_after_fs_bis.csv (minilm, si_si2) + RF fit amortized by test pair; prediction time not separately logged"
TPC-DI__Joinable__prospect_both_50_70_ac4_ev,TPC-DI,prospect_both_50_70_ac4_ev,86.456,34.76245792372526,TPC-DI,Joinable,minilm,si_si2,12.894884620442308,1,99.35088462044232,"feature build from final_time_before_after_fs_bis.csv (minilm, si_si2) + RF fit amortized by test pair; prediction time not separately logged"
TPC-DI__View-Unionable__prospect_both_0_30_ac3_ev,TPC-DI,prospect_both_0_30_ac3_ev,53.609,20.52860163041949,TPC-DI,View-Unionable,minilm,si_si2,5.768455646283129,2,59.37745564628313,"feature build from final_time_before_after_fs_bis.csv (minilm, si_si2) + RF fit amortized by test pair; prediction time not separately logged"
ChEMBL__Joinable__assays_both_50_1_ec_ev,ChEMBL,assays_both_50_1_ec_ev,41.09,15.201981768161062,ChEMBL,Joinable,minilm,si_si2,12.894884620442308,1,53.984884620442315,"feature build from final_time_before_after_fs_bis.csv (minilm, si_si2) + RF fit amortized by test pair; prediction time not separately logged"
ChEMBL__View-Unionable__assays_both_0_1_ac1_ev,ChEMBL,assays_both_0_1_ac1_ev,43.769,15.987317048158497,ChEMBL,View-Unionable,minilm,si_si2,6.490463595692778,1,50.25946359569278,"feature build from final_time_before_after_fs_bis.csv (minilm, si_si2) + RF fit amortized by test pair; prediction time not separately logged"
OpenData__Semantically-Joinable__miller2_vertical_1_ac3_av,OpenData,miller2_vertical_1_ac3_av,180.176,75.36100213883816,OpenData,Semantically-Joinable,minilm,si_si2,5.92123784065059,1,186.09723784065056,"feature build from final_time_before_after_fs_bis.csv (minilm, si_si2) + RF fit amortized by test pair; prediction time not separately logged"
TPC-DI__Joinable__prospect_both_50_70_ac5_ev,TPC-DI,prospect_both_50_70_ac5_ev,93.362,37.2276137920916,TPC-DI,Joinable,minilm,si_si2,5.42661401036749,1,98.78861401036748,"feature build from final_time_before_after_fs_bis.csv (minilm, si_si2) + RF fit amortized by test pair; prediction time not separately logged"
TPC-DI__View-Unionable__prospect_both_0_30_ac4_av,TPC-DI,prospect_both_0_30_ac4_av,59.266,22.604383249472825,TPC-DI,View-Unionable,minilm,si_si2,6.490463595692778,1,65.75646359569278,"feature build from final_time_before_after_fs_bis.csv (minilm, si_si2) + RF fit amortized by test pair; prediction time not separately logged"
ChEMBL__Joinable__assays_both_50_30_ac1_ev,ChEMBL,assays_both_50_30_ac1_ev,59.846,22.96325956946612,ChEMBL,Joinable,minilm,si_si2,12.894884620442308,1,72.7408846204423,"feature build from final_time_before_after_fs_bis.csv (minilm, si_si2) + RF fit amortized by test pair; prediction time not separately logged"
ChEMBL__View-Unionable__assays_both_0_1_ac2_av,ChEMBL,assays_both_0_1_ac2_av,42.869,15.54935158701241,ChEMBL,View-Unionable,minilm,si_si2,6.490463595692778,1,49.35946359569278,"feature build from final_time_before_after_fs_bis.csv (minilm, si_si2) + RF fit amortized by test pair; prediction time not separately logged"
OpenData__Semantically-Joinable__miller2_vertical_1_ac4_av,OpenData,miller2_vertical_1_ac4_av,179.689,75.38458547064661,OpenData,Semantically-Joinable,minilm,si_si2,5.834418297165666,2,185.52341829716565,"feature build from final_time_before_after_fs_bis.csv (minilm, si_si2) + RF fit amortized by test pair; prediction time not separately logged"
TPC-DI__Joinable__prospect_both_50_70_ec_ev,TPC-DI,prospect_both_50_70_ec_ev,93.219,36.90464349599183,TPC-DI,Joinable,minilm,si_si2,5.834418297165666,2,99.05341829716566,"feature build from final_time_before_after_fs_bis.csv (minilm, si_si2) + RF fit amortized by test pair; prediction time not separately logged"
TPC-DI__View-Unionable__prospect_both_0_30_ac4_ev,TPC-DI,prospect_both_0_30_ac4_ev,59.028,22.751164996132253,TPC-DI,View-Unionable,minilm,si_si2,5.42661401036749,1,64.4546140103675,"feature build from final_time_before_after_fs_bis.csv (minilm, si_si2) + RF fit amortized by test pair; prediction time not separately logged"
ChEMBL__Joinable__assays_both_50_30_ac2_ev,ChEMBL,assays_both_50_30_ac2_ev,59.735,22.969568640589717,ChEMBL,Joinable,minilm,si_si2,5.615673451915668,1,65.35067345191567,"feature build from final_time_before_after_fs_bis.csv (minilm, si_si2) + RF fit amortized by test pair; prediction time not separately logged"
ChEMBL__View-Unionable__assays_both_0_1_ac2_ev,ChEMBL,assays_both_0_1_ac2_ev,39.641,14.503549237906933,ChEMBL,View-Unionable,minilm,si_si2,5.549805419644571,2,45.19080541964457,"feature build from final_time_before_after_fs_bis.csv (minilm, si_si2) + RF fit amortized by test pair; prediction time not separately logged"
OpenData__Semantically-Joinable__miller2_vertical_1_ac5_av,OpenData,miller2_vertical_1_ac5_av,186.596,78.44618776915968,OpenData,Semantically-Joinable,minilm,si_si2,12.894884620442308,1,199.4908846204423,"feature build from final_time_before_after_fs_bis.csv (minilm, si_si2) + RF fit amortized by test pair; prediction time not separately logged"
TPC-DI__Joinable__prospect_vertical_1_ac1_ev,TPC-DI,prospect_vertical_1_ac1_ev,38.14,14.099808328654618,TPC-DI,Joinable,minilm,si_si2,5.42661401036749,1,43.56661401036749,"feature build from final_time_before_after_fs_bis.csv (minilm, si_si2) + RF fit amortized by test pair; prediction time not separately logged"
TPC-DI__View-Unionable__prospect_both_0_30_ac5_av,TPC-DI,prospect_both_0_30_ac5_av,57.46,22.221178994551305,TPC-DI,View-Unionable,minilm,si_si2,12.894884620442308,1,70.3548846204423,"feature build from final_time_before_after_fs_bis.csv (minilm, si_si2) + RF fit amortized by test pair; prediction time not separately logged"
ChEMBL__Joinable__assays_both_50_30_ac3_ev,ChEMBL,assays_both_50_30_ac3_ev,60.795,23.437676426097752,ChEMBL,Joinable,minilm,si_si2,5.958538803030134,2,66.75353880303014,"feature build from final_time_before_after_fs_bis.csv (minilm, si_si2) + RF fit amortized by test pair; prediction time not separately logged"
ChEMBL__View-Unionable__assays_both_0_1_ac3_av,ChEMBL,assays_both_0_1_ac3_av,44.31,16.292674511149528,ChEMBL,View-Unionable,minilm,si_si2,5.615673451915668,1,49.92567345191567,"feature build from final_time_before_after_fs_bis.csv (minilm, si_si2) + RF fit amortized by test pair; prediction time not separately logged"
OpenData__Semantically-Joinable__miller2_vertical_1_ec_av,OpenData,miller2_vertical_1_ec_av,178.661,74.71156557804346,OpenData,Semantically-Joinable,minilm,si_si2,6.490463595692778,1,185.15146359569277,"feature build from final_time_before_after_fs_bis.csv (minilm, si_si2) + RF fit amortized by test pair; prediction time not separately logged"
TPC-DI__Joinable__prospect_vertical_1_ac2_ev,TPC-DI,prospect_vertical_1_ac2_ev,39.945,14.385308086574074,TPC-DI,Joinable,minilm,si_si2,5.39702322527711,2,45.34202322527711,"feature build from final_time_before_after_fs_bis.csv (minilm, si_si2) + RF fit amortized by test pair; prediction time not separately logged"
TPC-DI__View-Unionable__prospect_both_0_30_ac5_ev,TPC-DI,prospect_both_0_30_ac5_ev,57.979,22.216415205687284,TPC-DI,View-Unionable,minilm,si_si2,5.958538803030134,2,63.93753880303014,"feature build from final_time_before_after_fs_bis.csv (minilm, si_si2) + RF fit amortized by test pair; prediction time not separately logged"
ChEMBL__Joinable__assays_both_50_30_ac4_ev,ChEMBL,assays_both_50_30_ac4_ev,66.305,22.96685042262078,ChEMBL,Joinable,minilm,si_si2,12.894884620442308,1,79.19988462044232,"feature build from final_time_before_after_fs_bis.csv (minilm, si_si2) + RF fit amortized by test pair; prediction time not separately logged"
ChEMBL__View-Unionable__assays_both_0_1_ac3_ev,ChEMBL,assays_both_0_1_ac3_ev,43.501,16.00185963495075,ChEMBL,View-Unionable,minilm,si_si2,12.894884620442308,1,56.3958846204423,"feature build from final_time_before_after_fs_bis.csv (minilm, si_si2) + RF fit amortized by test pair; prediction time not separately logged"
OpenData__Semantically-Joinable__miller2_vertical_30_ac1_av,OpenData,miller2_vertical_30_ac1_av,289.575,124.07014778517186,OpenData,Semantically-Joinable,minilm,si_si2,5.615673451915668,1,295.19067345191564,"feature build from final_time_before_after_fs_bis.csv (minilm, si_si2) + RF fit amortized by test pair; prediction time not separately logged"
TPC-DI__Joinable__prospect_vertical_1_ac3_ev,TPC-DI,prospect_vertical_1_ac3_ev,40.048,14.54020542237162,TPC-DI,Joinable,minilm,si_si2,5.863497224656632,4,45.911497224656635,"feature build from final_time_before_after_fs_bis.csv (minilm, si_si2) + RF fit amortized by test pair; prediction time not separately logged"
TPC-DI__View-Unionable__prospect_both_0_30_ec_av,TPC-DI,prospect_both_0_30_ec_av,57.637,21.70493206371367,TPC-DI,View-Unionable,minilm,si_si2,5.834418297165666,2,63.47141829716567,"feature build from final_time_before_after_fs_bis.csv (minilm, si_si2) + RF fit amortized by test pair; prediction time not separately logged"
ChEMBL__Joinable__assays_both_50_30_ac5_ev,ChEMBL,assays_both_50_30_ac5_ev,63.211,23.410227498844264,ChEMBL,Joinable,minilm,si_si2,12.894884620442308,1,76.10588462044231,"feature build from final_time_before_after_fs_bis.csv (minilm, si_si2) + RF fit amortized by test pair; prediction time not separately logged"
ChEMBL__View-Unionable__assays_both_0_1_ac4_av,ChEMBL,assays_both_0_1_ac4_av,44.42,16.46276401922107,ChEMBL,View-Unionable,minilm,si_si2,5.615673451915668,1,50.03567345191567,"feature build from final_time_before_after_fs_bis.csv (minilm, si_si2) + RF fit amortized by test pair; prediction time not separately logged"
OpenData__Semantically-Joinable__miller2_vertical_30_ac2_av,OpenData,miller2_vertical_30_ac2_av,281.193,120.00392695705592,OpenData,Semantically-Joinable,minilm,si_si2,5.302493504503021,2,286.49549350450303,"feature build from final_time_before_after_fs_bis.csv (minilm, si_si2) + RF fit amortized by test pair; prediction time not separately logged"
TPC-DI__Joinable__prospect_vertical_1_ac4_ev,TPC-DI,prospect_vertical_1_ac4_ev,41.083,14.957352584127335,TPC-DI,Joinable,minilm,si_si2,5.92123784065059,1,47.00423784065059,"feature build from final_time_before_after_fs_bis.csv (minilm, si_si2) + RF fit amortized by test pair; prediction time not separately logged"
TPC-DI__View-Unionable__prospect_both_0_30_ec_ev,TPC-DI,prospect_both_0_30_ec_ev,52.088,19.86478233385086,TPC-DI,View-Unionable,minilm,si_si2,5.42661401036749,1,57.51461401036749,"feature build from final_time_before_after_fs_bis.csv (minilm, si_si2) + RF fit amortized by test pair; prediction time not separately logged"
ChEMBL__Joinable__assays_both_50_30_ec_ev,ChEMBL,assays_both_50_30_ec_ev,61.394,23.782650219887493,ChEMBL,Joinable,minilm,si_si2,5.549805419644571,2,66.94380541964458,"feature build from final_time_before_after_fs_bis.csv (minilm, si_si2) + RF fit amortized by test pair; prediction time not separately logged"
ChEMBL__View-Unionable__assays_both_0_1_ac4_ev,ChEMBL,assays_both_0_1_ac4_ev,44.176,16.115038077369334,ChEMBL,View-Unionable,minilm,si_si2,5.521143731141579,2,49.69714373114158,"feature build from final_time_before_after_fs_bis.csv (minilm, si_si2) + RF fit amortized by test pair; prediction time not separately logged"
OpenData__Semantically-Joinable__miller2_vertical_30_ac3_av,OpenData,miller2_vertical_30_ac3_av,288.307,123.26072109254824,OpenData,Semantically-Joinable,minilm,si_si2,5.92123784065059,1,294.2282378406506,"feature build from final_time_before_after_fs_bis.csv (minilm, si_si2) + RF fit amortized by test pair; prediction time not separately logged"
TPC-DI__Joinable__prospect_vertical_1_ac5_ev,TPC-DI,prospect_vertical_1_ac5_ev,38.884,13.956485879063608,TPC-DI,Joinable,minilm,si_si2,6.490463595692778,1,45.37446359569278,"feature build from final_time_before_after_fs_bis.csv (minilm, si_si2) + RF fit amortized by test pair; prediction time not separately logged"
TPC-DI__View-Unionable__prospect_both_0_50_ac1_av,TPC-DI,prospect_both_0_50_ac1_av,75.925,29.88991829864681,TPC-DI,View-Unionable,minilm,si_si2,5.863358144993974,3,81.78835814499396,"feature build from final_time_before_after_fs_bis.csv (minilm, si_si2) + RF fit amortized by test pair; prediction time not separately logged"
ChEMBL__Joinable__assays_both_50_50_ac1_ev,ChEMBL,assays_both_50_50_ac1_ev,79.352,30.95977133703232,ChEMBL,Joinable,minilm,si_si2,5.946105148903619,3,85.29810514890363,"feature build from final_time_before_after_fs_bis.csv (minilm, si_si2) + RF fit amortized by test pair; prediction time not separately logged"
ChEMBL__View-Unionable__assays_both_0_1_ac5_av,ChEMBL,assays_both_0_1_ac5_av,42.324,15.651160544693468,ChEMBL,View-Unionable,minilm,si_si2,12.894884620442308,1,55.21888462044231,"feature build from final_time_before_after_fs_bis.csv (minilm, si_si2) + RF fit amortized by test pair; prediction time not separately logged"
OpenData__Semantically-Joinable__miller2_vertical_30_ac4_av,OpenData,miller2_vertical_30_ac4_av,290.315,124.78533405303956,OpenData,Semantically-Joinable,minilm,si_si2,5.67392592550904,2,295.988925925509,"feature build from final_time_before_after_fs_bis.csv (minilm, si_si2) + RF fit amortized by test pair; prediction time not separately logged"
TPC-DI__Joinable__prospect_vertical_1_ec_ev,TPC-DI,prospect_vertical_1_ec_ev,36.835,13.45081199429929,TPC-DI,Joinable,minilm,si_si2,5.863358144993974,3,42.698358144993975,"feature build from final_time_before_after_fs_bis.csv (minilm, si_si2) + RF fit amortized by test pair; prediction time not separately logged"
TPC-DI__View-Unionable__prospect_both_0_50_ac1_ev,TPC-DI,prospect_both_0_50_ac1_ev,78.003,30.63706577892601,TPC-DI,View-Unionable,minilm,si_si2,5.549805419644571,2,83.55280541964457,"feature build from final_time_before_after_fs_bis.csv (minilm, si_si2) + RF fit amortized by test pair; prediction time not separately logged"
ChEMBL__Joinable__assays_both_50_50_ac2_ev,ChEMBL,assays_both_50_50_ac2_ev,79.206,31.35822350135446,ChEMBL,Joinable,minilm,si_si2,12.894884620442308,1,92.10088462044232,"feature build from final_time_before_after_fs_bis.csv (minilm, si_si2) + RF fit amortized by test pair; prediction time not separately logged"
ChEMBL__View-Unionable__assays_both_0_1_ac5_ev,ChEMBL,assays_both_0_1_ac5_ev,43.093,15.556631274178628,ChEMBL,View-Unionable,minilm,si_si2,5.92123784065059,1,49.014237840650594,"feature build from final_time_before_after_fs_bis.csv (minilm, si_si2) + RF fit amortized by test pair; prediction time not separately logged"
OpenData__Semantically-Joinable__miller2_vertical_30_ac5_av,OpenData,miller2_vertical_30_ac5_av,268.738,115.32846237170696,OpenData,Semantically-Joinable,minilm,si_si2,5.92123784065059,1,274.6592378406506,"feature build from final_time_before_after_fs_bis.csv (minilm, si_si2) + RF fit amortized by test pair; prediction time not separately logged"
TPC-DI__Joinable__prospect_vertical_30_ac1_ev,TPC-DI,prospect_vertical_30_ac1_ev,53.356,20.28290129391849,TPC-DI,Joinable,minilm,si_si2,12.894884620442308,1,66.2508846204423,"feature build from final_time_before_after_fs_bis.csv (minilm, si_si2) + RF fit amortized by test pair; prediction time not separately logged"
TPC-DI__View-Unionable__prospect_both_0_50_ac2_av,TPC-DI,prospect_both_0_50_ac2_av,80.034,31.580480942051857,TPC-DI,View-Unionable,minilm,si_si2,5.42661401036749,1,85.4606140103675,"feature build from final_time_before_after_fs_bis.csv (minilm, si_si2) + RF fit amortized by test pair; prediction time not separately logged"
ChEMBL__Joinable__assays_both_50_50_ac3_ev,ChEMBL,assays_both_50_50_ac3_ev,79.598,31.675743150293822,ChEMBL,Joinable,minilm,si_si2,5.521143731141579,2,85.11914373114158,"feature build from final_time_before_after_fs_bis.csv (minilm, si_si2) + RF fit amortized by test pair; prediction time not separately logged"
ChEMBL__View-Unionable__assays_both_0_1_ec_av,ChEMBL,assays_both_0_1_ec_av,44.057,16.214052317634227,ChEMBL,View-Unionable,minilm,si_si2,6.053068523804223,2,50.11006852380422,"feature build from final_time_before_after_fs_bis.csv (minilm, si_si2) + RF fit amortized by test pair; prediction time not separately logged"
OpenData__Semantically-Joinable__miller2_vertical_30_ec_av,OpenData,miller2_vertical_30_ec_av,268.559,116.41687374805662,OpenData,Semantically-Joinable,minilm,si_si2,12.894884620442308,1,281.45388462044235,"feature build from final_time_before_after_fs_bis.csv (minilm, si_si2) + RF fit amortized by test pair; prediction time not separately logged"
TPC-DI__Joinable__prospect_vertical_30_ac2_ev,TPC-DI,prospect_vertical_30_ac2_ev,52.659,20.15717575421184,TPC-DI,Joinable,minilm,si_si2,6.490463595692778,1,59.14946359569278,"feature build from final_time_before_after_fs_bis.csv (minilm, si_si2) + RF fit amortized by test pair; prediction time not separately logged"
TPC-DI__View-Unionable__prospect_both_0_50_ac2_ev,TPC-DI,prospect_both_0_50_ac2_ev,74.411,29.14575031554699,TPC-DI,View-Unionable,minilm,si_si2,5.946105148903619,3,80.35710514890363,"feature build from final_time_before_after_fs_bis.csv (minilm, si_si2) + RF fit amortized by test pair; prediction time not separately logged"
ChEMBL__Joinable__assays_both_50_50_ac4_ev,ChEMBL,assays_both_50_50_ac4_ev,78.802,31.251420856311924,ChEMBL,Joinable,minilm,si_si2,5.958538803030134,2,84.76053880303014,"feature build from final_time_before_after_fs_bis.csv (minilm, si_si2) + RF fit amortized by test pair; prediction time not separately logged"
ChEMBL__View-Unionable__assays_both_0_1_ec_ev,ChEMBL,assays_both_0_1_ec_ev,44.735,16.452272398993372,ChEMBL,View-Unionable,minilm,si_si2,12.894884620442308,1,57.62988462044231,"feature build from final_time_before_after_fs_bis.csv (minilm, si_si2) + RF fit amortized by test pair; prediction time not separately logged"
OpenData__Semantically-Joinable__miller2_vertical_50_ac1_av,OpenData,miller2_vertical_50_ac1_av,388.36,168.83452343069018,OpenData,Semantically-Joinable,minilm,si_si2,5.521143731141579,2,393.8811437311416,"feature build from final_time_before_after_fs_bis.csv (minilm, si_si2) + RF fit amortized by test pair; prediction time not separately logged"
TPC-DI__Joinable__prospect_vertical_30_ac3_ev,TPC-DI,prospect_vertical_30_ac3_ev,49.467,18.515312747851013,TPC-DI,Joinable,minilm,si_si2,5.521143731141579,2,54.98814373114158,"feature build from final_time_before_after_fs_bis.csv (minilm, si_si2) + RF fit amortized by test pair; prediction time not separately logged"
TPC-DI__View-Unionable__prospect_both_0_50_ac3_av,TPC-DI,prospect_both_0_50_ac3_av,77.052,30.18643003967405,TPC-DI,View-Unionable,minilm,si_si2,12.894884620442308,1,89.94688462044232,"feature build from final_time_before_after_fs_bis.csv (minilm, si_si2) + RF fit amortized by test pair; prediction time not separately logged"
ChEMBL__Joinable__assays_both_50_50_ac5_ev,ChEMBL,assays_both_50_50_ac5_ev,81.605,32.27223292553798,ChEMBL,Joinable,minilm,si_si2,12.894884620442308,1,94.49988462044232,"feature build from final_time_before_after_fs_bis.csv (minilm, si_si2) + RF fit amortized by test pair; prediction time not separately logged"
ChEMBL__View-Unionable__assays_both_0_30_ac1_av,ChEMBL,assays_both_0_30_ac1_av,59.928,22.994430687904355,ChEMBL,View-Unionable,minilm,si_si2,5.508741616552211,3,65.43674161655221,"feature build from final_time_before_after_fs_bis.csv (minilm, si_si2) + RF fit amortized by test pair; prediction time not separately logged"
OpenData__Semantically-Joinable__miller2_vertical_50_ac2_av,OpenData,miller2_vertical_50_ac2_av,372.673,160.54842875483632,OpenData,Semantically-Joinable,minilm,si_si2,5.958538803030134,2,378.63153880303014,"feature build from final_time_before_after_fs_bis.csv (minilm, si_si2) + RF fit amortized by test pair; prediction time not separately logged"
TPC-DI__Joinable__prospect_vertical_30_ac4_ev,TPC-DI,prospect_vertical_30_ac4_ev,57.446,21.549715382516386,TPC-DI,Joinable,minilm,si_si2,5.521143731141579,2,62.967143731141576,"feature build from final_time_before_after_fs_bis.csv (minilm, si_si2) + RF fit amortized by test pair; prediction time not separately logged"
TPC-DI__View-Unionable__prospect_both_0_50_ac3_ev,TPC-DI,prospect_both_0_50_ac3_ev,74.353,28.8442219531834,TPC-DI,View-Unionable,minilm,si_si2,5.844250352658645,3,80.19725035265864,"feature build from final_time_before_after_fs_bis.csv (minilm, si_si2) + RF fit amortized by test pair; prediction time not separately logged"
ChEMBL__Joinable__assays_both_50_50_ec_ev,ChEMBL,assays_both_50_50_ec_ev,82.645,32.92763356816023,ChEMBL,Joinable,minilm,si_si2,5.42661401036749,1,88.07161401036748,"feature build from final_time_before_after_fs_bis.csv (minilm, si_si2) + RF fit amortized by test pair; prediction time not separately logged"
ChEMBL__View-Unionable__assays_both_0_30_ac1_ev,ChEMBL,assays_both_0_30_ac1_ev,57.2,21.72289331890643,ChEMBL,View-Unionable,minilm,si_si2,6.205850718171684,2,63.405850718171685,"feature build from final_time_before_after_fs_bis.csv (minilm, si_si2) + RF fit amortized by test pair; prediction time not separately logged"
OpenData__Semantically-Joinable__miller2_vertical_50_ac3_av,OpenData,miller2_vertical_50_ac3_av,369.701,159.51744121184947,OpenData,Semantically-Joinable,minilm,si_si2,5.549805419644571,2,375.2508054196446,"feature build from final_time_before_after_fs_bis.csv (minilm, si_si2) + RF fit amortized by test pair; prediction time not separately logged"
TPC-DI__Joinable__prospect_vertical_30_ac5_ev,TPC-DI,prospect_vertical_30_ac5_ev,56.291,21.29522954559326,TPC-DI,Joinable,minilm,si_si2,12.894884620442308,1,69.18588462044231,"feature build from final_time_before_after_fs_bis.csv (minilm, si_si2) + RF fit amortized by test pair; prediction time not separately logged"
TPC-DI__View-Unionable__prospect_both_0_50_ac4_av,TPC-DI,prospect_both_0_50_ac4_av,77.358,30.50787482503056,TPC-DI,View-Unionable,minilm,si_si2,12.894884620442308,1,90.25288462044232,"feature build from final_time_before_after_fs_bis.csv (minilm, si_si2) + RF fit amortized by test pair; prediction time not separately logged"
ChEMBL__Joinable__assays_both_50_70_ac1_ev,ChEMBL,assays_both_50_70_ac1_ev,100.843,40.57835640165211,ChEMBL,Joinable,minilm,si_si2,12.894884620442308,1,113.73788462044232,"feature build from final_time_before_after_fs_bis.csv (minilm, si_si2) + RF fit amortized by test pair; prediction time not separately logged"
ChEMBL__View-Unionable__assays_both_0_30_ac2_av,ChEMBL,assays_both_0_30_ac2_av,59.185,22.48817379161716,ChEMBL,View-Unionable,minilm,si_si2,5.698483534899606,3,64.88348353489961,"feature build from final_time_before_after_fs_bis.csv (minilm, si_si2) + RF fit amortized by test pair; prediction time not separately logged"
OpenData__Semantically-Joinable__miller2_vertical_50_ac4_av,OpenData,miller2_vertical_50_ac4_av,375.201,162.18836759833994,OpenData,Semantically-Joinable,minilm,si_si2,5.761503348749,3,380.962503348749,"feature build from final_time_before_after_fs_bis.csv (minilm, si_si2) + RF fit amortized by test pair; prediction time not separately logged"
TPC-DI__Joinable__prospect_vertical_30_ec_ev,TPC-DI,prospect_vertical_30_ec_ev,54.994,20.65279974327981,TPC-DI,Joinable,minilm,si_si2,5.768455646283129,2,60.76245564628313,"feature build from final_time_before_after_fs_bis.csv (minilm, si_si2) + RF fit amortized by test pair; prediction time not separately logged"
TPC-DI__View-Unionable__prospect_both_0_50_ac4_ev,TPC-DI,prospect_both_0_50_ac4_ev,76.123,29.810726438045503,TPC-DI,View-Unionable,minilm,si_si2,12.894884620442308,1,89.01788462044232,"feature build from final_time_before_after_fs_bis.csv (minilm, si_si2) + RF fit amortized by test pair; prediction time not separately logged"
ChEMBL__Joinable__assays_both_50_70_ac2_ev,ChEMBL,assays_both_50_70_ac2_ev,100.85,40.34113644286989,ChEMBL,Joinable,minilm,si_si2,12.894884620442308,1,113.7448846204423,"feature build from final_time_before_after_fs_bis.csv (minilm, si_si2) + RF fit amortized by test pair; prediction time not separately logged"
ChEMBL__View-Unionable__assays_both_0_30_ac2_ev,ChEMBL,assays_both_0_30_ac2_ev,58.895,22.3525505759567,ChEMBL,View-Unionable,minilm,si_si2,6.205850718171684,2,65.10085071817169,"feature build from final_time_before_after_fs_bis.csv (minilm, si_si2) + RF fit amortized by test pair; prediction time not separately logged"
OpenData__Semantically-Joinable__miller2_vertical_50_ac5_av,OpenData,miller2_vertical_50_ac5_av,373.743,161.43829814459383,OpenData,Semantically-Joinable,minilm,si_si2,5.406886820307236,3,379.14988682030724,"feature build from final_time_before_after_fs_bis.csv (minilm, si_si2) + RF fit amortized by test pair; prediction time not separately logged"
TPC-DI__Joinable__prospect_vertical_50_ac1_ev,TPC-DI,prospect_vertical_50_ac1_ev,70.891,27.85905016510189,TPC-DI,Joinable,minilm,si_si2,5.549805419644571,2,76.44080541964458,"feature build from final_time_before_after_fs_bis.csv (minilm, si_si2) + RF fit amortized by test pair; prediction time not separately logged"
TPC-DI__View-Unionable__prospect_both_0_50_ac5_av,TPC-DI,prospect_both_0_50_ac5_av,77.009,30.261909164875757,TPC-DI,View-Unionable,minilm,si_si2,12.894884620442308,1,89.90388462044231,"feature build from final_time_before_after_fs_bis.csv (minilm, si_si2) + RF fit amortized by test pair; prediction time not separately logged"
ChEMBL__Joinable__assays_both_50_70_ac3_ev,ChEMBL,assays_both_50_70_ac3_ev,107.642,43.198062778458,ChEMBL,Joinable,minilm,si_si2,5.178372998638553,1,112.82037299863855,"feature build from final_time_before_after_fs_bis.csv (minilm, si_si2) + RF fit amortized by test pair; prediction time not separately logged"
ChEMBL__View-Unionable__assays_both_0_30_ac3_av,ChEMBL,assays_both_0_30_ac3_av,57.118,21.92940761356801,ChEMBL,View-Unionable,minilm,si_si2,12.894884620442308,1,70.0128846204423,"feature build from final_time_before_after_fs_bis.csv (minilm, si_si2) + RF fit amortized by test pair; prediction time not separately logged"
OpenData__Semantically-Joinable__miller2_vertical_50_ec_av,OpenData,miller2_vertical_50_ec_av,392.48,169.86272680900993,OpenData,Semantically-Joinable,minilm,si_si2,12.894884620442308,1,405.37488462044234,"feature build from final_time_before_after_fs_bis.csv (minilm, si_si2) + RF fit amortized by test pair; prediction time not separately logged"
TPC-DI__Joinable__prospect_vertical_50_ac2_ev,TPC-DI,prospect_vertical_50_ac2_ev,79.245,30.97877209110185,TPC-DI,Joinable,minilm,si_si2,12.894884620442308,1,92.13988462044232,"feature build from final_time_before_after_fs_bis.csv (minilm, si_si2) + RF fit amortized by test pair; prediction time not separately logged"
TPC-DI__View-Unionable__prospect_both_0_50_ac5_ev,TPC-DI,prospect_both_0_50_ac5_ev,77.565,30.60984874382616,TPC-DI,View-Unionable,minilm,si_si2,12.894884620442308,1,90.45988462044231,"feature build from final_time_before_after_fs_bis.csv (minilm, si_si2) + RF fit amortized by test pair; prediction time not separately logged"
ChEMBL__Joinable__assays_both_50_70_ac4_ev,ChEMBL,assays_both_50_70_ac4_ev,103.345,41.851077820435165,ChEMBL,Joinable,minilm,si_si2,5.39702322527711,2,108.74202322527711,"feature build from final_time_before_after_fs_bis.csv (minilm, si_si2) + RF fit amortized by test pair; prediction time not separately logged"
ChEMBL__View-Unionable__assays_both_0_30_ac3_ev,ChEMBL,assays_both_0_30_ac3_ev,59.016,22.535557926803826,ChEMBL,View-Unionable,minilm,si_si2,5.42661401036749,1,64.44261401036749,"feature build from final_time_before_after_fs_bis.csv (minilm, si_si2) + RF fit amortized by test pair; prediction time not separately logged"
OpenData__Semantically-Joinable__miller2_vertical_70_ac1_av,OpenData,miller2_vertical_70_ac1_av,454.65,198.15344394519923,OpenData,Semantically-Joinable,minilm,si_si2,6.205850718171684,2,460.85585071817167,"feature build from final_time_before_after_fs_bis.csv (minilm, si_si2) + RF fit amortized by test pair; prediction time not separately logged"
TPC-DI__Joinable__prospect_vertical_50_ac3_ev,TPC-DI,prospect_vertical_50_ac3_ev,77.204,29.83148333998023,TPC-DI,Joinable,minilm,si_si2,12.894884620442308,1,90.0988846204423,"feature build from final_time_before_after_fs_bis.csv (minilm, si_si2) + RF fit amortized by test pair; prediction time not separately logged"
TPC-DI__View-Unionable__prospect_both_0_50_ec_av,TPC-DI,prospect_both_0_50_ec_av,73.027,28.38290356960893,TPC-DI,View-Unionable,minilm,si_si2,5.768455646283129,2,78.79545564628313,"feature build from final_time_before_after_fs_bis.csv (minilm, si_si2) + RF fit amortized by test pair; prediction time not separately logged"
ChEMBL__Joinable__assays_both_50_70_ac5_ev,ChEMBL,assays_both_50_70_ac5_ev,101.542,40.88601893243194,ChEMBL,Joinable,minilm,si_si2,5.844250352658645,3,107.38625035265865,"feature build from final_time_before_after_fs_bis.csv (minilm, si_si2) + RF fit amortized by test pair; prediction time not separately logged"
ChEMBL__View-Unionable__assays_both_0_30_ac4_av,ChEMBL,assays_both_0_30_ac4_av,59.593,22.478325366631157,ChEMBL,View-Unionable,minilm,si_si2,12.894884620442308,1,72.48788462044232,"feature build from final_time_before_after_fs_bis.csv (minilm, si_si2) + RF fit amortized by test pair; prediction time not separately logged"
OpenData__Semantically-Joinable__miller2_vertical_70_ac2_av,OpenData,miller2_vertical_70_ac2_av,475.112,205.8282081114948,OpenData,Semantically-Joinable,minilm,si_si2,5.677781014153622,4,480.7897810141536,"feature build from final_time_before_after_fs_bis.csv (minilm, si_si2) + RF fit amortized by test pair; prediction time not separately logged"
TPC-DI__Joinable__prospect_vertical_50_ac4_ev,TPC-DI,prospect_vertical_50_ac4_ev,74.765,29.05632421128452,TPC-DI,Joinable,minilm,si_si2,5.42661401036749,1,80.19161401036749,"feature build from final_time_before_after_fs_bis.csv (minilm, si_si2) + RF fit amortized by test pair; prediction time not separately logged"
TPC-DI__View-Unionable__prospect_both_0_50_ec_ev,TPC-DI,prospect_both_0_50_ec_ev,74.441,29.088006193175907,TPC-DI,View-Unionable,minilm,si_si2,5.615673451915668,1,80.05667345191567,"feature build from final_time_before_after_fs_bis.csv (minilm, si_si2) + RF fit amortized by test pair; prediction time not separately logged"
ChEMBL__Joinable__assays_both_50_70_ec_ev,ChEMBL,assays_both_50_70_ec_ev,104.851,42.49610728046298,ChEMBL,Joinable,minilm,si_si2,5.726472379453016,5,110.57747237945301,"feature build from final_time_before_after_fs_bis.csv (minilm, si_si2) + RF fit amortized by test pair; prediction time not separately logged"
ChEMBL__View-Unionable__assays_both_0_30_ac4_ev,ChEMBL,assays_both_0_30_ac4_ev,57.717,21.95677292701602,ChEMBL,View-Unionable,minilm,si_si2,5.42661401036749,1,63.143614010367486,"feature build from final_time_before_after_fs_bis.csv (minilm, si_si2) + RF fit amortized by test pair; prediction time not separately logged"
OpenData__Semantically-Joinable__miller2_vertical_70_ac3_av,OpenData,miller2_vertical_70_ac3_av,491.34,213.63487464204428,OpenData,Semantically-Joinable,minilm,si_si2,12.894884620442308,1,504.2348846204423,"feature build from final_time_before_after_fs_bis.csv (minilm, si_si2) + RF fit amortized by test pair; prediction time not separately logged"
TPC-DI__Joinable__prospect_vertical_50_ac5_ev,TPC-DI,prospect_vertical_50_ac5_ev,77.588,30.411741573840374,TPC-DI,Joinable,minilm,si_si2,5.508741616552211,3,83.09674161655221,"feature build from final_time_before_after_fs_bis.csv (minilm, si_si2) + RF fit amortized by test pair; prediction time not separately logged"
TPC-DI__View-Unionable__prospect_both_0_70_ac1_av,TPC-DI,prospect_both_0_70_ac1_av,95.547,38.50004201543331,TPC-DI,View-Unionable,minilm,si_si2,6.490463595692778,1,102.03746359569277,"feature build from final_time_before_after_fs_bis.csv (minilm, si_si2) + RF fit amortized by test pair; prediction time not separately logged"
ChEMBL__Joinable__assays_vertical_1_ac1_ev,ChEMBL,assays_vertical_1_ac1_ev,44.64,16.81218436487019,ChEMBL,Joinable,minilm,si_si2,5.67392592550904,2,50.31392592550904,"feature build from final_time_before_after_fs_bis.csv (minilm, si_si2) + RF fit amortized by test pair; prediction time not separately logged"
ChEMBL__View-Unionable__assays_both_0_30_ac5_av,ChEMBL,assays_both_0_30_ac5_av,59.852,22.89594232295453,ChEMBL,View-Unionable,minilm,si_si2,12.894884620442308,1,72.7468846204423,"feature build from final_time_before_after_fs_bis.csv (minilm, si_si2) + RF fit amortized by test pair; prediction time not separately logged"
OpenData__Semantically-Joinable__miller2_vertical_70_ac4_av,OpenData,miller2_vertical_70_ac4_av,470.973,204.48158840160076,OpenData,Semantically-Joinable,minilm,si_si2,5.39702322527711,2,476.3700232252771,"feature build from final_time_before_after_fs_bis.csv (minilm, si_si2) + RF fit amortized by test pair; prediction time not separately logged"
TPC-DI__Joinable__prospect_vertical_50_ec_ev,TPC-DI,prospect_vertical_50_ec_ev,75.197,29.49282080803812,TPC-DI,Joinable,minilm,si_si2,5.178372998638553,1,80.37537299863855,"feature build from final_time_before_after_fs_bis.csv (minilm, si_si2) + RF fit amortized by test pair; prediction time not separately logged"
TPC-DI__View-Unionable__prospect_both_0_70_ac1_ev,TPC-DI,prospect_both_0_70_ac1_ev,99.327,39.99874180038274,TPC-DI,View-Unionable,minilm,si_si2,12.894884620442308,1,112.22188462044231,"feature build from final_time_before_after_fs_bis.csv (minilm, si_si2) + RF fit amortized by test pair; prediction time not separately logged"
ChEMBL__Joinable__assays_vertical_1_ac2_ev,ChEMBL,assays_vertical_1_ac2_ev,42.855,15.62612064324319,ChEMBL,Joinable,minilm,si_si2,5.768455646283129,2,48.623455646283126,"feature build from final_time_before_after_fs_bis.csv (minilm, si_si2) + RF fit amortized by test pair; prediction time not separately logged"
ChEMBL__View-Unionable__assays_both_0_30_ac5_ev,ChEMBL,assays_both_0_30_ac5_ev,56.553,21.484202609091987,ChEMBL,View-Unionable,minilm,si_si2,5.958538803030134,2,62.511538803030135,"feature build from final_time_before_after_fs_bis.csv (minilm, si_si2) + RF fit amortized by test pair; prediction time not separately logged"
OpenData__Semantically-Joinable__miller2_vertical_70_ac5_av,OpenData,miller2_vertical_70_ac5_av,480.273,209.15037478874623,OpenData,Semantically-Joinable,minilm,si_si2,5.615673451915668,1,485.8886734519157,"feature build from final_time_before_after_fs_bis.csv (minilm, si_si2) + RF fit amortized by test pair; prediction time not separately logged"
TPC-DI__Joinable__prospect_vertical_70_ac1_ev,TPC-DI,prospect_vertical_70_ac1_ev,97.094,38.90267627542466,TPC-DI,Joinable,minilm,si_si2,5.178372998638553,1,102.27237299863855,"feature build from final_time_before_after_fs_bis.csv (minilm, si_si2) + RF fit amortized by test pair; prediction time not separately logged"
TPC-DI__View-Unionable__prospect_both_0_70_ac2_av,TPC-DI,prospect_both_0_70_ac2_av,89.114,35.62173174874485,TPC-DI,View-Unionable,minilm,si_si2,5.946105148903619,3,95.06010514890363,"feature build from final_time_before_after_fs_bis.csv (minilm, si_si2) + RF fit amortized by test pair; prediction time not separately logged"
ChEMBL__Joinable__assays_vertical_1_ac3_ev,ChEMBL,assays_vertical_1_ac3_ev,43.643,16.26286167728901,ChEMBL,Joinable,minilm,si_si2,12.894884620442308,1,56.53788462044231,"feature build from final_time_before_after_fs_bis.csv (minilm, si_si2) + RF fit amortized by test pair; prediction time not separately logged"
ChEMBL__View-Unionable__assays_both_0_30_ec_av,ChEMBL,assays_both_0_30_ec_av,66.098,25.942337549060586,ChEMBL,View-Unionable,minilm,si_si2,5.571761430401604,3,71.6697614304016,"feature build from final_time_before_after_fs_bis.csv (minilm, si_si2) + RF fit amortized by test pair; prediction time not separately logged"
OpenData__Semantically-Joinable__miller2_vertical_70_ec_av,OpenData,miller2_vertical_70_ec_av,462.114,201.3862140904516,OpenData,Semantically-Joinable,minilm,si_si2,5.92123784065059,1,468.03523784065055,"feature build from final_time_before_after_fs_bis.csv (minilm, si_si2) + RF fit amortized by test pair; prediction time not separately logged"
TPC-DI__Joinable__prospect_vertical_70_ac2_ev,TPC-DI,prospect_vertical_70_ac2_ev,93.023,36.97857336509228,TPC-DI,Joinable,minilm,si_si2,6.490463595692778,1,99.51346359569277,"feature build from final_time_before_after_fs_bis.csv (minilm, si_si2) + RF fit amortized by test pair; prediction time not separately logged"
TPC-DI__View-Unionable__prospect_both_0_70_ac2_ev,TPC-DI,prospect_both_0_70_ac2_ev,93.492,37.23180330303312,TPC-DI,View-Unionable,minilm,si_si2,5.768455646283129,2,99.26045564628313,"feature build from final_time_before_after_fs_bis.csv (minilm, si_si2) + RF fit amortized by test pair; prediction time not separately logged"
ChEMBL__Joinable__assays_vertical_1_ac4_ev,ChEMBL,assays_vertical_1_ac4_ev,41.828,15.267606407657269,ChEMBL,Joinable,minilm,si_si2,12.894884620442308,1,54.722884620442315,"feature build from final_time_before_after_fs_bis.csv (minilm, si_si2) + RF fit amortized by test pair; prediction time not separately logged"
ChEMBL__View-Unionable__assays_both_0_30_ec_ev,ChEMBL,assays_both_0_30_ec_ev,65.596,25.678781715318564,ChEMBL,View-Unionable,minilm,si_si2,6.009124962753012,3,71.60512496275301,"feature build from final_time_before_after_fs_bis.csv (minilm, si_si2) + RF fit amortized by test pair; prediction time not separately logged"
OpenData__Unionable__miller2_horizontal_0_ac1_av,OpenData,miller2_horizontal_0_ac1_av,662.33,289.17380422160034,OpenData,Unionable,minilm,si_si2,6.053068523804223,2,668.3830685238042,"feature build from final_time_before_after_fs_bis.csv (minilm, si_si2) + RF fit amortized by test pair; prediction time not separately logged"
TPC-DI__Joinable__prospect_vertical_70_ac3_ev,TPC-DI,prospect_vertical_70_ac3_ev,91.2,36.114263833314176,TPC-DI,Joinable,minilm,si_si2,12.894884620442308,1,104.09488462044231,"feature build from final_time_before_after_fs_bis.csv (minilm, si_si2) + RF fit amortized by test pair; prediction time not separately logged"
TPC-DI__View-Unionable__prospect_both_0_70_ac3_av,TPC-DI,prospect_both_0_70_ac3_av,93.912,37.59199912239611,TPC-DI,View-Unionable,minilm,si_si2,5.958538803030134,2,99.87053880303014,"feature build from final_time_before_after_fs_bis.csv (minilm, si_si2) + RF fit amortized by test pair; prediction time not separately logged"
ChEMBL__Joinable__assays_vertical_1_ac5_ev,ChEMBL,assays_vertical_1_ac5_ev,43.918,16.4495697863698,ChEMBL,Joinable,minilm,si_si2,12.894884620442308,1,56.812884620442304,"feature build from final_time_before_after_fs_bis.csv (minilm, si_si2) + RF fit amortized by test pair; prediction time not separately logged"
ChEMBL__View-Unionable__assays_both_0_50_ac1_av,ChEMBL,assays_both_0_50_ac1_av,81.469,32.09161152081191,ChEMBL,View-Unionable,minilm,si_si2,5.615673451915668,1,87.08467345191566,"feature build from final_time_before_after_fs_bis.csv (minilm, si_si2) + RF fit amortized by test pair; prediction time not separately logged"
OpenData__Unionable__miller2_horizontal_0_ac1_ev,OpenData,miller2_horizontal_0_ac1_ev,704.981,309.44952178126573,OpenData,Unionable,minilm,si_si2,5.549805419644571,2,710.5308054196446,"feature build from final_time_before_after_fs_bis.csv (minilm, si_si2) + RF fit amortized by test pair; prediction time not separately logged"
TPC-DI__Joinable__prospect_vertical_70_ac4_ev,TPC-DI,prospect_vertical_70_ac4_ev,98.408,39.68186223198846,TPC-DI,Joinable,minilm,si_si2,5.406886820307236,3,103.81488682030724,"feature build from final_time_before_after_fs_bis.csv (minilm, si_si2) + RF fit amortized by test pair; prediction time not separately logged"
TPC-DI__View-Unionable__prospect_both_0_70_ac3_ev,TPC-DI,prospect_both_0_70_ac3_ev,88.451,35.30725428706407,TPC-DI,View-Unionable,minilm,si_si2,5.406886820307236,3,93.85788682030723,"feature build from final_time_before_after_fs_bis.csv (minilm, si_si2) + RF fit amortized by test pair; prediction time not separately logged"
ChEMBL__Joinable__assays_vertical_1_ec_ev,ChEMBL,assays_vertical_1_ec_ev,45.605,16.33369583405554,ChEMBL,Joinable,minilm,si_si2,5.39702322527711,2,51.00202322527711,"feature build from final_time_before_after_fs_bis.csv (minilm, si_si2) + RF fit amortized by test pair; prediction time not separately logged"
ChEMBL__View-Unionable__assays_both_0_50_ac1_ev,ChEMBL,assays_both_0_50_ac1_ev,81.153,31.969834533587104,ChEMBL,View-Unionable,minilm,si_si2,5.615673451915668,1,86.76867345191567,"feature build from final_time_before_after_fs_bis.csv (minilm, si_si2) + RF fit amortized by test pair; prediction time not separately logged"
OpenData__Unionable__miller2_horizontal_0_ac2_av,OpenData,miller2_horizontal_0_ac2_av,629.769,273.9228777947426,OpenData,Unionable,minilm,si_si2,5.302493504503021,2,635.071493504503,"feature build from final_time_before_after_fs_bis.csv (minilm, si_si2) + RF fit amortized by test pair; prediction time not separately logged"
TPC-DI__Joinable__prospect_vertical_70_ac5_ev,TPC-DI,prospect_vertical_70_ac5_ev,92.645,37.40752832636237,TPC-DI,Joinable,minilm,si_si2,5.92123784065059,1,98.56623784065059,"feature build from final_time_before_after_fs_bis.csv (minilm, si_si2) + RF fit amortized by test pair; prediction time not separately logged"
TPC-DI__View-Unionable__prospect_both_0_70_ac4_av,TPC-DI,prospect_both_0_70_ac4_av,92.27,36.932909537553776,TPC-DI,View-Unionable,minilm,si_si2,6.053068523804223,2,98.32306852380422,"feature build from final_time_before_after_fs_bis.csv (minilm, si_si2) + RF fit amortized by test pair; prediction time not separately logged"
ChEMBL__Joinable__assays_vertical_30_ac1_ev,ChEMBL,assays_vertical_30_ac1_ev,58.19,22.32242323696613,ChEMBL,Joinable,minilm,si_si2,5.958538803030134,2,64.14853880303014,"feature build from final_time_before_after_fs_bis.csv (minilm, si_si2) + RF fit amortized by test pair; prediction time not separately logged"
ChEMBL__View-Unionable__assays_both_0_50_ac2_av,ChEMBL,assays_both_0_50_ac2_av,73.178,28.414215321347115,ChEMBL,View-Unionable,minilm,si_si2,5.615673451915668,1,78.79367345191567,"feature build from final_time_before_after_fs_bis.csv (minilm, si_si2) + RF fit amortized by test pair; prediction time not separately logged"
OpenData__Unionable__miller2_horizontal_0_ac2_ev,OpenData,miller2_horizontal_0_ac2_ev,627.527,273.9420046426804,OpenData,Unionable,minilm,si_si2,5.654508434311249,3,633.1815084343112,"feature build from final_time_before_after_fs_bis.csv (minilm, si_si2) + RF fit amortized by test pair; prediction time not separately logged"
TPC-DI__Joinable__prospect_vertical_70_ec_ev,TPC-DI,prospect_vertical_70_ec_ev,94.616,37.61302275265008,TPC-DI,Joinable,minilm,si_si2,5.863497224656632,4,100.47949722465663,"feature build from final_time_before_after_fs_bis.csv (minilm, si_si2) + RF fit amortized by test pair; prediction time not separately logged"
TPC-DI__View-Unionable__prospect_both_0_70_ac4_ev,TPC-DI,prospect_both_0_70_ac4_ev,95.375,38.27035941369832,TPC-DI,View-Unionable,minilm,si_si2,5.677781014153622,4,101.05278101415362,"feature build from final_time_before_after_fs_bis.csv (minilm, si_si2) + RF fit amortized by test pair; prediction time not separately logged"
ChEMBL__Joinable__assays_vertical_30_ac2_ev,ChEMBL,assays_vertical_30_ac2_ev,60.836,23.08941539271176,ChEMBL,Joinable,minilm,si_si2,5.958538803030134,2,66.79453880303014,"feature build from final_time_before_after_fs_bis.csv (minilm, si_si2) + RF fit amortized by test pair; prediction time not separately logged"
ChEMBL__View-Unionable__assays_both_0_50_ac2_ev,ChEMBL,assays_both_0_50_ac2_ev,75.34,29.357498914152387,ChEMBL,View-Unionable,minilm,si_si2,6.490463595692778,1,81.83046359569278,"feature build from final_time_before_after_fs_bis.csv (minilm, si_si2) + RF fit amortized by test pair; prediction time not separately logged"
OpenData__Unionable__miller2_horizontal_0_ac3_av,OpenData,miller2_horizontal_0_ac3_av,676.711,294.303098643072,OpenData,Unionable,minilm,si_si2,12.894884620442308,1,689.6058846204423,"feature build from final_time_before_after_fs_bis.csv (minilm, si_si2) + RF fit amortized by test pair; prediction time not separately logged"
TPC-DI__Semantically-Joinable__prospect_both_50_1_ac1_av,TPC-DI,prospect_both_50_1_ac1_av,39.424,14.373263293296098,TPC-DI,Semantically-Joinable,minilm,si_si2,12.894884620442308,1,52.318884620442304,"feature build from final_time_before_after_fs_bis.csv (minilm, si_si2) + RF fit amortized by test pair; prediction time not separately logged"
TPC-DI__View-Unionable__prospect_both_0_70_ac5_av,TPC-DI,prospect_both_0_70_ac5_av,95.497,38.27629867245257,TPC-DI,View-Unionable,minilm,si_si2,5.92123784065059,1,101.41823784065059,"feature build from final_time_before_after_fs_bis.csv (minilm, si_si2) + RF fit amortized by test pair; prediction time not separately logged"
ChEMBL__Joinable__assays_vertical_30_ac3_ev,ChEMBL,assays_vertical_30_ac3_ev,58.097,22.14695107650757,ChEMBL,Joinable,minilm,si_si2,5.863358144993974,3,63.960358144993975,"feature build from final_time_before_after_fs_bis.csv (minilm, si_si2) + RF fit amortized by test pair; prediction time not separately logged"
ChEMBL__View-Unionable__assays_both_0_50_ac3_av,ChEMBL,assays_both_0_50_ac3_av,80.968,31.81148395839334,ChEMBL,View-Unionable,minilm,si_si2,5.178372998638553,1,86.14637299863855,"feature build from final_time_before_after_fs_bis.csv (minilm, si_si2) + RF fit amortized by test pair; prediction time not separately logged"
OpenData__Unionable__miller2_horizontal_0_ac3_ev,OpenData,miller2_horizontal_0_ac3_ev,678.091,296.3920602425784,OpenData,Unionable,minilm,si_si2,12.894884620442308,1,690.9858846204423,"feature build from final_time_before_after_fs_bis.csv (minilm, si_si2) + RF fit amortized by test pair; prediction time not separately logged"
TPC-DI__Semantically-Joinable__prospect_both_50_1_ac2_av,TPC-DI,prospect_both_50_1_ac2_av,38.896,14.08413438527286,TPC-DI,Semantically-Joinable,minilm,si_si2,5.615673451915668,1,44.51167345191567,"feature build from final_time_before_after_fs_bis.csv (minilm, si_si2) + RF fit amortized by test pair; prediction time not separately logged"
TPC-DI__View-Unionable__prospect_both_0_70_ac5_ev,TPC-DI,prospect_both_0_70_ac5_ev,94.623,38.06711400891841,TPC-DI,View-Unionable,minilm,si_si2,5.549805419644571,2,100.17280541964458,"feature build from final_time_before_after_fs_bis.csv (minilm, si_si2) + RF fit amortized by test pair; prediction time not separately logged"
ChEMBL__Joinable__assays_vertical_30_ac4_ev,ChEMBL,assays_vertical_30_ac4_ev,59.766,22.74556905327737,ChEMBL,Joinable,minilm,si_si2,12.894884620442308,1,72.6608846204423,"feature build from final_time_before_after_fs_bis.csv (minilm, si_si2) + RF fit amortized by test pair; prediction time not separately logged"
ChEMBL__View-Unionable__assays_both_0_50_ac3_ev,ChEMBL,assays_both_0_50_ac3_ev,83.666,32.8931607350558,ChEMBL,View-Unionable,minilm,si_si2,5.302493504503021,2,88.96849350450302,"feature build from final_time_before_after_fs_bis.csv (minilm, si_si2) + RF fit amortized by test pair; prediction time not separately logged"
OpenData__Unionable__miller2_horizontal_0_ac4_av,OpenData,miller2_horizontal_0_ac4_av,663.33,289.3568034245819,OpenData,Unionable,minilm,si_si2,5.768455646283129,2,669.0984556462831,"feature build from final_time_before_after_fs_bis.csv (minilm, si_si2) + RF fit amortized by test pair; prediction time not separately logged"
TPC-DI__Semantically-Joinable__prospect_both_50_1_ac3_av,TPC-DI,prospect_both_50_1_ac3_av,39.987,14.364274688333277,TPC-DI,Semantically-Joinable,minilm,si_si2,6.205850718171684,2,46.192850718171684,"feature build from final_time_before_after_fs_bis.csv (minilm, si_si2) + RF fit amortized by test pair; prediction time not separately logged"
TPC-DI__View-Unionable__prospect_both_0_70_ec_av,TPC-DI,prospect_both_0_70_ec_av,87.571,34.92628054274619,TPC-DI,View-Unionable,minilm,si_si2,5.42661401036749,1,92.99761401036749,"feature build from final_time_before_after_fs_bis.csv (minilm, si_si2) + RF fit amortized by test pair; prediction time not separately logged"
ChEMBL__Joinable__assays_vertical_30_ac5_ev,ChEMBL,assays_vertical_30_ac5_ev,56.088,21.21639208915829,ChEMBL,Joinable,minilm,si_si2,5.946105148903619,3,62.03410514890362,"feature build from final_time_before_after_fs_bis.csv (minilm, si_si2) + RF fit amortized by test pair; prediction time not separately logged"
ChEMBL__View-Unionable__assays_both_0_50_ac4_av,ChEMBL,assays_both_0_50_ac4_av,78.065,30.5018363302201,ChEMBL,View-Unionable,minilm,si_si2,5.42661401036749,1,83.49161401036748,"feature build from final_time_before_after_fs_bis.csv (minilm, si_si2) + RF fit amortized by test pair; prediction time not separately logged"
OpenData__Unionable__miller2_horizontal_0_ac4_ev,OpenData,miller2_horizontal_0_ac4_ev,666.649,291.528126554355,OpenData,Unionable,minilm,si_si2,5.92123784065059,1,672.5702378406506,"feature build from final_time_before_after_fs_bis.csv (minilm, si_si2) + RF fit amortized by test pair; prediction time not separately logged"
TPC-DI__Semantically-Joinable__prospect_both_50_1_ac4_av,TPC-DI,prospect_both_50_1_ac4_av,39.108,14.094767476424568,TPC-DI,Semantically-Joinable,minilm,si_si2,12.894884620442308,1,52.0028846204423,"feature build from final_time_before_after_fs_bis.csv (minilm, si_si2) + RF fit amortized by test pair; prediction time not separately logged"
TPC-DI__View-Unionable__prospect_both_0_70_ec_ev,TPC-DI,prospect_both_0_70_ec_ev,89.343,35.731570167124275,TPC-DI,View-Unionable,minilm,si_si2,12.894884620442308,1,102.23788462044232,"feature build from final_time_before_after_fs_bis.csv (minilm, si_si2) + RF fit amortized by test pair; prediction time not separately logged"
ChEMBL__Joinable__assays_vertical_30_ec_ev,ChEMBL,assays_vertical_30_ec_ev,60.399,23.599145207345487,ChEMBL,Joinable,minilm,si_si2,5.571761430401604,3,65.97076143040161,"feature build from final_time_before_after_fs_bis.csv (minilm, si_si2) + RF fit amortized by test pair; prediction time not separately logged"
ChEMBL__View-Unionable__assays_both_0_50_ac4_ev,ChEMBL,assays_both_0_50_ac4_ev,78.39,30.551846509203315,ChEMBL,View-Unionable,minilm,si_si2,5.406886820307236,3,83.79688682030724,"feature build from final_time_before_after_fs_bis.csv (minilm, si_si2) + RF fit amortized by test pair; prediction time not separately logged"
OpenData__Unionable__miller2_horizontal_0_ac5_av,OpenData,miller2_horizontal_0_ac5_av,666.065,290.4298194018752,OpenData,Unionable,minilm,si_si2,5.42661401036749,1,671.4916140103676,"feature build from final_time_before_after_fs_bis.csv (minilm, si_si2) + RF fit amortized by test pair; prediction time not separately logged"
TPC-DI__Semantically-Joinable__prospect_both_50_1_ac5_av,TPC-DI,prospect_both_50_1_ac5_av,41.053,14.933857301875944,TPC-DI,Semantically-Joinable,minilm,si_si2,12.894884620442308,1,53.94788462044231,"feature build from final_time_before_after_fs_bis.csv (minilm, si_si2) + RF fit amortized by test pair; prediction time not separately logged"
Wikidata__Musicians__Musicians_joinable,Wikidata,Musicians_joinable,49.068,18.44848803247511,Wikidata,Joinable,minilm,si_si2,12.894884620442308,1,61.96288462044231,"feature build from final_time_before_after_fs_bis.csv (minilm, si_si2) + RF fit amortized by test pair; prediction time not separately logged"
ChEMBL__Joinable__assays_vertical_50_ac1_ev,ChEMBL,assays_vertical_50_ac1_ev,76.294,29.978472469612957,ChEMBL,Joinable,minilm,si_si2,5.768455646283129,2,82.06245564628313,"feature build from final_time_before_after_fs_bis.csv (minilm, si_si2) + RF fit amortized by test pair; prediction time not separately logged"
ChEMBL__View-Unionable__assays_both_0_50_ac5_av,ChEMBL,assays_both_0_50_ac5_av,80.381,31.45606511779502,ChEMBL,View-Unionable,minilm,si_si2,12.894884620442308,1,93.27588462044231,"feature build from final_time_before_after_fs_bis.csv (minilm, si_si2) + RF fit amortized by test pair; prediction time not separately logged"
OpenData__Unionable__miller2_horizontal_0_ac5_ev,OpenData,miller2_horizontal_0_ac5_ev,680.383,297.9824916465134,OpenData,Unionable,minilm,si_si2,6.490463595692778,1,686.8734635956928,"feature build from final_time_before_after_fs_bis.csv (minilm, si_si2) + RF fit amortized by test pair; prediction time not separately logged"
TPC-DI__Semantically-Joinable__prospect_both_50_1_ec_av,TPC-DI,prospect_both_50_1_ec_av,40.279,14.657550985828044,TPC-DI,Semantically-Joinable,minilm,si_si2,6.490463595692778,1,46.769463595692784,"feature build from final_time_before_after_fs_bis.csv (minilm, si_si2) + RF fit amortized by test pair; prediction time not separately logged"
Wikidata__Musicians__Musicians_semjoinable,Wikidata,Musicians_semjoinable,58.927,22.644609931714832,Wikidata,Semantically-Joinable,minilm,si_si2,5.768455646283129,2,64.69545564628312,"feature build from final_time_before_after_fs_bis.csv (minilm, si_si2) + RF fit amortized by test pair; prediction time not separately logged"
ChEMBL__Joinable__assays_vertical_50_ac2_ev,ChEMBL,assays_vertical_50_ac2_ev,78.806,30.73873097090423,ChEMBL,Joinable,minilm,si_si2,5.834418297165666,2,84.64041829716567,"feature build from final_time_before_after_fs_bis.csv (minilm, si_si2) + RF fit amortized by test pair; prediction time not separately logged"
ChEMBL__View-Unionable__assays_both_0_50_ac5_ev,ChEMBL,assays_both_0_50_ac5_ev,82.482,32.322347500517964,ChEMBL,View-Unionable,minilm,si_si2,6.009124962753012,3,88.491124962753,"feature build from final_time_before_after_fs_bis.csv (minilm, si_si2) + RF fit amortized by test pair; prediction time not separately logged"
OpenData__Unionable__miller2_horizontal_0_ec_av,OpenData,miller2_horizontal_0_ec_av,625.196,272.9029117613137,OpenData,Unionable,minilm,si_si2,5.67392592550904,2,630.869925925509,"feature build from final_time_before_after_fs_bis.csv (minilm, si_si2) + RF fit amortized by test pair; prediction time not separately logged"
TPC-DI__Semantically-Joinable__prospect_both_50_30_ac1_av,TPC-DI,prospect_both_50_30_ac1_av,56.968,21.719977389678363,TPC-DI,Semantically-Joinable,minilm,si_si2,12.894884620442308,1,69.86288462044232,"feature build from final_time_before_after_fs_bis.csv (minilm, si_si2) + RF fit amortized by test pair; prediction time not separately logged"
Wikidata__Musicians__Musicians_unionable,Wikidata,Musicians_unionable,110.794,44.82892216207087,Wikidata,Unionable,minilm,si_si2,5.834418297165666,2,116.62841829716567,"feature build from final_time_before_after_fs_bis.csv (minilm, si_si2) + RF fit amortized by test pair; prediction time not separately logged"
ChEMBL__Joinable__assays_vertical_50_ac3_ev,ChEMBL,assays_vertical_50_ac3_ev,82.446,32.427180055998264,ChEMBL,Joinable,minilm,si_si2,5.521143731141579,2,87.96714373114158,"feature build from final_time_before_after_fs_bis.csv (minilm, si_si2) + RF fit amortized by test pair; prediction time not separately logged"
ChEMBL__View-Unionable__assays_both_0_50_ec_av,ChEMBL,assays_both_0_50_ec_av,92.884,37.88202427738905,ChEMBL,View-Unionable,minilm,si_si2,5.92123784065059,1,98.80523784065059,"feature build from final_time_before_after_fs_bis.csv (minilm, si_si2) + RF fit amortized by test pair; prediction time not separately logged"
OpenData__Unionable__miller2_horizontal_0_ec_ev,OpenData,miller2_horizontal_0_ec_ev,668.456,292.7314268590361,OpenData,Unionable,minilm,si_si2,5.615673451915668,1,674.0716734519157,"feature build from final_time_before_after_fs_bis.csv (minilm, si_si2) + RF fit amortized by test pair; prediction time not separately logged"
TPC-DI__Semantically-Joinable__prospect_both_50_30_ac2_av,TPC-DI,prospect_both_50_30_ac2_av,55.645,20.981720772087577,TPC-DI,Semantically-Joinable,minilm,si_si2,5.521143731141579,2,61.16614373114158,"feature build from final_time_before_after_fs_bis.csv (minilm, si_si2) + RF fit amortized by test pair; prediction time not separately logged"
Wikidata__Musicians__Musicians_viewunion,Wikidata,Musicians_viewunion,46.837,17.52572770108283,Wikidata,View-Unionable,minilm,si_si2,5.42661401036749,1,52.26361401036749,"feature build from final_time_before_after_fs_bis.csv (minilm, si_si2) + RF fit amortized by test pair; prediction time not separately logged"
ChEMBL__Joinable__assays_vertical_50_ac4_ev,ChEMBL,assays_vertical_50_ac4_ev,79.28,31.108679885715247,ChEMBL,Joinable,minilm,si_si2,5.39702322527711,2,84.67702322527711,"feature build from final_time_before_after_fs_bis.csv (minilm, si_si2) + RF fit amortized by test pair; prediction time not separately logged"
ChEMBL__View-Unionable__assays_both_0_50_ec_ev,ChEMBL,assays_both_0_50_ec_ev,82.323,32.829773361936205,ChEMBL,View-Unionable,minilm,si_si2,5.39702322527711,2,87.7200232252771,"feature build from final_time_before_after_fs_bis.csv (minilm, si_si2) + RF fit amortized by test pair; prediction time not separately logged"
OpenData__Unionable__miller2_horizontal_100_ac1_av,OpenData,miller2_horizontal_100_ac1_av,701.405,307.93234961779785,OpenData,Unionable,minilm,si_si2,12.894884620442308,1,714.2998846204423,"feature build from final_time_before_after_fs_bis.csv (minilm, si_si2) + RF fit amortized by test pair; prediction time not separately logged"
TPC-DI__Semantically-Joinable__prospect_both_50_30_ac3_av,TPC-DI,prospect_both_50_30_ac3_av,56.898,21.637688253030184,TPC-DI,Semantically-Joinable,minilm,si_si2,5.654508434311249,3,62.55250843431125,"feature build from final_time_before_after_fs_bis.csv (minilm, si_si2) + RF fit amortized by test pair; prediction time not separately logged"
ChEMBL__Joinable__assays_vertical_50_ac5_ev,ChEMBL,assays_vertical_50_ac5_ev,80.831,31.630824973568323,ChEMBL,Joinable,minilm,si_si2,6.490463595692778,1,87.32146359569278,"feature build from final_time_before_after_fs_bis.csv (minilm, si_si2) + RF fit amortized by test pair; prediction time not separately logged"
ChEMBL__View-Unionable__assays_both_0_70_ac1_av,ChEMBL,assays_both_0_70_ac1_av,100.328,40.40125262203813,ChEMBL,View-Unionable,minilm,si_si2,5.39702322527711,2,105.72502322527711,"feature build from final_time_before_after_fs_bis.csv (minilm, si_si2) + RF fit amortized by test pair; prediction time not separately logged"
OpenData__Unionable__miller2_horizontal_100_ac1_ev,OpenData,miller2_horizontal_100_ac1_ev,691.339,303.7893943305463,OpenData,Unionable,minilm,si_si2,5.302493504503021,2,696.641493504503,"feature build from final_time_before_after_fs_bis.csv (minilm, si_si2) + RF fit amortized by test pair; prediction time not separately logged"
TPC-DI__Semantically-Joinable__prospect_both_50_30_ac4_av,TPC-DI,prospect_both_50_30_ac4_av,51.954,19.716165987864137,TPC-DI,Semantically-Joinable,minilm,si_si2,5.946105148903619,3,57.90010514890362,"feature build from final_time_before_after_fs_bis.csv (minilm, si_si2) + RF fit amortized by test pair; prediction time not separately logged"
ChEMBL__Joinable__assays_vertical_50_ec_ev,ChEMBL,assays_vertical_50_ec_ev,87.489,35.54378153750301,ChEMBL,Joinable,minilm,si_si2,5.178372998638553,1,92.66737299863856,"feature build from final_time_before_after_fs_bis.csv (minilm, si_si2) + RF fit amortized by test pair; prediction time not separately logged"
ChEMBL__View-Unionable__assays_both_0_70_ac1_ev,ChEMBL,assays_both_0_70_ac1_ev,103.272,41.47857387375832,ChEMBL,View-Unionable,minilm,si_si2,5.42661401036749,1,108.69861401036749,"feature build from final_time_before_after_fs_bis.csv (minilm, si_si2) + RF fit amortized by test pair; prediction time not separately logged"
OpenData__Unionable__miller2_horizontal_100_ac2_av,OpenData,miller2_horizontal_100_ac2_av,659.456,287.8393462968469,OpenData,Unionable,minilm,si_si2,5.844250352658645,3,665.3002503526586,"feature build from final_time_before_after_fs_bis.csv (minilm, si_si2) + RF fit amortized by test pair; prediction time not separately logged"
TPC-DI__Semantically-Joinable__prospect_both_50_30_ac5_av,TPC-DI,prospect_both_50_30_ac5_av,57.307,21.66320376840234,TPC-DI,Semantically-Joinable,minilm,si_si2,6.490463595692778,1,63.79746359569278,"feature build from final_time_before_after_fs_bis.csv (minilm, si_si2) + RF fit amortized by test pair; prediction time not separately logged"
ChEMBL__Joinable__assays_vertical_70_ac1_ev,ChEMBL,assays_vertical_70_ac1_ev,103.569,41.56520550312102,ChEMBL,Joinable,minilm,si_si2,12.894884620442308,1,116.46388462044231,"feature build from final_time_before_after_fs_bis.csv (minilm, si_si2) + RF fit amortized by test pair; prediction time not separately logged"
ChEMBL__View-Unionable__assays_both_0_70_ac2_av,ChEMBL,assays_both_0_70_ac2_av,104.007,41.9237975652963,ChEMBL,View-Unionable,minilm,si_si2,5.302493504503021,2,109.30949350450302,"feature build from final_time_before_after_fs_bis.csv (minilm, si_si2) + RF fit amortized by test pair; prediction time not separately logged"
OpenData__Unionable__miller2_horizontal_100_ac2_ev,OpenData,miller2_horizontal_100_ac2_ev,682.501,298.2946378829181,OpenData,Unionable,minilm,si_si2,5.92123784065059,1,688.4222378406506,"feature build from final_time_before_after_fs_bis.csv (minilm, si_si2) + RF fit amortized by test pair; prediction time not separately logged"
TPC-DI__Semantically-Joinable__prospect_both_50_30_ec_av,TPC-DI,prospect_both_50_30_ec_av,63.026,24.584174010366205,TPC-DI,Semantically-Joinable,minilm,si_si2,5.92123784065059,1,68.94723784065059,"feature build from final_time_before_after_fs_bis.csv (minilm, si_si2) + RF fit amortized by test pair; prediction time not separately logged"
ChEMBL__Joinable__assays_vertical_70_ac2_ev,ChEMBL,assays_vertical_70_ac2_ev,105.716,42.75522124579548,ChEMBL,Joinable,minilm,si_si2,12.894884620442308,1,118.6108846204423,"feature build from final_time_before_after_fs_bis.csv (minilm, si_si2) + RF fit amortized by test pair; prediction time not separately logged"
ChEMBL__View-Unionable__assays_both_0_70_ac2_ev,ChEMBL,assays_both_0_70_ac2_ev,97.349,38.80278128625452,ChEMBL,View-Unionable,minilm,si_si2,6.490463595692778,1,103.83946359569278,"feature build from final_time_before_after_fs_bis.csv (minilm, si_si2) + RF fit amortized by test pair; prediction time not separately logged"
OpenData__Unionable__miller2_horizontal_100_ac3_av,OpenData,miller2_horizontal_100_ac3_av,668.911,292.13226958519215,OpenData,Unionable,minilm,si_si2,5.42661401036749,1,674.3376140103675,"feature build from final_time_before_after_fs_bis.csv (minilm, si_si2) + RF fit amortized by test pair; prediction time not separately logged"
TPC-DI__Semantically-Joinable__prospect_both_50_50_ac1_av,TPC-DI,prospect_both_50_50_ac1_av,77.63,30.544567541331052,TPC-DI,Semantically-Joinable,minilm,si_si2,5.698483534899606,3,83.3284835348996,"feature build from final_time_before_after_fs_bis.csv (minilm, si_si2) + RF fit amortized by test pair; prediction time not separately logged"
ChEMBL__Joinable__assays_vertical_70_ac3_ev,ChEMBL,assays_vertical_70_ac3_ev,103.719,41.720088982447976,ChEMBL,Joinable,minilm,si_si2,5.726472379453016,5,109.44547237945301,"feature build from final_time_before_after_fs_bis.csv (minilm, si_si2) + RF fit amortized by test pair; prediction time not separately logged"
ChEMBL__View-Unionable__assays_both_0_70_ac3_av,ChEMBL,assays_both_0_70_ac3_av,102.19,41.22310886025428,ChEMBL,View-Unionable,minilm,si_si2,6.205850718171684,2,108.39585071817169,"feature build from final_time_before_after_fs_bis.csv (minilm, si_si2) + RF fit amortized by test pair; prediction time not separately logged"
OpenData__Unionable__miller2_horizontal_100_ac3_ev,OpenData,miller2_horizontal_100_ac3_ev,685.84,299.4404197606817,OpenData,Unionable,minilm,si_si2,5.39702322527711,2,691.2370232252772,"feature build from final_time_before_after_fs_bis.csv (minilm, si_si2) + RF fit amortized by test pair; prediction time not separately logged"
TPC-DI__Semantically-Joinable__prospect_both_50_50_ac2_av,TPC-DI,prospect_both_50_50_ac2_av,73.299,28.14292801485957,TPC-DI,Semantically-Joinable,minilm,si_si2,6.053068523804223,2,79.35206852380423,"feature build from final_time_before_after_fs_bis.csv (minilm, si_si2) + RF fit amortized by test pair; prediction time not separately logged"
ChEMBL__Joinable__assays_vertical_70_ac4_ev,ChEMBL,assays_vertical_70_ac4_ev,103.317,41.28437460885196,ChEMBL,Joinable,minilm,si_si2,6.205850718171684,2,109.52285071817168,"feature build from final_time_before_after_fs_bis.csv (minilm, si_si2) + RF fit amortized by test pair; prediction time not separately logged"
ChEMBL__View-Unionable__assays_both_0_70_ac3_ev,ChEMBL,assays_both_0_70_ac3_ev,97.812,39.29022151519357,ChEMBL,View-Unionable,minilm,si_si2,5.834418297165666,2,103.64641829716567,"feature build from final_time_before_after_fs_bis.csv (minilm, si_si2) + RF fit amortized by test pair; prediction time not separately logged"
OpenData__Unionable__miller2_horizontal_100_ac4_av,OpenData,miller2_horizontal_100_ac4_av,664.114,290.60644605563584,OpenData,Unionable,minilm,si_si2,5.768455646283129,2,669.8824556462831,"feature build from final_time_before_after_fs_bis.csv (minilm, si_si2) + RF fit amortized by test pair; prediction time not separately logged"
TPC-DI__Semantically-Joinable__prospect_both_50_50_ac3_av,TPC-DI,prospect_both_50_50_ac3_av,74.096,28.713049692198645,TPC-DI,Semantically-Joinable,minilm,si_si2,12.894884620442308,1,86.99088462044232,"feature build from final_time_before_after_fs_bis.csv (minilm, si_si2) + RF fit amortized by test pair; prediction time not separately logged"
ChEMBL__Joinable__assays_vertical_70_ac5_ev,ChEMBL,assays_vertical_70_ac5_ev,106.284,42.55516383984685,ChEMBL,Joinable,minilm,si_si2,12.894884620442308,1,119.17888462044232,"feature build from final_time_before_after_fs_bis.csv (minilm, si_si2) + RF fit amortized by test pair; prediction time not separately logged"
ChEMBL__View-Unionable__assays_both_0_70_ac4_av,ChEMBL,assays_both_0_70_ac4_av,98.893,39.75825920964777,ChEMBL,View-Unionable,minilm,si_si2,12.894884620442308,1,111.78788462044231,"feature build from final_time_before_after_fs_bis.csv (minilm, si_si2) + RF fit amortized by test pair; prediction time not separately logged"
OpenData__Unionable__miller2_horizontal_100_ac4_ev,OpenData,miller2_horizontal_100_ac4_ev,666.873,291.65318463961785,OpenData,Unionable,minilm,si_si2,5.39702322527711,2,672.2700232252771,"feature build from final_time_before_after_fs_bis.csv (minilm, si_si2) + RF fit amortized by test pair; prediction time not separately logged"
TPC-DI__Semantically-Joinable__prospect_both_50_50_ac4_av,TPC-DI,prospect_both_50_50_ac4_av,75.511,29.348085906416173,TPC-DI,Semantically-Joinable,minilm,si_si2,5.178372998638553,1,80.68937299863855,"feature build from final_time_before_after_fs_bis.csv (minilm, si_si2) + RF fit amortized by test pair; prediction time not separately logged"
ChEMBL__Joinable__assays_vertical_70_ec_ev,ChEMBL,assays_vertical_70_ec_ev,104.329,42.03193843746185,ChEMBL,Joinable,minilm,si_si2,5.302493504503021,2,109.63149350450301,"feature build from final_time_before_after_fs_bis.csv (minilm, si_si2) + RF fit amortized by test pair; prediction time not separately logged"
ChEMBL__View-Unionable__assays_both_0_70_ac4_ev,ChEMBL,assays_both_0_70_ac4_ev,105.308,42.50711575503648,ChEMBL,View-Unionable,minilm,si_si2,5.754172111337352,4,111.06217211133736,"feature build from final_time_before_after_fs_bis.csv (minilm, si_si2) + RF fit amortized by test pair; prediction time not separately logged"
OpenData__Unionable__miller2_horizontal_100_ac5_av,OpenData,miller2_horizontal_100_ac5_av,663.165,290.1035728612542,OpenData,Unionable,minilm,si_si2,6.205850718171684,2,669.3708507181716,"feature build from final_time_before_after_fs_bis.csv (minilm, si_si2) + RF fit amortized by test pair; prediction time not separately logged"
TPC-DI__Semantically-Joinable__prospect_both_50_50_ac5_av,TPC-DI,prospect_both_50_50_ac5_av,78.008,30.322846438355747,TPC-DI,Semantically-Joinable,minilm,si_si2,5.834418297165666,2,83.84241829716566,"feature build from final_time_before_after_fs_bis.csv (minilm, si_si2) + RF fit amortized by test pair; prediction time not separately logged"
ChEMBL__Semantically-Joinable__assays_both_50_1_ac1_av,ChEMBL,assays_both_50_1_ac1_av,44.978,16.8396518676281,ChEMBL,Semantically-Joinable,minilm,si_si2,6.053068523804223,2,51.03106852380422,"feature build from final_time_before_after_fs_bis.csv (minilm, si_si2) + RF fit amortized by test pair; prediction time not separately logged"
ChEMBL__View-Unionable__assays_both_0_70_ac5_av,ChEMBL,assays_both_0_70_ac5_av,105.197,42.50914679591359,ChEMBL,View-Unionable,minilm,si_si2,5.508741616552211,3,110.70574161655222,"feature build from final_time_before_after_fs_bis.csv (minilm, si_si2) + RF fit amortized by test pair; prediction time not separately logged"
OpenData__Unionable__miller2_horizontal_100_ac5_ev,OpenData,miller2_horizontal_100_ac5_ev,698.231,305.72097112363576,OpenData,Unionable,minilm,si_si2,5.754172111337352,4,703.9851721113373,"feature build from final_time_before_after_fs_bis.csv (minilm, si_si2) + RF fit amortized by test pair; prediction time not separately logged"
TPC-DI__Semantically-Joinable__prospect_both_50_50_ec_av,TPC-DI,prospect_both_50_50_ec_av,68.455,26.72026952907443,TPC-DI,Semantically-Joinable,minilm,si_si2,5.768455646283129,2,74.22345564628313,"feature build from final_time_before_after_fs_bis.csv (minilm, si_si2) + RF fit amortized by test pair; prediction time not separately logged"
ChEMBL__Semantically-Joinable__assays_both_50_1_ac2_av,ChEMBL,assays_both_50_1_ac2_av,41.686,15.216679322779177,ChEMBL,Semantically-Joinable,minilm,si_si2,5.178372998638553,1,46.86437299863855,"feature build from final_time_before_after_fs_bis.csv (minilm, si_si2) + RF fit amortized by test pair; prediction time not separately logged"
ChEMBL__View-Unionable__assays_both_0_70_ac5_ev,ChEMBL,assays_both_0_70_ac5_ev,102.946,41.1214578128457,ChEMBL,View-Unionable,minilm,si_si2,5.549805419644571,2,108.49580541964457,"feature build from final_time_before_after_fs_bis.csv (minilm, si_si2) + RF fit amortized by test pair; prediction time not separately logged"
OpenData__Unionable__miller2_horizontal_100_ec_av,OpenData,miller2_horizontal_100_ec_av,698.46,306.09255204819146,OpenData,Unionable,minilm,si_si2,12.894884620442308,1,711.3548846204424,"feature build from final_time_before_after_fs_bis.csv (minilm, si_si2) + RF fit amortized by test pair; prediction time not separately logged"
TPC-DI__Semantically-Joinable__prospect_both_50_70_ac1_av,TPC-DI,prospect_both_50_70_ac1_av,100.027,39.83165265549719,TPC-DI,Semantically-Joinable,minilm,si_si2,5.302493504503021,2,105.32949350450302,"feature build from final_time_before_after_fs_bis.csv (minilm, si_si2) + RF fit amortized by test pair; prediction time not separately logged"
ChEMBL__Semantically-Joinable__assays_both_50_1_ac3_av,ChEMBL,assays_both_50_1_ac3_av,44.316,16.31849836035073,ChEMBL,Semantically-Joinable,minilm,si_si2,6.490463595692778,1,50.80646359569278,"feature build from final_time_before_after_fs_bis.csv (minilm, si_si2) + RF fit amortized by test pair; prediction time not separately logged"
ChEMBL__View-Unionable__assays_both_0_70_ec_av,ChEMBL,assays_both_0_70_ec_av,120.806,50.25075327059626,ChEMBL,View-Unionable,minilm,si_si2,5.754172111337352,4,126.56017211133735,"feature build from final_time_before_after_fs_bis.csv (minilm, si_si2) + RF fit amortized by test pair; prediction time not separately logged"
OpenData__Unionable__miller2_horizontal_100_ec_ev,OpenData,miller2_horizontal_100_ec_ev,703.913,308.73791679489614,OpenData,Unionable,minilm,si_si2,5.946105148903619,3,709.8591051489036,"feature build from final_time_before_after_fs_bis.csv (minilm, si_si2) + RF fit amortized by test pair; prediction time not separately logged"
TPC-DI__Semantically-Joinable__prospect_both_50_70_ac2_av,TPC-DI,prospect_both_50_70_ac2_av,92.597,36.63410885532199,TPC-DI,Semantically-Joinable,minilm,si_si2,5.521143731141579,2,98.11814373114157,"feature build from final_time_before_after_fs_bis.csv (minilm, si_si2) + RF fit amortized by test pair; prediction time not separately logged"
ChEMBL__Semantically-Joinable__assays_both_50_1_ac4_av,ChEMBL,assays_both_50_1_ac4_av,40.635,14.686457177847618,ChEMBL,Semantically-Joinable,minilm,si_si2,5.754172111337352,4,46.38917211133735,"feature build from final_time_before_after_fs_bis.csv (minilm, si_si2) + RF fit amortized by test pair; prediction time not separately logged"
ChEMBL__View-Unionable__assays_both_0_70_ec_ev,ChEMBL,assays_both_0_70_ec_ev,98.906,39.69793352721633,ChEMBL,View-Unionable,minilm,si_si2,12.894884620442308,1,111.80088462044232,"feature build from final_time_before_after_fs_bis.csv (minilm, si_si2) + RF fit amortized by test pair; prediction time not separately logged"
OpenData__Unionable__miller2_horizontal_50_ac1_av,OpenData,miller2_horizontal_50_ac1_av,679.643,297.9650883868635,OpenData,Unionable,minilm,si_si2,5.698483534899606,3,685.3414835348997,"feature build from final_time_before_after_fs_bis.csv (minilm, si_si2) + RF fit amortized by test pair; prediction time not separately logged"
TPC-DI__Semantically-Joinable__prospect_both_50_70_ac3_av,TPC-DI,prospect_both_50_70_ac3_av,95.62,38.03818864736707,TPC-DI,Semantically-Joinable,minilm,si_si2,5.615673451915668,1,101.23567345191567,"feature build from final_time_before_after_fs_bis.csv (minilm, si_si2) + RF fit amortized by test pair; prediction time not separately logged"
ChEMBL__Semantically-Joinable__assays_both_50_1_ac5_av,ChEMBL,assays_both_50_1_ac5_av,42.362,15.35230299112201,ChEMBL,Semantically-Joinable,minilm,si_si2,6.490463595692778,1,48.85246359569278,"feature build from final_time_before_after_fs_bis.csv (minilm, si_si2) + RF fit amortized by test pair; prediction time not separately logged"
Magellan__amazon_google_exp,Magellan,amazon_google_exp,6.965,1.7601482273638291,Magellan,Unionable,minilm,si_si2,5.615673451915668,1,12.580673451915668,"feature build from final_time_before_after_fs_bis.csv (minilm, si_si2) + RF fit amortized by test pair; prediction time not separately logged"
OpenData__Unionable__miller2_horizontal_50_ac1_ev,OpenData,miller2_horizontal_50_ac1_ev,678.191,297.46216562426093,OpenData,Unionable,minilm,si_si2,12.894884620442308,1,691.0858846204424,"feature build from final_time_before_after_fs_bis.csv (minilm, si_si2) + RF fit amortized by test pair; prediction time not separately logged"
TPC-DI__Semantically-Joinable__prospect_both_50_70_ac4_av,TPC-DI,prospect_both_50_70_ac4_av,98.36,39.22095676105469,TPC-DI,Semantically-Joinable,minilm,si_si2,5.946105148903619,3,104.30610514890361,"feature build from final_time_before_after_fs_bis.csv (minilm, si_si2) + RF fit amortized by test pair; prediction time not separately logged"
ChEMBL__Semantically-Joinable__assays_both_50_1_ec_av,ChEMBL,assays_both_50_1_ec_av,41.983,15.548559623762962,ChEMBL,Semantically-Joinable,minilm,si_si2,5.698483534899606,3,47.681483534899606,"feature build from final_time_before_after_fs_bis.csv (minilm, si_si2) + RF fit amortized by test pair; prediction time not separately logged"
Magellan__beeradvo_ratebeer,Magellan,beeradvo_ratebeer,10.345,2.9320013497769875,Magellan,Unionable,minilm,si_si2,12.894884620442308,1,23.23988462044231,"feature build from final_time_before_after_fs_bis.csv (minilm, si_si2) + RF fit amortized by test pair; prediction time not separately logged"
OpenData__Unionable__miller2_horizontal_50_ac2_av,OpenData,miller2_horizontal_50_ac2_av,659.796,287.8301400224716,OpenData,Unionable,minilm,si_si2,6.490463595692778,1,666.2864635956928,"feature build from final_time_before_after_fs_bis.csv (minilm, si_si2) + RF fit amortized by test pair; prediction time not separately logged"
TPC-DI__Semantically-Joinable__prospect_both_50_70_ac5_av,TPC-DI,prospect_both_50_70_ac5_av,89.387,35.462998563319445,TPC-DI,Semantically-Joinable,minilm,si_si2,5.677781014153622,4,95.06478101415362,"feature build from final_time_before_after_fs_bis.csv (minilm, si_si2) + RF fit amortized by test pair; prediction time not separately logged"
ChEMBL__Semantically-Joinable__assays_both_50_30_ac1_av,ChEMBL,assays_both_50_30_ac1_av,62.103,23.529541490480312,ChEMBL,Semantically-Joinable,minilm,si_si2,5.549805419644571,2,67.65280541964458,"feature build from final_time_before_after_fs_bis.csv (minilm, si_si2) + RF fit amortized by test pair; prediction time not separately logged"
Magellan__dblp_acm,Magellan,dblp_acm,10.207,2.8635423477441133,Magellan,Unionable,minilm,si_si2,5.571761430401604,3,15.778761430401605,"feature build from final_time_before_after_fs_bis.csv (minilm, si_si2) + RF fit amortized by test pair; prediction time not separately logged"
OpenData__Unionable__miller2_horizontal_50_ac2_ev,OpenData,miller2_horizontal_50_ac2_ev,674.343,294.5789537761658,OpenData,Unionable,minilm,si_si2,6.205850718171684,2,680.5488507181716,"feature build from final_time_before_after_fs_bis.csv (minilm, si_si2) + RF fit amortized by test pair; prediction time not separately logged"
TPC-DI__Semantically-Joinable__prospect_both_50_70_ec_av,TPC-DI,prospect_both_50_70_ec_av,85.868,34.3024252794981,TPC-DI,Semantically-Joinable,minilm,si_si2,6.490463595692778,1,92.35846359569277,"feature build from final_time_before_after_fs_bis.csv (minilm, si_si2) + RF fit amortized by test pair; prediction time not separately logged"
ChEMBL__Semantically-Joinable__assays_both_50_30_ac2_av,ChEMBL,assays_both_50_30_ac2_av,59.162,22.26673807528615,ChEMBL,Semantically-Joinable,minilm,si_si2,5.178372998638553,1,64.34037299863856,"feature build from final_time_before_after_fs_bis.csv (minilm, si_si2) + RF fit amortized by test pair; prediction time not separately logged"
Magellan__dblp_scholar,Magellan,dblp_scholar,9.87,2.7917527788132466,Magellan,Unionable,minilm,si_si2,5.178372998638553,1,15.048372998638552,"feature build from final_time_before_after_fs_bis.csv (minilm, si_si2) + RF fit amortized by test pair; prediction time not separately logged"
OpenData__Unionable__miller2_horizontal_50_ac3_av,OpenData,miller2_horizontal_50_ac3_av,672.093,293.47448138858374,OpenData,Unionable,minilm,si_si2,5.178372998638553,1,677.2713729986385,"feature build from final_time_before_after_fs_bis.csv (minilm, si_si2) + RF fit amortized by test pair; prediction time not separately logged"
TPC-DI__Semantically-Joinable__prospect_vertical_1_ac1_av,TPC-DI,prospect_vertical_1_ac1_av,40.952,15.188829385161398,TPC-DI,Semantically-Joinable,minilm,si_si2,6.053068523804223,2,47.00506852380422,"feature build from final_time_before_after_fs_bis.csv (minilm, si_si2) + RF fit amortized by test pair; prediction time not separately logged"
ChEMBL__Semantically-Joinable__assays_both_50_30_ac3_av,ChEMBL,assays_both_50_30_ac3_av,61.488,23.492732502624392,ChEMBL,Semantically-Joinable,minilm,si_si2,6.490463595692778,1,67.97846359569277,"feature build from final_time_before_after_fs_bis.csv (minilm, si_si2) + RF fit amortized by test pair; prediction time not separately logged"
Magellan__fodors_zagats,Magellan,fodors_zagats,17.661,5.748017575278885,Magellan,Unionable,minilm,si_si2,5.67392592550904,2,23.33492592550904,"feature build from final_time_before_after_fs_bis.csv (minilm, si_si2) + RF fit amortized by test pair; prediction time not separately logged"
OpenData__Unionable__miller2_horizontal_50_ac3_ev,OpenData,miller2_horizontal_50_ac3_ev,697.925,304.8507891308516,OpenData,Unionable,minilm,si_si2,12.894884620442308,1,710.8198846204423,"feature build from final_time_before_after_fs_bis.csv (minilm, si_si2) + RF fit amortized by test pair; prediction time not separately logged"
TPC-DI__Semantically-Joinable__prospect_vertical_1_ac2_av,TPC-DI,prospect_vertical_1_ac2_av,39.292,14.230203724101187,TPC-DI,Semantically-Joinable,minilm,si_si2,5.178372998638553,1,44.47037299863855,"feature build from final_time_before_after_fs_bis.csv (minilm, si_si2) + RF fit amortized by test pair; prediction time not separately logged"
ChEMBL__Semantically-Joinable__assays_both_50_30_ac4_av,ChEMBL,assays_both_50_30_ac4_av,58.96,22.21747632421553,ChEMBL,Semantically-Joinable,minilm,si_si2,12.894884620442308,1,71.8548846204423,"feature build from final_time_before_after_fs_bis.csv (minilm, si_si2) + RF fit amortized by test pair; prediction time not separately logged"
Magellan__itunes_amazon,Magellan,itunes_amazon,26.815,9.29827059298754,Magellan,Unionable,minilm,si_si2,5.958538803030134,2,32.773538803030135,"feature build from final_time_before_after_fs_bis.csv (minilm, si_si2) + RF fit amortized by test pair; prediction time not separately logged"
OpenData__Unionable__miller2_horizontal_50_ac4_av,OpenData,miller2_horizontal_50_ac4_av,677.78,296.63471240244803,OpenData,Unionable,minilm,si_si2,5.39702322527711,2,683.177023225277,"feature build from final_time_before_after_fs_bis.csv (minilm, si_si2) + RF fit amortized by test pair; prediction time not separately logged"
TPC-DI__Semantically-Joinable__prospect_vertical_1_ac3_av,TPC-DI,prospect_vertical_1_ac3_av,39.054,14.182476705402134,TPC-DI,Semantically-Joinable,minilm,si_si2,5.654508434311249,3,44.70850843431125,"feature build from final_time_before_after_fs_bis.csv (minilm, si_si2) + RF fit amortized by test pair; prediction time not separately logged"
ChEMBL__Semantically-Joinable__assays_both_50_30_ac5_av,ChEMBL,assays_both_50_30_ac5_av,59.171,22.409701673224568,ChEMBL,Semantically-Joinable,minilm,si_si2,5.615673451915668,1,64.78667345191566,"feature build from final_time_before_after_fs_bis.csv (minilm, si_si2) + RF fit amortized by test pair; prediction time not separately logged"
Magellan__walmart_amazon,Magellan,walmart_amazon,14.142,4.380833453506234,Magellan,Unionable,minilm,si_si2,6.490463595692778,1,20.632463595692776,"feature build from final_time_before_after_fs_bis.csv (minilm, si_si2) + RF fit amortized by test pair; prediction time not separately logged"
OpenData__Unionable__miller2_horizontal_50_ac4_ev,OpenData,miller2_horizontal_50_ac4_ev,629.473,275.55144693586226,OpenData,Unionable,minilm,si_si2,6.490463595692778,1,635.9634635956927,"feature build from final_time_before_after_fs_bis.csv (minilm, si_si2) + RF fit amortized by test pair; prediction time not separately logged"
TPC-DI__Semantically-Joinable__prospect_vertical_1_ac4_av,TPC-DI,prospect_vertical_1_ac4_av,39.763,14.450458477914331,TPC-DI,Semantically-Joinable,minilm,si_si2,5.178372998638553,1,44.94137299863855,"feature build from final_time_before_after_fs_bis.csv (minilm, si_si2) + RF fit amortized by test pair; prediction time not separately logged"
ChEMBL__Semantically-Joinable__assays_both_50_30_ec_av,ChEMBL,assays_both_50_30_ec_av,65.733,25.74489815998077,ChEMBL,Semantically-Joinable,minilm,si_si2,12.894884620442308,1,78.62788462044232,"feature build from final_time_before_after_fs_bis.csv (minilm, si_si2) + RF fit amortized by test pair; prediction time not separately logged"
OpenData__Joinable__miller2_both_50_1_ac1_ev,OpenData,miller2_both_50_1_ac1_ev,185.882,78.69779885259271,OpenData,Joinable,minilm,si_si2,5.302493504503021,2,191.18449350450302,"feature build from final_time_before_after_fs_bis.csv (minilm, si_si2) + RF fit amortized by test pair; prediction time not separately logged"
OpenData__Unionable__miller2_horizontal_50_ac5_av,OpenData,miller2_horizontal_50_ac5_av,633.815,277.4792630957068,OpenData,Unionable,minilm,si_si2,5.615673451915668,1,639.4306734519157,"feature build from final_time_before_after_fs_bis.csv (minilm, si_si2) + RF fit amortized by test pair; prediction time not separately logged"
TPC-DI__Semantically-Joinable__prospect_vertical_1_ac5_av,TPC-DI,prospect_vertical_1_ac5_av,39.486,14.253178326845166,TPC-DI,Semantically-Joinable,minilm,si_si2,12.894884620442308,1,52.3808846204423,"feature build from final_time_before_after_fs_bis.csv (minilm, si_si2) + RF fit amortized by test pair; prediction time not separately logged"
ChEMBL__Semantically-Joinable__assays_both_50_50_ac1_av,ChEMBL,assays_both_50_50_ac1_av,81.486,32.11518632663787,ChEMBL,Semantically-Joinable,minilm,si_si2,12.894884620442308,1,94.38088462044232,"feature build from final_time_before_after_fs_bis.csv (minilm, si_si2) + RF fit amortized by test pair; prediction time not separately logged"
OpenData__Joinable__miller2_both_50_1_ac2_ev,OpenData,miller2_both_50_1_ac2_ev,171.619,72.1879753536135,OpenData,Joinable,minilm,si_si2,5.761503348749,3,177.380503348749,"feature build from final_time_before_after_fs_bis.csv (minilm, si_si2) + RF fit amortized by test pair; prediction time not separately logged"
OpenData__Unionable__miller2_horizontal_50_ac5_ev,OpenData,miller2_horizontal_50_ac5_ev,684.13,299.77600348845124,OpenData,Unionable,minilm,si_si2,5.834418297165666,2,689.9644182971657,"feature build from final_time_before_after_fs_bis.csv (minilm, si_si2) + RF fit amortized by test pair; prediction time not separately logged"
TPC-DI__Semantically-Joinable__prospect_vertical_1_ec_av,TPC-DI,prospect_vertical_1_ec_av,40.698,14.76314087226242,TPC-DI,Semantically-Joinable,minilm,si_si2,5.698483534899606,3,46.39648353489961,"feature build from final_time_before_after_fs_bis.csv (minilm, si_si2) + RF fit amortized by test pair; prediction time not separately logged"
ChEMBL__Semantically-Joinable__assays_both_50_50_ac2_av,ChEMBL,assays_both_50_50_ac2_av,74.696,29.45857622009143,ChEMBL,Semantically-Joinable,minilm,si_si2,5.39702322527711,2,80.09302322527711,"feature build from final_time_before_after_fs_bis.csv (minilm, si_si2) + RF fit amortized by test pair; prediction time not separately logged"
OpenData__Joinable__miller2_both_50_1_ac3_ev,OpenData,miller2_both_50_1_ac3_ev,169.718,71.22387000511586,OpenData,Joinable,minilm,si_si2,5.302493504503021,2,175.020493504503,"feature build from final_time_before_after_fs_bis.csv (minilm, si_si2) + RF fit amortized by test pair; prediction time not separately logged"
OpenData__Unionable__miller2_horizontal_50_ec_av,OpenData,miller2_horizontal_50_ec_av,674.382,295.40666100826854,OpenData,Unionable,minilm,si_si2,5.521143731141579,2,679.9031437311415,"feature build from final_time_before_after_fs_bis.csv (minilm, si_si2) + RF fit amortized by test pair; prediction time not separately logged"
TPC-DI__Semantically-Joinable__prospect_vertical_30_ac1_av,TPC-DI,prospect_vertical_30_ac1_av,57.625,22.00490236096084,TPC-DI,Semantically-Joinable,minilm,si_si2,12.894884620442308,1,70.51988462044231,"feature build from final_time_before_after_fs_bis.csv (minilm, si_si2) + RF fit amortized by test pair; prediction time not separately logged"
ChEMBL__Semantically-Joinable__assays_both_50_50_ac3_av,ChEMBL,assays_both_50_50_ac3_av,81.152,31.64528962899745,ChEMBL,Semantically-Joinable,minilm,si_si2,5.67392592550904,2,86.82592592550904,"feature build from final_time_before_after_fs_bis.csv (minilm, si_si2) + RF fit amortized by test pair; prediction time not separately logged"
OpenData__Joinable__miller2_both_50_1_ac4_ev,OpenData,miller2_both_50_1_ac4_ev,173.366,73.15754543578626,OpenData,Joinable,minilm,si_si2,6.490463595692778,1,179.8564635956928,"feature build from final_time_before_after_fs_bis.csv (minilm, si_si2) + RF fit amortized by test pair; prediction time not separately logged"
OpenData__Unionable__miller2_horizontal_50_ec_ev,OpenData,miller2_horizontal_50_ec_ev,696.412,305.4690115167648,OpenData,Unionable,minilm,si_si2,5.178372998638553,1,701.5903729986386,"feature build from final_time_before_after_fs_bis.csv (minilm, si_si2) + RF fit amortized by test pair; prediction time not separately logged"
TPC-DI__Semantically-Joinable__prospect_vertical_30_ac2_av,TPC-DI,prospect_vertical_30_ac2_av,57.59,21.796835951190445,TPC-DI,Semantically-Joinable,minilm,si_si2,6.205850718171684,2,63.795850718171685,"feature build from final_time_before_after_fs_bis.csv (minilm, si_si2) + RF fit amortized by test pair; prediction time not separately logged"
ChEMBL__Semantically-Joinable__assays_both_50_50_ac4_av,ChEMBL,assays_both_50_50_ac4_av,82.676,32.881325478687884,ChEMBL,Semantically-Joinable,minilm,si_si2,5.521143731141579,2,88.19714373114158,"feature build from final_time_before_after_fs_bis.csv (minilm, si_si2) + RF fit amortized by test pair; prediction time not separately logged"
OpenData__Joinable__miller2_both_50_1_ac5_ev,OpenData,miller2_both_50_1_ac5_ev,171.503,72.39168381641804,OpenData,Joinable,minilm,si_si2,12.894884620442308,1,184.39788462044228,"feature build from final_time_before_after_fs_bis.csv (minilm, si_si2) + RF fit amortized by test pair; prediction time not separately logged"
OpenData__View -Unionable__miller2_both_0_1_ac1_av,OpenData,miller2_both_0_1_ac1_av,192.775,81.2559384662658,OpenData,View-Unionable,minilm,si_si2,6.490463595692778,1,199.26546359569278,"feature build from final_time_before_after_fs_bis.csv (minilm, si_si2) + RF fit amortized by test pair; prediction time not separately logged"
TPC-DI__Semantically-Joinable__prospect_vertical_30_ac3_av,TPC-DI,prospect_vertical_30_ac3_av,55.216,20.865752210825683,TPC-DI,Semantically-Joinable,minilm,si_si2,12.894884620442308,1,68.1108846204423,"feature build from final_time_before_after_fs_bis.csv (minilm, si_si2) + RF fit amortized by test pair; prediction time not separately logged"
ChEMBL__Semantically-Joinable__assays_both_50_50_ac5_av,ChEMBL,assays_both_50_50_ac5_av,78.413,30.74590475234389,ChEMBL,Semantically-Joinable,minilm,si_si2,5.834418297165666,2,84.24741829716567,"feature build from final_time_before_after_fs_bis.csv (minilm, si_si2) + RF fit amortized by test pair; prediction time not separately logged"
OpenData__Joinable__miller2_both_50_1_ec_ev,OpenData,miller2_both_50_1_ec_ev,170.869,72.72339127637073,OpenData,Joinable,minilm,si_si2,5.92123784065059,1,176.79023784065058,"feature build from final_time_before_after_fs_bis.csv (minilm, si_si2) + RF fit amortized by test pair; prediction time not separately logged"
OpenData__View -Unionable__miller2_both_0_1_ac1_ev,OpenData,miller2_both_0_1_ac1_ev,176.289,74.66831054458021,OpenData,View-Unionable,minilm,si_si2,5.863497224656632,4,182.15249722465663,"feature build from final_time_before_after_fs_bis.csv (minilm, si_si2) + RF fit amortized by test pair; prediction time not separately logged"
TPC-DI__Semantically-Joinable__prospect_vertical_30_ac4_av,TPC-DI,prospect_vertical_30_ac4_av,51.56,19.503193003535277,TPC-DI,Semantically-Joinable,minilm,si_si2,5.92123784065059,1,57.48123784065059,"feature build from final_time_before_after_fs_bis.csv (minilm, si_si2) + RF fit amortized by test pair; prediction time not separately logged"
ChEMBL__Semantically-Joinable__assays_both_50_50_ec_av,ChEMBL,assays_both_50_50_ec_av,90.438,36.634133499965074,ChEMBL,Semantically-Joinable,minilm,si_si2,5.677781014153622,4,96.11578101415363,"feature build from final_time_before_after_fs_bis.csv (minilm, si_si2) + RF fit amortized by test pair; prediction time not separately logged"
OpenData__Joinable__miller2_both_50_30_ac1_ev,OpenData,miller2_both_50_30_ac1_ev,291.443,125.61318246650694,OpenData,Joinable,minilm,si_si2,5.768455646283129,2,297.2114556462831,"feature build from final_time_before_after_fs_bis.csv (minilm, si_si2) + RF fit amortized by test pair; prediction time not separately logged"
OpenData__View -Unionable__miller2_both_0_1_ac2_av,OpenData,miller2_both_0_1_ac2_av,179.434,75.24791495093703,OpenData,View-Unionable,minilm,si_si2,5.42661401036749,1,184.8606140103675,"feature build from final_time_before_after_fs_bis.csv (minilm, si_si2) + RF fit amortized by test pair; prediction time not separately logged"
TPC-DI__Semantically-Joinable__prospect_vertical_30_ac5_av,TPC-DI,prospect_vertical_30_ac5_av,52.74,19.921708270218225,TPC-DI,Semantically-Joinable,minilm,si_si2,5.508741616552211,3,58.24874161655221,"feature build from final_time_before_after_fs_bis.csv (minilm, si_si2) + RF fit amortized by test pair; prediction time not separately logged"
ChEMBL__Semantically-Joinable__assays_both_50_70_ac1_av,ChEMBL,assays_both_50_70_ac1_av,104.956,42.236565841123465,ChEMBL,Semantically-Joinable,minilm,si_si2,5.946105148903619,3,110.90210514890362,"feature build from final_time_before_after_fs_bis.csv (minilm, si_si2) + RF fit amortized by test pair; prediction time not separately logged"
OpenData__Joinable__miller2_both_50_30_ac2_ev,OpenData,miller2_both_50_30_ac2_ev,288.157,123.7332733221054,OpenData,Joinable,minilm,si_si2,12.894884620442308,1,301.0518846204423,"feature build from final_time_before_after_fs_bis.csv (minilm, si_si2) + RF fit amortized by test pair; prediction time not separately logged"
OpenData__View -Unionable__miller2_both_0_1_ac2_ev,OpenData,miller2_both_0_1_ac2_ev,178.929,75.08935597771406,OpenData,View-Unionable,minilm,si_si2,5.406886820307236,3,184.33588682030725,"feature build from final_time_before_after_fs_bis.csv (minilm, si_si2) + RF fit amortized by test pair; prediction time not separately logged"
TPC-DI__Semantically-Joinable__prospect_vertical_30_ec_av,TPC-DI,prospect_vertical_30_ec_av,55.495,20.83959993243217,TPC-DI,Semantically-Joinable,minilm,si_si2,6.490463595692778,1,61.98546359569278,"feature build from final_time_before_after_fs_bis.csv (minilm, si_si2) + RF fit amortized by test pair; prediction time not separately logged"
ChEMBL__Semantically-Joinable__assays_both_50_70_ac2_av,ChEMBL,assays_both_50_70_ac2_av,102.654,41.059414642766114,ChEMBL,Semantically-Joinable,minilm,si_si2,5.67392592550904,2,108.32792592550904,"feature build from final_time_before_after_fs_bis.csv (minilm, si_si2) + RF fit amortized by test pair; prediction time not separately logged"
OpenData__Joinable__miller2_both_50_30_ac3_ev,OpenData,miller2_both_50_30_ac3_ev,264.564,113.06683420830969,OpenData,Joinable,minilm,si_si2,6.490463595692778,1,271.0544635956928,"feature build from final_time_before_after_fs_bis.csv (minilm, si_si2) + RF fit amortized by test pair; prediction time not separately logged"
OpenData__View -Unionable__miller2_both_0_1_ac3_av,OpenData,miller2_both_0_1_ac3_av,182.106,76.07494442476332,OpenData,View-Unionable,minilm,si_si2,5.39702322527711,2,187.5030232252771,"feature build from final_time_before_after_fs_bis.csv (minilm, si_si2) + RF fit amortized by test pair; prediction time not separately logged"
TPC-DI__Semantically-Joinable__prospect_vertical_50_ac1_av,TPC-DI,prospect_vertical_50_ac1_av,75.007,29.480233534023174,TPC-DI,Semantically-Joinable,minilm,si_si2,5.549805419644571,2,80.55680541964458,"feature build from final_time_before_after_fs_bis.csv (minilm, si_si2) + RF fit amortized by test pair; prediction time not separately logged"
ChEMBL__Semantically-Joinable__assays_both_50_70_ac3_av,ChEMBL,assays_both_50_70_ac3_av,106.51,42.79611940145492,ChEMBL,Semantically-Joinable,minilm,si_si2,5.42661401036749,1,111.93661401036749,"feature build from final_time_before_after_fs_bis.csv (minilm, si_si2) + RF fit amortized by test pair; prediction time not separately logged"
OpenData__Joinable__miller2_both_50_30_ac4_ev,OpenData,miller2_both_50_30_ac4_ev,297.968,128.2247355744541,OpenData,Joinable,minilm,si_si2,12.894884620442308,1,310.86288462044234,"feature build from final_time_before_after_fs_bis.csv (minilm, si_si2) + RF fit amortized by test pair; prediction time not separately logged"
OpenData__View -Unionable__miller2_both_0_1_ac3_ev,OpenData,miller2_both_0_1_ac3_ev,170.611,71.67547961740195,OpenData,View-Unionable,minilm,si_si2,5.92123784065059,1,176.53223784065057,"feature build from final_time_before_after_fs_bis.csv (minilm, si_si2) + RF fit amortized by test pair; prediction time not separately logged"
TPC-DI__Semantically-Joinable__prospect_vertical_50_ac2_av,TPC-DI,prospect_vertical_50_ac2_av,77.354,30.47019627103209,TPC-DI,Semantically-Joinable,minilm,si_si2,5.39702322527711,2,82.75102322527711,"feature build from final_time_before_after_fs_bis.csv (minilm, si_si2) + RF fit amortized by test pair; prediction time not separately logged"
ChEMBL__Semantically-Joinable__assays_both_50_70_ac4_av,ChEMBL,assays_both_50_70_ac4_av,104.023,41.82929086308181,ChEMBL,Semantically-Joinable,minilm,si_si2,5.768455646283129,2,109.79145564628313,"feature build from final_time_before_after_fs_bis.csv (minilm, si_si2) + RF fit amortized by test pair; prediction time not separately logged"
OpenData__Joinable__miller2_both_50_30_ac5_ev,OpenData,miller2_both_50_30_ac5_ev,267.479,114.76037276694176,OpenData,Joinable,minilm,si_si2,6.490463595692778,1,273.9694635956928,"feature build from final_time_before_after_fs_bis.csv (minilm, si_si2) + RF fit amortized by test pair; prediction time not separately logged"
OpenData__View -Unionable__miller2_both_0_1_ac4_av,OpenData,miller2_both_0_1_ac4_av,172.66,72.57179465129971,OpenData,View-Unionable,minilm,si_si2,5.768455646283129,2,178.4284556462831,"feature build from final_time_before_after_fs_bis.csv (minilm, si_si2) + RF fit amortized by test pair; prediction time not separately logged"
TPC-DI__Semantically-Joinable__prospect_vertical_50_ac3_av,TPC-DI,prospect_vertical_50_ac3_av,76.242,29.71951213796438,TPC-DI,Semantically-Joinable,minilm,si_si2,5.768455646283129,2,82.01045564628313,"feature build from final_time_before_after_fs_bis.csv (minilm, si_si2) + RF fit amortized by test pair; prediction time not separately logged"
ChEMBL__Semantically-Joinable__assays_both_50_70_ac5_av,ChEMBL,assays_both_50_70_ac5_av,100.957,40.36874078173935,ChEMBL,Semantically-Joinable,minilm,si_si2,12.894884620442308,1,113.8518846204423,"feature build from final_time_before_after_fs_bis.csv (minilm, si_si2) + RF fit amortized by test pair; prediction time not separately logged"
OpenData__Joinable__miller2_both_50_30_ec_ev,OpenData,miller2_both_50_30_ec_ev,259.316,111.97532469069957,OpenData,Joinable,minilm,si_si2,5.571761430401604,3,264.88776143040155,"feature build from final_time_before_after_fs_bis.csv (minilm, si_si2) + RF fit amortized by test pair; prediction time not separately logged"
OpenData__View -Unionable__miller2_both_0_1_ac4_ev,OpenData,miller2_both_0_1_ac4_ev,172.182,73.29984325633197,OpenData,View-Unionable,minilm,si_si2,6.205850718171684,2,178.38785071817168,"feature build from final_time_before_after_fs_bis.csv (minilm, si_si2) + RF fit amortized by test pair; prediction time not separately logged"
TPC-DI__Semantically-Joinable__prospect_vertical_50_ac4_av,TPC-DI,prospect_vertical_50_ac4_av,74.742,29.17085362915695,TPC-DI,Semantically-Joinable,minilm,si_si2,5.39702322527711,2,80.13902322527711,"feature build from final_time_before_after_fs_bis.csv (minilm, si_si2) + RF fit amortized by test pair; prediction time not separately logged"
ChEMBL__Semantically-Joinable__assays_both_50_70_ec_av,ChEMBL,assays_both_50_70_ec_av,120.74,50.3509538152814,ChEMBL,Semantically-Joinable,minilm,si_si2,5.67392592550904,2,126.41392592550903,"feature build from final_time_before_after_fs_bis.csv (minilm, si_si2) + RF fit amortized by test pair; prediction time not separately logged"
OpenData__Joinable__miller2_both_50_50_ac1_ev,OpenData,miller2_both_50_50_ac1_ev,381.212,165.6983854907453,OpenData,Joinable,minilm,si_si2,12.894884620442308,1,394.1068846204423,"feature build from final_time_before_after_fs_bis.csv (minilm, si_si2) + RF fit amortized by test pair; prediction time not separately logged"
OpenData__View -Unionable__miller2_both_0_1_ac5_av,OpenData,miller2_both_0_1_ac5_av,183.161,77.02590205815062,OpenData,View-Unionable,minilm,si_si2,5.844250352658645,3,189.00525035265863,"feature build from final_time_before_after_fs_bis.csv (minilm, si_si2) + RF fit amortized by test pair; prediction time not separately logged"
TPC-DI__Semantically-Joinable__prospect_vertical_50_ac5_av,TPC-DI,prospect_vertical_50_ac5_av,75.357,29.44298791435361,TPC-DI,Semantically-Joinable,minilm,si_si2,5.42661401036749,1,80.78361401036749,"feature build from final_time_before_after_fs_bis.csv (minilm, si_si2) + RF fit amortized by test pair; prediction time not separately logged"
ChEMBL__Semantically-Joinable__assays_vertical_1_ac1_av,ChEMBL,assays_vertical_1_ac1_av,42.582,15.562813583359125,ChEMBL,Semantically-Joinable,minilm,si_si2,5.67392592550904,2,48.25592592550904,"feature build from final_time_before_after_fs_bis.csv (minilm, si_si2) + RF fit amortized by test pair; prediction time not separately logged"
OpenData__Joinable__miller2_both_50_50_ac2_ev,OpenData,miller2_both_50_50_ac2_ev,356.166,154.21293652316928,OpenData,Joinable,minilm,si_si2,5.42661401036749,1,361.59261401036747,"feature build from final_time_before_after_fs_bis.csv (minilm, si_si2) + RF fit amortized by test pair; prediction time not separately logged"
OpenData__View -Unionable__miller2_both_0_1_ac5_ev,OpenData,miller2_both_0_1_ac5_ev,183.032,77.24818169918657,OpenData,View-Unionable,minilm,si_si2,5.92123784065059,1,188.9532378406506,"feature build from final_time_before_after_fs_bis.csv (minilm, si_si2) + RF fit amortized by test pair; prediction time not separately logged"
TPC-DI__Semantically-Joinable__prospect_vertical_50_ec_av,TPC-DI,prospect_vertical_50_ec_av,77.705,30.7251315637678,TPC-DI,Semantically-Joinable,minilm,si_si2,5.178372998638553,1,82.88337299863855,"feature build from final_time_before_after_fs_bis.csv (minilm, si_si2) + RF fit amortized by test pair; prediction time not separately logged"
ChEMBL__Semantically-Joinable__assays_vertical_1_ac2_av,ChEMBL,assays_vertical_1_ac2_av,39.636,14.36862701369822,ChEMBL,Semantically-Joinable,minilm,si_si2,6.053068523804223,2,45.689068523804224,"feature build from final_time_before_after_fs_bis.csv (minilm, si_si2) + RF fit amortized by test pair; prediction time not separately logged"
OpenData__Joinable__miller2_both_50_50_ac3_ev,OpenData,miller2_both_50_50_ac3_ev,383.105,165.33059528239073,OpenData,Joinable,minilm,si_si2,5.92123784065059,1,389.0262378406506,"feature build from final_time_before_after_fs_bis.csv (minilm, si_si2) + RF fit amortized by test pair; prediction time not separately logged"
OpenData__View -Unionable__miller2_both_0_1_ec_av,OpenData,miller2_both_0_1_ec_av,167.222,70.86813308897243,OpenData,View-Unionable,minilm,si_si2,12.894884620442308,1,180.1168846204423,"feature build from final_time_before_after_fs_bis.csv (minilm, si_si2) + RF fit amortized by test pair; prediction time not separately logged"
TPC-DI__Semantically-Joinable__prospect_vertical_70_ac1_av,TPC-DI,prospect_vertical_70_ac1_av,89.045,35.35372049182654,TPC-DI,Semantically-Joinable,minilm,si_si2,5.92123784065059,1,94.96623784065059,"feature build from final_time_before_after_fs_bis.csv (minilm, si_si2) + RF fit amortized by test pair; prediction time not separately logged"
ChEMBL__Semantically-Joinable__assays_vertical_1_ac3_av,ChEMBL,assays_vertical_1_ac3_av,45.396,16.647852747052905,ChEMBL,Semantically-Joinable,minilm,si_si2,12.894884620442308,1,58.29088462044231,"feature build from final_time_before_after_fs_bis.csv (minilm, si_si2) + RF fit amortized by test pair; prediction time not separately logged"
OpenData__Joinable__miller2_both_50_50_ac4_ev,OpenData,miller2_both_50_50_ac4_ev,374.921,162.40731163313984,OpenData,Joinable,minilm,si_si2,5.615673451915668,1,380.53667345191565,"feature build from final_time_before_after_fs_bis.csv (minilm, si_si2) + RF fit amortized by test pair; prediction time not separately logged"
OpenData__View -Unionable__miller2_both_0_1_ec_ev,OpenData,miller2_both_0_1_ec_ev,182.552,77.05657692891359,OpenData,View-Unionable,minilm,si_si2,12.894884620442308,1,195.4468846204423,"feature build from final_time_before_after_fs_bis.csv (minilm, si_si2) + RF fit amortized by test pair; prediction time not separately logged"
TPC-DI__Semantically-Joinable__prospect_vertical_70_ac2_av,TPC-DI,prospect_vertical_70_ac2_av,96.751,38.43653289398551,TPC-DI,Semantically-Joinable,minilm,si_si2,5.178372998638553,1,101.92937299863856,"feature build from final_time_before_after_fs_bis.csv (minilm, si_si2) + RF fit amortized by test pair; prediction time not separately logged"
ChEMBL__Semantically-Joinable__assays_vertical_1_ac4_av,ChEMBL,assays_vertical_1_ac4_av,41.659,15.065331481412052,ChEMBL,Semantically-Joinable,minilm,si_si2,5.42661401036749,1,47.085614010367486,"feature build from final_time_before_after_fs_bis.csv (minilm, si_si2) + RF fit amortized by test pair; prediction time not separately logged"
OpenData__Joinable__miller2_both_50_50_ac5_ev,OpenData,miller2_both_50_50_ac5_ev,380.163,164.428961044468,OpenData,Joinable,minilm,si_si2,5.549805419644571,2,385.7128054196446,"feature build from final_time_before_after_fs_bis.csv (minilm, si_si2) + RF fit amortized by test pair; prediction time not separately logged"
OpenData__View -Unionable__miller2_both_0_30_ac1_av,OpenData,miller2_both_0_30_ac1_av,291.341,125.56014381906392,OpenData,View-Unionable,minilm,si_si2,6.490463595692778,1,297.8314635956928,"feature build from final_time_before_after_fs_bis.csv (minilm, si_si2) + RF fit amortized by test pair; prediction time not separately logged"
TPC-DI__Semantically-Joinable__prospect_vertical_70_ac3_av,TPC-DI,prospect_vertical_70_ac3_av,88.097,35.01279876840114,TPC-DI,Semantically-Joinable,minilm,si_si2,5.615673451915668,1,93.71267345191566,"feature build from final_time_before_after_fs_bis.csv (minilm, si_si2) + RF fit amortized by test pair; prediction time not separately logged"
ChEMBL__Semantically-Joinable__assays_vertical_1_ac5_av,ChEMBL,assays_vertical_1_ac5_av,42.103,15.29204948979616,ChEMBL,Semantically-Joinable,minilm,si_si2,5.677781014153622,4,47.780781014153625,"feature build from final_time_before_after_fs_bis.csv (minilm, si_si2) + RF fit amortized by test pair; prediction time not separately logged"
OpenData__Joinable__miller2_both_50_50_ec_ev,OpenData,miller2_both_50_50_ec_ev,381.018,165.22634364555773,OpenData,Joinable,minilm,si_si2,12.894884620442308,1,393.9128846204423,"feature build from final_time_before_after_fs_bis.csv (minilm, si_si2) + RF fit amortized by test pair; prediction time not separately logged"
OpenData__View -Unionable__miller2_both_0_30_ac1_ev,OpenData,miller2_both_0_30_ac1_ev,286.591,123.41831775566936,OpenData,View-Unionable,minilm,si_si2,5.768455646283129,2,292.35945564628315,"feature build from final_time_before_after_fs_bis.csv (minilm, si_si2) + RF fit amortized by test pair; prediction time not separately logged"
TPC-DI__Semantically-Joinable__prospect_vertical_70_ac4_av,TPC-DI,prospect_vertical_70_ac4_av,90.714,36.0178173969835,TPC-DI,Semantically-Joinable,minilm,si_si2,5.42661401036749,1,96.14061401036749,"feature build from final_time_before_after_fs_bis.csv (minilm, si_si2) + RF fit amortized by test pair; prediction time not separately logged"
ChEMBL__Semantically-Joinable__assays_vertical_1_ec_av,ChEMBL,assays_vertical_1_ec_av,39.324,14.637579026609655,ChEMBL,Semantically-Joinable,minilm,si_si2,5.42661401036749,1,44.750614010367485,"feature build from final_time_before_after_fs_bis.csv (minilm, si_si2) + RF fit amortized by test pair; prediction time not separately logged"
OpenData__Joinable__miller2_both_50_70_ac1_ev,OpenData,miller2_both_50_70_ac1_ev,484.051,210.80189262612163,OpenData,Joinable,minilm,si_si2,5.302493504503021,2,489.35349350450304,"feature build from final_time_before_after_fs_bis.csv (minilm, si_si2) + RF fit amortized by test pair; prediction time not separately logged"
OpenData__View -Unionable__miller2_both_0_30_ac2_av,OpenData,miller2_both_0_30_ac2_av,278.18,118.9894088640064,OpenData,View-Unionable,minilm,si_si2,6.205850718171684,2,284.3858507181717,"feature build from final_time_before_after_fs_bis.csv (minilm, si_si2) + RF fit amortized by test pair; prediction time not separately logged"
TPC-DI__Semantically-Joinable__prospect_vertical_70_ac5_av,TPC-DI,prospect_vertical_70_ac5_av,93.894,37.40786456750335,TPC-DI,Semantically-Joinable,minilm,si_si2,12.894884620442308,1,106.78888462044232,"feature build from final_time_before_after_fs_bis.csv (minilm, si_si2) + RF fit amortized by test pair; prediction time not separately logged"
ChEMBL__Semantically-Joinable__assays_vertical_30_ac1_av,ChEMBL,assays_vertical_30_ac1_av,60.373,23.292525237753978,ChEMBL,Semantically-Joinable,minilm,si_si2,12.894884620442308,1,73.2678846204423,"feature build from final_time_before_after_fs_bis.csv (minilm, si_si2) + RF fit amortized by test pair; prediction time not separately logged"
OpenData__Joinable__miller2_both_50_70_ac2_ev,OpenData,miller2_both_50_70_ac2_ev,473.382,205.49079365168512,OpenData,Joinable,minilm,si_si2,5.768455646283129,2,479.15045564628315,"feature build from final_time_before_after_fs_bis.csv (minilm, si_si2) + RF fit amortized by test pair; prediction time not separately logged"
OpenData__View -Unionable__miller2_both_0_30_ac2_ev,OpenData,miller2_both_0_30_ac2_ev,265.776,114.86051500162483,OpenData,View-Unionable,minilm,si_si2,5.615673451915668,1,271.39167345191566,"feature build from final_time_before_after_fs_bis.csv (minilm, si_si2) + RF fit amortized by test pair; prediction time not separately logged"
TPC-DI__Semantically-Joinable__prospect_vertical_70_ec_av,TPC-DI,prospect_vertical_70_ec_av,112.95,46.50506035126746,TPC-DI,Semantically-Joinable,minilm,si_si2,5.67392592550904,2,118.62392592550904,"feature build from final_time_before_after_fs_bis.csv (minilm, si_si2) + RF fit amortized by test pair; prediction time not separately logged"
ChEMBL__Semantically-Joinable__assays_vertical_30_ac2_av,ChEMBL,assays_vertical_30_ac2_av,62.044,23.92169334577024,ChEMBL,Semantically-Joinable,minilm,si_si2,12.894884620442308,1,74.93888462044231,"feature build from final_time_before_after_fs_bis.csv (minilm, si_si2) + RF fit amortized by test pair; prediction time not separately logged"
OpenData__Joinable__miller2_both_50_70_ac3_ev,OpenData,miller2_both_50_70_ac3_ev,450.369,195.55665017017725,OpenData,Joinable,minilm,si_si2,5.946105148903619,3,456.3151051489036,"feature build from final_time_before_after_fs_bis.csv (minilm, si_si2) + RF fit amortized by test pair; prediction time not separately logged"
OpenData__View -Unionable__miller2_both_0_30_ac3_av,OpenData,miller2_both_0_30_ac3_av,274.245,116.87639293342828,OpenData,View-Unionable,minilm,si_si2,5.549805419644571,2,279.7948054196446,"feature build from final_time_before_after_fs_bis.csv (minilm, si_si2) + RF fit amortized by test pair; prediction time not separately logged"
TPC-DI__Unionable__prospect_horizontal_0_ac1_av,TPC-DI,prospect_horizontal_0_ac1_av,131.616,53.80701544469596,TPC-DI,Unionable,minilm,si_si2,5.863358144993974,3,137.479358144994,"feature build from final_time_before_after_fs_bis.csv (minilm, si_si2) + RF fit amortized by test pair; prediction time not separately logged"
ChEMBL__Semantically-Joinable__assays_vertical_30_ac3_av,ChEMBL,assays_vertical_30_ac3_av,63.223,24.140486175894736,ChEMBL,Semantically-Joinable,minilm,si_si2,5.615673451915668,1,68.83867345191567,"feature build from final_time_before_after_fs_bis.csv (minilm, si_si2) + RF fit amortized by test pair; prediction time not separately logged"
OpenData__Joinable__miller2_both_50_70_ac4_ev,OpenData,miller2_both_50_70_ac4_ev,501.137,218.74420043070612,OpenData,Joinable,minilm,si_si2,12.894884620442308,1,514.0318846204423,"feature build from final_time_before_after_fs_bis.csv (minilm, si_si2) + RF fit amortized by test pair; prediction time not separately logged"
OpenData__View -Unionable__miller2_both_0_30_ac3_ev,OpenData,miller2_both_0_30_ac3_ev,280.157,119.71278777007755,OpenData,View-Unionable,minilm,si_si2,12.894884620442308,1,293.0518846204423,"feature build from final_time_before_after_fs_bis.csv (minilm, si_si2) + RF fit amortized by test pair; prediction time not separately logged"
TPC-DI__Unionable__prospect_horizontal_0_ac1_ev,TPC-DI,prospect_horizontal_0_ac1_ev,125.297,52.11256013785302,TPC-DI,Unionable,minilm,si_si2,6.053068523804223,2,131.35006852380423,"feature build from final_time_before_after_fs_bis.csv (minilm, si_si2) + RF fit amortized by test pair; prediction time not separately logged"
ChEMBL__Semantically-Joinable__assays_vertical_30_ac4_av,ChEMBL,assays_vertical_30_ac4_av,59.103,22.41514412301779,ChEMBL,Semantically-Joinable,minilm,si_si2,12.894884620442308,1,71.9978846204423,"feature build from final_time_before_after_fs_bis.csv (minilm, si_si2) + RF fit amortized by test pair; prediction time not separately logged"
OpenData__Joinable__miller2_both_50_70_ac5_ev,OpenData,miller2_both_50_70_ac5_ev,454.602,198.28705452200768,OpenData,Joinable,minilm,si_si2,5.801436971724397,4,460.4034369717244,"feature build from final_time_before_after_fs_bis.csv (minilm, si_si2) + RF fit amortized by test pair; prediction time not separately logged"
OpenData__View -Unionable__miller2_both_0_30_ac4_av,OpenData,miller2_both_0_30_ac4_av,289.382,124.04341588892788,OpenData,View-Unionable,minilm,si_si2,5.406886820307236,3,294.78888682030725,"feature build from final_time_before_after_fs_bis.csv (minilm, si_si2) + RF fit amortized by test pair; prediction time not separately logged"
TPC-DI__Unionable__prospect_horizontal_0_ac2_av,TPC-DI,prospect_horizontal_0_ac2_av,133.085,54.39474265001715,TPC-DI,Unionable,minilm,si_si2,5.768455646283129,2,138.85345564628312,"feature build from final_time_before_after_fs_bis.csv (minilm, si_si2) + RF fit amortized by test pair; prediction time not separately logged"
ChEMBL__Semantically-Joinable__assays_vertical_30_ac5_av,ChEMBL,assays_vertical_30_ac5_av,59.131,22.44576111896336,ChEMBL,Semantically-Joinable,minilm,si_si2,5.549805419644571,2,64.68080541964457,"feature build from final_time_before_after_fs_bis.csv (minilm, si_si2) + RF fit amortized by test pair; prediction time not separately logged"
OpenData__Joinable__miller2_both_50_70_ec_ev,OpenData,miller2_both_50_70_ec_ev,427.841,187.8925965148807,OpenData,Joinable,minilm,si_si2,5.67392592550904,2,433.51492592550903,"feature build from final_time_before_after_fs_bis.csv (minilm, si_si2) + RF fit amortized by test pair; prediction time not separately logged"
OpenData__View -Unionable__miller2_both_0_30_ac4_ev,OpenData,miller2_both_0_30_ac4_ev,287.402,123.41044811834394,OpenData,View-Unionable,minilm,si_si2,12.894884620442308,1,300.2968846204423,"feature build from final_time_before_after_fs_bis.csv (minilm, si_si2) + RF fit amortized by test pair; prediction time not separately logged"
TPC-DI__Unionable__prospect_horizontal_0_ac2_ev,TPC-DI,prospect_horizontal_0_ac2_ev,131.111,53.8530479338616,TPC-DI,Unionable,minilm,si_si2,5.302493504503021,2,136.413493504503,"feature build from final_time_before_after_fs_bis.csv (minilm, si_si2) + RF fit amortized by test pair; prediction time not separately logged"
ChEMBL__Semantically-Joinable__assays_vertical_30_ec_av,ChEMBL,assays_vertical_30_ec_av,62.057,24.524043421231205,ChEMBL,Semantically-Joinable,minilm,si_si2,5.39702322527711,2,67.45402322527711,"feature build from final_time_before_after_fs_bis.csv (minilm, si_si2) + RF fit amortized by test pair; prediction time not separately logged"
OpenData__Joinable__miller2_vertical_1_ac1_ev,OpenData,miller2_vertical_1_ac1_ev,187.212,78.96025847148894,OpenData,Joinable,minilm,si_si2,6.490463595692778,1,193.70246359569276,"feature build from final_time_before_after_fs_bis.csv (minilm, si_si2) + RF fit amortized by test pair; prediction time not separately logged"
OpenData__View -Unionable__miller2_both_0_30_ac5_av,OpenData,miller2_both_0_30_ac5_av,286.54,122.97647412210704,OpenData,View-Unionable,minilm,si_si2,5.178372998638553,1,291.7183729986386,"feature build from final_time_before_after_fs_bis.csv (minilm, si_si2) + RF fit amortized by test pair; prediction time not separately logged"
TPC-DI__Unionable__prospect_horizontal_0_ac3_av,TPC-DI,prospect_horizontal_0_ac3_av,129.852,53.13452256289125,TPC-DI,Unionable,minilm,si_si2,5.39702322527711,2,135.2490232252771,"feature build from final_time_before_after_fs_bis.csv (minilm, si_si2) + RF fit amortized by test pair; prediction time not separately logged"
ChEMBL__Semantically-Joinable__assays_vertical_50_ac1_av,ChEMBL,assays_vertical_50_ac1_av,80.982,31.731666737392544,ChEMBL,Semantically-Joinable,minilm,si_si2,6.205850718171684,2,87.18785071817169,"feature build from final_time_before_after_fs_bis.csv (minilm, si_si2) + RF fit amortized by test pair; prediction time not separately logged"
OpenData__Joinable__miller2_vertical_1_ac2_ev,OpenData,miller2_vertical_1_ac2_ev,180.472,75.74960918252171,OpenData,Joinable,minilm,si_si2,5.521143731141579,2,185.9931437311416,"feature build from final_time_before_after_fs_bis.csv (minilm, si_si2) + RF fit amortized by test pair; prediction time not separately logged"
OpenData__View -Unionable__miller2_both_0_30_ac5_ev,OpenData,miller2_both_0_30_ac5_ev,283.02,121.69755715362726,OpenData,View-Unionable,minilm,si_si2,12.894884620442308,1,295.9148846204423,"feature build from final_time_before_after_fs_bis.csv (minilm, si_si2) + RF fit amortized by test pair; prediction time not separately logged"
TPC-DI__Unionable__prospect_horizontal_0_ac3_ev,TPC-DI,prospect_horizontal_0_ac3_ev,131.792,53.95838498939574,TPC-DI,Unionable,minilm,si_si2,5.92123784065059,1,137.71323784065058,"feature build from final_time_before_after_fs_bis.csv (minilm, si_si2) + RF fit amortized by test pair; prediction time not separately logged"
ChEMBL__Semantically-Joinable__assays_vertical_50_ac2_av,ChEMBL,assays_vertical_50_ac2_av,77.599,30.3440138181448,ChEMBL,Semantically-Joinable,minilm,si_si2,6.205850718171684,2,83.80485071817169,"feature build from final_time_before_after_fs_bis.csv (minilm, si_si2) + RF fit amortized by test pair; prediction time not separately logged"
OpenData__Joinable__miller2_vertical_1_ac3_ev,OpenData,miller2_vertical_1_ac3_ev,186.657,78.39961538498105,OpenData,Joinable,minilm,si_si2,5.42661401036749,1,192.0836140103675,"feature build from final_time_before_after_fs_bis.csv (minilm, si_si2) + RF fit amortized by test pair; prediction time not separately logged"
OpenData__View -Unionable__miller2_both_0_30_ec_av,OpenData,miller2_both_0_30_ec_av,276.988,118.48237933042644,OpenData,View-Unionable,minilm,si_si2,5.92123784065059,1,282.9092378406506,"feature build from final_time_before_after_fs_bis.csv (minilm, si_si2) + RF fit amortized by test pair; prediction time not separately logged"
TPC-DI__Unionable__prospect_horizontal_0_ac4_av,TPC-DI,prospect_horizontal_0_ac4_av,129.028,52.70686708676814,TPC-DI,Unionable,minilm,si_si2,5.726472379453016,5,134.754472379453,"feature build from final_time_before_after_fs_bis.csv (minilm, si_si2) + RF fit amortized by test pair; prediction time not separately logged"
ChEMBL__Semantically-Joinable__assays_vertical_50_ac3_av,ChEMBL,assays_vertical_50_ac3_av,79.969,31.510651044040912,ChEMBL,Semantically-Joinable,minilm,si_si2,5.42661401036749,1,85.39561401036748,"feature build from final_time_before_after_fs_bis.csv (minilm, si_si2) + RF fit amortized by test pair; prediction time not separately logged"
OpenData__Joinable__miller2_vertical_1_ac4_ev,OpenData,miller2_vertical_1_ac4_ev,182.815,77.02606625720858,OpenData,Joinable,minilm,si_si2,5.178372998638553,1,187.99337299863856,"feature build from final_time_before_after_fs_bis.csv (minilm, si_si2) + RF fit amortized by test pair; prediction time not separately logged"
OpenData__View -Unionable__miller2_both_0_30_ec_ev,OpenData,miller2_both_0_30_ec_ev,269.619,115.75816764035824,OpenData,View-Unionable,minilm,si_si2,5.92123784065059,1,275.5402378406506,"feature build from final_time_before_after_fs_bis.csv (minilm, si_si2) + RF fit amortized by test pair; prediction time not separately logged"
TPC-DI__Unionable__prospect_horizontal_0_ac4_ev,TPC-DI,prospect_horizontal_0_ac4_ev,134.446,54.79721259279549,TPC-DI,Unionable,minilm,si_si2,6.009124962753012,3,140.45512496275302,"feature build from final_time_before_after_fs_bis.csv (minilm, si_si2) + RF fit amortized by test pair; prediction time not separately logged"
ChEMBL__Semantically-Joinable__assays_vertical_50_ac4_av,ChEMBL,assays_vertical_50_ac4_av,78.847,30.6537211639136,ChEMBL,Semantically-Joinable,minilm,si_si2,5.178372998638553,1,84.02537299863855,"feature build from final_time_before_after_fs_bis.csv (minilm, si_si2) + RF fit amortized by test pair; prediction time not separately logged"
OpenData__Joinable__miller2_vertical_1_ac5_ev,OpenData,miller2_vertical_1_ac5_ev,182.192,76.80606483501197,OpenData,Joinable,minilm,si_si2,5.768455646283129,2,187.96045564628312,"feature build from final_time_before_after_fs_bis.csv (minilm, si_si2) + RF fit amortized by test pair; prediction time not separately logged"
OpenData__View -Unionable__miller2_both_0_50_ac1_av,OpenData,miller2_both_0_50_ac1_av,384.747,166.69942560748012,OpenData,View-Unionable,minilm,si_si2,6.490463595692778,1,391.2374635956928,"feature build from final_time_before_after_fs_bis.csv (minilm, si_si2) + RF fit amortized by test pair; prediction time not separately logged"
TPC-DI__Unionable__prospect_horizontal_0_ac5_av,TPC-DI,prospect_horizontal_0_ac5_av,134.592,54.899460132055,TPC-DI,Unionable,minilm,si_si2,5.615673451915668,1,140.20767345191567,"feature build from final_time_before_after_fs_bis.csv (minilm, si_si2) + RF fit amortized by test pair; prediction time not separately logged"
ChEMBL__Semantically-Joinable__assays_vertical_50_ac5_av,ChEMBL,assays_vertical_50_ac5_av,79.562,31.11572458137572,ChEMBL,Semantically-Joinable,minilm,si_si2,5.178372998638553,1,84.74037299863855,"feature build from final_time_before_after_fs_bis.csv (minilm, si_si2) + RF fit amortized by test pair; prediction time not separately logged"
OpenData__Joinable__miller2_vertical_1_ec_ev,OpenData,miller2_vertical_1_ec_ev,185.462,78.13272096280753,OpenData,Joinable,minilm,si_si2,5.521143731141579,2,190.98314373114158,"feature build from final_time_before_after_fs_bis.csv (minilm, si_si2) + RF fit amortized by test pair; prediction time not separately logged"
OpenData__View -Unionable__miller2_both_0_50_ac1_ev,OpenData,miller2_both_0_50_ac1_ev,382.648,165.9797405190319,OpenData,View-Unionable,minilm,si_si2,5.615673451915668,1,388.2636734519157,"feature build from final_time_before_after_fs_bis.csv (minilm, si_si2) + RF fit amortized by test pair; prediction time not separately logged"
TPC-DI__Unionable__prospect_horizontal_0_ac5_ev,TPC-DI,prospect_horizontal_0_ac5_ev,132.853,53.935126731053,TPC-DI,Unionable,minilm,si_si2,5.946105148903619,3,138.79910514890364,"feature build from final_time_before_after_fs_bis.csv (minilm, si_si2) + RF fit amortized by test pair; prediction time not separately logged"
ChEMBL__Semantically-Joinable__assays_vertical_50_ec_av,ChEMBL,assays_vertical_50_ec_av,83.148,32.93858497585356,ChEMBL,Semantically-Joinable,minilm,si_si2,5.92123784065059,1,89.06923784065059,"feature build from final_time_before_after_fs_bis.csv (minilm, si_si2) + RF fit amortized by test pair; prediction time not separately logged"
OpenData__Joinable__miller2_vertical_30_ac1_ev,OpenData,miller2_vertical_30_ac1_ev,284.892,122.51634961088,OpenData,Joinable,minilm,si_si2,6.490463595692778,1,291.3824635956928,"feature build from final_time_before_after_fs_bis.csv (minilm, si_si2) + RF fit amortized by test pair; prediction time not separately logged"
OpenData__View -Unionable__miller2_both_0_50_ac2_av,OpenData,miller2_both_0_50_ac2_av,372.919,160.97550009214876,OpenData,View-Unionable,minilm,si_si2,5.726472379453016,5,378.645472379453,"feature build from final_time_before_after_fs_bis.csv (minilm, si_si2) + RF fit amortized by test pair; prediction time not separately logged"
TPC-DI__Unionable__prospect_horizontal_0_ec_av,TPC-DI,prospect_horizontal_0_ec_av,154.641,65.13208906090259,TPC-DI,Unionable,minilm,si_si2,5.42661401036749,1,160.0676140103675,"feature build from final_time_before_after_fs_bis.csv (minilm, si_si2) + RF fit amortized by test pair; prediction time not separately logged"
ChEMBL__Semantically-Joinable__assays_vertical_70_ac1_av,ChEMBL,assays_vertical_70_ac1_av,101.785,40.8334838988632,ChEMBL,Semantically-Joinable,minilm,si_si2,5.768455646283129,2,107.55345564628313,"feature build from final_time_before_after_fs_bis.csv (minilm, si_si2) + RF fit amortized by test pair; prediction time not separately logged"
OpenData__Joinable__miller2_vertical_30_ac2_ev,OpenData,miller2_vertical_30_ac2_ev,263.712,113.798534909904,OpenData,Joinable,minilm,si_si2,5.698483534899606,3,269.4104835348996,"feature build from final_time_before_after_fs_bis.csv (minilm, si_si2) + RF fit amortized by test pair; prediction time not separately logged"
OpenData__View -Unionable__miller2_both_0_50_ac2_ev,OpenData,miller2_both_0_50_ac2_ev,369.247,159.28865748506786,OpenData,View-Unionable,minilm,si_si2,5.178372998638553,1,374.4253729986386,"feature build from final_time_before_after_fs_bis.csv (minilm, si_si2) + RF fit amortized by test pair; prediction time not separately logged"
TPC-DI__Unionable__prospect_horizontal_0_ec_ev,TPC-DI,prospect_horizontal_0_ec_ev,154.706,65.13109145848452,TPC-DI,Unionable,minilm,si_si2,5.302493504503021,2,160.008493504503,"feature build from final_time_before_after_fs_bis.csv (minilm, si_si2) + RF fit amortized by test pair; prediction time not separately logged"
ChEMBL__Semantically-Joinable__assays_vertical_70_ac2_av,ChEMBL,assays_vertical_70_ac2_av,106.14,42.61454626392573,ChEMBL,Semantically-Joinable,minilm,si_si2,5.571761430401604,3,111.71176143040161,"feature build from final_time_before_after_fs_bis.csv (minilm, si_si2) + RF fit amortized by test pair; prediction time not separately logged"
OpenData__Joinable__miller2_vertical_30_ac3_ev,OpenData,miller2_vertical_30_ac3_ev,286.051,122.52984931229054,OpenData,Joinable,minilm,si_si2,5.535474575393075,4,291.5864745753931,"feature build from final_time_before_after_fs_bis.csv (minilm, si_si2) + RF fit amortized by test pair; prediction time not separately logged"
OpenData__View -Unionable__miller2_both_0_50_ac3_av,OpenData,miller2_both_0_50_ac3_av,379.687,163.67029898389058,OpenData,View-Unionable,minilm,si_si2,5.521143731141579,2,385.2081437311416,"feature build from final_time_before_after_fs_bis.csv (minilm, si_si2) + RF fit amortized by test pair; prediction time not separately logged"
TPC-DI__Unionable__prospect_horizontal_100_ac1_av,TPC-DI,prospect_horizontal_100_ac1_av,131.454,53.80757347503305,TPC-DI,Unionable,minilm,si_si2,5.615673451915668,1,137.06967345191566,"feature build from final_time_before_after_fs_bis.csv (minilm, si_si2) + RF fit amortized by test pair; prediction time not separately logged"
ChEMBL__Semantically-Joinable__assays_vertical_70_ac3_av,ChEMBL,assays_vertical_70_ac3_av,104.201,41.802883303374045,ChEMBL,Semantically-Joinable,minilm,si_si2,5.615673451915668,1,109.81667345191566,"feature build from final_time_before_after_fs_bis.csv (minilm, si_si2) + RF fit amortized by test pair; prediction time not separately logged"
OpenData__Joinable__miller2_vertical_30_ac4_ev,OpenData,miller2_vertical_30_ac4_ev,279.562,119.95023838345708,OpenData,Joinable,minilm,si_si2,5.92123784065059,1,285.4832378406506,"feature build from final_time_before_after_fs_bis.csv (minilm, si_si2) + RF fit amortized by test pair; prediction time not separately logged"
OpenData__View -Unionable__miller2_both_0_50_ac3_ev,OpenData,miller2_both_0_50_ac3_ev,375.281,162.3079836485386,OpenData,View-Unionable,minilm,si_si2,5.39702322527711,2,380.6780232252771,"feature build from final_time_before_after_fs_bis.csv (minilm, si_si2) + RF fit amortized by test pair; prediction time not separately logged"
TPC-DI__Unionable__prospect_horizontal_100_ac1_ev,TPC-DI,prospect_horizontal_100_ac1_ev,137.177,56.05816651587188,TPC-DI,Unionable,minilm,si_si2,6.490463595692778,1,143.66746359569277,"feature build from final_time_before_after_fs_bis.csv (minilm, si_si2) + RF fit amortized by test pair; prediction time not separately logged"
ChEMBL__Semantically-Joinable__assays_vertical_70_ac4_av,ChEMBL,assays_vertical_70_ac4_av,107.059,43.27970737928152,ChEMBL,Semantically-Joinable,minilm,si_si2,6.053068523804223,2,113.11206852380423,"feature build from final_time_before_after_fs_bis.csv (minilm, si_si2) + RF fit amortized by test pair; prediction time not separately logged"
OpenData__Joinable__miller2_vertical_30_ac5_ev,OpenData,miller2_vertical_30_ac5_ev,271.247,116.75005704586208,OpenData,Joinable,minilm,si_si2,6.053068523804223,2,277.3000685238042,"feature build from final_time_before_after_fs_bis.csv (minilm, si_si2) + RF fit amortized by test pair; prediction time not separately logged"
OpenData__View -Unionable__miller2_both_0_50_ac4_av,OpenData,miller2_both_0_50_ac4_av,369.34,159.74463081561026,OpenData,View-Unionable,minilm,si_si2,5.42661401036749,1,374.76661401036745,"feature build from final_time_before_after_fs_bis.csv (minilm, si_si2) + RF fit amortized by test pair; prediction time not separately logged"
TPC-DI__Unionable__prospect_horizontal_100_ac2_av,TPC-DI,prospect_horizontal_100_ac2_av,135.827,55.48943521450087,TPC-DI,Unionable,minilm,si_si2,5.67392592550904,2,141.50092592550905,"feature build from final_time_before_after_fs_bis.csv (minilm, si_si2) + RF fit amortized by test pair; prediction time not separately logged"
ChEMBL__Semantically-Joinable__assays_vertical_70_ac5_av,ChEMBL,assays_vertical_70_ac5_av,97.422,38.93834369976818,ChEMBL,Semantically-Joinable,minilm,si_si2,5.768455646283129,2,103.19045564628313,"feature build from final_time_before_after_fs_bis.csv (minilm, si_si2) + RF fit amortized by test pair; prediction time not separately logged"
OpenData__Joinable__miller2_vertical_30_ec_ev,OpenData,miller2_vertical_30_ec_ev,290.26,124.59105160482228,OpenData,Joinable,minilm,si_si2,5.958538803030134,2,296.2185388030301,"feature build from final_time_before_after_fs_bis.csv (minilm, si_si2) + RF fit amortized by test pair; prediction time not separately logged"
OpenData__View -Unionable__miller2_both_0_50_ac4_ev,OpenData,miller2_both_0_50_ac4_ev,372.34,161.40242264807222,OpenData,View-Unionable,minilm,si_si2,6.490463595692778,1,378.8304635956928,"feature build from final_time_before_after_fs_bis.csv (minilm, si_si2) + RF fit amortized by test pair; prediction time not separately logged"
TPC-DI__Unionable__prospect_horizontal_100_ac2_ev,TPC-DI,prospect_horizontal_100_ac2_ev,121.213,49.76845492377132,TPC-DI,Unionable,minilm,si_si2,5.863358144993974,3,127.07635814499397,"feature build from final_time_before_after_fs_bis.csv (minilm, si_si2) + RF fit amortized by test pair; prediction time not separately logged"
ChEMBL__Semantically-Joinable__assays_vertical_70_ec_av,ChEMBL,assays_vertical_70_ec_av,116.126,48.385849695488815,ChEMBL,Semantically-Joinable,minilm,si_si2,12.894884620442308,1,129.0208846204423,"feature build from final_time_before_after_fs_bis.csv (minilm, si_si2) + RF fit amortized by test pair; prediction time not separately logged"
OpenData__Joinable__miller2_vertical_50_ac1_ev,OpenData,miller2_vertical_50_ac1_ev,377.933,164.0872155779898,OpenData,Joinable,minilm,si_si2,5.863358144993974,3,383.796358144994,"feature build from final_time_before_after_fs_bis.csv (minilm, si_si2) + RF fit amortized by test pair; prediction time not separately logged"
OpenData__View -Unionable__miller2_both_0_50_ac5_av,OpenData,miller2_both_0_50_ac5_av,364.092,157.5607891062349,OpenData,View-Unionable,minilm,si_si2,5.698483534899606,3,369.7904835348996,"feature build from final_time_before_after_fs_bis.csv (minilm, si_si2) + RF fit amortized by test pair; prediction time not separately logged"
TPC-DI__Unionable__prospect_horizontal_100_ac3_av,TPC-DI,prospect_horizontal_100_ac3_av,126.025,51.162470213696366,TPC-DI,Unionable,minilm,si_si2,12.894884620442308,1,138.9198846204423,"feature build from final_time_before_after_fs_bis.csv (minilm, si_si2) + RF fit amortized by test pair; prediction time not separately logged"
ChEMBL__Unionable__assays_horizontal_0_ac1_av,ChEMBL,assays_horizontal_0_ac1_av,143.277,59.10641165193914,ChEMBL,Unionable,minilm,si_si2,5.178372998638553,1,148.45537299863855,"feature build from final_time_before_after_fs_bis.csv (minilm, si_si2) + RF fit amortized by test pair; prediction time not separately logged"
OpenData__Joinable__miller2_vertical_50_ac2_ev,OpenData,miller2_vertical_50_ac2_ev,368.406,158.8418047824353,OpenData,Joinable,minilm,si_si2,5.615673451915668,1,374.02167345191566,"feature build from final_time_before_after_fs_bis.csv (minilm, si_si2) + RF fit amortized by test pair; prediction time not separately logged"
OpenData__View -Unionable__miller2_both_0_50_ac5_ev,OpenData,miller2_both_0_50_ac5_ev,373.059,161.2046258259714,OpenData,View-Unionable,minilm,si_si2,5.754172111337352,4,378.8131721113374,"feature build from final_time_before_after_fs_bis.csv (minilm, si_si2) + RF fit amortized by test pair; prediction time not separately logged"
TPC-DI__Unionable__prospect_horizontal_100_ac3_ev,TPC-DI,prospect_horizontal_100_ac3_ev,133.585,54.65756624801085,TPC-DI,Unionable,minilm,si_si2,12.894884620442308,1,146.4798846204423,"feature build from final_time_before_after_fs_bis.csv (minilm, si_si2) + RF fit amortized by test pair; prediction time not separately logged"
ChEMBL__Unionable__assays_horizontal_0_ac1_ev,ChEMBL,assays_horizontal_0_ac1_ev,134.001,55.218704737558966,ChEMBL,Unionable,minilm,si_si2,6.053068523804223,2,140.05406852380423,"feature build from final_time_before_after_fs_bis.csv (minilm, si_si2) + RF fit amortized by test pair; prediction time not separately logged"
OpenData__Joinable__miller2_vertical_50_ac3_ev,OpenData,miller2_vertical_50_ac3_ev,355.123,153.44391166451572,OpenData,Joinable,minilm,si_si2,5.178372998638553,1,360.30137299863856,"feature build from final_time_before_after_fs_bis.csv (minilm, si_si2) + RF fit amortized by test pair; prediction time not separately logged"
OpenData__View -Unionable__miller2_both_0_50_ec_av,OpenData,miller2_both_0_50_ec_av,369.204,160.0063642525077,OpenData,View-Unionable,minilm,si_si2,5.178372998638553,1,374.3823729986386,"feature build from final_time_before_after_fs_bis.csv (minilm, si_si2) + RF fit amortized by test pair; prediction time not separately logged"
TPC-DI__Unionable__prospect_horizontal_100_ac4_av,TPC-DI,prospect_horizontal_100_ac4_av,132.988,54.8758484275192,TPC-DI,Unionable,minilm,si_si2,5.615673451915668,1,138.60367345191565,"feature build from final_time_before_after_fs_bis.csv (minilm, si_si2) + RF fit amortized by test pair; prediction time not separately logged"
ChEMBL__Unionable__assays_horizontal_0_ac2_av,ChEMBL,assays_horizontal_0_ac2_av,144.588,59.468744919180864,ChEMBL,Unionable,minilm,si_si2,5.178372998638553,1,149.76637299863856,"feature build from final_time_before_after_fs_bis.csv (minilm, si_si2) + RF fit amortized by test pair; prediction time not separately logged"
OpenData__Joinable__miller2_vertical_50_ac4_ev,OpenData,miller2_vertical_50_ac4_ev,383.381,166.2203136169761,OpenData,Joinable,minilm,si_si2,12.894884620442308,1,396.2758846204423,"feature build from final_time_before_after_fs_bis.csv (minilm, si_si2) + RF fit amortized by test pair; prediction time not separately logged"
OpenData__View -Unionable__miller2_both_0_50_ec_ev,OpenData,miller2_both_0_50_ec_ev,368.803,159.7161433814764,OpenData,View-Unionable,minilm,si_si2,5.615673451915668,1,374.41867345191565,"feature build from final_time_before_after_fs_bis.csv (minilm, si_si2) + RF fit amortized by test pair; prediction time not separately logged"
TPC-DI__Unionable__prospect_horizontal_100_ac4_ev,TPC-DI,prospect_horizontal_100_ac4_ev,123.762,50.387930612906814,TPC-DI,Unionable,minilm,si_si2,5.92123784065059,1,129.68323784065058,"feature build from final_time_before_after_fs_bis.csv (minilm, si_si2) + RF fit amortized by test pair; prediction time not separately logged"
ChEMBL__Unionable__assays_horizontal_0_ac2_ev,ChEMBL,assays_horizontal_0_ac2_ev,142.45,58.69408257752656,ChEMBL,Unionable,minilm,si_si2,5.677781014153622,4,148.1277810141536,"feature build from final_time_before_after_fs_bis.csv (minilm, si_si2) + RF fit amortized by test pair; prediction time not separately logged"
OpenData__Joinable__miller2_vertical_50_ac5_ev,OpenData,miller2_vertical_50_ac5_ev,373.481,161.88689394979178,OpenData,Joinable,minilm,si_si2,5.42661401036749,1,378.90761401036747,"feature build from final_time_before_after_fs_bis.csv (minilm, si_si2) + RF fit amortized by test pair; prediction time not separately logged"
OpenData__View -Unionable__miller2_both_0_70_ac1_av,OpenData,miller2_both_0_70_ac1_av,478.803,209.224750754118,OpenData,View-Unionable,minilm,si_si2,5.42661401036749,1,484.22961401036747,"feature build from final_time_before_after_fs_bis.csv (minilm, si_si2) + RF fit amortized by test pair; prediction time not separately logged"
TPC-DI__Unionable__prospect_horizontal_100_ac5_av,TPC-DI,prospect_horizontal_100_ac5_av,120.306,49.15394060885906,TPC-DI,Unionable,minilm,si_si2,5.178372998638553,1,125.48437299863855,"feature build from final_time_before_after_fs_bis.csv (minilm, si_si2) + RF fit amortized by test pair; prediction time not separately logged"
ChEMBL__Unionable__assays_horizontal_0_ac3_av,ChEMBL,assays_horizontal_0_ac3_av,141.019,57.94029996605218,ChEMBL,Unionable,minilm,si_si2,5.549805419644571,2,146.56880541964458,"feature build from final_time_before_after_fs_bis.csv (minilm, si_si2) + RF fit amortized by test pair; prediction time not separately logged"
OpenData__Joinable__miller2_vertical_50_ec_ev,OpenData,miller2_vertical_50_ec_ev,406.705,177.60486864710225,OpenData,Joinable,minilm,si_si2,5.698483534899606,3,412.4034835348996,"feature build from final_time_before_after_fs_bis.csv (minilm, si_si2) + RF fit amortized by test pair; prediction time not separately logged"
OpenData__View -Unionable__miller2_both_0_70_ac1_ev,OpenData,miller2_both_0_70_ac1_ev,486.769,212.4044280486703,OpenData,View-Unionable,minilm,si_si2,6.490463595692778,1,493.2594635956928,"feature build from final_time_before_after_fs_bis.csv (minilm, si_si2) + RF fit amortized by test pair; prediction time not separately logged"
TPC-DI__Unionable__prospect_horizontal_100_ac5_ev,TPC-DI,prospect_horizontal_100_ac5_ev,119.945,48.99930203396826,TPC-DI,Unionable,minilm,si_si2,5.42661401036749,1,125.37161401036748,"feature build from final_time_before_after_fs_bis.csv (minilm, si_si2) + RF fit amortized by test pair; prediction time not separately logged"
ChEMBL__Unionable__assays_horizontal_0_ac3_ev,ChEMBL,assays_horizontal_0_ac3_ev,140.389,57.706791091278205,ChEMBL,Unionable,minilm,si_si2,5.92123784065059,1,146.3102378406506,"feature build from final_time_before_after_fs_bis.csv (minilm, si_si2) + RF fit amortized by test pair; prediction time not separately logged"
OpenData__Joinable__miller2_vertical_70_ac1_ev,OpenData,miller2_vertical_70_ac1_ev,494.443,215.74813135343788,OpenData,Joinable,minilm,si_si2,5.615673451915668,1,500.05867345191564,"feature build from final_time_before_after_fs_bis.csv (minilm, si_si2) + RF fit amortized by test pair; prediction time not separately logged"
OpenData__View -Unionable__miller2_both_0_70_ac2_av,OpenData,miller2_both_0_70_ac2_av,474.819,205.87485190840067,OpenData,View-Unionable,minilm,si_si2,12.894884620442308,1,487.71388462044234,"feature build from final_time_before_after_fs_bis.csv (minilm, si_si2) + RF fit amortized by test pair; prediction time not separately logged"
TPC-DI__Unionable__prospect_horizontal_100_ec_av,TPC-DI,prospect_horizontal_100_ec_av,154.267,64.96400738042593,TPC-DI,Unionable,minilm,si_si2,5.42661401036749,1,159.6936140103675,"feature build from final_time_before_after_fs_bis.csv (minilm, si_si2) + RF fit amortized by test pair; prediction time not separately logged"
ChEMBL__Unionable__assays_horizontal_0_ac4_av,ChEMBL,assays_horizontal_0_ac4_av,141.225,57.69739575674757,ChEMBL,Unionable,minilm,si_si2,12.894884620442308,1,154.1198846204423,"feature build from final_time_before_after_fs_bis.csv (minilm, si_si2) + RF fit amortized by test pair; prediction time not separately logged"
OpenData__Joinable__miller2_vertical_70_ac2_ev,OpenData,miller2_vertical_70_ac2_ev,481.322,209.0928202470094,OpenData,Joinable,minilm,si_si2,5.39702322527711,2,486.7190232252771,"feature build from final_time_before_after_fs_bis.csv (minilm, si_si2) + RF fit amortized by test pair; prediction time not separately logged"
OpenData__View -Unionable__miller2_both_0_70_ac2_ev,OpenData,miller2_both_0_70_ac2_ev,444.914,195.6762763030231,OpenData,View-Unionable,minilm,si_si2,6.053068523804223,2,450.9670685238042,"feature build from final_time_before_after_fs_bis.csv (minilm, si_si2) + RF fit amortized by test pair; prediction time not separately logged"
TPC-DI__Unionable__prospect_horizontal_100_ec_ev,TPC-DI,prospect_horizontal_100_ec_ev,146.285,61.58047470621764,TPC-DI,Unionable,minilm,si_si2,12.894884620442308,1,159.1798846204423,"feature build from final_time_before_after_fs_bis.csv (minilm, si_si2) + RF fit amortized by test pair; prediction time not separately logged"
ChEMBL__Unionable__assays_horizontal_0_ac4_ev,ChEMBL,assays_horizontal_0_ac4_ev,142.922,58.74963297855854,ChEMBL,Unionable,minilm,si_si2,5.406886820307236,3,148.32888682030725,"feature build from final_time_before_after_fs_bis.csv (minilm, si_si2) + RF fit amortized by test pair; prediction time not separately logged"
OpenData__Joinable__miller2_vertical_70_ac3_ev,OpenData,miller2_vertical_70_ac3_ev,495.301,215.34667446187137,OpenData,Joinable,minilm,si_si2,12.894884620442308,1,508.1958846204423,"feature build from final_time_before_after_fs_bis.csv (minilm, si_si2) + RF fit amortized by test pair; prediction time not separately logged"
OpenData__View -Unionable__miller2_both_0_70_ac3_av,OpenData,miller2_both_0_70_ac3_av,460.103,199.19613849546016,OpenData,View-Unionable,minilm,si_si2,5.42661401036749,1,465.5296140103675,"feature build from final_time_before_after_fs_bis.csv (minilm, si_si2) + RF fit amortized by test pair; prediction time not separately logged"
TPC-DI__Unionable__prospect_horizontal_50_ac1_av,TPC-DI,prospect_horizontal_50_ac1_av,137.759,56.68395524091645,TPC-DI,Unionable,minilm,si_si2,5.615673451915668,1,143.37467345191564,"feature build from final_time_before_after_fs_bis.csv (minilm, si_si2) + RF fit amortized by test pair; prediction time not separately logged"
ChEMBL__Unionable__assays_horizontal_0_ac5_av,ChEMBL,assays_horizontal_0_ac5_av,139.83,57.49937838401647,ChEMBL,Unionable,minilm,si_si2,5.615673451915668,1,145.44567345191567,"feature build from final_time_before_after_fs_bis.csv (minilm, si_si2) + RF fit amortized by test pair; prediction time not separately logged"
OpenData__Joinable__miller2_vertical_70_ac4_ev,OpenData,miller2_vertical_70_ac4_ev,457.244,198.92082535201317,OpenData,Joinable,minilm,si_si2,5.801436971724397,4,463.0454369717244,"feature build from final_time_before_after_fs_bis.csv (minilm, si_si2) + RF fit amortized by test pair; prediction time not separately logged"
OpenData__View -Unionable__miller2_both_0_70_ac3_ev,OpenData,miller2_both_0_70_ac3_ev,476.994,207.53980325819555,OpenData,View-Unionable,minilm,si_si2,5.178372998638553,1,482.1723729986386,"feature build from final_time_before_after_fs_bis.csv (minilm, si_si2) + RF fit amortized by test pair; prediction time not separately logged"
TPC-DI__Unionable__prospect_horizontal_50_ac1_ev,TPC-DI,prospect_horizontal_50_ac1_ev,126.883,51.95955507698655,TPC-DI,Unionable,minilm,si_si2,5.834418297165666,2,132.71741829716566,"feature build from final_time_before_after_fs_bis.csv (minilm, si_si2) + RF fit amortized by test pair; prediction time not separately logged"
ChEMBL__Unionable__assays_horizontal_0_ac5_ev,ChEMBL,assays_horizontal_0_ac5_ev,142.607,58.67999984246492,ChEMBL,Unionable,minilm,si_si2,6.053068523804223,2,148.66006852380423,"feature build from final_time_before_after_fs_bis.csv (minilm, si_si2) + RF fit amortized by test pair; prediction time not separately logged"
OpenData__Joinable__miller2_vertical_70_ac5_ev,OpenData,miller2_vertical_70_ac5_ev,484.094,211.0624054981917,OpenData,Joinable,minilm,si_si2,5.42661401036749,1,489.52061401036747,"feature build from final_time_before_after_fs_bis.csv (minilm, si_si2) + RF fit amortized by test pair; prediction time not separately logged"
OpenData__View -Unionable__miller2_both_0_70_ac4_av,OpenData,miller2_both_0_70_ac4_av,471.523,205.1938467975259,OpenData,View-Unionable,minilm,si_si2,5.508741616552211,3,477.0317416165522,"feature build from final_time_before_after_fs_bis.csv (minilm, si_si2) + RF fit amortized by test pair; prediction time not separately logged"
TPC-DI__Unionable__prospect_horizontal_50_ac2_av,TPC-DI,prospect_horizontal_50_ac2_av,129.29,52.784740338996045,TPC-DI,Unionable,minilm,si_si2,5.42661401036749,1,134.7166140103675,"feature build from final_time_before_after_fs_bis.csv (minilm, si_si2) + RF fit amortized by test pair; prediction time not separately logged"
ChEMBL__Unionable__assays_horizontal_0_ec_av,ChEMBL,assays_horizontal_0_ec_av,168.014,71.29995703653992,ChEMBL,Unionable,minilm,si_si2,5.521143731141579,2,173.5351437311416,"feature build from final_time_before_after_fs_bis.csv (minilm, si_si2) + RF fit amortized by test pair; prediction time not separately logged"
OpenData__Joinable__miller2_vertical_70_ec_ev,OpenData,miller2_vertical_70_ec_ev,476.781,208.71855258247257,OpenData,Joinable,minilm,si_si2,12.894884620442308,1,489.67588462044233,"feature build from final_time_before_after_fs_bis.csv (minilm, si_si2) + RF fit amortized by test pair; prediction time not separately logged"
OpenData__View -Unionable__miller2_both_0_70_ac4_ev,OpenData,miller2_both_0_70_ac4_ev,472.055,205.4582259844244,OpenData,View-Unionable,minilm,si_si2,5.42661401036749,1,477.4816140103675,"feature build from final_time_before_after_fs_bis.csv (minilm, si_si2) + RF fit amortized by test pair; prediction time not separately logged"
TPC-DI__Unionable__prospect_horizontal_50_ac2_ev,TPC-DI,prospect_horizontal_50_ac2_ev,128.47,52.34641062773764,TPC-DI,Unionable,minilm,si_si2,5.67392592550904,2,134.14392592550905,"feature build from final_time_before_after_fs_bis.csv (minilm, si_si2) + RF fit amortized by test pair; prediction time not separately logged"
ChEMBL__Unionable__assays_horizontal_0_ec_ev,ChEMBL,assays_horizontal_0_ec_ev,143.678,59.09096510584652,ChEMBL,Unionable,minilm,si_si2,5.178372998638553,1,148.85637299863856,"feature build from final_time_before_after_fs_bis.csv (minilm, si_si2) + RF fit amortized by test pair; prediction time not separately logged"
OpenData__Semantically-Joinable__miller2_both_50_1_ac1_av,OpenData,miller2_both_50_1_ac1_av,183.463,77.43107978674769,OpenData,Semantically-Joinable,minilm,si_si2,5.302493504503021,2,188.765493504503,"feature build from final_time_before_after_fs_bis.csv (minilm, si_si2) + RF fit amortized by test pair; prediction time not separately logged"
OpenData__View -Unionable__miller2_both_0_70_ac5_av,OpenData,miller2_both_0_70_ac5_av,483.462,210.3819367891997,OpenData,View-Unionable,minilm,si_si2,6.490463595692778,1,489.9524635956928,"feature build from final_time_before_after_fs_bis.csv (minilm, si_si2) + RF fit amortized by test pair; prediction time not separately logged"
TPC-DI__Unionable__prospect_horizontal_50_ac3_av,TPC-DI,prospect_horizontal_50_ac3_av,132.147,54.09237263549864,TPC-DI,Unionable,minilm,si_si2,12.894884620442308,1,145.0418846204423,"feature build from final_time_before_after_fs_bis.csv (minilm, si_si2) + RF fit amortized by test pair; prediction time not separately logged"
ChEMBL__Unionable__assays_horizontal_100_ac1_av,ChEMBL,assays_horizontal_100_ac1_av,141.378,58.19784069384633,ChEMBL,Unionable,minilm,si_si2,5.42661401036749,1,146.8046140103675,"feature build from final_time_before_after_fs_bis.csv (minilm, si_si2) + RF fit amortized by test pair; prediction time not separately logged"
OpenData__Semantically-Joinable__miller2_both_50_1_ac2_av,OpenData,miller2_both_50_1_ac2_av,178.667,74.83975917902589,OpenData,Semantically-Joinable,minilm,si_si2,12.894884620442308,1,191.5618846204423,"feature build from final_time_before_after_fs_bis.csv (minilm, si_si2) + RF fit amortized by test pair; prediction time not separately logged"
OpenData__View -Unionable__miller2_both_0_70_ac5_ev,OpenData,miller2_both_0_70_ac5_ev,445.112,195.64196535599237,OpenData,View-Unionable,minilm,si_si2,5.768455646283129,2,450.88045564628317,"feature build from final_time_before_after_fs_bis.csv (minilm, si_si2) + RF fit amortized by test pair; prediction time not separately logged"
TPC-DI__Unionable__prospect_horizontal_50_ac3_ev,TPC-DI,prospect_horizontal_50_ac3_ev,123.682,50.580927634581926,TPC-DI,Unionable,minilm,si_si2,5.834418297165666,2,129.51641829716567,"feature build from final_time_before_after_fs_bis.csv (minilm, si_si2) + RF fit amortized by test pair; prediction time not separately logged"
ChEMBL__Unionable__assays_horizontal_100_ac1_ev,ChEMBL,assays_horizontal_100_ac1_ev,142.574,58.64100154021384,ChEMBL,Unionable,minilm,si_si2,6.053068523804223,2,148.62706852380424,"feature build from final_time_before_after_fs_bis.csv (minilm, si_si2) + RF fit amortized by test pair; prediction time not separately logged"
OpenData__Semantically-Joinable__miller2_both_50_1_ac3_av,OpenData,miller2_both_50_1_ac3_av,170.122,71.25687379252912,OpenData,Semantically-Joinable,minilm,si_si2,6.490463595692778,1,176.6124635956928,"feature build from final_time_before_after_fs_bis.csv (minilm, si_si2) + RF fit amortized by test pair; prediction time not separately logged"
OpenData__View -Unionable__miller2_both_0_70_ec_av,OpenData,miller2_both_0_70_ec_av,491.757,214.14065031033755,OpenData,View-Unionable,minilm,si_si2,6.205850718171684,2,497.9628507181717,"feature build from final_time_before_after_fs_bis.csv (minilm, si_si2) + RF fit amortized by test pair; prediction time not separately logged"
TPC-DI__Unionable__prospect_horizontal_50_ac4_av,TPC-DI,prospect_horizontal_50_ac4_av,136.744,55.938630509242415,TPC-DI,Unionable,minilm,si_si2,5.768455646283129,2,142.51245564628312,"feature build from final_time_before_after_fs_bis.csv (minilm, si_si2) + RF fit amortized by test pair; prediction time not separately logged"
ChEMBL__Unionable__assays_horizontal_100_ac2_av,ChEMBL,assays_horizontal_100_ac2_av,140.323,57.59571095104516,ChEMBL,Unionable,minilm,si_si2,5.654508434311249,3,145.97750843431126,"feature build from final_time_before_after_fs_bis.csv (minilm, si_si2) + RF fit amortized by test pair; prediction time not separately logged"
OpenData__Semantically-Joinable__miller2_both_50_1_ac4_av,OpenData,miller2_both_50_1_ac4_av,185.177,78.06928510297834,OpenData,Semantically-Joinable,minilm,si_si2,5.834418297165666,2,191.01141829716565,"feature build from final_time_before_after_fs_bis.csv (minilm, si_si2) + RF fit amortized by test pair; prediction time not separately logged"
OpenData__View -Unionable__miller2_both_0_70_ec_ev,OpenData,miller2_both_0_70_ec_ev,481.658,209.91995698417725,OpenData,View-Unionable,minilm,si_si2,5.302493504503021,2,486.96049350450306,"feature build from final_time_before_after_fs_bis.csv (minilm, si_si2) + RF fit amortized by test pair; prediction time not separately logged"
TPC-DI__Unionable__prospect_horizontal_50_ac4_ev,TPC-DI,prospect_horizontal_50_ac4_ev,131.395,53.57839976668359,TPC-DI,Unionable,minilm,si_si2,5.39702322527711,2,136.79202322527712,"feature build from final_time_before_after_fs_bis.csv (minilm, si_si2) + RF fit amortized by test pair; prediction time not separately logged"
ChEMBL__Unionable__assays_horizontal_100_ac2_ev,ChEMBL,assays_horizontal_100_ac2_ev,139.584,57.356540031000975,ChEMBL,Unionable,minilm,si_si2,5.844250352658645,3,145.42825035265864,"feature build from final_time_before_after_fs_bis.csv (minilm, si_si2) + RF fit amortized by test pair; prediction time not separately logged"
OpenData__Semantically-Joinable__miller2_both_50_1_ac5_av,OpenData,miller2_both_50_1_ac5_av,178.583,74.94500843565166,OpenData,Semantically-Joinable,minilm,si_si2,5.508741616552211,3,184.0917416165522,"feature build from final_time_before_after_fs_bis.csv (minilm, si_si2) + RF fit amortized by test pair; prediction time not separately logged"
TPC-DI__Joinable__prospect_both_50_1_ac1_ev,TPC-DI,prospect_both_50_1_ac1_ev,40.421,14.609162537757308,TPC-DI,Joinable,minilm,si_si2,6.490463595692778,1,46.91146359569278,"feature build from final_time_before_after_fs_bis.csv (minilm, si_si2) + RF fit amortized by test pair; prediction time not separately logged"
TPC-DI__Unionable__prospect_horizontal_50_ac5_av,TPC-DI,prospect_horizontal_50_ac5_av,124.89,51.04336423553527,TPC-DI,Unionable,minilm,si_si2,5.178372998638553,1,130.06837299863855,"feature build from final_time_before_after_fs_bis.csv (minilm, si_si2) + RF fit amortized by test pair; prediction time not separately logged"
ChEMBL__Unionable__assays_horizontal_100_ac3_av,ChEMBL,assays_horizontal_100_ac3_av,142.515,58.49967047140001,ChEMBL,Unionable,minilm,si_si2,12.894884620442308,1,155.40988462044228,"feature build from final_time_before_after_fs_bis.csv (minilm, si_si2) + RF fit amortized by test pair; prediction time not separately logged"
OpenData__Semantically-Joinable__miller2_both_50_1_ec_av,OpenData,miller2_both_50_1_ec_av,182.972,76.98788453166188,OpenData,Semantically-Joinable,minilm,si_si2,5.39702322527711,2,188.36902322527712,"feature build from final_time_before_after_fs_bis.csv (minilm, si_si2) + RF fit amortized by test pair; prediction time not separately logged"
TPC-DI__Joinable__prospect_both_50_1_ac2_ev,TPC-DI,prospect_both_50_1_ac2_ev,39.759,14.441857632637024,TPC-DI,Joinable,minilm,si_si2,5.834418297165666,2,45.59341829716567,"feature build from final_time_before_after_fs_bis.csv (minilm, si_si2) + RF fit amortized by test pair; prediction time not separately logged"
TPC-DI__Unionable__prospect_horizontal_50_ac5_ev,TPC-DI,prospect_horizontal_50_ac5_ev,133.094,54.5505260913223,TPC-DI,Unionable,minilm,si_si2,5.42661401036749,1,138.5206140103675,"feature build from final_time_before_after_fs_bis.csv (minilm, si_si2) + RF fit amortized by test pair; prediction time not separately logged"
ChEMBL__Unionable__assays_horizontal_100_ac3_ev,ChEMBL,assays_horizontal_100_ac3_ev,144.046,59.21082451278716,ChEMBL,Unionable,minilm,si_si2,5.42661401036749,1,149.4726140103675,"feature build from final_time_before_after_fs_bis.csv (minilm, si_si2) + RF fit amortized by test pair; prediction time not separately logged"
OpenData__Semantically-Joinable__miller2_both_50_30_ac1_av,OpenData,miller2_both_50_30_ac1_av,268.815,115.44948807038368,OpenData,Semantically-Joinable,minilm,si_si2,6.490463595692778,1,275.3054635956928,"feature build from final_time_before_after_fs_bis.csv (minilm, si_si2) + RF fit amortized by test pair; prediction time not separately logged"
TPC-DI__Joinable__prospect_both_50_1_ac3_ev,TPC-DI,prospect_both_50_1_ac3_ev,41.175,14.949720829445866,TPC-DI,Joinable,minilm,si_si2,5.67392592550904,2,46.848925925509036,"feature build from final_time_before_after_fs_bis.csv (minilm, si_si2) + RF fit amortized by test pair; prediction time not separately logged"
TPC-DI__Unionable__prospect_horizontal_50_ec_av,TPC-DI,prospect_horizontal_50_ec_av,125.845,51.58418096534908,TPC-DI,Unionable,minilm,si_si2,6.490463595692778,1,132.33546359569277,"feature build from final_time_before_after_fs_bis.csv (minilm, si_si2) + RF fit amortized by test pair; prediction time not separately logged"
ChEMBL__Unionable__assays_horizontal_100_ac4_av,ChEMBL,assays_horizontal_100_ac4_av,140.44,57.38747686944902,ChEMBL,Unionable,minilm,si_si2,5.571761430401604,3,146.0117614304016,"feature build from final_time_before_after_fs_bis.csv (minilm, si_si2) + RF fit amortized by test pair; prediction time not separately logged"
OpenData__Semantically-Joinable__miller2_both_50_30_ac2_av,OpenData,miller2_both_50_30_ac2_av,279.615,119.19396758802236,OpenData,Semantically-Joinable,minilm,si_si2,6.053068523804223,2,285.6680685238042,"feature build from final_time_before_after_fs_bis.csv (minilm, si_si2) + RF fit amortized by test pair; prediction time not separately logged"
TPC-DI__Joinable__prospect_both_50_1_ac4_ev,TPC-DI,prospect_both_50_1_ac4_ev,41.299,15.104021615698931,TPC-DI,Joinable,minilm,si_si2,5.834418297165666,2,47.13341829716566,"feature build from final_time_before_after_fs_bis.csv (minilm, si_si2) + RF fit amortized by test pair; prediction time not separately logged"
TPC-DI__Unionable__prospect_horizontal_50_ec_ev,TPC-DI,prospect_horizontal_50_ec_ev,131.776,54.03265472261609,TPC-DI,Unionable,minilm,si_si2,6.490463595692778,1,138.26646359569278,"feature build from final_time_before_after_fs_bis.csv (minilm, si_si2) + RF fit amortized by test pair; prediction time not separately logged"
ChEMBL__Unionable__assays_horizontal_100_ac4_ev,ChEMBL,assays_horizontal_100_ac4_ev,140.006,57.339926390856505,ChEMBL,Unionable,minilm,si_si2,5.67392592550904,2,145.67992592550905,"feature build from final_time_before_after_fs_bis.csv (minilm, si_si2) + RF fit amortized by test pair; prediction time not separately logged"
OpenData__Semantically-Joinable__miller2_both_50_30_ac3_av,OpenData,miller2_both_50_30_ac3_av,261.929,113.1597085189968,OpenData,Semantically-Joinable,minilm,si_si2,5.92123784065059,1,267.85023784065055,"feature build from final_time_before_after_fs_bis.csv (minilm, si_si2) + RF fit amortized by test pair; prediction time not separately logged"
TPC-DI__Joinable__prospect_both_50_1_ac5_ev,TPC-DI,prospect_both_50_1_ac5_ev,41.559,15.21848707796633,TPC-DI,Joinable,minilm,si_si2,12.894884620442308,1,54.45388462044231,"feature build from final_time_before_after_fs_bis.csv (minilm, si_si2) + RF fit amortized by test pair; prediction time not separately logged"
TPC-DI__View-Unionable__prospect_both_0_1_ac1_av,TPC-DI,prospect_both_0_1_ac1_av,37.851,13.78188351935148,TPC-DI,View-Unionable,minilm,si_si2,12.894884620442308,1,50.74588462044231,"feature build from final_time_before_after_fs_bis.csv (minilm, si_si2) + RF fit amortized by test pair; prediction time not separately logged"
ChEMBL__Unionable__assays_horizontal_100_ac5_av,ChEMBL,assays_horizontal_100_ac5_av,140.121,57.39479356138409,ChEMBL,Unionable,minilm,si_si2,5.92123784065059,1,146.04223784065059,"feature build from final_time_before_after_fs_bis.csv (minilm, si_si2) + RF fit amortized by test pair; prediction time not separately logged"
OpenData__Semantically-Joinable__miller2_both_50_30_ac4_av,OpenData,miller2_both_50_30_ac4_av,268.751,115.37845529972014,OpenData,Semantically-Joinable,minilm,si_si2,5.42661401036749,1,274.17761401036745,"feature build from final_time_before_after_fs_bis.csv (minilm, si_si2) + RF fit amortized by test pair; prediction time not separately logged"
TPC-DI__Joinable__prospect_both_50_1_ec_ev,TPC-DI,prospect_both_50_1_ec_ev,37.01,13.450928626339875,TPC-DI,Joinable,minilm,si_si2,6.009124962753012,3,43.01912496275301,"feature build from final_time_before_after_fs_bis.csv (minilm, si_si2) + RF fit amortized by test pair; prediction time not separately logged"
TPC-DI__View-Unionable__prospect_both_0_1_ac1_ev,TPC-DI,prospect_both_0_1_ac1_ev,41.252,15.237792908817532,TPC-DI,View-Unionable,minilm,si_si2,5.178372998638553,1,46.43037299863855,"feature build from final_time_before_after_fs_bis.csv (minilm, si_si2) + RF fit amortized by test pair; prediction time not separately logged"
ChEMBL__Unionable__assays_horizontal_100_ac5_ev,ChEMBL,assays_horizontal_100_ac5_ev,129.93,53.56977362681181,ChEMBL,Unionable,minilm,si_si2,5.92123784065059,1,135.85123784065058,"feature build from final_time_before_after_fs_bis.csv (minilm, si_si2) + RF fit amortized by test pair; prediction time not separately logged"
OpenData__Semantically-Joinable__miller2_both_50_30_ac5_av,OpenData,miller2_both_50_30_ac5_av,278.814,119.71218864502016,OpenData,Semantically-Joinable,minilm,si_si2,6.009124962753012,3,284.823124962753,"feature build from final_time_before_after_fs_bis.csv (minilm, si_si2) + RF fit amortized by test pair; prediction time not separately logged"
TPC-DI__Joinable__prospect_both_50_30_ac1_ev,TPC-DI,prospect_both_50_30_ac1_ev,55.814,21.10879205980897,TPC-DI,Joinable,minilm,si_si2,5.42661401036749,1,61.24061401036749,"feature build from final_time_before_after_fs_bis.csv (minilm, si_si2) + RF fit amortized by test pair; prediction time not separately logged"
TPC-DI__View-Unionable__prospect_both_0_1_ac2_av,TPC-DI,prospect_both_0_1_ac2_av,37.219,13.405936412006618,TPC-DI,View-Unionable,minilm,si_si2,12.894884620442308,1,50.113884620442306,"feature build from final_time_before_after_fs_bis.csv (minilm, si_si2) + RF fit amortized by test pair; prediction time not separately logged"
ChEMBL__Unionable__assays_horizontal_100_ec_av,ChEMBL,assays_horizontal_100_ec_av,166.991,70.84607161170246,ChEMBL,Unionable,minilm,si_si2,12.894884620442308,1,179.8858846204423,"feature build from final_time_before_after_fs_bis.csv (minilm, si_si2) + RF fit amortized by test pair; prediction time not separately logged"
OpenData__Semantically-Joinable__miller2_both_50_30_ec_av,OpenData,miller2_both_50_30_ec_av,281.741,120.7817955944538,OpenData,Semantically-Joinable,minilm,si_si2,5.39702322527711,2,287.1380232252771,"feature build from final_time_before_after_fs_bis.csv (minilm, si_si2) + RF fit amortized by test pair; prediction time not separately logged"
TPC-DI__Joinable__prospect_both_50_30_ac2_ev,TPC-DI,prospect_both_50_30_ac2_ev,53.736,20.42260369887948,TPC-DI,Joinable,minilm,si_si2,5.863358144993974,3,59.59935814499397,"feature build from final_time_before_after_fs_bis.csv (minilm, si_si2) + RF fit amortized by test pair; prediction time not separately logged"
TPC-DI__View-Unionable__prospect_both_0_1_ac2_ev,TPC-DI,prospect_both_0_1_ac2_ev,38.068,14.09771436828375,TPC-DI,View-Unionable,minilm,si_si2,6.009124962753012,3,44.07712496275301,"feature build from final_time_before_after_fs_bis.csv (minilm, si_si2) + RF fit amortized by test pair; prediction time not separately logged"
ChEMBL__Unionable__assays_horizontal_100_ec_ev,ChEMBL,assays_horizontal_100_ec_ev,167.821,71.25282511627674,ChEMBL,Unionable,minilm,si_si2,5.863358144993974,3,173.68435814499398,"feature build from final_time_before_after_fs_bis.csv (minilm, si_si2) + RF fit amortized by test pair; prediction time not separately logged"
OpenData__Semantically-Joinable__miller2_both_50_50_ac1_av,OpenData,miller2_both_50_50_ac1_av,371.943,161.45422526451944,OpenData,Semantically-Joinable,minilm,si_si2,5.698483534899606,3,377.6414835348996,"feature build from final_time_before_after_fs_bis.csv (minilm, si_si2) + RF fit amortized by test pair; prediction time not separately logged"
TPC-DI__Joinable__prospect_both_50_30_ac3_ev,TPC-DI,prospect_both_50_30_ac3_ev,56.461,21.356451683551064,TPC-DI,Joinable,minilm,si_si2,5.39702322527711,2,61.85802322527711,"feature build from final_time_before_after_fs_bis.csv (minilm, si_si2) + RF fit amortized by test pair; prediction time not separately logged"
TPC-DI__View-Unionable__prospect_both_0_1_ac3_av,TPC-DI,prospect_both_0_1_ac3_av,39.522,14.361107951149345,TPC-DI,View-Unionable,minilm,si_si2,5.549805419644571,2,45.07180541964457,"feature build from final_time_before_after_fs_bis.csv (minilm, si_si2) + RF fit amortized by test pair; prediction time not separately logged"
ChEMBL__Unionable__assays_horizontal_50_ac1_av,ChEMBL,assays_horizontal_50_ac1_av,138.378,57.37646214801072,ChEMBL,Unionable,minilm,si_si2,6.490463595692778,1,144.86846359569276,"feature build from final_time_before_after_fs_bis.csv (minilm, si_si2) + RF fit amortized by test pair; prediction time not separately logged"
OpenData__Semantically-Joinable__miller2_both_50_50_ac2_av,OpenData,miller2_both_50_50_ac2_av,329.366,143.21755137116088,OpenData,Semantically-Joinable,minilm,si_si2,5.178372998638553,1,334.54437299863855,"feature build from final_time_before_after_fs_bis.csv (minilm, si_si2) + RF fit amortized by test pair; prediction time not separately logged"
TPC-DI__Joinable__prospect_both_50_30_ac4_ev,TPC-DI,prospect_both_50_30_ac4_ev,57.18,21.53771889984608,TPC-DI,Joinable,minilm,si_si2,5.946105148903619,3,63.12610514890362,"feature build from final_time_before_after_fs_bis.csv (minilm, si_si2) + RF fit amortized by test pair; prediction time not separately logged"
TPC-DI__View-Unionable__prospect_both_0_1_ac3_ev,TPC-DI,prospect_both_0_1_ac3_ev,39.471,14.462575410589572,TPC-DI,View-Unionable,minilm,si_si2,5.521143731141579,2,44.992143731141574,"feature build from final_time_before_after_fs_bis.csv (minilm, si_si2) + RF fit amortized by test pair; prediction time not separately logged"
ChEMBL__Unionable__assays_horizontal_50_ac1_ev,ChEMBL,assays_horizontal_50_ac1_ev,138.322,56.88320588816703,ChEMBL,Unionable,minilm,si_si2,5.958538803030134,2,144.28053880303014,"feature build from final_time_before_after_fs_bis.csv (minilm, si_si2) + RF fit amortized by test pair; prediction time not separately logged"
OpenData__Semantically-Joinable__miller2_both_50_50_ac3_av,OpenData,miller2_both_50_50_ac3_av,364.149,156.83850714729726,OpenData,Semantically-Joinable,minilm,si_si2,5.958538803030134,2,370.10753880303014,"feature build from final_time_before_after_fs_bis.csv (minilm, si_si2) + RF fit amortized by test pair; prediction time not separately logged"
TPC-DI__Joinable__prospect_both_50_30_ac5_ev,TPC-DI,prospect_both_50_30_ac5_ev,56.706,21.483874276041988,TPC-DI,Joinable,minilm,si_si2,5.302493504503021,2,62.00849350450302,"feature build from final_time_before_after_fs_bis.csv (minilm, si_si2) + RF fit amortized by test pair; prediction time not separately logged"
TPC-DI__View-Unionable__prospect_both_0_1_ac4_av,TPC-DI,prospect_both_0_1_ac4_av,40.508,14.94528937767446,TPC-DI,View-Unionable,minilm,si_si2,12.894884620442308,1,53.40288462044231,"feature build from final_time_before_after_fs_bis.csv (minilm, si_si2) + RF fit amortized by test pair; prediction time not separately logged"
ChEMBL__Unionable__assays_horizontal_50_ac2_av,ChEMBL,assays_horizontal_50_ac2_av,143.275,58.92261148765684,ChEMBL,Unionable,minilm,si_si2,5.768455646283129,2,149.04345564628312,"feature build from final_time_before_after_fs_bis.csv (minilm, si_si2) + RF fit amortized by test pair; prediction time not separately logged"
OpenData__Semantically-Joinable__miller2_both_50_50_ac4_av,OpenData,miller2_both_50_50_ac4_av,348.018,150.4630514540076,OpenData,Semantically-Joinable,minilm,si_si2,5.521143731141579,2,353.53914373114156,"feature build from final_time_before_after_fs_bis.csv (minilm, si_si2) + RF fit amortized by test pair; prediction time not separately logged"
TPC-DI__Joinable__prospect_both_50_30_ec_ev,TPC-DI,prospect_both_50_30_ec_ev,51.108,19.45226652221009,TPC-DI,Joinable,minilm,si_si2,5.677781014153622,4,56.78578101415362,"feature build from final_time_before_after_fs_bis.csv (minilm, si_si2) + RF fit amortized by test pair; prediction time not separately logged"
TPC-DI__View-Unionable__prospect_both_0_1_ac4_ev,TPC-DI,prospect_both_0_1_ac4_ev,41.914,15.360248935535548,TPC-DI,View-Unionable,minilm,si_si2,5.39702322527711,2,47.31102322527711,"feature build from final_time_before_after_fs_bis.csv (minilm, si_si2) + RF fit amortized by test pair; prediction time not separately logged"
ChEMBL__Unionable__assays_horizontal_50_ac2_ev,ChEMBL,assays_horizontal_50_ac2_ev,141.546,58.12707758127152,ChEMBL,Unionable,minilm,si_si2,12.894884620442308,1,154.4408846204423,"feature build from final_time_before_after_fs_bis.csv (minilm, si_si2) + RF fit amortized by test pair; prediction time not separately logged"
OpenData__Semantically-Joinable__miller2_both_50_50_ac5_av,OpenData,miller2_both_50_50_ac5_av,388.378,168.23348035847022,OpenData,Semantically-Joinable,minilm,si_si2,6.490463595692778,1,394.8684635956928,"feature build from final_time_before_after_fs_bis.csv (minilm, si_si2) + RF fit amortized by test pair; prediction time not separately logged"
TPC-DI__Joinable__prospect_both_50_50_ac1_ev,TPC-DI,prospect_both_50_50_ac1_ev,79.077,31.45721760620177,TPC-DI,Joinable,minilm,si_si2,5.768455646283129,2,84.84545564628313,"feature build from final_time_before_after_fs_bis.csv (minilm, si_si2) + RF fit amortized by test pair; prediction time not separately logged"
TPC-DI__View-Unionable__prospect_both_0_1_ac5_av,TPC-DI,prospect_both_0_1_ac5_av,39.128,14.241983683288094,TPC-DI,View-Unionable,minilm,si_si2,5.508741616552211,3,44.636741616552214,"feature build from final_time_before_after_fs_bis.csv (minilm, si_si2) + RF fit amortized by test pair; prediction time not separately logged"
ChEMBL__Unionable__assays_horizontal_50_ac3_av,ChEMBL,assays_horizontal_50_ac3_av,142.212,58.55417904880642,ChEMBL,Unionable,minilm,si_si2,5.834418297165666,2,148.04641829716564,"feature build from final_time_before_after_fs_bis.csv (minilm, si_si2) + RF fit amortized by test pair; prediction time not separately logged"
OpenData__Semantically-Joinable__miller2_both_50_50_ec_av,OpenData,miller2_both_50_50_ec_av,365.088,158.04411219480636,OpenData,Semantically-Joinable,minilm,si_si2,5.92123784065059,1,371.0092378406506,"feature build from final_time_before_after_fs_bis.csv (minilm, si_si2) + RF fit amortized by test pair; prediction time not separately logged"
TPC-DI__Joinable__prospect_both_50_50_ac2_ev,TPC-DI,prospect_both_50_50_ac2_ev,72.975,28.44017127752304,TPC-DI,Joinable,minilm,si_si2,5.615673451915668,1,78.59067345191566,"feature build from final_time_before_after_fs_bis.csv (minilm, si_si2) + RF fit amortized by test pair; prediction time not separately logged"
TPC-DI__View-Unionable__prospect_both_0_1_ac5_ev,TPC-DI,prospect_both_0_1_ac5_ev,38.911,14.143808478176595,TPC-DI,View-Unionable,minilm,si_si2,5.615673451915668,1,44.52667345191567,"feature build from final_time_before_after_fs_bis.csv (minilm, si_si2) + RF fit amortized by test pair; prediction time not separately logged"
ChEMBL__Unionable__assays_horizontal_50_ac3_ev,ChEMBL,assays_horizontal_50_ac3_ev,140.771,57.925437823221074,ChEMBL,Unionable,minilm,si_si2,5.958538803030134,2,146.72953880303012,"feature build from final_time_before_after_fs_bis.csv (minilm, si_si2) + RF fit amortized by test pair; prediction time not separately logged"
OpenData__Semantically-Joinable__miller2_both_50_70_ac1_av,OpenData,miller2_both_50_70_ac1_av,489.035,213.38797730751335,OpenData,Semantically-Joinable,minilm,si_si2,5.768455646283129,2,494.80345564628317,"feature build from final_time_before_after_fs_bis.csv (minilm, si_si2) + RF fit amortized by test pair; prediction time not separately logged"
TPC-DI__Joinable__prospect_both_50_50_ac3_ev,TPC-DI,prospect_both_50_50_ac3_ev,75.423,29.238223505720494,TPC-DI,Joinable,minilm,si_si2,5.92123784065059,1,81.34423784065059,"feature build from final_time_before_after_fs_bis.csv (minilm, si_si2) + RF fit amortized by test pair; prediction time not separately logged"
TPC-DI__View-Unionable__prospect_both_0_1_ec_av,TPC-DI,prospect_both_0_1_ec_av,41.521,15.1325054320544,TPC-DI,View-Unionable,minilm,si_si2,12.894884620442308,1,54.41588462044231,"feature build from final_time_before_after_fs_bis.csv (minilm, si_si2) + RF fit amortized by test pair; prediction time not separately logged"
ChEMBL__Unionable__assays_horizontal_50_ac4_av,ChEMBL,assays_horizontal_50_ac4_av,139.98,57.391707151681175,ChEMBL,Unionable,minilm,si_si2,12.894884620442308,1,152.8748846204423,"feature build from final_time_before_after_fs_bis.csv (minilm, si_si2) + RF fit amortized by test pair; prediction time not separately logged"
OpenData__Semantically-Joinable__miller2_both_50_70_ac2_av,OpenData,miller2_both_50_70_ac2_av,445.358,193.61431226971743,OpenData,Semantically-Joinable,minilm,si_si2,12.894884620442308,1,458.25288462044233,"feature build from final_time_before_after_fs_bis.csv (minilm, si_si2) + RF fit amortized by test pair; prediction time not separately logged"
TPC-DI__Joinable__prospect_both_50_50_ac4_ev,TPC-DI,prospect_both_50_50_ac4_ev,76.63,29.834746520146723,TPC-DI,Joinable,minilm,si_si2,5.615673451915668,1,82.24567345191566,"feature build from final_time_before_after_fs_bis.csv (minilm, si_si2) + RF fit amortized by test pair; prediction time not separately logged"
TPC-DI__View-Unionable__prospect_both_0_1_ec_ev,TPC-DI,prospect_both_0_1_ec_ev,38.45,14.011630235984928,TPC-DI,View-Unionable,minilm,si_si2,5.178372998638553,1,43.628372998638554,"feature build from final_time_before_after_fs_bis.csv (minilm, si_si2) + RF fit amortized by test pair; prediction time not separately logged"
ChEMBL__Unionable__assays_horizontal_50_ac4_ev,ChEMBL,assays_horizontal_50_ac4_ev,143.807,59.28879582878946,ChEMBL,Unionable,minilm,si_si2,5.92123784065059,1,149.72823784065056,"feature build from final_time_before_after_fs_bis.csv (minilm, si_si2) + RF fit amortized by test pair; prediction time not separately logged"
OpenData__Semantically-Joinable__miller2_both_50_70_ac3_av,OpenData,miller2_both_50_70_ac3_av,475.996,206.62175357221065,OpenData,Semantically-Joinable,minilm,si_si2,5.67392592550904,2,481.669925925509,"feature build from final_time_before_after_fs_bis.csv (minilm, si_si2) + RF fit amortized by test pair; prediction time not separately logged"
TPC-DI__Joinable__prospect_both_50_50_ac5_ev,TPC-DI,prospect_both_50_50_ac5_ev,76.87,30.252296288385992,TPC-DI,Joinable,minilm,si_si2,12.894884620442308,1,89.76488462044232,"feature build from final_time_before_after_fs_bis.csv (minilm, si_si2) + RF fit amortized by test pair; prediction time not separately logged"
TPC-DI__View-Unionable__prospect_both_0_30_ac1_av,TPC-DI,prospect_both_0_30_ac1_av,57.897,22.21065362927317,TPC-DI,View-Unionable,minilm,si_si2,5.761503348749,3,63.658503348749,"feature build from final_time_before_after_fs_bis.csv (minilm, si_si2) + RF fit amortized by test pair; prediction time not separately logged"
