pair_id,estimated_feature_build_sec_pair_61,assigned_rep_pair_id,candidate_pairs,rf_fit_sec_pair_share,rf_test_fold_appearances,runtime_sec_pair,runtime_note
Magellan__amazon_google_exp,38.005250651,Magellan__amazon_google_exp,16,5.615673451915668,1,43.620924102915666,estimated 61-feature build from representative benchmark + RF fit amortized by test pair; prediction time not separately logged; benchmark used hashed fallback embeddings locally
Magellan__dblp_acm,59.383204142187495,Magellan__amazon_google_exp,25,5.571761430401604,3,64.9549655725891,estimated 61-feature build from representative benchmark + RF fit amortized by test pair; prediction time not separately logged; benchmark used hashed fallback embeddings locally
Magellan__dblp_scholar,59.383204142187495,Magellan__amazon_google_exp,25,5.178372998638553,1,64.56157714082605,estimated 61-feature build from representative benchmark + RF fit amortized by test pair; prediction time not separately logged; benchmark used hashed fallback embeddings locally
Magellan__beeradvo_ratebeer,59.383204142187495,Magellan__amazon_google_exp,25,12.894884620442308,1,72.2780887626298,estimated 61-feature build from representative benchmark + RF fit amortized by test pair; prediction time not separately logged; benchmark used hashed fallback embeddings locally
Magellan__walmart_amazon,85.51181396474999,Magellan__amazon_google_exp,36,6.490463595692778,1,92.00227756044276,estimated 61-feature build from representative benchmark + RF fit amortized by test pair; prediction time not separately logged; benchmark used hashed fallback embeddings locally
Magellan__fodors_zagats,8.39225297654545,TPC-DI__View-Unionable__prospect_both_0_1_ac2_ev,49,5.67392592550904,2,14.066178902054489,estimated 61-feature build from representative benchmark + RF fit amortized by test pair; prediction time not separately logged; benchmark used hashed fallback embeddings locally
Magellan__itunes_amazon,13.872907981636356,TPC-DI__View-Unionable__prospect_both_0_1_ac2_ev,81,5.958538803030134,2,19.83144678466649,estimated 61-feature build from representative benchmark + RF fit amortized by test pair; prediction time not separately logged; benchmark used hashed fallback embeddings locally
TPC-DI__View-Unionable__prospect_both_0_1_ac2_ev,22.607701895999988,TPC-DI__View-Unionable__prospect_both_0_1_ac2_ev,132,6.009124962753012,3,28.616826858753,estimated 61-feature build from representative benchmark + RF fit amortized by test pair; prediction time not separately logged; benchmark used hashed fallback embeddings locally
TPC-DI__View-Unionable__prospect_both_0_1_ac4_ev,22.607701895999988,TPC-DI__View-Unionable__prospect_both_0_1_ac2_ev,132,5.39702322527711,2,28.004725121277097,estimated 61-feature build from representative benchmark + RF fit amortized by test pair; prediction time not separately logged; benchmark used hashed fallback embeddings locally
TPC-DI__Semantically-Joinable__prospect_vertical_1_ac1_av,22.607701895999988,TPC-DI__View-Unionable__prospect_both_0_1_ac2_ev,132,6.053068523804223,2,28.66077041980421,estimated 61-feature build from representative benchmark + RF fit amortized by test pair; prediction time not separately logged; benchmark used hashed fallback embeddings locally
TPC-DI__Semantically-Joinable__prospect_vertical_1_ac3_av,22.607701895999988,TPC-DI__View-Unionable__prospect_both_0_1_ac2_ev,132,5.654508434311249,3,28.262210330311238,estimated 61-feature build from representative benchmark + RF fit amortized by test pair; prediction time not separately logged; benchmark used hashed fallback embeddings locally
TPC-DI__Semantically-Joinable__prospect_vertical_1_ac2_av,22.607701895999988,TPC-DI__View-Unionable__prospect_both_0_1_ac2_ev,132,5.178372998638553,1,27.78607489463854,estimated 61-feature build from representative benchmark + RF fit amortized by test pair; prediction time not separately logged; benchmark used hashed fallback embeddings locally
TPC-DI__Semantically-Joinable__prospect_vertical_1_ac4_av,22.607701895999988,TPC-DI__View-Unionable__prospect_both_0_1_ac2_ev,132,5.178372998638553,1,27.78607489463854,estimated 61-feature build from representative benchmark + RF fit amortized by test pair; prediction time not separately logged; benchmark used hashed fallback embeddings locally
TPC-DI__View-Unionable__prospect_both_0_1_ac1_av,22.607701895999988,TPC-DI__View-Unionable__prospect_both_0_1_ac2_ev,132,12.894884620442308,1,35.50258651644229,estimated 61-feature build from representative benchmark + RF fit amortized by test pair; prediction time not separately logged; benchmark used hashed fallback embeddings locally
TPC-DI__View-Unionable__prospect_both_0_1_ac2_av,22.607701895999988,TPC-DI__View-Unionable__prospect_both_0_1_ac2_ev,132,12.894884620442308,1,35.50258651644229,estimated 61-feature build from representative benchmark + RF fit amortized by test pair; prediction time not separately logged; benchmark used hashed fallback embeddings locally
TPC-DI__View-Unionable__prospect_both_0_1_ac1_ev,22.607701895999988,TPC-DI__View-Unionable__prospect_both_0_1_ac2_ev,132,5.178372998638553,1,27.78607489463854,estimated 61-feature build from representative benchmark + RF fit amortized by test pair; prediction time not separately logged; benchmark used hashed fallback embeddings locally
TPC-DI__View-Unionable__prospect_both_0_1_ac3_av,22.607701895999988,TPC-DI__View-Unionable__prospect_both_0_1_ac2_ev,132,5.549805419644571,2,28.15750731564456,estimated 61-feature build from representative benchmark + RF fit amortized by test pair; prediction time not separately logged; benchmark used hashed fallback embeddings locally
TPC-DI__View-Unionable__prospect_both_0_1_ac4_av,22.607701895999988,TPC-DI__View-Unionable__prospect_both_0_1_ac2_ev,132,12.894884620442308,1,35.50258651644229,estimated 61-feature build from representative benchmark + RF fit amortized by test pair; prediction time not separately logged; benchmark used hashed fallback embeddings locally
TPC-DI__Semantically-Joinable__prospect_both_50_1_ac4_av,22.607701895999988,TPC-DI__View-Unionable__prospect_both_0_1_ac2_ev,132,12.894884620442308,1,35.50258651644229,estimated 61-feature build from representative benchmark + RF fit amortized by test pair; prediction time not separately logged; benchmark used hashed fallback embeddings locally
TPC-DI__Joinable__prospect_vertical_1_ac3_ev,22.607701895999988,TPC-DI__View-Unionable__prospect_both_0_1_ac2_ev,132,5.863497224656632,4,28.47119912065662,estimated 61-feature build from representative benchmark + RF fit amortized by test pair; prediction time not separately logged; benchmark used hashed fallback embeddings locally
TPC-DI__Joinable__prospect_vertical_1_ac2_ev,22.607701895999988,TPC-DI__View-Unionable__prospect_both_0_1_ac2_ev,132,5.39702322527711,2,28.004725121277097,estimated 61-feature build from representative benchmark + RF fit amortized by test pair; prediction time not separately logged; benchmark used hashed fallback embeddings locally
TPC-DI__Joinable__prospect_vertical_1_ac1_ev,22.607701895999988,TPC-DI__View-Unionable__prospect_both_0_1_ac2_ev,132,5.42661401036749,1,28.03431590636748,estimated 61-feature build from representative benchmark + RF fit amortized by test pair; prediction time not separately logged; benchmark used hashed fallback embeddings locally
TPC-DI__Semantically-Joinable__prospect_both_50_1_ac1_av,22.607701895999988,TPC-DI__View-Unionable__prospect_both_0_1_ac2_ev,132,12.894884620442308,1,35.50258651644229,estimated 61-feature build from representative benchmark + RF fit amortized by test pair; prediction time not separately logged; benchmark used hashed fallback embeddings locally
TPC-DI__Semantically-Joinable__prospect_both_50_1_ac3_av,22.607701895999988,TPC-DI__View-Unionable__prospect_both_0_1_ac2_ev,132,6.205850718171684,2,28.81355261417167,estimated 61-feature build from representative benchmark + RF fit amortized by test pair; prediction time not separately logged; benchmark used hashed fallback embeddings locally
TPC-DI__Semantically-Joinable__prospect_both_50_1_ac2_av,22.607701895999988,TPC-DI__View-Unionable__prospect_both_0_1_ac2_ev,132,5.615673451915668,1,28.223375347915656,estimated 61-feature build from representative benchmark + RF fit amortized by test pair; prediction time not separately logged; benchmark used hashed fallback embeddings locally
TPC-DI__View-Unionable__prospect_both_0_1_ac5_av,22.607701895999988,TPC-DI__View-Unionable__prospect_both_0_1_ac2_ev,132,5.508741616552211,3,28.1164435125522,estimated 61-feature build from representative benchmark + RF fit amortized by test pair; prediction time not separately logged; benchmark used hashed fallback embeddings locally
TPC-DI__View-Unionable__prospect_both_0_1_ac5_ev,22.607701895999988,TPC-DI__View-Unionable__prospect_both_0_1_ac2_ev,132,5.615673451915668,1,28.223375347915656,estimated 61-feature build from representative benchmark + RF fit amortized by test pair; prediction time not separately logged; benchmark used hashed fallback embeddings locally
TPC-DI__View-Unionable__prospect_both_0_1_ec_av,22.607701895999988,TPC-DI__View-Unionable__prospect_both_0_1_ac2_ev,132,12.894884620442308,1,35.50258651644229,estimated 61-feature build from representative benchmark + RF fit amortized by test pair; prediction time not separately logged; benchmark used hashed fallback embeddings locally
TPC-DI__View-Unionable__prospect_both_0_1_ec_ev,22.607701895999988,TPC-DI__View-Unionable__prospect_both_0_1_ac2_ev,132,5.178372998638553,1,27.78607489463854,estimated 61-feature build from representative benchmark + RF fit amortized by test pair; prediction time not separately logged; benchmark used hashed fallback embeddings locally
TPC-DI__View-Unionable__prospect_both_0_1_ac3_ev,22.607701895999988,TPC-DI__View-Unionable__prospect_both_0_1_ac2_ev,132,5.521143731141579,2,28.128845627141565,estimated 61-feature build from representative benchmark + RF fit amortized by test pair; prediction time not separately logged; benchmark used hashed fallback embeddings locally
TPC-DI__Semantically-Joinable__prospect_vertical_1_ec_av,22.607701895999988,TPC-DI__View-Unionable__prospect_both_0_1_ac2_ev,132,5.698483534899606,3,28.306185430899593,estimated 61-feature build from representative benchmark + RF fit amortized by test pair; prediction time not separately logged; benchmark used hashed fallback embeddings locally
TPC-DI__Semantically-Joinable__prospect_vertical_1_ac5_av,22.607701895999988,TPC-DI__View-Unionable__prospect_both_0_1_ac2_ev,132,12.894884620442308,1,35.50258651644229,estimated 61-feature build from representative benchmark + RF fit amortized by test pair; prediction time not separately logged; benchmark used hashed fallback embeddings locally
TPC-DI__Semantically-Joinable__prospect_both_50_1_ec_av,22.607701895999988,TPC-DI__View-Unionable__prospect_both_0_1_ac2_ev,132,6.490463595692778,1,29.098165491692765,estimated 61-feature build from representative benchmark + RF fit amortized by test pair; prediction time not separately logged; benchmark used hashed fallback embeddings locally
TPC-DI__Semantically-Joinable__prospect_both_50_1_ac5_av,22.607701895999988,TPC-DI__View-Unionable__prospect_both_0_1_ac2_ev,132,12.894884620442308,1,35.50258651644229,estimated 61-feature build from representative benchmark + RF fit amortized by test pair; prediction time not separately logged; benchmark used hashed fallback embeddings locally
TPC-DI__Joinable__prospect_both_50_1_ac3_ev,22.607701895999988,TPC-DI__View-Unionable__prospect_both_0_1_ac2_ev,132,5.67392592550904,2,28.281627821509026,estimated 61-feature build from representative benchmark + RF fit amortized by test pair; prediction time not separately logged; benchmark used hashed fallback embeddings locally
TPC-DI__Joinable__prospect_both_50_1_ac4_ev,22.607701895999988,TPC-DI__View-Unionable__prospect_both_0_1_ac2_ev,132,5.834418297165666,2,28.442120193165653,estimated 61-feature build from representative benchmark + RF fit amortized by test pair; prediction time not separately logged; benchmark used hashed fallback embeddings locally
TPC-DI__Joinable__prospect_both_50_1_ec_ev,22.607701895999988,TPC-DI__View-Unionable__prospect_both_0_1_ac2_ev,132,6.009124962753012,3,28.616826858753,estimated 61-feature build from representative benchmark + RF fit amortized by test pair; prediction time not separately logged; benchmark used hashed fallback embeddings locally
TPC-DI__Joinable__prospect_vertical_1_ac5_ev,22.607701895999988,TPC-DI__View-Unionable__prospect_both_0_1_ac2_ev,132,6.490463595692778,1,29.098165491692765,estimated 61-feature build from representative benchmark + RF fit amortized by test pair; prediction time not separately logged; benchmark used hashed fallback embeddings locally
TPC-DI__Joinable__prospect_vertical_1_ec_ev,22.607701895999988,TPC-DI__View-Unionable__prospect_both_0_1_ac2_ev,132,5.863358144993974,3,28.47106004099396,estimated 61-feature build from representative benchmark + RF fit amortized by test pair; prediction time not separately logged; benchmark used hashed fallback embeddings locally
TPC-DI__Joinable__prospect_both_50_1_ac5_ev,22.607701895999988,TPC-DI__View-Unionable__prospect_both_0_1_ac2_ev,132,12.894884620442308,1,35.50258651644229,estimated 61-feature build from representative benchmark + RF fit amortized by test pair; prediction time not separately logged; benchmark used hashed fallback embeddings locally
TPC-DI__Joinable__prospect_both_50_1_ac1_ev,22.607701895999988,TPC-DI__View-Unionable__prospect_both_0_1_ac2_ev,132,6.490463595692778,1,29.098165491692765,estimated 61-feature build from representative benchmark + RF fit amortized by test pair; prediction time not separately logged; benchmark used hashed fallback embeddings locally
TPC-DI__Joinable__prospect_both_50_1_ac2_ev,22.607701895999988,TPC-DI__View-Unionable__prospect_both_0_1_ac2_ev,132,5.834418297165666,2,28.442120193165653,estimated 61-feature build from representative benchmark + RF fit amortized by test pair; prediction time not separately logged; benchmark used hashed fallback embeddings locally
TPC-DI__Joinable__prospect_vertical_1_ac4_ev,22.607701895999988,TPC-DI__View-Unionable__prospect_both_0_1_ac2_ev,132,5.92123784065059,1,28.528939736650578,estimated 61-feature build from representative benchmark + RF fit amortized by test pair; prediction time not separately logged; benchmark used hashed fallback embeddings locally
ChEMBL__Semantically-Joinable__assays_both_50_1_ac1_av,24.66294752290908,TPC-DI__View-Unionable__prospect_both_0_1_ac2_ev,144,6.053068523804223,2,30.7160160467133,estimated 61-feature build from representative benchmark + RF fit amortized by test pair; prediction time not separately logged; benchmark used hashed fallback embeddings locally
ChEMBL__Semantically-Joinable__assays_vertical_1_ac4_av,24.66294752290908,TPC-DI__View-Unionable__prospect_both_0_1_ac2_ev,144,5.42661401036749,1,30.08956153327657,estimated 61-feature build from representative benchmark + RF fit amortized by test pair; prediction time not separately logged; benchmark used hashed fallback embeddings locally
ChEMBL__Semantically-Joinable__assays_vertical_1_ac1_av,24.66294752290908,TPC-DI__View-Unionable__prospect_both_0_1_ac2_ev,144,5.67392592550904,2,30.336873448418118,estimated 61-feature build from representative benchmark + RF fit amortized by test pair; prediction time not separately logged; benchmark used hashed fallback embeddings locally
ChEMBL__Semantically-Joinable__assays_vertical_1_ac5_av,24.66294752290908,TPC-DI__View-Unionable__prospect_both_0_1_ac2_ev,144,5.677781014153622,4,30.340728537062702,estimated 61-feature build from representative benchmark + RF fit amortized by test pair; prediction time not separately logged; benchmark used hashed fallback embeddings locally
ChEMBL__Semantically-Joinable__assays_both_50_1_ac2_av,24.66294752290908,TPC-DI__View-Unionable__prospect_both_0_1_ac2_ev,144,5.178372998638553,1,29.84132052154763,estimated 61-feature build from representative benchmark + RF fit amortized by test pair; prediction time not separately logged; benchmark used hashed fallback embeddings locally
ChEMBL__Semantically-Joinable__assays_vertical_1_ac2_av,24.66294752290908,TPC-DI__View-Unionable__prospect_both_0_1_ac2_ev,144,6.053068523804223,2,30.7160160467133,estimated 61-feature build from representative benchmark + RF fit amortized by test pair; prediction time not separately logged; benchmark used hashed fallback embeddings locally
ChEMBL__Semantically-Joinable__assays_vertical_1_ac3_av,24.66294752290908,TPC-DI__View-Unionable__prospect_both_0_1_ac2_ev,144,12.894884620442308,1,37.55783214335139,estimated 61-feature build from representative benchmark + RF fit amortized by test pair; prediction time not separately logged; benchmark used hashed fallback embeddings locally
ChEMBL__Joinable__assays_both_50_1_ac1_ev,24.66294752290908,TPC-DI__View-Unionable__prospect_both_0_1_ac2_ev,144,5.92123784065059,1,30.58418536355967,estimated 61-feature build from representative benchmark + RF fit amortized by test pair; prediction time not separately logged; benchmark used hashed fallback embeddings locally
ChEMBL__Joinable__assays_both_50_1_ac2_ev,24.66294752290908,TPC-DI__View-Unionable__prospect_both_0_1_ac2_ev,144,5.801436971724397,4,30.464384494633475,estimated 61-feature build from representative benchmark + RF fit amortized by test pair; prediction time not separately logged; benchmark used hashed fallback embeddings locally
ChEMBL__Joinable__assays_both_50_1_ac5_ev,24.66294752290908,TPC-DI__View-Unionable__prospect_both_0_1_ac2_ev,144,5.67392592550904,2,30.336873448418118,estimated 61-feature build from representative benchmark + RF fit amortized by test pair; prediction time not separately logged; benchmark used hashed fallback embeddings locally
ChEMBL__Joinable__assays_both_50_1_ec_ev,24.66294752290908,TPC-DI__View-Unionable__prospect_both_0_1_ac2_ev,144,12.894884620442308,1,37.55783214335139,estimated 61-feature build from representative benchmark + RF fit amortized by test pair; prediction time not separately logged; benchmark used hashed fallback embeddings locally
ChEMBL__Joinable__assays_both_50_1_ac3_ev,24.66294752290908,TPC-DI__View-Unionable__prospect_both_0_1_ac2_ev,144,5.863358144993974,3,30.526305667903053,estimated 61-feature build from representative benchmark + RF fit amortized by test pair; prediction time not separately logged; benchmark used hashed fallback embeddings locally
ChEMBL__Joinable__assays_both_50_1_ac4_ev,24.66294752290908,TPC-DI__View-Unionable__prospect_both_0_1_ac2_ev,144,5.615673451915668,1,30.278620974824747,estimated 61-feature build from representative benchmark + RF fit amortized by test pair; prediction time not separately logged; benchmark used hashed fallback embeddings locally
ChEMBL__Joinable__assays_vertical_1_ec_ev,24.66294752290908,TPC-DI__View-Unionable__prospect_both_0_1_ac2_ev,144,5.39702322527711,2,30.05997074818619,estimated 61-feature build from representative benchmark + RF fit amortized by test pair; prediction time not separately logged; benchmark used hashed fallback embeddings locally
ChEMBL__Joinable__assays_vertical_1_ac3_ev,24.66294752290908,TPC-DI__View-Unionable__prospect_both_0_1_ac2_ev,144,12.894884620442308,1,37.55783214335139,estimated 61-feature build from representative benchmark + RF fit amortized by test pair; prediction time not separately logged; benchmark used hashed fallback embeddings locally
ChEMBL__Joinable__assays_vertical_1_ac4_ev,24.66294752290908,TPC-DI__View-Unionable__prospect_both_0_1_ac2_ev,144,12.894884620442308,1,37.55783214335139,estimated 61-feature build from representative benchmark + RF fit amortized by test pair; prediction time not separately logged; benchmark used hashed fallback embeddings locally
ChEMBL__Joinable__assays_vertical_1_ac5_ev,24.66294752290908,TPC-DI__View-Unionable__prospect_both_0_1_ac2_ev,144,12.894884620442308,1,37.55783214335139,estimated 61-feature build from representative benchmark + RF fit amortized by test pair; prediction time not separately logged; benchmark used hashed fallback embeddings locally
ChEMBL__Semantically-Joinable__assays_both_50_1_ec_av,24.66294752290908,TPC-DI__View-Unionable__prospect_both_0_1_ac2_ev,144,5.698483534899606,3,30.361431057808684,estimated 61-feature build from representative benchmark + RF fit amortized by test pair; prediction time not separately logged; benchmark used hashed fallback embeddings locally
ChEMBL__Semantically-Joinable__assays_both_50_1_ac5_av,24.66294752290908,TPC-DI__View-Unionable__prospect_both_0_1_ac2_ev,144,6.490463595692778,1,31.153411118601856,estimated 61-feature build from representative benchmark + RF fit amortized by test pair; prediction time not separately logged; benchmark used hashed fallback embeddings locally
ChEMBL__Joinable__assays_vertical_1_ac1_ev,24.66294752290908,TPC-DI__View-Unionable__prospect_both_0_1_ac2_ev,144,5.67392592550904,2,30.336873448418118,estimated 61-feature build from representative benchmark + RF fit amortized by test pair; prediction time not separately logged; benchmark used hashed fallback embeddings locally
ChEMBL__Joinable__assays_vertical_1_ac2_ev,24.66294752290908,TPC-DI__View-Unionable__prospect_both_0_1_ac2_ev,144,5.768455646283129,2,30.43140316919221,estimated 61-feature build from representative benchmark + RF fit amortized by test pair; prediction time not separately logged; benchmark used hashed fallback embeddings locally
ChEMBL__View-Unionable__assays_both_0_1_ac4_av,24.66294752290908,TPC-DI__View-Unionable__prospect_both_0_1_ac2_ev,144,5.615673451915668,1,30.278620974824747,estimated 61-feature build from representative benchmark + RF fit amortized by test pair; prediction time not separately logged; benchmark used hashed fallback embeddings locally
ChEMBL__View-Unionable__assays_both_0_1_ac3_ev,24.66294752290908,TPC-DI__View-Unionable__prospect_both_0_1_ac2_ev,144,12.894884620442308,1,37.55783214335139,estimated 61-feature build from representative benchmark + RF fit amortized by test pair; prediction time not separately logged; benchmark used hashed fallback embeddings locally
ChEMBL__View-Unionable__assays_both_0_1_ac3_av,24.66294752290908,TPC-DI__View-Unionable__prospect_both_0_1_ac2_ev,144,5.615673451915668,1,30.278620974824747,estimated 61-feature build from representative benchmark + RF fit amortized by test pair; prediction time not separately logged; benchmark used hashed fallback embeddings locally
ChEMBL__View-Unionable__assays_both_0_1_ac4_ev,24.66294752290908,TPC-DI__View-Unionable__prospect_both_0_1_ac2_ev,144,5.521143731141579,2,30.184091254050657,estimated 61-feature build from representative benchmark + RF fit amortized by test pair; prediction time not separately logged; benchmark used hashed fallback embeddings locally
ChEMBL__View-Unionable__assays_both_0_1_ac2_ev,24.66294752290908,TPC-DI__View-Unionable__prospect_both_0_1_ac2_ev,144,5.549805419644571,2,30.21275294255365,estimated 61-feature build from representative benchmark + RF fit amortized by test pair; prediction time not separately logged; benchmark used hashed fallback embeddings locally
ChEMBL__View-Unionable__assays_both_0_1_ec_ev,24.66294752290908,TPC-DI__View-Unionable__prospect_both_0_1_ac2_ev,144,12.894884620442308,1,37.55783214335139,estimated 61-feature build from representative benchmark + RF fit amortized by test pair; prediction time not separately logged; benchmark used hashed fallback embeddings locally
ChEMBL__View-Unionable__assays_both_0_1_ac5_av,24.66294752290908,TPC-DI__View-Unionable__prospect_both_0_1_ac2_ev,144,12.894884620442308,1,37.55783214335139,estimated 61-feature build from representative benchmark + RF fit amortized by test pair; prediction time not separately logged; benchmark used hashed fallback embeddings locally
ChEMBL__Semantically-Joinable__assays_both_50_1_ac4_av,24.66294752290908,TPC-DI__View-Unionable__prospect_both_0_1_ac2_ev,144,5.754172111337352,4,30.417119634246433,estimated 61-feature build from representative benchmark + RF fit amortized by test pair; prediction time not separately logged; benchmark used hashed fallback embeddings locally
ChEMBL__Semantically-Joinable__assays_vertical_1_ec_av,24.66294752290908,TPC-DI__View-Unionable__prospect_both_0_1_ac2_ev,144,5.42661401036749,1,30.08956153327657,estimated 61-feature build from representative benchmark + RF fit amortized by test pair; prediction time not separately logged; benchmark used hashed fallback embeddings locally
ChEMBL__View-Unionable__assays_both_0_1_ac1_av,24.66294752290908,TPC-DI__View-Unionable__prospect_both_0_1_ac2_ev,144,5.615673451915668,1,30.278620974824747,estimated 61-feature build from representative benchmark + RF fit amortized by test pair; prediction time not separately logged; benchmark used hashed fallback embeddings locally
ChEMBL__View-Unionable__assays_both_0_1_ac1_ev,24.66294752290908,TPC-DI__View-Unionable__prospect_both_0_1_ac2_ev,144,6.490463595692778,1,31.153411118601856,estimated 61-feature build from representative benchmark + RF fit amortized by test pair; prediction time not separately logged; benchmark used hashed fallback embeddings locally
ChEMBL__View-Unionable__assays_both_0_1_ac2_av,24.66294752290908,TPC-DI__View-Unionable__prospect_both_0_1_ac2_ev,144,6.490463595692778,1,31.153411118601856,estimated 61-feature build from representative benchmark + RF fit amortized by test pair; prediction time not separately logged; benchmark used hashed fallback embeddings locally
ChEMBL__Semantically-Joinable__assays_both_50_1_ac3_av,24.66294752290908,TPC-DI__View-Unionable__prospect_both_0_1_ac2_ev,144,6.490463595692778,1,31.153411118601856,estimated 61-feature build from representative benchmark + RF fit amortized by test pair; prediction time not separately logged; benchmark used hashed fallback embeddings locally
ChEMBL__View-Unionable__assays_both_0_1_ac5_ev,24.66294752290908,TPC-DI__View-Unionable__prospect_both_0_1_ac2_ev,144,5.92123784065059,1,30.58418536355967,estimated 61-feature build from representative benchmark + RF fit amortized by test pair; prediction time not separately logged; benchmark used hashed fallback embeddings locally
ChEMBL__View-Unionable__assays_both_0_1_ec_av,24.66294752290908,TPC-DI__View-Unionable__prospect_both_0_1_ac2_ev,144,6.053068523804223,2,30.7160160467133,estimated 61-feature build from representative benchmark + RF fit amortized by test pair; prediction time not separately logged; benchmark used hashed fallback embeddings locally
Wikidata__Musicians__Musicians_viewunion,28.80549270180612,TPC-DI__Joinable__prospect_vertical_30_ec_ev,169,5.42661401036749,1,34.23210671217361,estimated 61-feature build from representative benchmark + RF fit amortized by test pair; prediction time not separately logged; benchmark used hashed fallback embeddings locally
Wikidata__Musicians__Musicians_joinable,28.80549270180612,TPC-DI__Joinable__prospect_vertical_30_ec_ev,169,12.894884620442308,1,41.70037732224843,estimated 61-feature build from representative benchmark + RF fit amortized by test pair; prediction time not separately logged; benchmark used hashed fallback embeddings locally
TPC-DI__Joinable__prospect_vertical_30_ac2_ev,33.407553666,TPC-DI__Joinable__prospect_vertical_30_ec_ev,196,6.490463595692778,1,39.89801726169278,estimated 61-feature build from representative benchmark + RF fit amortized by test pair; prediction time not separately logged; benchmark used hashed fallback embeddings locally
TPC-DI__Joinable__prospect_vertical_30_ac3_ev,33.407553666,TPC-DI__Joinable__prospect_vertical_30_ec_ev,196,5.521143731141579,2,38.928697397141576,estimated 61-feature build from representative benchmark + RF fit amortized by test pair; prediction time not separately logged; benchmark used hashed fallback embeddings locally
TPC-DI__Joinable__prospect_vertical_30_ac1_ev,33.407553666,TPC-DI__Joinable__prospect_vertical_30_ec_ev,196,12.894884620442308,1,46.30243828644231,estimated 61-feature build from representative benchmark + RF fit amortized by test pair; prediction time not separately logged; benchmark used hashed fallback embeddings locally
TPC-DI__Semantically-Joinable__prospect_both_50_30_ac2_av,33.407553666,TPC-DI__Joinable__prospect_vertical_30_ec_ev,196,5.521143731141579,2,38.928697397141576,estimated 61-feature build from representative benchmark + RF fit amortized by test pair; prediction time not separately logged; benchmark used hashed fallback embeddings locally
TPC-DI__Joinable__prospect_vertical_30_ac4_ev,33.407553666,TPC-DI__Joinable__prospect_vertical_30_ec_ev,196,5.521143731141579,2,38.928697397141576,estimated 61-feature build from representative benchmark + RF fit amortized by test pair; prediction time not separately logged; benchmark used hashed fallback embeddings locally
TPC-DI__Joinable__prospect_vertical_30_ec_ev,33.407553666,TPC-DI__Joinable__prospect_vertical_30_ec_ev,196,5.768455646283129,2,39.17600931228313,estimated 61-feature build from representative benchmark + RF fit amortized by test pair; prediction time not separately logged; benchmark used hashed fallback embeddings locally
TPC-DI__Joinable__prospect_vertical_30_ac5_ev,33.407553666,TPC-DI__Joinable__prospect_vertical_30_ec_ev,196,12.894884620442308,1,46.30243828644231,estimated 61-feature build from representative benchmark + RF fit amortized by test pair; prediction time not separately logged; benchmark used hashed fallback embeddings locally
TPC-DI__Joinable__prospect_both_50_30_ac1_ev,33.407553666,TPC-DI__Joinable__prospect_vertical_30_ec_ev,196,5.42661401036749,1,38.834167676367485,estimated 61-feature build from representative benchmark + RF fit amortized by test pair; prediction time not separately logged; benchmark used hashed fallback embeddings locally
TPC-DI__Joinable__prospect_both_50_30_ac3_ev,33.407553666,TPC-DI__Joinable__prospect_vertical_30_ec_ev,196,5.39702322527711,2,38.80457689127711,estimated 61-feature build from representative benchmark + RF fit amortized by test pair; prediction time not separately logged; benchmark used hashed fallback embeddings locally
TPC-DI__Joinable__prospect_both_50_30_ec_ev,33.407553666,TPC-DI__Joinable__prospect_vertical_30_ec_ev,196,5.677781014153622,4,39.08533468015362,estimated 61-feature build from representative benchmark + RF fit amortized by test pair; prediction time not separately logged; benchmark used hashed fallback embeddings locally
TPC-DI__Joinable__prospect_both_50_30_ac2_ev,33.407553666,TPC-DI__Joinable__prospect_vertical_30_ec_ev,196,5.863358144993974,3,39.27091181099397,estimated 61-feature build from representative benchmark + RF fit amortized by test pair; prediction time not separately logged; benchmark used hashed fallback embeddings locally
TPC-DI__Semantically-Joinable__prospect_both_50_30_ac1_av,33.407553666,TPC-DI__Joinable__prospect_vertical_30_ec_ev,196,12.894884620442308,1,46.30243828644231,estimated 61-feature build from representative benchmark + RF fit amortized by test pair; prediction time not separately logged; benchmark used hashed fallback embeddings locally
TPC-DI__Joinable__prospect_both_50_30_ac5_ev,33.407553666,TPC-DI__Joinable__prospect_vertical_30_ec_ev,196,5.302493504503021,2,38.71004717050302,estimated 61-feature build from representative benchmark + RF fit amortized by test pair; prediction time not separately logged; benchmark used hashed fallback embeddings locally
Wikidata__Musicians__Musicians_semjoinable,33.407553666,TPC-DI__Joinable__prospect_vertical_30_ec_ev,196,5.768455646283129,2,39.17600931228313,estimated 61-feature build from representative benchmark + RF fit amortized by test pair; prediction time not separately logged; benchmark used hashed fallback embeddings locally
TPC-DI__Joinable__prospect_both_50_30_ac4_ev,33.407553666,TPC-DI__Joinable__prospect_vertical_30_ec_ev,196,5.946105148903619,3,39.35365881490362,estimated 61-feature build from representative benchmark + RF fit amortized by test pair; prediction time not separately logged; benchmark used hashed fallback embeddings locally
TPC-DI__Semantically-Joinable__prospect_vertical_30_ac2_av,33.407553666,TPC-DI__Joinable__prospect_vertical_30_ec_ev,196,6.205850718171684,2,39.61340438417168,estimated 61-feature build from representative benchmark + RF fit amortized by test pair; prediction time not separately logged; benchmark used hashed fallback embeddings locally
TPC-DI__Semantically-Joinable__prospect_vertical_30_ac5_av,33.407553666,TPC-DI__Joinable__prospect_vertical_30_ec_ev,196,5.508741616552211,3,38.91629528255221,estimated 61-feature build from representative benchmark + RF fit amortized by test pair; prediction time not separately logged; benchmark used hashed fallback embeddings locally
TPC-DI__Semantically-Joinable__prospect_vertical_30_ac1_av,33.407553666,TPC-DI__Joinable__prospect_vertical_30_ec_ev,196,12.894884620442308,1,46.30243828644231,estimated 61-feature build from representative benchmark + RF fit amortized by test pair; prediction time not separately logged; benchmark used hashed fallback embeddings locally
TPC-DI__View-Unionable__prospect_both_0_30_ac2_ev,33.407553666,TPC-DI__Joinable__prospect_vertical_30_ec_ev,196,5.178372998638553,1,38.58592666463855,estimated 61-feature build from representative benchmark + RF fit amortized by test pair; prediction time not separately logged; benchmark used hashed fallback embeddings locally
TPC-DI__View-Unionable__prospect_both_0_30_ac4_ev,33.407553666,TPC-DI__Joinable__prospect_vertical_30_ec_ev,196,5.42661401036749,1,38.834167676367485,estimated 61-feature build from representative benchmark + RF fit amortized by test pair; prediction time not separately logged; benchmark used hashed fallback embeddings locally
TPC-DI__View-Unionable__prospect_both_0_30_ac3_av,33.407553666,TPC-DI__Joinable__prospect_vertical_30_ec_ev,196,5.42661401036749,1,38.834167676367485,estimated 61-feature build from representative benchmark + RF fit amortized by test pair; prediction time not separately logged; benchmark used hashed fallback embeddings locally
TPC-DI__View-Unionable__prospect_both_0_30_ac3_ev,33.407553666,TPC-DI__Joinable__prospect_vertical_30_ec_ev,196,5.768455646283129,2,39.17600931228313,estimated 61-feature build from representative benchmark + RF fit amortized by test pair; prediction time not separately logged; benchmark used hashed fallback embeddings locally
TPC-DI__View-Unionable__prospect_both_0_30_ec_av,33.407553666,TPC-DI__Joinable__prospect_vertical_30_ec_ev,196,5.834418297165666,2,39.24197196316567,estimated 61-feature build from representative benchmark + RF fit amortized by test pair; prediction time not separately logged; benchmark used hashed fallback embeddings locally
TPC-DI__View-Unionable__prospect_both_0_30_ac5_ev,33.407553666,TPC-DI__Joinable__prospect_vertical_30_ec_ev,196,5.958538803030134,2,39.366092469030136,estimated 61-feature build from representative benchmark + RF fit amortized by test pair; prediction time not separately logged; benchmark used hashed fallback embeddings locally
TPC-DI__View-Unionable__prospect_both_0_30_ec_ev,33.407553666,TPC-DI__Joinable__prospect_vertical_30_ec_ev,196,5.42661401036749,1,38.834167676367485,estimated 61-feature build from representative benchmark + RF fit amortized by test pair; prediction time not separately logged; benchmark used hashed fallback embeddings locally
TPC-DI__View-Unionable__prospect_both_0_30_ac5_av,33.407553666,TPC-DI__Joinable__prospect_vertical_30_ec_ev,196,12.894884620442308,1,46.30243828644231,estimated 61-feature build from representative benchmark + RF fit amortized by test pair; prediction time not separately logged; benchmark used hashed fallback embeddings locally
TPC-DI__Semantically-Joinable__prospect_vertical_30_ec_av,33.407553666,TPC-DI__Joinable__prospect_vertical_30_ec_ev,196,6.490463595692778,1,39.89801726169278,estimated 61-feature build from representative benchmark + RF fit amortized by test pair; prediction time not separately logged; benchmark used hashed fallback embeddings locally
TPC-DI__Semantically-Joinable__prospect_both_50_30_ac3_av,33.407553666,TPC-DI__Joinable__prospect_vertical_30_ec_ev,196,5.654508434311249,3,39.062062100311245,estimated 61-feature build from representative benchmark + RF fit amortized by test pair; prediction time not separately logged; benchmark used hashed fallback embeddings locally
TPC-DI__Semantically-Joinable__prospect_vertical_30_ac3_av,33.407553666,TPC-DI__Joinable__prospect_vertical_30_ec_ev,196,12.894884620442308,1,46.30243828644231,estimated 61-feature build from representative benchmark + RF fit amortized by test pair; prediction time not separately logged; benchmark used hashed fallback embeddings locally
TPC-DI__Semantically-Joinable__prospect_vertical_30_ac4_av,33.407553666,TPC-DI__Joinable__prospect_vertical_30_ec_ev,196,5.92123784065059,1,39.32879150665059,estimated 61-feature build from representative benchmark + RF fit amortized by test pair; prediction time not separately logged; benchmark used hashed fallback embeddings locally
TPC-DI__View-Unionable__prospect_both_0_30_ac4_av,33.407553666,TPC-DI__Joinable__prospect_vertical_30_ec_ev,196,6.490463595692778,1,39.89801726169278,estimated 61-feature build from representative benchmark + RF fit amortized by test pair; prediction time not separately logged; benchmark used hashed fallback embeddings locally
TPC-DI__View-Unionable__prospect_both_0_30_ac2_av,33.407553666,TPC-DI__Joinable__prospect_vertical_30_ec_ev,196,6.009124962753012,3,39.41667862875301,estimated 61-feature build from representative benchmark + RF fit amortized by test pair; prediction time not separately logged; benchmark used hashed fallback embeddings locally
TPC-DI__View-Unionable__prospect_both_0_30_ac1_ev,33.407553666,TPC-DI__Joinable__prospect_vertical_30_ec_ev,196,5.549805419644571,2,38.95735908564457,estimated 61-feature build from representative benchmark + RF fit amortized by test pair; prediction time not separately logged; benchmark used hashed fallback embeddings locally
TPC-DI__View-Unionable__prospect_both_0_30_ac1_av,33.407553666,TPC-DI__Joinable__prospect_vertical_30_ec_ev,196,5.761503348749,3,39.169057014749,estimated 61-feature build from representative benchmark + RF fit amortized by test pair; prediction time not separately logged; benchmark used hashed fallback embeddings locally
TPC-DI__Semantically-Joinable__prospect_both_50_30_ac4_av,33.407553666,TPC-DI__Joinable__prospect_vertical_30_ec_ev,196,5.946105148903619,3,39.35365881490362,estimated 61-feature build from representative benchmark + RF fit amortized by test pair; prediction time not separately logged; benchmark used hashed fallback embeddings locally
TPC-DI__Semantically-Joinable__prospect_both_50_30_ac5_av,33.407553666,TPC-DI__Joinable__prospect_vertical_30_ec_ev,196,6.490463595692778,1,39.89801726169278,estimated 61-feature build from representative benchmark + RF fit amortized by test pair; prediction time not separately logged; benchmark used hashed fallback embeddings locally
TPC-DI__Semantically-Joinable__prospect_both_50_30_ec_av,33.407553666,TPC-DI__Joinable__prospect_vertical_30_ec_ev,196,5.92123784065059,1,39.32879150665059,estimated 61-feature build from representative benchmark + RF fit amortized by test pair; prediction time not separately logged; benchmark used hashed fallback embeddings locally
ChEMBL__Joinable__assays_vertical_30_ac3_ev,44.57101437299998,ChEMBL__Joinable__assays_vertical_30_ac3_ev,210,5.863358144993974,3,50.43437251799396,estimated 61-feature build from representative benchmark + RF fit amortized by test pair; prediction time not separately logged; benchmark used hashed fallback embeddings locally
ChEMBL__Joinable__assays_both_50_30_ac1_ev,44.57101437299998,ChEMBL__Joinable__assays_vertical_30_ac3_ev,210,12.894884620442308,1,57.465898993442295,estimated 61-feature build from representative benchmark + RF fit amortized by test pair; prediction time not separately logged; benchmark used hashed fallback embeddings locally
ChEMBL__Semantically-Joinable__assays_vertical_30_ac4_av,44.57101437299998,ChEMBL__Joinable__assays_vertical_30_ac3_ev,210,12.894884620442308,1,57.465898993442295,estimated 61-feature build from representative benchmark + RF fit amortized by test pair; prediction time not separately logged; benchmark used hashed fallback embeddings locally
ChEMBL__Semantically-Joinable__assays_vertical_30_ac1_av,44.57101437299998,ChEMBL__Joinable__assays_vertical_30_ac3_ev,210,12.894884620442308,1,57.465898993442295,estimated 61-feature build from representative benchmark + RF fit amortized by test pair; prediction time not separately logged; benchmark used hashed fallback embeddings locally
ChEMBL__Semantically-Joinable__assays_vertical_30_ac2_av,44.57101437299998,ChEMBL__Joinable__assays_vertical_30_ac3_ev,210,12.894884620442308,1,57.465898993442295,estimated 61-feature build from representative benchmark + RF fit amortized by test pair; prediction time not separately logged; benchmark used hashed fallback embeddings locally
ChEMBL__Semantically-Joinable__assays_vertical_30_ac3_av,44.57101437299998,ChEMBL__Joinable__assays_vertical_30_ac3_ev,210,5.615673451915668,1,50.18668782491565,estimated 61-feature build from representative benchmark + RF fit amortized by test pair; prediction time not separately logged; benchmark used hashed fallback embeddings locally
ChEMBL__Semantically-Joinable__assays_vertical_30_ac5_av,44.57101437299998,ChEMBL__Joinable__assays_vertical_30_ac3_ev,210,5.549805419644571,2,50.120819792644554,estimated 61-feature build from representative benchmark + RF fit amortized by test pair; prediction time not separately logged; benchmark used hashed fallback embeddings locally
ChEMBL__Joinable__assays_vertical_30_ac1_ev,44.57101437299998,ChEMBL__Joinable__assays_vertical_30_ac3_ev,210,5.958538803030134,2,50.52955317603012,estimated 61-feature build from representative benchmark + RF fit amortized by test pair; prediction time not separately logged; benchmark used hashed fallback embeddings locally
ChEMBL__Joinable__assays_vertical_30_ac2_ev,44.57101437299998,ChEMBL__Joinable__assays_vertical_30_ac3_ev,210,5.958538803030134,2,50.52955317603012,estimated 61-feature build from representative benchmark + RF fit amortized by test pair; prediction time not separately logged; benchmark used hashed fallback embeddings locally
ChEMBL__Joinable__assays_vertical_30_ec_ev,44.57101437299998,ChEMBL__Joinable__assays_vertical_30_ac3_ev,210,5.571761430401604,3,50.142775803401584,estimated 61-feature build from representative benchmark + RF fit amortized by test pair; prediction time not separately logged; benchmark used hashed fallback embeddings locally
ChEMBL__Joinable__assays_both_50_30_ac5_ev,44.57101437299998,ChEMBL__Joinable__assays_vertical_30_ac3_ev,210,12.894884620442308,1,57.465898993442295,estimated 61-feature build from representative benchmark + RF fit amortized by test pair; prediction time not separately logged; benchmark used hashed fallback embeddings locally
ChEMBL__Joinable__assays_both_50_30_ec_ev,44.57101437299998,ChEMBL__Joinable__assays_vertical_30_ac3_ev,210,5.549805419644571,2,50.120819792644554,estimated 61-feature build from representative benchmark + RF fit amortized by test pair; prediction time not separately logged; benchmark used hashed fallback embeddings locally
ChEMBL__Joinable__assays_both_50_30_ac2_ev,44.57101437299998,ChEMBL__Joinable__assays_vertical_30_ac3_ev,210,5.615673451915668,1,50.18668782491565,estimated 61-feature build from representative benchmark + RF fit amortized by test pair; prediction time not separately logged; benchmark used hashed fallback embeddings locally
ChEMBL__Joinable__assays_both_50_30_ac4_ev,44.57101437299998,ChEMBL__Joinable__assays_vertical_30_ac3_ev,210,12.894884620442308,1,57.465898993442295,estimated 61-feature build from representative benchmark + RF fit amortized by test pair; prediction time not separately logged; benchmark used hashed fallback embeddings locally
ChEMBL__View-Unionable__assays_both_0_30_ac2_av,44.57101437299998,ChEMBL__Joinable__assays_vertical_30_ac3_ev,210,5.698483534899606,3,50.26949790789959,estimated 61-feature build from representative benchmark + RF fit amortized by test pair; prediction time not separately logged; benchmark used hashed fallback embeddings locally
ChEMBL__View-Unionable__assays_both_0_30_ac1_ev,44.57101437299998,ChEMBL__Joinable__assays_vertical_30_ac3_ev,210,6.205850718171684,2,50.776865091171665,estimated 61-feature build from representative benchmark + RF fit amortized by test pair; prediction time not separately logged; benchmark used hashed fallback embeddings locally
ChEMBL__View-Unionable__assays_both_0_30_ac1_av,44.57101437299998,ChEMBL__Joinable__assays_vertical_30_ac3_ev,210,5.508741616552211,3,50.0797559895522,estimated 61-feature build from representative benchmark + RF fit amortized by test pair; prediction time not separately logged; benchmark used hashed fallback embeddings locally
ChEMBL__View-Unionable__assays_both_0_30_ac2_ev,44.57101437299998,ChEMBL__Joinable__assays_vertical_30_ac3_ev,210,6.205850718171684,2,50.776865091171665,estimated 61-feature build from representative benchmark + RF fit amortized by test pair; prediction time not separately logged; benchmark used hashed fallback embeddings locally
ChEMBL__View-Unionable__assays_both_0_30_ac4_av,44.57101437299998,ChEMBL__Joinable__assays_vertical_30_ac3_ev,210,12.894884620442308,1,57.465898993442295,estimated 61-feature build from representative benchmark + RF fit amortized by test pair; prediction time not separately logged; benchmark used hashed fallback embeddings locally
ChEMBL__View-Unionable__assays_both_0_30_ac3_ev,44.57101437299998,ChEMBL__Joinable__assays_vertical_30_ac3_ev,210,5.42661401036749,1,49.99762838336747,estimated 61-feature build from representative benchmark + RF fit amortized by test pair; prediction time not separately logged; benchmark used hashed fallback embeddings locally
ChEMBL__Joinable__assays_vertical_30_ac5_ev,44.57101437299998,ChEMBL__Joinable__assays_vertical_30_ac3_ev,210,5.946105148903619,3,50.5171195219036,estimated 61-feature build from representative benchmark + RF fit amortized by test pair; prediction time not separately logged; benchmark used hashed fallback embeddings locally
ChEMBL__Semantically-Joinable__assays_both_50_30_ac2_av,44.57101437299998,ChEMBL__Joinable__assays_vertical_30_ac3_ev,210,5.178372998638553,1,49.749387371638534,estimated 61-feature build from representative benchmark + RF fit amortized by test pair; prediction time not separately logged; benchmark used hashed fallback embeddings locally
ChEMBL__Semantically-Joinable__assays_both_50_30_ac3_av,44.57101437299998,ChEMBL__Joinable__assays_vertical_30_ac3_ev,210,6.490463595692778,1,51.06147796869276,estimated 61-feature build from representative benchmark + RF fit amortized by test pair; prediction time not separately logged; benchmark used hashed fallback embeddings locally
ChEMBL__Semantically-Joinable__assays_both_50_30_ac4_av,44.57101437299998,ChEMBL__Joinable__assays_vertical_30_ac3_ev,210,12.894884620442308,1,57.465898993442295,estimated 61-feature build from representative benchmark + RF fit amortized by test pair; prediction time not separately logged; benchmark used hashed fallback embeddings locally
ChEMBL__Semantically-Joinable__assays_both_50_30_ac1_av,44.57101437299998,ChEMBL__Joinable__assays_vertical_30_ac3_ev,210,5.549805419644571,2,50.120819792644554,estimated 61-feature build from representative benchmark + RF fit amortized by test pair; prediction time not separately logged; benchmark used hashed fallback embeddings locally
ChEMBL__Semantically-Joinable__assays_both_50_30_ac5_av,44.57101437299998,ChEMBL__Joinable__assays_vertical_30_ac3_ev,210,5.615673451915668,1,50.18668782491565,estimated 61-feature build from representative benchmark + RF fit amortized by test pair; prediction time not separately logged; benchmark used hashed fallback embeddings locally
ChEMBL__Semantically-Joinable__assays_both_50_30_ec_av,44.57101437299998,ChEMBL__Joinable__assays_vertical_30_ac3_ev,210,12.894884620442308,1,57.465898993442295,estimated 61-feature build from representative benchmark + RF fit amortized by test pair; prediction time not separately logged; benchmark used hashed fallback embeddings locally
ChEMBL__Joinable__assays_vertical_30_ac4_ev,44.57101437299998,ChEMBL__Joinable__assays_vertical_30_ac3_ev,210,12.894884620442308,1,57.465898993442295,estimated 61-feature build from representative benchmark + RF fit amortized by test pair; prediction time not separately logged; benchmark used hashed fallback embeddings locally
ChEMBL__Semantically-Joinable__assays_vertical_30_ec_av,44.57101437299998,ChEMBL__Joinable__assays_vertical_30_ac3_ev,210,5.39702322527711,2,49.96803759827709,estimated 61-feature build from representative benchmark + RF fit amortized by test pair; prediction time not separately logged; benchmark used hashed fallback embeddings locally
ChEMBL__Joinable__assays_both_50_30_ac3_ev,44.57101437299998,ChEMBL__Joinable__assays_vertical_30_ac3_ev,210,5.958538803030134,2,50.52955317603012,estimated 61-feature build from representative benchmark + RF fit amortized by test pair; prediction time not separately logged; benchmark used hashed fallback embeddings locally
ChEMBL__View-Unionable__assays_both_0_30_ec_av,44.57101437299998,ChEMBL__Joinable__assays_vertical_30_ac3_ev,210,5.571761430401604,3,50.142775803401584,estimated 61-feature build from representative benchmark + RF fit amortized by test pair; prediction time not separately logged; benchmark used hashed fallback embeddings locally
ChEMBL__View-Unionable__assays_both_0_30_ac5_ev,44.57101437299998,ChEMBL__Joinable__assays_vertical_30_ac3_ev,210,5.958538803030134,2,50.52955317603012,estimated 61-feature build from representative benchmark + RF fit amortized by test pair; prediction time not separately logged; benchmark used hashed fallback embeddings locally
ChEMBL__View-Unionable__assays_both_0_30_ac5_av,44.57101437299998,ChEMBL__Joinable__assays_vertical_30_ac3_ev,210,12.894884620442308,1,57.465898993442295,estimated 61-feature build from representative benchmark + RF fit amortized by test pair; prediction time not separately logged; benchmark used hashed fallback embeddings locally
ChEMBL__View-Unionable__assays_both_0_30_ac4_ev,44.57101437299998,ChEMBL__Joinable__assays_vertical_30_ac3_ev,210,5.42661401036749,1,49.99762838336747,estimated 61-feature build from representative benchmark + RF fit amortized by test pair; prediction time not separately logged; benchmark used hashed fallback embeddings locally
ChEMBL__View-Unionable__assays_both_0_30_ac3_av,44.57101437299998,ChEMBL__Joinable__assays_vertical_30_ac3_ev,210,12.894884620442308,1,57.465898993442295,estimated 61-feature build from representative benchmark + RF fit amortized by test pair; prediction time not separately logged; benchmark used hashed fallback embeddings locally
ChEMBL__View-Unionable__assays_both_0_30_ec_ev,44.57101437299998,ChEMBL__Joinable__assays_vertical_30_ac3_ev,210,6.009124962753012,3,50.580139335752996,estimated 61-feature build from representative benchmark + RF fit amortized by test pair; prediction time not separately logged; benchmark used hashed fallback embeddings locally
TPC-DI__Joinable__prospect_both_50_50_ac3_ev,51.6897820432941,ChEMBL__Joinable__assays_vertical_50_ac3_ev,272,5.92123784065059,1,57.61101988394469,estimated 61-feature build from representative benchmark + RF fit amortized by test pair; prediction time not separately logged; benchmark used hashed fallback embeddings locally
TPC-DI__Joinable__prospect_both_50_50_ac4_ev,51.6897820432941,ChEMBL__Joinable__assays_vertical_50_ac3_ev,272,5.615673451915668,1,57.30545549520977,estimated 61-feature build from representative benchmark + RF fit amortized by test pair; prediction time not separately logged; benchmark used hashed fallback embeddings locally
TPC-DI__Joinable__prospect_vertical_50_ac3_ev,51.6897820432941,ChEMBL__Joinable__assays_vertical_50_ac3_ev,272,12.894884620442308,1,64.58466666373641,estimated 61-feature build from representative benchmark + RF fit amortized by test pair; prediction time not separately logged; benchmark used hashed fallback embeddings locally
TPC-DI__Joinable__prospect_vertical_50_ac4_ev,51.6897820432941,ChEMBL__Joinable__assays_vertical_50_ac3_ev,272,5.42661401036749,1,57.11639605366159,estimated 61-feature build from representative benchmark + RF fit amortized by test pair; prediction time not separately logged; benchmark used hashed fallback embeddings locally
TPC-DI__Joinable__prospect_both_50_50_ac5_ev,51.6897820432941,ChEMBL__Joinable__assays_vertical_50_ac3_ev,272,12.894884620442308,1,64.58466666373641,estimated 61-feature build from representative benchmark + RF fit amortized by test pair; prediction time not separately logged; benchmark used hashed fallback embeddings locally
TPC-DI__Joinable__prospect_both_50_50_ec_ev,51.6897820432941,ChEMBL__Joinable__assays_vertical_50_ac3_ev,272,5.178372998638553,1,56.86815504193265,estimated 61-feature build from representative benchmark + RF fit amortized by test pair; prediction time not separately logged; benchmark used hashed fallback embeddings locally
TPC-DI__View-Unionable__prospect_both_0_50_ec_av,51.6897820432941,ChEMBL__Joinable__assays_vertical_50_ac3_ev,272,5.768455646283129,2,57.45823768957723,estimated 61-feature build from representative benchmark + RF fit amortized by test pair; prediction time not separately logged; benchmark used hashed fallback embeddings locally
TPC-DI__View-Unionable__prospect_both_0_50_ec_ev,51.6897820432941,ChEMBL__Joinable__assays_vertical_50_ac3_ev,272,5.615673451915668,1,57.30545549520977,estimated 61-feature build from representative benchmark + RF fit amortized by test pair; prediction time not separately logged; benchmark used hashed fallback embeddings locally
TPC-DI__View-Unionable__prospect_both_0_50_ac5_av,51.6897820432941,ChEMBL__Joinable__assays_vertical_50_ac3_ev,272,12.894884620442308,1,64.58466666373641,estimated 61-feature build from representative benchmark + RF fit amortized by test pair; prediction time not separately logged; benchmark used hashed fallback embeddings locally
TPC-DI__View-Unionable__prospect_both_0_50_ac3_ev,51.6897820432941,ChEMBL__Joinable__assays_vertical_50_ac3_ev,272,5.844250352658645,3,57.53403239595275,estimated 61-feature build from representative benchmark + RF fit amortized by test pair; prediction time not separately logged; benchmark used hashed fallback embeddings locally
TPC-DI__View-Unionable__prospect_both_0_50_ac1_ev,51.6897820432941,ChEMBL__Joinable__assays_vertical_50_ac3_ev,272,5.549805419644571,2,57.23958746293867,estimated 61-feature build from representative benchmark + RF fit amortized by test pair; prediction time not separately logged; benchmark used hashed fallback embeddings locally
TPC-DI__View-Unionable__prospect_both_0_50_ac3_av,51.6897820432941,ChEMBL__Joinable__assays_vertical_50_ac3_ev,272,12.894884620442308,1,64.58466666373641,estimated 61-feature build from representative benchmark + RF fit amortized by test pair; prediction time not separately logged; benchmark used hashed fallback embeddings locally
TPC-DI__View-Unionable__prospect_both_0_50_ac2_ev,51.6897820432941,ChEMBL__Joinable__assays_vertical_50_ac3_ev,272,5.946105148903619,3,57.63588719219772,estimated 61-feature build from representative benchmark + RF fit amortized by test pair; prediction time not separately logged; benchmark used hashed fallback embeddings locally
TPC-DI__View-Unionable__prospect_both_0_50_ac2_av,51.6897820432941,ChEMBL__Joinable__assays_vertical_50_ac3_ev,272,5.42661401036749,1,57.11639605366159,estimated 61-feature build from representative benchmark + RF fit amortized by test pair; prediction time not separately logged; benchmark used hashed fallback embeddings locally
TPC-DI__View-Unionable__prospect_both_0_50_ac1_av,51.6897820432941,ChEMBL__Joinable__assays_vertical_50_ac3_ev,272,5.863358144993974,3,57.553140188288076,estimated 61-feature build from representative benchmark + RF fit amortized by test pair; prediction time not separately logged; benchmark used hashed fallback embeddings locally
TPC-DI__View-Unionable__prospect_both_0_50_ac4_av,51.6897820432941,ChEMBL__Joinable__assays_vertical_50_ac3_ev,272,12.894884620442308,1,64.58466666373641,estimated 61-feature build from representative benchmark + RF fit amortized by test pair; prediction time not separately logged; benchmark used hashed fallback embeddings locally
TPC-DI__Joinable__prospect_both_50_50_ac1_ev,51.6897820432941,ChEMBL__Joinable__assays_vertical_50_ac3_ev,272,5.768455646283129,2,57.45823768957723,estimated 61-feature build from representative benchmark + RF fit amortized by test pair; prediction time not separately logged; benchmark used hashed fallback embeddings locally
TPC-DI__Joinable__prospect_both_50_50_ac2_ev,51.6897820432941,ChEMBL__Joinable__assays_vertical_50_ac3_ev,272,5.615673451915668,1,57.30545549520977,estimated 61-feature build from representative benchmark + RF fit amortized by test pair; prediction time not separately logged; benchmark used hashed fallback embeddings locally
TPC-DI__Joinable__prospect_vertical_50_ec_ev,51.6897820432941,ChEMBL__Joinable__assays_vertical_50_ac3_ev,272,5.178372998638553,1,56.86815504193265,estimated 61-feature build from representative benchmark + RF fit amortized by test pair; prediction time not separately logged; benchmark used hashed fallback embeddings locally
TPC-DI__Joinable__prospect_vertical_50_ac2_ev,51.6897820432941,ChEMBL__Joinable__assays_vertical_50_ac3_ev,272,12.894884620442308,1,64.58466666373641,estimated 61-feature build from representative benchmark + RF fit amortized by test pair; prediction time not separately logged; benchmark used hashed fallback embeddings locally
TPC-DI__Joinable__prospect_vertical_50_ac5_ev,51.6897820432941,ChEMBL__Joinable__assays_vertical_50_ac3_ev,272,5.508741616552211,3,57.198523659846316,estimated 61-feature build from representative benchmark + RF fit amortized by test pair; prediction time not separately logged; benchmark used hashed fallback embeddings locally
TPC-DI__Joinable__prospect_vertical_50_ac1_ev,51.6897820432941,ChEMBL__Joinable__assays_vertical_50_ac3_ev,272,5.549805419644571,2,57.23958746293867,estimated 61-feature build from representative benchmark + RF fit amortized by test pair; prediction time not separately logged; benchmark used hashed fallback embeddings locally
TPC-DI__Semantically-Joinable__prospect_vertical_50_ac4_av,51.6897820432941,ChEMBL__Joinable__assays_vertical_50_ac3_ev,272,5.39702322527711,2,57.08680526857121,estimated 61-feature build from representative benchmark + RF fit amortized by test pair; prediction time not separately logged; benchmark used hashed fallback embeddings locally
TPC-DI__Semantically-Joinable__prospect_vertical_50_ec_av,51.6897820432941,ChEMBL__Joinable__assays_vertical_50_ac3_ev,272,5.178372998638553,1,56.86815504193265,estimated 61-feature build from representative benchmark + RF fit amortized by test pair; prediction time not separately logged; benchmark used hashed fallback embeddings locally
TPC-DI__View-Unionable__prospect_both_0_50_ac5_ev,51.6897820432941,ChEMBL__Joinable__assays_vertical_50_ac3_ev,272,12.894884620442308,1,64.58466666373641,estimated 61-feature build from representative benchmark + RF fit amortized by test pair; prediction time not separately logged; benchmark used hashed fallback embeddings locally
TPC-DI__View-Unionable__prospect_both_0_50_ac4_ev,51.6897820432941,ChEMBL__Joinable__assays_vertical_50_ac3_ev,272,12.894884620442308,1,64.58466666373641,estimated 61-feature build from representative benchmark + RF fit amortized by test pair; prediction time not separately logged; benchmark used hashed fallback embeddings locally
TPC-DI__Semantically-Joinable__prospect_vertical_50_ac5_av,51.6897820432941,ChEMBL__Joinable__assays_vertical_50_ac3_ev,272,5.42661401036749,1,57.11639605366159,estimated 61-feature build from representative benchmark + RF fit amortized by test pair; prediction time not separately logged; benchmark used hashed fallback embeddings locally
TPC-DI__Semantically-Joinable__prospect_vertical_50_ac1_av,51.6897820432941,ChEMBL__Joinable__assays_vertical_50_ac3_ev,272,5.549805419644571,2,57.23958746293867,estimated 61-feature build from representative benchmark + RF fit amortized by test pair; prediction time not separately logged; benchmark used hashed fallback embeddings locally
TPC-DI__Semantically-Joinable__prospect_both_50_50_ec_av,51.6897820432941,ChEMBL__Joinable__assays_vertical_50_ac3_ev,272,5.768455646283129,2,57.45823768957723,estimated 61-feature build from representative benchmark + RF fit amortized by test pair; prediction time not separately logged; benchmark used hashed fallback embeddings locally
TPC-DI__Semantically-Joinable__prospect_both_50_50_ac5_av,51.6897820432941,ChEMBL__Joinable__assays_vertical_50_ac3_ev,272,5.834418297165666,2,57.52420034045977,estimated 61-feature build from representative benchmark + RF fit amortized by test pair; prediction time not separately logged; benchmark used hashed fallback embeddings locally
TPC-DI__Semantically-Joinable__prospect_both_50_50_ac2_av,51.6897820432941,ChEMBL__Joinable__assays_vertical_50_ac3_ev,272,6.053068523804223,2,57.74285056709832,estimated 61-feature build from representative benchmark + RF fit amortized by test pair; prediction time not separately logged; benchmark used hashed fallback embeddings locally
TPC-DI__Semantically-Joinable__prospect_both_50_50_ac1_av,51.6897820432941,ChEMBL__Joinable__assays_vertical_50_ac3_ev,272,5.698483534899606,3,57.38826557819371,estimated 61-feature build from representative benchmark + RF fit amortized by test pair; prediction time not separately logged; benchmark used hashed fallback embeddings locally
TPC-DI__Semantically-Joinable__prospect_both_50_50_ac4_av,51.6897820432941,ChEMBL__Joinable__assays_vertical_50_ac3_ev,272,5.178372998638553,1,56.86815504193265,estimated 61-feature build from representative benchmark + RF fit amortized by test pair; prediction time not separately logged; benchmark used hashed fallback embeddings locally
TPC-DI__Semantically-Joinable__prospect_both_50_50_ac3_av,51.6897820432941,ChEMBL__Joinable__assays_vertical_50_ac3_ev,272,12.894884620442308,1,64.58466666373641,estimated 61-feature build from representative benchmark + RF fit amortized by test pair; prediction time not separately logged; benchmark used hashed fallback embeddings locally
TPC-DI__Semantically-Joinable__prospect_vertical_50_ac2_av,51.6897820432941,ChEMBL__Joinable__assays_vertical_50_ac3_ev,272,5.39702322527711,2,57.08680526857121,estimated 61-feature build from representative benchmark + RF fit amortized by test pair; prediction time not separately logged; benchmark used hashed fallback embeddings locally
TPC-DI__Semantically-Joinable__prospect_vertical_50_ac3_av,51.6897820432941,ChEMBL__Joinable__assays_vertical_50_ac3_ev,272,5.768455646283129,2,57.45823768957723,estimated 61-feature build from representative benchmark + RF fit amortized by test pair; prediction time not separately logged; benchmark used hashed fallback embeddings locally
ChEMBL__Joinable__assays_vertical_50_ac3_ev,54.92039342099998,ChEMBL__Joinable__assays_vertical_50_ac3_ev,289,5.521143731141579,2,60.44153715214156,estimated 61-feature build from representative benchmark + RF fit amortized by test pair; prediction time not separately logged; benchmark used hashed fallback embeddings locally
ChEMBL__Joinable__assays_vertical_50_ac1_ev,54.92039342099998,ChEMBL__Joinable__assays_vertical_50_ac3_ev,289,5.768455646283129,2,60.68884906728311,estimated 61-feature build from representative benchmark + RF fit amortized by test pair; prediction time not separately logged; benchmark used hashed fallback embeddings locally
ChEMBL__Semantically-Joinable__assays_vertical_50_ac2_av,54.92039342099998,ChEMBL__Joinable__assays_vertical_50_ac3_ev,289,6.205850718171684,2,61.12624413917166,estimated 61-feature build from representative benchmark + RF fit amortized by test pair; prediction time not separately logged; benchmark used hashed fallback embeddings locally
ChEMBL__Semantically-Joinable__assays_vertical_50_ac1_av,54.92039342099998,ChEMBL__Joinable__assays_vertical_50_ac3_ev,289,6.205850718171684,2,61.12624413917166,estimated 61-feature build from representative benchmark + RF fit amortized by test pair; prediction time not separately logged; benchmark used hashed fallback embeddings locally
ChEMBL__Semantically-Joinable__assays_vertical_50_ec_av,54.92039342099998,ChEMBL__Joinable__assays_vertical_50_ac3_ev,289,5.92123784065059,1,60.84163126165057,estimated 61-feature build from representative benchmark + RF fit amortized by test pair; prediction time not separately logged; benchmark used hashed fallback embeddings locally
ChEMBL__Semantically-Joinable__assays_vertical_50_ac3_av,54.92039342099998,ChEMBL__Joinable__assays_vertical_50_ac3_ev,289,5.42661401036749,1,60.347007431367466,estimated 61-feature build from representative benchmark + RF fit amortized by test pair; prediction time not separately logged; benchmark used hashed fallback embeddings locally
ChEMBL__Semantically-Joinable__assays_vertical_50_ac4_av,54.92039342099998,ChEMBL__Joinable__assays_vertical_50_ac3_ev,289,5.178372998638553,1,60.09876641963853,estimated 61-feature build from representative benchmark + RF fit amortized by test pair; prediction time not separately logged; benchmark used hashed fallback embeddings locally
ChEMBL__Semantically-Joinable__assays_vertical_50_ac5_av,54.92039342099998,ChEMBL__Joinable__assays_vertical_50_ac3_ev,289,5.178372998638553,1,60.09876641963853,estimated 61-feature build from representative benchmark + RF fit amortized by test pair; prediction time not separately logged; benchmark used hashed fallback embeddings locally
ChEMBL__Joinable__assays_vertical_50_ac2_ev,54.92039342099998,ChEMBL__Joinable__assays_vertical_50_ac3_ev,289,5.834418297165666,2,60.75481171816564,estimated 61-feature build from representative benchmark + RF fit amortized by test pair; prediction time not separately logged; benchmark used hashed fallback embeddings locally
ChEMBL__Joinable__assays_vertical_50_ac4_ev,54.92039342099998,ChEMBL__Joinable__assays_vertical_50_ac3_ev,289,5.39702322527711,2,60.31741664627709,estimated 61-feature build from representative benchmark + RF fit amortized by test pair; prediction time not separately logged; benchmark used hashed fallback embeddings locally
ChEMBL__Joinable__assays_vertical_50_ec_ev,54.92039342099998,ChEMBL__Joinable__assays_vertical_50_ac3_ev,289,5.178372998638553,1,60.09876641963853,estimated 61-feature build from representative benchmark + RF fit amortized by test pair; prediction time not separately logged; benchmark used hashed fallback embeddings locally
ChEMBL__Joinable__assays_vertical_50_ac5_ev,54.92039342099998,ChEMBL__Joinable__assays_vertical_50_ac3_ev,289,6.490463595692778,1,61.41085701669276,estimated 61-feature build from representative benchmark + RF fit amortized by test pair; prediction time not separately logged; benchmark used hashed fallback embeddings locally
ChEMBL__Semantically-Joinable__assays_both_50_50_ac1_av,54.92039342099998,ChEMBL__Joinable__assays_vertical_50_ac3_ev,289,12.894884620442308,1,67.81527804144228,estimated 61-feature build from representative benchmark + RF fit amortized by test pair; prediction time not separately logged; benchmark used hashed fallback embeddings locally
ChEMBL__Semantically-Joinable__assays_both_50_50_ac2_av,54.92039342099998,ChEMBL__Joinable__assays_vertical_50_ac3_ev,289,5.39702322527711,2,60.31741664627709,estimated 61-feature build from representative benchmark + RF fit amortized by test pair; prediction time not separately logged; benchmark used hashed fallback embeddings locally
ChEMBL__Semantically-Joinable__assays_both_50_50_ac3_av,54.92039342099998,ChEMBL__Joinable__assays_vertical_50_ac3_ev,289,5.67392592550904,2,60.59431934650902,estimated 61-feature build from representative benchmark + RF fit amortized by test pair; prediction time not separately logged; benchmark used hashed fallback embeddings locally
ChEMBL__Semantically-Joinable__assays_both_50_50_ec_av,54.92039342099998,ChEMBL__Joinable__assays_vertical_50_ac3_ev,289,5.677781014153622,4,60.5981744351536,estimated 61-feature build from representative benchmark + RF fit amortized by test pair; prediction time not separately logged; benchmark used hashed fallback embeddings locally
ChEMBL__Semantically-Joinable__assays_both_50_50_ac4_av,54.92039342099998,ChEMBL__Joinable__assays_vertical_50_ac3_ev,289,5.521143731141579,2,60.44153715214156,estimated 61-feature build from representative benchmark + RF fit amortized by test pair; prediction time not separately logged; benchmark used hashed fallback embeddings locally
ChEMBL__Semantically-Joinable__assays_both_50_50_ac5_av,54.92039342099998,ChEMBL__Joinable__assays_vertical_50_ac3_ev,289,5.834418297165666,2,60.75481171816564,estimated 61-feature build from representative benchmark + RF fit amortized by test pair; prediction time not separately logged; benchmark used hashed fallback embeddings locally
ChEMBL__View-Unionable__assays_both_0_50_ec_ev,54.92039342099998,ChEMBL__Joinable__assays_vertical_50_ac3_ev,289,5.39702322527711,2,60.31741664627709,estimated 61-feature build from representative benchmark + RF fit amortized by test pair; prediction time not separately logged; benchmark used hashed fallback embeddings locally
ChEMBL__View-Unionable__assays_both_0_50_ac3_av,54.92039342099998,ChEMBL__Joinable__assays_vertical_50_ac3_ev,289,5.178372998638553,1,60.09876641963853,estimated 61-feature build from representative benchmark + RF fit amortized by test pair; prediction time not separately logged; benchmark used hashed fallback embeddings locally
ChEMBL__View-Unionable__assays_both_0_50_ac3_ev,54.92039342099998,ChEMBL__Joinable__assays_vertical_50_ac3_ev,289,5.302493504503021,2,60.222886925503,estimated 61-feature build from representative benchmark + RF fit amortized by test pair; prediction time not separately logged; benchmark used hashed fallback embeddings locally
ChEMBL__View-Unionable__assays_both_0_50_ac4_av,54.92039342099998,ChEMBL__Joinable__assays_vertical_50_ac3_ev,289,5.42661401036749,1,60.347007431367466,estimated 61-feature build from representative benchmark + RF fit amortized by test pair; prediction time not separately logged; benchmark used hashed fallback embeddings locally
ChEMBL__View-Unionable__assays_both_0_50_ac4_ev,54.92039342099998,ChEMBL__Joinable__assays_vertical_50_ac3_ev,289,5.406886820307236,3,60.327280241307214,estimated 61-feature build from representative benchmark + RF fit amortized by test pair; prediction time not separately logged; benchmark used hashed fallback embeddings locally
ChEMBL__View-Unionable__assays_both_0_50_ac1_av,54.92039342099998,ChEMBL__Joinable__assays_vertical_50_ac3_ev,289,5.615673451915668,1,60.53606687291565,estimated 61-feature build from representative benchmark + RF fit amortized by test pair; prediction time not separately logged; benchmark used hashed fallback embeddings locally
ChEMBL__View-Unionable__assays_both_0_50_ac1_ev,54.92039342099998,ChEMBL__Joinable__assays_vertical_50_ac3_ev,289,5.615673451915668,1,60.53606687291565,estimated 61-feature build from representative benchmark + RF fit amortized by test pair; prediction time not separately logged; benchmark used hashed fallback embeddings locally
ChEMBL__View-Unionable__assays_both_0_50_ac2_av,54.92039342099998,ChEMBL__Joinable__assays_vertical_50_ac3_ev,289,5.615673451915668,1,60.53606687291565,estimated 61-feature build from representative benchmark + RF fit amortized by test pair; prediction time not separately logged; benchmark used hashed fallback embeddings locally
ChEMBL__View-Unionable__assays_both_0_50_ac2_ev,54.92039342099998,ChEMBL__Joinable__assays_vertical_50_ac3_ev,289,6.490463595692778,1,61.41085701669276,estimated 61-feature build from representative benchmark + RF fit amortized by test pair; prediction time not separately logged; benchmark used hashed fallback embeddings locally
ChEMBL__View-Unionable__assays_both_0_50_ac5_av,54.92039342099998,ChEMBL__Joinable__assays_vertical_50_ac3_ev,289,12.894884620442308,1,67.81527804144228,estimated 61-feature build from representative benchmark + RF fit amortized by test pair; prediction time not separately logged; benchmark used hashed fallback embeddings locally
ChEMBL__View-Unionable__assays_both_0_50_ac5_ev,54.92039342099998,ChEMBL__Joinable__assays_vertical_50_ac3_ev,289,6.009124962753012,3,60.92951838375299,estimated 61-feature build from representative benchmark + RF fit amortized by test pair; prediction time not separately logged; benchmark used hashed fallback embeddings locally
ChEMBL__View-Unionable__assays_both_0_50_ec_av,54.92039342099998,ChEMBL__Joinable__assays_vertical_50_ac3_ev,289,5.92123784065059,1,60.84163126165057,estimated 61-feature build from representative benchmark + RF fit amortized by test pair; prediction time not separately logged; benchmark used hashed fallback embeddings locally
ChEMBL__Joinable__assays_both_50_50_ac3_ev,54.92039342099998,ChEMBL__Joinable__assays_vertical_50_ac3_ev,289,5.521143731141579,2,60.44153715214156,estimated 61-feature build from representative benchmark + RF fit amortized by test pair; prediction time not separately logged; benchmark used hashed fallback embeddings locally
ChEMBL__Joinable__assays_both_50_50_ac4_ev,54.92039342099998,ChEMBL__Joinable__assays_vertical_50_ac3_ev,289,5.958538803030134,2,60.87893222403011,estimated 61-feature build from representative benchmark + RF fit amortized by test pair; prediction time not separately logged; benchmark used hashed fallback embeddings locally
ChEMBL__Joinable__assays_both_50_50_ac2_ev,54.92039342099998,ChEMBL__Joinable__assays_vertical_50_ac3_ev,289,12.894884620442308,1,67.81527804144228,estimated 61-feature build from representative benchmark + RF fit amortized by test pair; prediction time not separately logged; benchmark used hashed fallback embeddings locally
ChEMBL__Joinable__assays_both_50_50_ac1_ev,54.92039342099998,ChEMBL__Joinable__assays_vertical_50_ac3_ev,289,5.946105148903619,3,60.8664985699036,estimated 61-feature build from representative benchmark + RF fit amortized by test pair; prediction time not separately logged; benchmark used hashed fallback embeddings locally
ChEMBL__Joinable__assays_both_50_50_ec_ev,54.92039342099998,ChEMBL__Joinable__assays_vertical_50_ac3_ev,289,5.42661401036749,1,60.347007431367466,estimated 61-feature build from representative benchmark + RF fit amortized by test pair; prediction time not separately logged; benchmark used hashed fallback embeddings locally
ChEMBL__Joinable__assays_both_50_50_ac5_ev,54.92039342099998,ChEMBL__Joinable__assays_vertical_50_ac3_ev,289,12.894884620442308,1,67.81527804144228,estimated 61-feature build from representative benchmark + RF fit amortized by test pair; prediction time not separately logged; benchmark used hashed fallback embeddings locally
TPC-DI__View-Unionable__prospect_both_0_70_ec_ev,62.73835890200001,TPC-DI__View-Unionable__prospect_both_0_70_ec_av,342,12.894884620442308,1,75.63324352244231,estimated 61-feature build from representative benchmark + RF fit amortized by test pair; prediction time not separately logged; benchmark used hashed fallback embeddings locally
TPC-DI__View-Unionable__prospect_both_0_70_ec_av,62.73835890200001,TPC-DI__View-Unionable__prospect_both_0_70_ec_av,342,5.42661401036749,1,68.1649729123675,estimated 61-feature build from representative benchmark + RF fit amortized by test pair; prediction time not separately logged; benchmark used hashed fallback embeddings locally
TPC-DI__View-Unionable__prospect_both_0_70_ac5_ev,62.73835890200001,TPC-DI__View-Unionable__prospect_both_0_70_ec_av,342,5.549805419644571,2,68.28816432164459,estimated 61-feature build from representative benchmark + RF fit amortized by test pair; prediction time not separately logged; benchmark used hashed fallback embeddings locally
TPC-DI__View-Unionable__prospect_both_0_70_ac5_av,62.73835890200001,TPC-DI__View-Unionable__prospect_both_0_70_ec_av,342,5.92123784065059,1,68.65959674265059,estimated 61-feature build from representative benchmark + RF fit amortized by test pair; prediction time not separately logged; benchmark used hashed fallback embeddings locally
TPC-DI__Semantically-Joinable__prospect_both_50_70_ac5_av,62.73835890200001,TPC-DI__View-Unionable__prospect_both_0_70_ec_av,342,5.677781014153622,4,68.41613991615363,estimated 61-feature build from representative benchmark + RF fit amortized by test pair; prediction time not separately logged; benchmark used hashed fallback embeddings locally
TPC-DI__Semantically-Joinable__prospect_both_50_70_ec_av,62.73835890200001,TPC-DI__View-Unionable__prospect_both_0_70_ec_av,342,6.490463595692778,1,69.22882249769279,estimated 61-feature build from representative benchmark + RF fit amortized by test pair; prediction time not separately logged; benchmark used hashed fallback embeddings locally
TPC-DI__Semantically-Joinable__prospect_both_50_70_ac2_av,62.73835890200001,TPC-DI__View-Unionable__prospect_both_0_70_ec_av,342,5.521143731141579,2,68.2595026331416,estimated 61-feature build from representative benchmark + RF fit amortized by test pair; prediction time not separately logged; benchmark used hashed fallback embeddings locally
TPC-DI__Semantically-Joinable__prospect_both_50_70_ac1_av,62.73835890200001,TPC-DI__View-Unionable__prospect_both_0_70_ec_av,342,5.302493504503021,2,68.04085240650303,estimated 61-feature build from representative benchmark + RF fit amortized by test pair; prediction time not separately logged; benchmark used hashed fallback embeddings locally
TPC-DI__Semantically-Joinable__prospect_both_50_70_ac4_av,62.73835890200001,TPC-DI__View-Unionable__prospect_both_0_70_ec_av,342,5.946105148903619,3,68.68446405090363,estimated 61-feature build from representative benchmark + RF fit amortized by test pair; prediction time not separately logged; benchmark used hashed fallback embeddings locally
TPC-DI__Semantically-Joinable__prospect_both_50_70_ac3_av,62.73835890200001,TPC-DI__View-Unionable__prospect_both_0_70_ec_av,342,5.615673451915668,1,68.35403235391567,estimated 61-feature build from representative benchmark + RF fit amortized by test pair; prediction time not separately logged; benchmark used hashed fallback embeddings locally
TPC-DI__Semantically-Joinable__prospect_vertical_70_ac1_av,62.73835890200001,TPC-DI__View-Unionable__prospect_both_0_70_ec_av,342,5.92123784065059,1,68.65959674265059,estimated 61-feature build from representative benchmark + RF fit amortized by test pair; prediction time not separately logged; benchmark used hashed fallback embeddings locally
TPC-DI__Semantically-Joinable__prospect_vertical_70_ac2_av,62.73835890200001,TPC-DI__View-Unionable__prospect_both_0_70_ec_av,342,5.178372998638553,1,67.91673190063857,estimated 61-feature build from representative benchmark + RF fit amortized by test pair; prediction time not separately logged; benchmark used hashed fallback embeddings locally
TPC-DI__Semantically-Joinable__prospect_vertical_70_ac3_av,62.73835890200001,TPC-DI__View-Unionable__prospect_both_0_70_ec_av,342,5.615673451915668,1,68.35403235391567,estimated 61-feature build from representative benchmark + RF fit amortized by test pair; prediction time not separately logged; benchmark used hashed fallback embeddings locally
TPC-DI__Semantically-Joinable__prospect_vertical_70_ec_av,62.73835890200001,TPC-DI__View-Unionable__prospect_both_0_70_ec_av,342,5.67392592550904,2,68.41228482750905,estimated 61-feature build from representative benchmark + RF fit amortized by test pair; prediction time not separately logged; benchmark used hashed fallback embeddings locally
TPC-DI__Semantically-Joinable__prospect_vertical_70_ac4_av,62.73835890200001,TPC-DI__View-Unionable__prospect_both_0_70_ec_av,342,5.42661401036749,1,68.1649729123675,estimated 61-feature build from representative benchmark + RF fit amortized by test pair; prediction time not separately logged; benchmark used hashed fallback embeddings locally
TPC-DI__Semantically-Joinable__prospect_vertical_70_ac5_av,62.73835890200001,TPC-DI__View-Unionable__prospect_both_0_70_ec_av,342,12.894884620442308,1,75.63324352244231,estimated 61-feature build from representative benchmark + RF fit amortized by test pair; prediction time not separately logged; benchmark used hashed fallback embeddings locally
TPC-DI__Joinable__prospect_both_50_70_ac4_ev,62.73835890200001,TPC-DI__View-Unionable__prospect_both_0_70_ec_av,342,12.894884620442308,1,75.63324352244231,estimated 61-feature build from representative benchmark + RF fit amortized by test pair; prediction time not separately logged; benchmark used hashed fallback embeddings locally
TPC-DI__Joinable__prospect_both_50_70_ac3_ev,62.73835890200001,TPC-DI__View-Unionable__prospect_both_0_70_ec_av,342,12.894884620442308,1,75.63324352244231,estimated 61-feature build from representative benchmark + RF fit amortized by test pair; prediction time not separately logged; benchmark used hashed fallback embeddings locally
TPC-DI__Joinable__prospect_both_50_70_ac2_ev,62.73835890200001,TPC-DI__View-Unionable__prospect_both_0_70_ec_av,342,12.894884620442308,1,75.63324352244231,estimated 61-feature build from representative benchmark + RF fit amortized by test pair; prediction time not separately logged; benchmark used hashed fallback embeddings locally
TPC-DI__Joinable__prospect_both_50_70_ac1_ev,62.73835890200001,TPC-DI__View-Unionable__prospect_both_0_70_ec_av,342,5.615673451915668,1,68.35403235391567,estimated 61-feature build from representative benchmark + RF fit amortized by test pair; prediction time not separately logged; benchmark used hashed fallback embeddings locally
TPC-DI__View-Unionable__prospect_both_0_70_ac3_av,62.73835890200001,TPC-DI__View-Unionable__prospect_both_0_70_ec_av,342,5.958538803030134,2,68.69689770503014,estimated 61-feature build from representative benchmark + RF fit amortized by test pair; prediction time not separately logged; benchmark used hashed fallback embeddings locally
TPC-DI__View-Unionable__prospect_both_0_70_ac3_ev,62.73835890200001,TPC-DI__View-Unionable__prospect_both_0_70_ec_av,342,5.406886820307236,3,68.14524572230725,estimated 61-feature build from representative benchmark + RF fit amortized by test pair; prediction time not separately logged; benchmark used hashed fallback embeddings locally
TPC-DI__View-Unionable__prospect_both_0_70_ac4_av,62.73835890200001,TPC-DI__View-Unionable__prospect_both_0_70_ec_av,342,6.053068523804223,2,68.79142742580423,estimated 61-feature build from representative benchmark + RF fit amortized by test pair; prediction time not separately logged; benchmark used hashed fallback embeddings locally
TPC-DI__View-Unionable__prospect_both_0_70_ac4_ev,62.73835890200001,TPC-DI__View-Unionable__prospect_both_0_70_ec_av,342,5.677781014153622,4,68.41613991615363,estimated 61-feature build from representative benchmark + RF fit amortized by test pair; prediction time not separately logged; benchmark used hashed fallback embeddings locally
TPC-DI__Joinable__prospect_vertical_70_ac1_ev,62.73835890200001,TPC-DI__View-Unionable__prospect_both_0_70_ec_av,342,5.178372998638553,1,67.91673190063857,estimated 61-feature build from representative benchmark + RF fit amortized by test pair; prediction time not separately logged; benchmark used hashed fallback embeddings locally
TPC-DI__Joinable__prospect_both_50_70_ac5_ev,62.73835890200001,TPC-DI__View-Unionable__prospect_both_0_70_ec_av,342,5.42661401036749,1,68.1649729123675,estimated 61-feature build from representative benchmark + RF fit amortized by test pair; prediction time not separately logged; benchmark used hashed fallback embeddings locally
TPC-DI__Joinable__prospect_both_50_70_ec_ev,62.73835890200001,TPC-DI__View-Unionable__prospect_both_0_70_ec_av,342,5.834418297165666,2,68.57277719916567,estimated 61-feature build from representative benchmark + RF fit amortized by test pair; prediction time not separately logged; benchmark used hashed fallback embeddings locally
TPC-DI__Joinable__prospect_vertical_70_ac2_ev,62.73835890200001,TPC-DI__View-Unionable__prospect_both_0_70_ec_av,342,6.490463595692778,1,69.22882249769279,estimated 61-feature build from representative benchmark + RF fit amortized by test pair; prediction time not separately logged; benchmark used hashed fallback embeddings locally
TPC-DI__Joinable__prospect_vertical_70_ac5_ev,62.73835890200001,TPC-DI__View-Unionable__prospect_both_0_70_ec_av,342,5.92123784065059,1,68.65959674265059,estimated 61-feature build from representative benchmark + RF fit amortized by test pair; prediction time not separately logged; benchmark used hashed fallback embeddings locally
TPC-DI__Joinable__prospect_vertical_70_ac4_ev,62.73835890200001,TPC-DI__View-Unionable__prospect_both_0_70_ec_av,342,5.406886820307236,3,68.14524572230725,estimated 61-feature build from representative benchmark + RF fit amortized by test pair; prediction time not separately logged; benchmark used hashed fallback embeddings locally
TPC-DI__Joinable__prospect_vertical_70_ac3_ev,62.73835890200001,TPC-DI__View-Unionable__prospect_both_0_70_ec_av,342,12.894884620442308,1,75.63324352244231,estimated 61-feature build from representative benchmark + RF fit amortized by test pair; prediction time not separately logged; benchmark used hashed fallback embeddings locally
TPC-DI__Joinable__prospect_vertical_70_ec_ev,62.73835890200001,TPC-DI__View-Unionable__prospect_both_0_70_ec_av,342,5.863497224656632,4,68.60185612665664,estimated 61-feature build from representative benchmark + RF fit amortized by test pair; prediction time not separately logged; benchmark used hashed fallback embeddings locally
TPC-DI__View-Unionable__prospect_both_0_70_ac1_av,62.73835890200001,TPC-DI__View-Unionable__prospect_both_0_70_ec_av,342,6.490463595692778,1,69.22882249769279,estimated 61-feature build from representative benchmark + RF fit amortized by test pair; prediction time not separately logged; benchmark used hashed fallback embeddings locally
TPC-DI__View-Unionable__prospect_both_0_70_ac1_ev,62.73835890200001,TPC-DI__View-Unionable__prospect_both_0_70_ec_av,342,12.894884620442308,1,75.63324352244231,estimated 61-feature build from representative benchmark + RF fit amortized by test pair; prediction time not separately logged; benchmark used hashed fallback embeddings locally
TPC-DI__View-Unionable__prospect_both_0_70_ac2_av,62.73835890200001,TPC-DI__View-Unionable__prospect_both_0_70_ec_av,342,5.946105148903619,3,68.68446405090363,estimated 61-feature build from representative benchmark + RF fit amortized by test pair; prediction time not separately logged; benchmark used hashed fallback embeddings locally
TPC-DI__View-Unionable__prospect_both_0_70_ac2_ev,62.73835890200001,TPC-DI__View-Unionable__prospect_both_0_70_ec_av,342,5.768455646283129,2,68.50681454828313,estimated 61-feature build from representative benchmark + RF fit amortized by test pair; prediction time not separately logged; benchmark used hashed fallback embeddings locally
ChEMBL__Joinable__assays_both_50_70_ac5_ev,69.7092876688889,TPC-DI__View-Unionable__prospect_both_0_70_ec_av,380,5.844250352658645,3,75.55353802154755,estimated 61-feature build from representative benchmark + RF fit amortized by test pair; prediction time not separately logged; benchmark used hashed fallback embeddings locally
ChEMBL__Joinable__assays_both_50_70_ac4_ev,69.7092876688889,TPC-DI__View-Unionable__prospect_both_0_70_ec_av,380,5.39702322527711,2,75.10631089416601,estimated 61-feature build from representative benchmark + RF fit amortized by test pair; prediction time not separately logged; benchmark used hashed fallback embeddings locally
ChEMBL__Joinable__assays_both_50_70_ac3_ev,69.7092876688889,TPC-DI__View-Unionable__prospect_both_0_70_ec_av,380,5.178372998638553,1,74.88766066752746,estimated 61-feature build from representative benchmark + RF fit amortized by test pair; prediction time not separately logged; benchmark used hashed fallback embeddings locally
ChEMBL__Joinable__assays_both_50_70_ac2_ev,69.7092876688889,TPC-DI__View-Unionable__prospect_both_0_70_ec_av,380,12.894884620442308,1,82.60417228933122,estimated 61-feature build from representative benchmark + RF fit amortized by test pair; prediction time not separately logged; benchmark used hashed fallback embeddings locally
ChEMBL__Semantically-Joinable__assays_both_50_70_ec_av,69.7092876688889,TPC-DI__View-Unionable__prospect_both_0_70_ec_av,380,5.67392592550904,2,75.38321359439794,estimated 61-feature build from representative benchmark + RF fit amortized by test pair; prediction time not separately logged; benchmark used hashed fallback embeddings locally
ChEMBL__View-Unionable__assays_both_0_70_ac5_ev,69.7092876688889,TPC-DI__View-Unionable__prospect_both_0_70_ec_av,380,5.549805419644571,2,75.25909308853348,estimated 61-feature build from representative benchmark + RF fit amortized by test pair; prediction time not separately logged; benchmark used hashed fallback embeddings locally
ChEMBL__View-Unionable__assays_both_0_70_ec_ev,69.7092876688889,TPC-DI__View-Unionable__prospect_both_0_70_ec_av,380,12.894884620442308,1,82.60417228933122,estimated 61-feature build from representative benchmark + RF fit amortized by test pair; prediction time not separately logged; benchmark used hashed fallback embeddings locally
ChEMBL__View-Unionable__assays_both_0_70_ec_av,69.7092876688889,TPC-DI__View-Unionable__prospect_both_0_70_ec_av,380,5.754172111337352,4,75.46345978022626,estimated 61-feature build from representative benchmark + RF fit amortized by test pair; prediction time not separately logged; benchmark used hashed fallback embeddings locally
ChEMBL__Joinable__assays_both_50_70_ac1_ev,69.7092876688889,TPC-DI__View-Unionable__prospect_both_0_70_ec_av,380,12.894884620442308,1,82.60417228933122,estimated 61-feature build from representative benchmark + RF fit amortized by test pair; prediction time not separately logged; benchmark used hashed fallback embeddings locally
ChEMBL__Semantically-Joinable__assays_vertical_70_ac3_av,69.7092876688889,TPC-DI__View-Unionable__prospect_both_0_70_ec_av,380,5.615673451915668,1,75.32496112080457,estimated 61-feature build from representative benchmark + RF fit amortized by test pair; prediction time not separately logged; benchmark used hashed fallback embeddings locally
ChEMBL__Semantically-Joinable__assays_vertical_70_ac2_av,69.7092876688889,TPC-DI__View-Unionable__prospect_both_0_70_ec_av,380,5.571761430401604,3,75.28104909929051,estimated 61-feature build from representative benchmark + RF fit amortized by test pair; prediction time not separately logged; benchmark used hashed fallback embeddings locally
ChEMBL__Semantically-Joinable__assays_vertical_70_ac1_av,69.7092876688889,TPC-DI__View-Unionable__prospect_both_0_70_ec_av,380,5.768455646283129,2,75.47774331517203,estimated 61-feature build from representative benchmark + RF fit amortized by test pair; prediction time not separately logged; benchmark used hashed fallback embeddings locally
ChEMBL__View-Unionable__assays_both_0_70_ac3_av,69.7092876688889,TPC-DI__View-Unionable__prospect_both_0_70_ec_av,380,6.205850718171684,2,75.9151383870606,estimated 61-feature build from representative benchmark + RF fit amortized by test pair; prediction time not separately logged; benchmark used hashed fallback embeddings locally
ChEMBL__View-Unionable__assays_both_0_70_ac3_ev,69.7092876688889,TPC-DI__View-Unionable__prospect_both_0_70_ec_av,380,5.834418297165666,2,75.54370596605457,estimated 61-feature build from representative benchmark + RF fit amortized by test pair; prediction time not separately logged; benchmark used hashed fallback embeddings locally
ChEMBL__View-Unionable__assays_both_0_70_ac4_av,69.7092876688889,TPC-DI__View-Unionable__prospect_both_0_70_ec_av,380,12.894884620442308,1,82.60417228933122,estimated 61-feature build from representative benchmark + RF fit amortized by test pair; prediction time not separately logged; benchmark used hashed fallback embeddings locally
ChEMBL__View-Unionable__assays_both_0_70_ac5_av,69.7092876688889,TPC-DI__View-Unionable__prospect_both_0_70_ec_av,380,5.508741616552211,3,75.21802928544112,estimated 61-feature build from representative benchmark + RF fit amortized by test pair; prediction time not separately logged; benchmark used hashed fallback embeddings locally
ChEMBL__Semantically-Joinable__assays_vertical_70_ac4_av,69.7092876688889,TPC-DI__View-Unionable__prospect_both_0_70_ec_av,380,6.053068523804223,2,75.76235619269313,estimated 61-feature build from representative benchmark + RF fit amortized by test pair; prediction time not separately logged; benchmark used hashed fallback embeddings locally
ChEMBL__Semantically-Joinable__assays_vertical_70_ec_av,69.7092876688889,TPC-DI__View-Unionable__prospect_both_0_70_ec_av,380,12.894884620442308,1,82.60417228933122,estimated 61-feature build from representative benchmark + RF fit amortized by test pair; prediction time not separately logged; benchmark used hashed fallback embeddings locally
ChEMBL__Semantically-Joinable__assays_vertical_70_ac5_av,69.7092876688889,TPC-DI__View-Unionable__prospect_both_0_70_ec_av,380,5.768455646283129,2,75.47774331517203,estimated 61-feature build from representative benchmark + RF fit amortized by test pair; prediction time not separately logged; benchmark used hashed fallback embeddings locally
ChEMBL__View-Unionable__assays_both_0_70_ac1_ev,69.7092876688889,TPC-DI__View-Unionable__prospect_both_0_70_ec_av,380,5.42661401036749,1,75.13590167925639,estimated 61-feature build from representative benchmark + RF fit amortized by test pair; prediction time not separately logged; benchmark used hashed fallback embeddings locally
ChEMBL__View-Unionable__assays_both_0_70_ac2_av,69.7092876688889,TPC-DI__View-Unionable__prospect_both_0_70_ec_av,380,5.302493504503021,2,75.01178117339192,estimated 61-feature build from representative benchmark + RF fit amortized by test pair; prediction time not separately logged; benchmark used hashed fallback embeddings locally
ChEMBL__View-Unionable__assays_both_0_70_ac2_ev,69.7092876688889,TPC-DI__View-Unionable__prospect_both_0_70_ec_av,380,6.490463595692778,1,76.19975126458168,estimated 61-feature build from representative benchmark + RF fit amortized by test pair; prediction time not separately logged; benchmark used hashed fallback embeddings locally
ChEMBL__View-Unionable__assays_both_0_70_ac1_av,69.7092876688889,TPC-DI__View-Unionable__prospect_both_0_70_ec_av,380,5.39702322527711,2,75.10631089416601,estimated 61-feature build from representative benchmark + RF fit amortized by test pair; prediction time not separately logged; benchmark used hashed fallback embeddings locally
ChEMBL__View-Unionable__assays_both_0_70_ac4_ev,69.7092876688889,TPC-DI__View-Unionable__prospect_both_0_70_ec_av,380,5.754172111337352,4,75.46345978022626,estimated 61-feature build from representative benchmark + RF fit amortized by test pair; prediction time not separately logged; benchmark used hashed fallback embeddings locally
ChEMBL__Joinable__assays_vertical_70_ac1_ev,69.7092876688889,TPC-DI__View-Unionable__prospect_both_0_70_ec_av,380,12.894884620442308,1,82.60417228933122,estimated 61-feature build from representative benchmark + RF fit amortized by test pair; prediction time not separately logged; benchmark used hashed fallback embeddings locally
ChEMBL__Joinable__assays_vertical_70_ac2_ev,69.7092876688889,TPC-DI__View-Unionable__prospect_both_0_70_ec_av,380,12.894884620442308,1,82.60417228933122,estimated 61-feature build from representative benchmark + RF fit amortized by test pair; prediction time not separately logged; benchmark used hashed fallback embeddings locally
ChEMBL__Joinable__assays_vertical_70_ac3_ev,69.7092876688889,TPC-DI__View-Unionable__prospect_both_0_70_ec_av,380,5.726472379453016,5,75.43576004834192,estimated 61-feature build from representative benchmark + RF fit amortized by test pair; prediction time not separately logged; benchmark used hashed fallback embeddings locally
ChEMBL__Joinable__assays_vertical_70_ac4_ev,69.7092876688889,TPC-DI__View-Unionable__prospect_both_0_70_ec_av,380,6.205850718171684,2,75.9151383870606,estimated 61-feature build from representative benchmark + RF fit amortized by test pair; prediction time not separately logged; benchmark used hashed fallback embeddings locally
ChEMBL__Joinable__assays_vertical_70_ac5_ev,69.7092876688889,TPC-DI__View-Unionable__prospect_both_0_70_ec_av,380,12.894884620442308,1,82.60417228933122,estimated 61-feature build from representative benchmark + RF fit amortized by test pair; prediction time not separately logged; benchmark used hashed fallback embeddings locally
ChEMBL__Joinable__assays_vertical_70_ec_ev,69.7092876688889,TPC-DI__View-Unionable__prospect_both_0_70_ec_av,380,5.302493504503021,2,75.01178117339192,estimated 61-feature build from representative benchmark + RF fit amortized by test pair; prediction time not separately logged; benchmark used hashed fallback embeddings locally
ChEMBL__Semantically-Joinable__assays_both_50_70_ac1_av,69.7092876688889,TPC-DI__View-Unionable__prospect_both_0_70_ec_av,380,5.946105148903619,3,75.65539281779252,estimated 61-feature build from representative benchmark + RF fit amortized by test pair; prediction time not separately logged; benchmark used hashed fallback embeddings locally
ChEMBL__Joinable__assays_both_50_70_ec_ev,69.7092876688889,TPC-DI__View-Unionable__prospect_both_0_70_ec_av,380,5.726472379453016,5,75.43576004834192,estimated 61-feature build from representative benchmark + RF fit amortized by test pair; prediction time not separately logged; benchmark used hashed fallback embeddings locally
ChEMBL__Semantically-Joinable__assays_both_50_70_ac3_av,69.7092876688889,TPC-DI__View-Unionable__prospect_both_0_70_ec_av,380,5.42661401036749,1,75.13590167925639,estimated 61-feature build from representative benchmark + RF fit amortized by test pair; prediction time not separately logged; benchmark used hashed fallback embeddings locally
ChEMBL__Semantically-Joinable__assays_both_50_70_ac4_av,69.7092876688889,TPC-DI__View-Unionable__prospect_both_0_70_ec_av,380,5.768455646283129,2,75.47774331517203,estimated 61-feature build from representative benchmark + RF fit amortized by test pair; prediction time not separately logged; benchmark used hashed fallback embeddings locally
ChEMBL__Semantically-Joinable__assays_both_50_70_ac5_av,69.7092876688889,TPC-DI__View-Unionable__prospect_both_0_70_ec_av,380,12.894884620442308,1,82.60417228933122,estimated 61-feature build from representative benchmark + RF fit amortized by test pair; prediction time not separately logged; benchmark used hashed fallback embeddings locally
ChEMBL__Semantically-Joinable__assays_both_50_70_ac2_av,69.7092876688889,TPC-DI__View-Unionable__prospect_both_0_70_ec_av,380,5.67392592550904,2,75.38321359439794,estimated 61-feature build from representative benchmark + RF fit amortized by test pair; prediction time not separately logged; benchmark used hashed fallback embeddings locally
Wikidata__Musicians__Musicians_unionable,73.37819754619885,TPC-DI__View-Unionable__prospect_both_0_70_ec_av,400,5.834418297165666,2,79.21261584336452,estimated 61-feature build from representative benchmark + RF fit amortized by test pair; prediction time not separately logged; benchmark used hashed fallback embeddings locally
TPC-DI__Unionable__prospect_horizontal_100_ac5_av,126.26698530799996,TPC-DI__Unionable__prospect_horizontal_100_ac5_ev,484,5.178372998638553,1,131.44535830663852,estimated 61-feature build from representative benchmark + RF fit amortized by test pair; prediction time not separately logged; benchmark used hashed fallback embeddings locally
TPC-DI__Unionable__prospect_horizontal_100_ac5_ev,126.26698530799996,TPC-DI__Unionable__prospect_horizontal_100_ac5_ev,484,5.42661401036749,1,131.69359931836746,estimated 61-feature build from representative benchmark + RF fit amortized by test pair; prediction time not separately logged; benchmark used hashed fallback embeddings locally
TPC-DI__Unionable__prospect_horizontal_100_ec_av,126.26698530799996,TPC-DI__Unionable__prospect_horizontal_100_ac5_ev,484,5.42661401036749,1,131.69359931836746,estimated 61-feature build from representative benchmark + RF fit amortized by test pair; prediction time not separately logged; benchmark used hashed fallback embeddings locally
TPC-DI__Unionable__prospect_horizontal_0_ac4_ev,126.26698530799996,TPC-DI__Unionable__prospect_horizontal_100_ac5_ev,484,6.009124962753012,3,132.27611027075298,estimated 61-feature build from representative benchmark + RF fit amortized by test pair; prediction time not separately logged; benchmark used hashed fallback embeddings locally
TPC-DI__Unionable__prospect_horizontal_50_ac4_ev,126.26698530799996,TPC-DI__Unionable__prospect_horizontal_100_ac5_ev,484,5.39702322527711,2,131.66400853327707,estimated 61-feature build from representative benchmark + RF fit amortized by test pair; prediction time not separately logged; benchmark used hashed fallback embeddings locally
TPC-DI__Unionable__prospect_horizontal_50_ac5_ev,126.26698530799996,TPC-DI__Unionable__prospect_horizontal_100_ac5_ev,484,5.42661401036749,1,131.69359931836746,estimated 61-feature build from representative benchmark + RF fit amortized by test pair; prediction time not separately logged; benchmark used hashed fallback embeddings locally
TPC-DI__Unionable__prospect_horizontal_50_ac5_av,126.26698530799996,TPC-DI__Unionable__prospect_horizontal_100_ac5_ev,484,5.178372998638553,1,131.44535830663852,estimated 61-feature build from representative benchmark + RF fit amortized by test pair; prediction time not separately logged; benchmark used hashed fallback embeddings locally
TPC-DI__Unionable__prospect_horizontal_100_ac3_ev,126.26698530799996,TPC-DI__Unionable__prospect_horizontal_100_ac5_ev,484,12.894884620442308,1,139.16186992844226,estimated 61-feature build from representative benchmark + RF fit amortized by test pair; prediction time not separately logged; benchmark used hashed fallback embeddings locally
TPC-DI__Unionable__prospect_horizontal_100_ac3_av,126.26698530799996,TPC-DI__Unionable__prospect_horizontal_100_ac5_ev,484,12.894884620442308,1,139.16186992844226,estimated 61-feature build from representative benchmark + RF fit amortized by test pair; prediction time not separately logged; benchmark used hashed fallback embeddings locally
TPC-DI__Unionable__prospect_horizontal_100_ac2_ev,126.26698530799996,TPC-DI__Unionable__prospect_horizontal_100_ac5_ev,484,5.863358144993974,3,132.13034345299394,estimated 61-feature build from representative benchmark + RF fit amortized by test pair; prediction time not separately logged; benchmark used hashed fallback embeddings locally
TPC-DI__Unionable__prospect_horizontal_100_ac2_av,126.26698530799996,TPC-DI__Unionable__prospect_horizontal_100_ac5_ev,484,5.67392592550904,2,131.940911233509,estimated 61-feature build from representative benchmark + RF fit amortized by test pair; prediction time not separately logged; benchmark used hashed fallback embeddings locally
TPC-DI__Unionable__prospect_horizontal_100_ec_ev,126.26698530799996,TPC-DI__Unionable__prospect_horizontal_100_ac5_ev,484,12.894884620442308,1,139.16186992844226,estimated 61-feature build from representative benchmark + RF fit amortized by test pair; prediction time not separately logged; benchmark used hashed fallback embeddings locally
TPC-DI__Unionable__prospect_horizontal_0_ac2_av,126.26698530799996,TPC-DI__Unionable__prospect_horizontal_100_ac5_ev,484,5.768455646283129,2,132.03544095428308,estimated 61-feature build from representative benchmark + RF fit amortized by test pair; prediction time not separately logged; benchmark used hashed fallback embeddings locally
TPC-DI__Unionable__prospect_horizontal_0_ac2_ev,126.26698530799996,TPC-DI__Unionable__prospect_horizontal_100_ac5_ev,484,5.302493504503021,2,131.56947881250298,estimated 61-feature build from representative benchmark + RF fit amortized by test pair; prediction time not separately logged; benchmark used hashed fallback embeddings locally
TPC-DI__Unionable__prospect_horizontal_0_ac1_av,126.26698530799996,TPC-DI__Unionable__prospect_horizontal_100_ac5_ev,484,5.863358144993974,3,132.13034345299394,estimated 61-feature build from representative benchmark + RF fit amortized by test pair; prediction time not separately logged; benchmark used hashed fallback embeddings locally
TPC-DI__Unionable__prospect_horizontal_50_ac4_av,126.26698530799996,TPC-DI__Unionable__prospect_horizontal_100_ac5_ev,484,5.768455646283129,2,132.03544095428308,estimated 61-feature build from representative benchmark + RF fit amortized by test pair; prediction time not separately logged; benchmark used hashed fallback embeddings locally
TPC-DI__Unionable__prospect_horizontal_0_ac1_ev,126.26698530799996,TPC-DI__Unionable__prospect_horizontal_100_ac5_ev,484,6.053068523804223,2,132.3200538318042,estimated 61-feature build from representative benchmark + RF fit amortized by test pair; prediction time not separately logged; benchmark used hashed fallback embeddings locally
TPC-DI__Unionable__prospect_horizontal_100_ac4_av,126.26698530799996,TPC-DI__Unionable__prospect_horizontal_100_ac5_ev,484,5.615673451915668,1,131.8826587599156,estimated 61-feature build from representative benchmark + RF fit amortized by test pair; prediction time not separately logged; benchmark used hashed fallback embeddings locally
TPC-DI__Unionable__prospect_horizontal_50_ac1_av,126.26698530799996,TPC-DI__Unionable__prospect_horizontal_100_ac5_ev,484,5.615673451915668,1,131.8826587599156,estimated 61-feature build from representative benchmark + RF fit amortized by test pair; prediction time not separately logged; benchmark used hashed fallback embeddings locally
TPC-DI__Unionable__prospect_horizontal_50_ec_ev,126.26698530799996,TPC-DI__Unionable__prospect_horizontal_100_ac5_ev,484,6.490463595692778,1,132.75744890369273,estimated 61-feature build from representative benchmark + RF fit amortized by test pair; prediction time not separately logged; benchmark used hashed fallback embeddings locally
TPC-DI__Unionable__prospect_horizontal_50_ac3_ev,126.26698530799996,TPC-DI__Unionable__prospect_horizontal_100_ac5_ev,484,5.834418297165666,2,132.10140360516561,estimated 61-feature build from representative benchmark + RF fit amortized by test pair; prediction time not separately logged; benchmark used hashed fallback embeddings locally
TPC-DI__Unionable__prospect_horizontal_0_ac5_av,126.26698530799996,TPC-DI__Unionable__prospect_horizontal_100_ac5_ev,484,5.615673451915668,1,131.8826587599156,estimated 61-feature build from representative benchmark + RF fit amortized by test pair; prediction time not separately logged; benchmark used hashed fallback embeddings locally
TPC-DI__Unionable__prospect_horizontal_0_ac5_ev,126.26698530799996,TPC-DI__Unionable__prospect_horizontal_100_ac5_ev,484,5.946105148903619,3,132.2130904569036,estimated 61-feature build from representative benchmark + RF fit amortized by test pair; prediction time not separately logged; benchmark used hashed fallback embeddings locally
TPC-DI__Unionable__prospect_horizontal_100_ac4_ev,126.26698530799996,TPC-DI__Unionable__prospect_horizontal_100_ac5_ev,484,5.92123784065059,1,132.18822314865054,estimated 61-feature build from representative benchmark + RF fit amortized by test pair; prediction time not separately logged; benchmark used hashed fallback embeddings locally
TPC-DI__Unionable__prospect_horizontal_50_ac2_av,126.26698530799996,TPC-DI__Unionable__prospect_horizontal_100_ac5_ev,484,5.42661401036749,1,131.69359931836746,estimated 61-feature build from representative benchmark + RF fit amortized by test pair; prediction time not separately logged; benchmark used hashed fallback embeddings locally
TPC-DI__Unionable__prospect_horizontal_50_ac2_ev,126.26698530799996,TPC-DI__Unionable__prospect_horizontal_100_ac5_ev,484,5.67392592550904,2,131.940911233509,estimated 61-feature build from representative benchmark + RF fit amortized by test pair; prediction time not separately logged; benchmark used hashed fallback embeddings locally
TPC-DI__Unionable__prospect_horizontal_50_ac3_av,126.26698530799996,TPC-DI__Unionable__prospect_horizontal_100_ac5_ev,484,12.894884620442308,1,139.16186992844226,estimated 61-feature build from representative benchmark + RF fit amortized by test pair; prediction time not separately logged; benchmark used hashed fallback embeddings locally
TPC-DI__Unionable__prospect_horizontal_100_ac1_av,126.26698530799996,TPC-DI__Unionable__prospect_horizontal_100_ac5_ev,484,5.615673451915668,1,131.8826587599156,estimated 61-feature build from representative benchmark + RF fit amortized by test pair; prediction time not separately logged; benchmark used hashed fallback embeddings locally
TPC-DI__Unionable__prospect_horizontal_100_ac1_ev,126.26698530799996,TPC-DI__Unionable__prospect_horizontal_100_ac5_ev,484,6.490463595692778,1,132.75744890369273,estimated 61-feature build from representative benchmark + RF fit amortized by test pair; prediction time not separately logged; benchmark used hashed fallback embeddings locally
TPC-DI__Unionable__prospect_horizontal_0_ec_ev,126.26698530799996,TPC-DI__Unionable__prospect_horizontal_100_ac5_ev,484,5.302493504503021,2,131.56947881250298,estimated 61-feature build from representative benchmark + RF fit amortized by test pair; prediction time not separately logged; benchmark used hashed fallback embeddings locally
TPC-DI__Unionable__prospect_horizontal_0_ec_av,126.26698530799996,TPC-DI__Unionable__prospect_horizontal_100_ac5_ev,484,5.42661401036749,1,131.69359931836746,estimated 61-feature build from representative benchmark + RF fit amortized by test pair; prediction time not separately logged; benchmark used hashed fallback embeddings locally
TPC-DI__Unionable__prospect_horizontal_50_ec_av,126.26698530799996,TPC-DI__Unionable__prospect_horizontal_100_ac5_ev,484,6.490463595692778,1,132.75744890369273,estimated 61-feature build from representative benchmark + RF fit amortized by test pair; prediction time not separately logged; benchmark used hashed fallback embeddings locally
TPC-DI__Unionable__prospect_horizontal_0_ac3_ev,126.26698530799996,TPC-DI__Unionable__prospect_horizontal_100_ac5_ev,484,5.92123784065059,1,132.18822314865054,estimated 61-feature build from representative benchmark + RF fit amortized by test pair; prediction time not separately logged; benchmark used hashed fallback embeddings locally
TPC-DI__Unionable__prospect_horizontal_0_ac3_av,126.26698530799996,TPC-DI__Unionable__prospect_horizontal_100_ac5_ev,484,5.39702322527711,2,131.66400853327707,estimated 61-feature build from representative benchmark + RF fit amortized by test pair; prediction time not separately logged; benchmark used hashed fallback embeddings locally
TPC-DI__Unionable__prospect_horizontal_0_ac4_av,126.26698530799996,TPC-DI__Unionable__prospect_horizontal_100_ac5_ev,484,5.726472379453016,5,131.99345768745297,estimated 61-feature build from representative benchmark + RF fit amortized by test pair; prediction time not separately logged; benchmark used hashed fallback embeddings locally
TPC-DI__Unionable__prospect_horizontal_50_ac1_ev,126.26698530799996,TPC-DI__Unionable__prospect_horizontal_100_ac5_ev,484,5.834418297165666,2,132.10140360516561,estimated 61-feature build from representative benchmark + RF fit amortized by test pair; prediction time not separately logged; benchmark used hashed fallback embeddings locally
ChEMBL__Unionable__assays_horizontal_0_ec_av,110.08073037399996,ChEMBL__Unionable__assays_horizontal_0_ac1_av,529,5.521143731141579,2,115.60187410514153,estimated 61-feature build from representative benchmark + RF fit amortized by test pair; prediction time not separately logged; benchmark used hashed fallback embeddings locally
ChEMBL__Unionable__assays_horizontal_0_ac5_av,110.08073037399996,ChEMBL__Unionable__assays_horizontal_0_ac1_av,529,5.615673451915668,1,115.69640382591562,estimated 61-feature build from representative benchmark + RF fit amortized by test pair; prediction time not separately logged; benchmark used hashed fallback embeddings locally
ChEMBL__Unionable__assays_horizontal_0_ac5_ev,110.08073037399996,ChEMBL__Unionable__assays_horizontal_0_ac1_av,529,6.053068523804223,2,116.13379889780418,estimated 61-feature build from representative benchmark + RF fit amortized by test pair; prediction time not separately logged; benchmark used hashed fallback embeddings locally
ChEMBL__Unionable__assays_horizontal_0_ac1_av,110.08073037399996,ChEMBL__Unionable__assays_horizontal_0_ac1_av,529,5.178372998638553,1,115.2591033726385,estimated 61-feature build from representative benchmark + RF fit amortized by test pair; prediction time not separately logged; benchmark used hashed fallback embeddings locally
ChEMBL__Unionable__assays_horizontal_0_ac3_av,110.08073037399996,ChEMBL__Unionable__assays_horizontal_0_ac1_av,529,5.549805419644571,2,115.63053579364453,estimated 61-feature build from representative benchmark + RF fit amortized by test pair; prediction time not separately logged; benchmark used hashed fallback embeddings locally
ChEMBL__Unionable__assays_horizontal_0_ac3_ev,110.08073037399996,ChEMBL__Unionable__assays_horizontal_0_ac1_av,529,5.92123784065059,1,116.00196821465055,estimated 61-feature build from representative benchmark + RF fit amortized by test pair; prediction time not separately logged; benchmark used hashed fallback embeddings locally
ChEMBL__Unionable__assays_horizontal_0_ac4_av,110.08073037399996,ChEMBL__Unionable__assays_horizontal_0_ac1_av,529,12.894884620442308,1,122.97561499444227,estimated 61-feature build from representative benchmark + RF fit amortized by test pair; prediction time not separately logged; benchmark used hashed fallback embeddings locally
ChEMBL__Unionable__assays_horizontal_50_ac2_ev,110.08073037399996,ChEMBL__Unionable__assays_horizontal_0_ac1_av,529,12.894884620442308,1,122.97561499444227,estimated 61-feature build from representative benchmark + RF fit amortized by test pair; prediction time not separately logged; benchmark used hashed fallback embeddings locally
ChEMBL__Unionable__assays_horizontal_50_ac1_av,110.08073037399996,ChEMBL__Unionable__assays_horizontal_0_ac1_av,529,6.490463595692778,1,116.57119396969273,estimated 61-feature build from representative benchmark + RF fit amortized by test pair; prediction time not separately logged; benchmark used hashed fallback embeddings locally
ChEMBL__Unionable__assays_horizontal_50_ac1_ev,110.08073037399996,ChEMBL__Unionable__assays_horizontal_0_ac1_av,529,5.958538803030134,2,116.03926917703009,estimated 61-feature build from representative benchmark + RF fit amortized by test pair; prediction time not separately logged; benchmark used hashed fallback embeddings locally
ChEMBL__Unionable__assays_horizontal_100_ec_ev,110.08073037399996,ChEMBL__Unionable__assays_horizontal_0_ac1_av,529,5.863358144993974,3,115.94408851899394,estimated 61-feature build from representative benchmark + RF fit amortized by test pair; prediction time not separately logged; benchmark used hashed fallback embeddings locally
ChEMBL__Unionable__assays_horizontal_50_ac4_av,110.08073037399996,ChEMBL__Unionable__assays_horizontal_0_ac1_av,529,12.894884620442308,1,122.97561499444227,estimated 61-feature build from representative benchmark + RF fit amortized by test pair; prediction time not separately logged; benchmark used hashed fallback embeddings locally
ChEMBL__Unionable__assays_horizontal_50_ac3_ev,110.08073037399996,ChEMBL__Unionable__assays_horizontal_0_ac1_av,529,5.958538803030134,2,116.03926917703009,estimated 61-feature build from representative benchmark + RF fit amortized by test pair; prediction time not separately logged; benchmark used hashed fallback embeddings locally
ChEMBL__Unionable__assays_horizontal_50_ac3_av,110.08073037399996,ChEMBL__Unionable__assays_horizontal_0_ac1_av,529,5.834418297165666,2,115.91514867116562,estimated 61-feature build from representative benchmark + RF fit amortized by test pair; prediction time not separately logged; benchmark used hashed fallback embeddings locally
ChEMBL__Unionable__assays_horizontal_50_ac4_ev,110.08073037399996,ChEMBL__Unionable__assays_horizontal_0_ac1_av,529,5.92123784065059,1,116.00196821465055,estimated 61-feature build from representative benchmark + RF fit amortized by test pair; prediction time not separately logged; benchmark used hashed fallback embeddings locally
ChEMBL__Unionable__assays_horizontal_100_ac2_ev,110.08073037399996,ChEMBL__Unionable__assays_horizontal_0_ac1_av,529,5.844250352658645,3,115.9249807266586,estimated 61-feature build from representative benchmark + RF fit amortized by test pair; prediction time not separately logged; benchmark used hashed fallback embeddings locally
ChEMBL__Unionable__assays_horizontal_100_ec_av,110.08073037399996,ChEMBL__Unionable__assays_horizontal_0_ac1_av,529,12.894884620442308,1,122.97561499444227,estimated 61-feature build from representative benchmark + RF fit amortized by test pair; prediction time not separately logged; benchmark used hashed fallback embeddings locally
ChEMBL__Unionable__assays_horizontal_100_ac3_ev,110.08073037399996,ChEMBL__Unionable__assays_horizontal_0_ac1_av,529,5.42661401036749,1,115.50734438436744,estimated 61-feature build from representative benchmark + RF fit amortized by test pair; prediction time not separately logged; benchmark used hashed fallback embeddings locally
ChEMBL__Unionable__assays_horizontal_100_ac4_av,110.08073037399996,ChEMBL__Unionable__assays_horizontal_0_ac1_av,529,5.571761430401604,3,115.65249180440156,estimated 61-feature build from representative benchmark + RF fit amortized by test pair; prediction time not separately logged; benchmark used hashed fallback embeddings locally
ChEMBL__Unionable__assays_horizontal_0_ac2_ev,110.08073037399996,ChEMBL__Unionable__assays_horizontal_0_ac1_av,529,5.677781014153622,4,115.75851138815358,estimated 61-feature build from representative benchmark + RF fit amortized by test pair; prediction time not separately logged; benchmark used hashed fallback embeddings locally
ChEMBL__Unionable__assays_horizontal_0_ec_ev,110.08073037399996,ChEMBL__Unionable__assays_horizontal_0_ac1_av,529,5.178372998638553,1,115.2591033726385,estimated 61-feature build from representative benchmark + RF fit amortized by test pair; prediction time not separately logged; benchmark used hashed fallback embeddings locally
ChEMBL__Unionable__assays_horizontal_100_ac1_av,110.08073037399996,ChEMBL__Unionable__assays_horizontal_0_ac1_av,529,5.42661401036749,1,115.50734438436744,estimated 61-feature build from representative benchmark + RF fit amortized by test pair; prediction time not separately logged; benchmark used hashed fallback embeddings locally
ChEMBL__Unionable__assays_horizontal_0_ac4_ev,110.08073037399996,ChEMBL__Unionable__assays_horizontal_0_ac1_av,529,5.406886820307236,3,115.48761719430719,estimated 61-feature build from representative benchmark + RF fit amortized by test pair; prediction time not separately logged; benchmark used hashed fallback embeddings locally
ChEMBL__Unionable__assays_horizontal_100_ac5_av,110.08073037399996,ChEMBL__Unionable__assays_horizontal_0_ac1_av,529,5.92123784065059,1,116.00196821465055,estimated 61-feature build from representative benchmark + RF fit amortized by test pair; prediction time not separately logged; benchmark used hashed fallback embeddings locally
ChEMBL__Unionable__assays_horizontal_100_ac1_ev,110.08073037399996,ChEMBL__Unionable__assays_horizontal_0_ac1_av,529,6.053068523804223,2,116.13379889780418,estimated 61-feature build from representative benchmark + RF fit amortized by test pair; prediction time not separately logged; benchmark used hashed fallback embeddings locally
ChEMBL__Unionable__assays_horizontal_100_ac2_av,110.08073037399996,ChEMBL__Unionable__assays_horizontal_0_ac1_av,529,5.654508434311249,3,115.73523880831121,estimated 61-feature build from representative benchmark + RF fit amortized by test pair; prediction time not separately logged; benchmark used hashed fallback embeddings locally
ChEMBL__Unionable__assays_horizontal_100_ac4_ev,110.08073037399996,ChEMBL__Unionable__assays_horizontal_0_ac1_av,529,5.67392592550904,2,115.754656299509,estimated 61-feature build from representative benchmark + RF fit amortized by test pair; prediction time not separately logged; benchmark used hashed fallback embeddings locally
ChEMBL__Unionable__assays_horizontal_100_ac3_av,110.08073037399996,ChEMBL__Unionable__assays_horizontal_0_ac1_av,529,12.894884620442308,1,122.97561499444227,estimated 61-feature build from representative benchmark + RF fit amortized by test pair; prediction time not separately logged; benchmark used hashed fallback embeddings locally
ChEMBL__Unionable__assays_horizontal_100_ac5_ev,110.08073037399996,ChEMBL__Unionable__assays_horizontal_0_ac1_av,529,5.92123784065059,1,116.00196821465055,estimated 61-feature build from representative benchmark + RF fit amortized by test pair; prediction time not separately logged; benchmark used hashed fallback embeddings locally
ChEMBL__Unionable__assays_horizontal_0_ac1_ev,110.08073037399996,ChEMBL__Unionable__assays_horizontal_0_ac1_av,529,6.053068523804223,2,116.13379889780418,estimated 61-feature build from representative benchmark + RF fit amortized by test pair; prediction time not separately logged; benchmark used hashed fallback embeddings locally
ChEMBL__Unionable__assays_horizontal_0_ac2_av,110.08073037399996,ChEMBL__Unionable__assays_horizontal_0_ac1_av,529,5.178372998638553,1,115.2591033726385,estimated 61-feature build from representative benchmark + RF fit amortized by test pair; prediction time not separately logged; benchmark used hashed fallback embeddings locally
ChEMBL__Unionable__assays_horizontal_50_ac2_av,110.08073037399996,ChEMBL__Unionable__assays_horizontal_0_ac1_av,529,5.768455646283129,2,115.84918602028308,estimated 61-feature build from representative benchmark + RF fit amortized by test pair; prediction time not separately logged; benchmark used hashed fallback embeddings locally
ChEMBL__Unionable__assays_horizontal_50_ac5_av,110.08073037399996,ChEMBL__Unionable__assays_horizontal_0_ac1_av,529,5.178372998638553,1,115.2591033726385,estimated 61-feature build from representative benchmark + RF fit amortized by test pair; prediction time not separately logged; benchmark used hashed fallback embeddings locally
ChEMBL__Unionable__assays_horizontal_50_ac5_ev,110.08073037399996,ChEMBL__Unionable__assays_horizontal_0_ac1_av,529,5.754172111337352,4,115.83490248533731,estimated 61-feature build from representative benchmark + RF fit amortized by test pair; prediction time not separately logged; benchmark used hashed fallback embeddings locally
ChEMBL__Unionable__assays_horizontal_50_ec_ev,110.08073037399996,ChEMBL__Unionable__assays_horizontal_0_ac1_av,529,12.894884620442308,1,122.97561499444227,estimated 61-feature build from representative benchmark + RF fit amortized by test pair; prediction time not separately logged; benchmark used hashed fallback embeddings locally
ChEMBL__Unionable__assays_horizontal_50_ec_av,110.08073037399996,ChEMBL__Unionable__assays_horizontal_0_ac1_av,529,12.894884620442308,1,122.97561499444227,estimated 61-feature build from representative benchmark + RF fit amortized by test pair; prediction time not separately logged; benchmark used hashed fallback embeddings locally
OpenData__Semantically-Joinable__miller2_both_50_1_ac4_av,140.6702717066616,ChEMBL__Unionable__assays_horizontal_0_ac1_av,676,5.834418297165666,2,146.50469000382725,estimated 61-feature build from representative benchmark + RF fit amortized by test pair; prediction time not separately logged; benchmark used hashed fallback embeddings locally
OpenData__Semantically-Joinable__miller2_both_50_1_ac3_av,140.6702717066616,ChEMBL__Unionable__assays_horizontal_0_ac1_av,676,6.490463595692778,1,147.16073530235437,estimated 61-feature build from representative benchmark + RF fit amortized by test pair; prediction time not separately logged; benchmark used hashed fallback embeddings locally
OpenData__Semantically-Joinable__miller2_vertical_1_ac3_av,140.6702717066616,ChEMBL__Unionable__assays_horizontal_0_ac1_av,676,5.92123784065059,1,146.59150954731217,estimated 61-feature build from representative benchmark + RF fit amortized by test pair; prediction time not separately logged; benchmark used hashed fallback embeddings locally
OpenData__Semantically-Joinable__miller2_vertical_1_ac1_av,140.6702717066616,ChEMBL__Unionable__assays_horizontal_0_ac1_av,676,6.490463595692778,1,147.16073530235437,estimated 61-feature build from representative benchmark + RF fit amortized by test pair; prediction time not separately logged; benchmark used hashed fallback embeddings locally
OpenData__Semantically-Joinable__miller2_both_50_1_ac5_av,140.6702717066616,ChEMBL__Unionable__assays_horizontal_0_ac1_av,676,5.508741616552211,3,146.1790133232138,estimated 61-feature build from representative benchmark + RF fit amortized by test pair; prediction time not separately logged; benchmark used hashed fallback embeddings locally
OpenData__Semantically-Joinable__miller2_vertical_1_ac2_av,140.6702717066616,ChEMBL__Unionable__assays_horizontal_0_ac1_av,676,5.615673451915668,1,146.28594515857725,estimated 61-feature build from representative benchmark + RF fit amortized by test pair; prediction time not separately logged; benchmark used hashed fallback embeddings locally
OpenData__Semantically-Joinable__miller2_both_50_1_ec_av,140.6702717066616,ChEMBL__Unionable__assays_horizontal_0_ac1_av,676,5.39702322527711,2,146.0672949319387,estimated 61-feature build from representative benchmark + RF fit amortized by test pair; prediction time not separately logged; benchmark used hashed fallback embeddings locally
OpenData__Semantically-Joinable__miller2_vertical_1_ac4_av,140.6702717066616,ChEMBL__Unionable__assays_horizontal_0_ac1_av,676,5.834418297165666,2,146.50469000382725,estimated 61-feature build from representative benchmark + RF fit amortized by test pair; prediction time not separately logged; benchmark used hashed fallback embeddings locally
OpenData__Semantically-Joinable__miller2_both_50_1_ac1_av,140.6702717066616,ChEMBL__Unionable__assays_horizontal_0_ac1_av,676,5.302493504503021,2,145.9727652111646,estimated 61-feature build from representative benchmark + RF fit amortized by test pair; prediction time not separately logged; benchmark used hashed fallback embeddings locally
OpenData__Semantically-Joinable__miller2_vertical_1_ec_av,140.6702717066616,ChEMBL__Unionable__assays_horizontal_0_ac1_av,676,6.490463595692778,1,147.16073530235437,estimated 61-feature build from representative benchmark + RF fit amortized by test pair; prediction time not separately logged; benchmark used hashed fallback embeddings locally
OpenData__Semantically-Joinable__miller2_both_50_1_ac2_av,140.6702717066616,ChEMBL__Unionable__assays_horizontal_0_ac1_av,676,12.894884620442308,1,153.5651563271039,estimated 61-feature build from representative benchmark + RF fit amortized by test pair; prediction time not separately logged; benchmark used hashed fallback embeddings locally
OpenData__View -Unionable__miller2_both_0_1_ac3_ev,140.6702717066616,ChEMBL__Unionable__assays_horizontal_0_ac1_av,676,5.92123784065059,1,146.59150954731217,estimated 61-feature build from representative benchmark + RF fit amortized by test pair; prediction time not separately logged; benchmark used hashed fallback embeddings locally
OpenData__View -Unionable__miller2_both_0_1_ac4_av,140.6702717066616,ChEMBL__Unionable__assays_horizontal_0_ac1_av,676,5.768455646283129,2,146.4387273529447,estimated 61-feature build from representative benchmark + RF fit amortized by test pair; prediction time not separately logged; benchmark used hashed fallback embeddings locally
OpenData__View -Unionable__miller2_both_0_1_ac4_ev,140.6702717066616,ChEMBL__Unionable__assays_horizontal_0_ac1_av,676,6.205850718171684,2,146.87612242483328,estimated 61-feature build from representative benchmark + RF fit amortized by test pair; prediction time not separately logged; benchmark used hashed fallback embeddings locally
OpenData__Semantically-Joinable__miller2_vertical_1_ac5_av,140.6702717066616,ChEMBL__Unionable__assays_horizontal_0_ac1_av,676,12.894884620442308,1,153.5651563271039,estimated 61-feature build from representative benchmark + RF fit amortized by test pair; prediction time not separately logged; benchmark used hashed fallback embeddings locally
OpenData__Joinable__miller2_both_50_1_ac4_ev,140.6702717066616,ChEMBL__Unionable__assays_horizontal_0_ac1_av,676,6.490463595692778,1,147.16073530235437,estimated 61-feature build from representative benchmark + RF fit amortized by test pair; prediction time not separately logged; benchmark used hashed fallback embeddings locally
OpenData__Joinable__miller2_both_50_1_ac5_ev,140.6702717066616,ChEMBL__Unionable__assays_horizontal_0_ac1_av,676,12.894884620442308,1,153.5651563271039,estimated 61-feature build from representative benchmark + RF fit amortized by test pair; prediction time not separately logged; benchmark used hashed fallback embeddings locally
OpenData__Joinable__miller2_both_50_1_ec_ev,140.6702717066616,ChEMBL__Unionable__assays_horizontal_0_ac1_av,676,5.92123784065059,1,146.59150954731217,estimated 61-feature build from representative benchmark + RF fit amortized by test pair; prediction time not separately logged; benchmark used hashed fallback embeddings locally
OpenData__View -Unionable__miller2_both_0_1_ac1_av,140.6702717066616,ChEMBL__Unionable__assays_horizontal_0_ac1_av,676,6.490463595692778,1,147.16073530235437,estimated 61-feature build from representative benchmark + RF fit amortized by test pair; prediction time not separately logged; benchmark used hashed fallback embeddings locally
OpenData__View -Unionable__miller2_both_0_1_ac5_ev,140.6702717066616,ChEMBL__Unionable__assays_horizontal_0_ac1_av,676,5.92123784065059,1,146.59150954731217,estimated 61-feature build from representative benchmark + RF fit amortized by test pair; prediction time not separately logged; benchmark used hashed fallback embeddings locally
OpenData__View -Unionable__miller2_both_0_1_ec_av,140.6702717066616,ChEMBL__Unionable__assays_horizontal_0_ac1_av,676,12.894884620442308,1,153.5651563271039,estimated 61-feature build from representative benchmark + RF fit amortized by test pair; prediction time not separately logged; benchmark used hashed fallback embeddings locally
OpenData__View -Unionable__miller2_both_0_1_ec_ev,140.6702717066616,ChEMBL__Unionable__assays_horizontal_0_ac1_av,676,12.894884620442308,1,153.5651563271039,estimated 61-feature build from representative benchmark + RF fit amortized by test pair; prediction time not separately logged; benchmark used hashed fallback embeddings locally
OpenData__View -Unionable__miller2_both_0_1_ac3_av,140.6702717066616,ChEMBL__Unionable__assays_horizontal_0_ac1_av,676,5.39702322527711,2,146.0672949319387,estimated 61-feature build from representative benchmark + RF fit amortized by test pair; prediction time not separately logged; benchmark used hashed fallback embeddings locally
OpenData__View -Unionable__miller2_both_0_1_ac1_ev,140.6702717066616,ChEMBL__Unionable__assays_horizontal_0_ac1_av,676,5.863497224656632,4,146.53376893131824,estimated 61-feature build from representative benchmark + RF fit amortized by test pair; prediction time not separately logged; benchmark used hashed fallback embeddings locally
OpenData__View -Unionable__miller2_both_0_1_ac2_av,140.6702717066616,ChEMBL__Unionable__assays_horizontal_0_ac1_av,676,5.42661401036749,1,146.0968857170291,estimated 61-feature build from representative benchmark + RF fit amortized by test pair; prediction time not separately logged; benchmark used hashed fallback embeddings locally
OpenData__View -Unionable__miller2_both_0_1_ac2_ev,140.6702717066616,ChEMBL__Unionable__assays_horizontal_0_ac1_av,676,5.406886820307236,3,146.07715852696884,estimated 61-feature build from representative benchmark + RF fit amortized by test pair; prediction time not separately logged; benchmark used hashed fallback embeddings locally
OpenData__View -Unionable__miller2_both_0_1_ac5_av,140.6702717066616,ChEMBL__Unionable__assays_horizontal_0_ac1_av,676,5.844250352658645,3,146.51452205932023,estimated 61-feature build from representative benchmark + RF fit amortized by test pair; prediction time not separately logged; benchmark used hashed fallback embeddings locally
OpenData__Joinable__miller2_both_50_1_ac1_ev,140.6702717066616,ChEMBL__Unionable__assays_horizontal_0_ac1_av,676,5.302493504503021,2,145.9727652111646,estimated 61-feature build from representative benchmark + RF fit amortized by test pair; prediction time not separately logged; benchmark used hashed fallback embeddings locally
OpenData__Joinable__miller2_both_50_1_ac3_ev,140.6702717066616,ChEMBL__Unionable__assays_horizontal_0_ac1_av,676,5.302493504503021,2,145.9727652111646,estimated 61-feature build from representative benchmark + RF fit amortized by test pair; prediction time not separately logged; benchmark used hashed fallback embeddings locally
OpenData__Joinable__miller2_vertical_1_ac5_ev,140.6702717066616,ChEMBL__Unionable__assays_horizontal_0_ac1_av,676,5.768455646283129,2,146.4387273529447,estimated 61-feature build from representative benchmark + RF fit amortized by test pair; prediction time not separately logged; benchmark used hashed fallback embeddings locally
OpenData__Joinable__miller2_vertical_1_ec_ev,140.6702717066616,ChEMBL__Unionable__assays_horizontal_0_ac1_av,676,5.521143731141579,2,146.1914154378032,estimated 61-feature build from representative benchmark + RF fit amortized by test pair; prediction time not separately logged; benchmark used hashed fallback embeddings locally
OpenData__Joinable__miller2_vertical_1_ac4_ev,140.6702717066616,ChEMBL__Unionable__assays_horizontal_0_ac1_av,676,5.178372998638553,1,145.84864470530016,estimated 61-feature build from representative benchmark + RF fit amortized by test pair; prediction time not separately logged; benchmark used hashed fallback embeddings locally
OpenData__Joinable__miller2_vertical_1_ac3_ev,140.6702717066616,ChEMBL__Unionable__assays_horizontal_0_ac1_av,676,5.42661401036749,1,146.0968857170291,estimated 61-feature build from representative benchmark + RF fit amortized by test pair; prediction time not separately logged; benchmark used hashed fallback embeddings locally
OpenData__Joinable__miller2_vertical_1_ac2_ev,140.6702717066616,ChEMBL__Unionable__assays_horizontal_0_ac1_av,676,5.521143731141579,2,146.1914154378032,estimated 61-feature build from representative benchmark + RF fit amortized by test pair; prediction time not separately logged; benchmark used hashed fallback embeddings locally
OpenData__Joinable__miller2_vertical_1_ac1_ev,140.6702717066616,ChEMBL__Unionable__assays_horizontal_0_ac1_av,676,6.490463595692778,1,147.16073530235437,estimated 61-feature build from representative benchmark + RF fit amortized by test pair; prediction time not separately logged; benchmark used hashed fallback embeddings locally
OpenData__Joinable__miller2_both_50_1_ac2_ev,140.6702717066616,ChEMBL__Unionable__assays_horizontal_0_ac1_av,676,5.761503348749,3,146.43177505541058,estimated 61-feature build from representative benchmark + RF fit amortized by test pair; prediction time not separately logged; benchmark used hashed fallback embeddings locally
OpenData__Semantically-Joinable__miller2_both_50_30_ac4_av,173.96815374099998,OpenData__Joinable__miller2_vertical_30_ac1_ev,1089,5.42661401036749,1,179.39476775136748,estimated 61-feature build from representative benchmark + RF fit amortized by test pair; prediction time not separately logged; benchmark used hashed fallback embeddings locally
OpenData__Semantically-Joinable__miller2_both_50_30_ac5_av,173.96815374099998,OpenData__Joinable__miller2_vertical_30_ac1_ev,1089,6.009124962753012,3,179.977278703753,estimated 61-feature build from representative benchmark + RF fit amortized by test pair; prediction time not separately logged; benchmark used hashed fallback embeddings locally
OpenData__Semantically-Joinable__miller2_both_50_30_ec_av,173.96815374099998,OpenData__Joinable__miller2_vertical_30_ac1_ev,1089,5.39702322527711,2,179.3651769662771,estimated 61-feature build from representative benchmark + RF fit amortized by test pair; prediction time not separately logged; benchmark used hashed fallback embeddings locally
OpenData__Joinable__miller2_vertical_30_ac1_ev,173.96815374099998,OpenData__Joinable__miller2_vertical_30_ac1_ev,1089,6.490463595692778,1,180.45861733669275,estimated 61-feature build from representative benchmark + RF fit amortized by test pair; prediction time not separately logged; benchmark used hashed fallback embeddings locally
OpenData__Joinable__miller2_vertical_30_ac3_ev,173.96815374099998,OpenData__Joinable__miller2_vertical_30_ac1_ev,1089,5.535474575393075,4,179.50362831639305,estimated 61-feature build from representative benchmark + RF fit amortized by test pair; prediction time not separately logged; benchmark used hashed fallback embeddings locally
OpenData__Joinable__miller2_vertical_30_ac2_ev,173.96815374099998,OpenData__Joinable__miller2_vertical_30_ac1_ev,1089,5.698483534899606,3,179.66663727589957,estimated 61-feature build from representative benchmark + RF fit amortized by test pair; prediction time not separately logged; benchmark used hashed fallback embeddings locally
OpenData__Joinable__miller2_both_50_30_ac2_ev,173.96815374099998,OpenData__Joinable__miller2_vertical_30_ac1_ev,1089,12.894884620442308,1,186.86303836144228,estimated 61-feature build from representative benchmark + RF fit amortized by test pair; prediction time not separately logged; benchmark used hashed fallback embeddings locally
OpenData__Joinable__miller2_both_50_30_ac3_ev,173.96815374099998,OpenData__Joinable__miller2_vertical_30_ac1_ev,1089,6.490463595692778,1,180.45861733669275,estimated 61-feature build from representative benchmark + RF fit amortized by test pair; prediction time not separately logged; benchmark used hashed fallback embeddings locally
OpenData__Joinable__miller2_both_50_30_ac5_ev,173.96815374099998,OpenData__Joinable__miller2_vertical_30_ac1_ev,1089,6.490463595692778,1,180.45861733669275,estimated 61-feature build from representative benchmark + RF fit amortized by test pair; prediction time not separately logged; benchmark used hashed fallback embeddings locally
OpenData__Joinable__miller2_both_50_30_ac4_ev,173.96815374099998,OpenData__Joinable__miller2_vertical_30_ac1_ev,1089,12.894884620442308,1,186.86303836144228,estimated 61-feature build from representative benchmark + RF fit amortized by test pair; prediction time not separately logged; benchmark used hashed fallback embeddings locally
OpenData__Joinable__miller2_both_50_30_ec_ev,173.96815374099998,OpenData__Joinable__miller2_vertical_30_ac1_ev,1089,5.571761430401604,3,179.5399151714016,estimated 61-feature build from representative benchmark + RF fit amortized by test pair; prediction time not separately logged; benchmark used hashed fallback embeddings locally
OpenData__Joinable__miller2_vertical_30_ac4_ev,173.96815374099998,OpenData__Joinable__miller2_vertical_30_ac1_ev,1089,5.92123784065059,1,179.88939158165056,estimated 61-feature build from representative benchmark + RF fit amortized by test pair; prediction time not separately logged; benchmark used hashed fallback embeddings locally
OpenData__Joinable__miller2_vertical_30_ac5_ev,173.96815374099998,OpenData__Joinable__miller2_vertical_30_ac1_ev,1089,6.053068523804223,2,180.0212222648042,estimated 61-feature build from representative benchmark + RF fit amortized by test pair; prediction time not separately logged; benchmark used hashed fallback embeddings locally
OpenData__Joinable__miller2_vertical_30_ec_ev,173.96815374099998,OpenData__Joinable__miller2_vertical_30_ac1_ev,1089,5.958538803030134,2,179.92669254403012,estimated 61-feature build from representative benchmark + RF fit amortized by test pair; prediction time not separately logged; benchmark used hashed fallback embeddings locally
OpenData__View -Unionable__miller2_both_0_30_ac2_ev,173.96815374099998,OpenData__Joinable__miller2_vertical_30_ac1_ev,1089,5.615673451915668,1,179.58382719291563,estimated 61-feature build from representative benchmark + RF fit amortized by test pair; prediction time not separately logged; benchmark used hashed fallback embeddings locally
OpenData__Joinable__miller2_both_50_30_ac1_ev,173.96815374099998,OpenData__Joinable__miller2_vertical_30_ac1_ev,1089,5.768455646283129,2,179.7366093872831,estimated 61-feature build from representative benchmark + RF fit amortized by test pair; prediction time not separately logged; benchmark used hashed fallback embeddings locally
OpenData__View -Unionable__miller2_both_0_30_ac1_av,173.96815374099998,OpenData__Joinable__miller2_vertical_30_ac1_ev,1089,6.490463595692778,1,180.45861733669275,estimated 61-feature build from representative benchmark + RF fit amortized by test pair; prediction time not separately logged; benchmark used hashed fallback embeddings locally
OpenData__View -Unionable__miller2_both_0_30_ac2_av,173.96815374099998,OpenData__Joinable__miller2_vertical_30_ac1_ev,1089,6.205850718171684,2,180.17400445917167,estimated 61-feature build from representative benchmark + RF fit amortized by test pair; prediction time not separately logged; benchmark used hashed fallback embeddings locally
OpenData__View -Unionable__miller2_both_0_30_ac1_ev,173.96815374099998,OpenData__Joinable__miller2_vertical_30_ac1_ev,1089,5.768455646283129,2,179.7366093872831,estimated 61-feature build from representative benchmark + RF fit amortized by test pair; prediction time not separately logged; benchmark used hashed fallback embeddings locally
OpenData__View -Unionable__miller2_both_0_30_ac3_av,173.96815374099998,OpenData__Joinable__miller2_vertical_30_ac1_ev,1089,5.549805419644571,2,179.51795916064455,estimated 61-feature build from representative benchmark + RF fit amortized by test pair; prediction time not separately logged; benchmark used hashed fallback embeddings locally
OpenData__Semantically-Joinable__miller2_vertical_30_ac5_av,173.96815374099998,OpenData__Joinable__miller2_vertical_30_ac1_ev,1089,5.92123784065059,1,179.88939158165056,estimated 61-feature build from representative benchmark + RF fit amortized by test pair; prediction time not separately logged; benchmark used hashed fallback embeddings locally
OpenData__Semantically-Joinable__miller2_vertical_30_ac2_av,173.96815374099998,OpenData__Joinable__miller2_vertical_30_ac1_ev,1089,5.302493504503021,2,179.270647245503,estimated 61-feature build from representative benchmark + RF fit amortized by test pair; prediction time not separately logged; benchmark used hashed fallback embeddings locally
OpenData__Semantically-Joinable__miller2_vertical_30_ac3_av,173.96815374099998,OpenData__Joinable__miller2_vertical_30_ac1_ev,1089,5.92123784065059,1,179.88939158165056,estimated 61-feature build from representative benchmark + RF fit amortized by test pair; prediction time not separately logged; benchmark used hashed fallback embeddings locally
OpenData__Semantically-Joinable__miller2_vertical_30_ec_av,173.96815374099998,OpenData__Joinable__miller2_vertical_30_ac1_ev,1089,12.894884620442308,1,186.86303836144228,estimated 61-feature build from representative benchmark + RF fit amortized by test pair; prediction time not separately logged; benchmark used hashed fallback embeddings locally
OpenData__Semantically-Joinable__miller2_vertical_30_ac1_av,173.96815374099998,OpenData__Joinable__miller2_vertical_30_ac1_ev,1089,5.615673451915668,1,179.58382719291563,estimated 61-feature build from representative benchmark + RF fit amortized by test pair; prediction time not separately logged; benchmark used hashed fallback embeddings locally
OpenData__View -Unionable__miller2_both_0_30_ec_ev,173.96815374099998,OpenData__Joinable__miller2_vertical_30_ac1_ev,1089,5.92123784065059,1,179.88939158165056,estimated 61-feature build from representative benchmark + RF fit amortized by test pair; prediction time not separately logged; benchmark used hashed fallback embeddings locally
OpenData__View -Unionable__miller2_both_0_30_ec_av,173.96815374099998,OpenData__Joinable__miller2_vertical_30_ac1_ev,1089,5.92123784065059,1,179.88939158165056,estimated 61-feature build from representative benchmark + RF fit amortized by test pair; prediction time not separately logged; benchmark used hashed fallback embeddings locally
OpenData__View -Unionable__miller2_both_0_30_ac5_ev,173.96815374099998,OpenData__Joinable__miller2_vertical_30_ac1_ev,1089,12.894884620442308,1,186.86303836144228,estimated 61-feature build from representative benchmark + RF fit amortized by test pair; prediction time not separately logged; benchmark used hashed fallback embeddings locally
OpenData__View -Unionable__miller2_both_0_30_ac5_av,173.96815374099998,OpenData__Joinable__miller2_vertical_30_ac1_ev,1089,5.178372998638553,1,179.14652673963855,estimated 61-feature build from representative benchmark + RF fit amortized by test pair; prediction time not separately logged; benchmark used hashed fallback embeddings locally
OpenData__View -Unionable__miller2_both_0_30_ac4_ev,173.96815374099998,OpenData__Joinable__miller2_vertical_30_ac1_ev,1089,12.894884620442308,1,186.86303836144228,estimated 61-feature build from representative benchmark + RF fit amortized by test pair; prediction time not separately logged; benchmark used hashed fallback embeddings locally
OpenData__View -Unionable__miller2_both_0_30_ac4_av,173.96815374099998,OpenData__Joinable__miller2_vertical_30_ac1_ev,1089,5.406886820307236,3,179.37504056130723,estimated 61-feature build from representative benchmark + RF fit amortized by test pair; prediction time not separately logged; benchmark used hashed fallback embeddings locally
OpenData__View -Unionable__miller2_both_0_30_ac3_ev,173.96815374099998,OpenData__Joinable__miller2_vertical_30_ac1_ev,1089,12.894884620442308,1,186.86303836144228,estimated 61-feature build from representative benchmark + RF fit amortized by test pair; prediction time not separately logged; benchmark used hashed fallback embeddings locally
OpenData__Semantically-Joinable__miller2_vertical_30_ac4_av,173.96815374099998,OpenData__Joinable__miller2_vertical_30_ac1_ev,1089,5.67392592550904,2,179.64207966650903,estimated 61-feature build from representative benchmark + RF fit amortized by test pair; prediction time not separately logged; benchmark used hashed fallback embeddings locally
OpenData__Semantically-Joinable__miller2_both_50_30_ac2_av,173.96815374099998,OpenData__Joinable__miller2_vertical_30_ac1_ev,1089,6.053068523804223,2,180.0212222648042,estimated 61-feature build from representative benchmark + RF fit amortized by test pair; prediction time not separately logged; benchmark used hashed fallback embeddings locally
OpenData__Semantically-Joinable__miller2_both_50_30_ac1_av,173.96815374099998,OpenData__Joinable__miller2_vertical_30_ac1_ev,1089,6.490463595692778,1,180.45861733669275,estimated 61-feature build from representative benchmark + RF fit amortized by test pair; prediction time not separately logged; benchmark used hashed fallback embeddings locally
OpenData__Semantically-Joinable__miller2_both_50_30_ac3_av,173.96815374099998,OpenData__Joinable__miller2_vertical_30_ac1_ev,1089,5.92123784065059,1,179.88939158165056,estimated 61-feature build from representative benchmark + RF fit amortized by test pair; prediction time not separately logged; benchmark used hashed fallback embeddings locally
OpenData__View -Unionable__miller2_both_0_50_ac1_ev,230.67953535537555,OpenData__Joinable__miller2_vertical_30_ac1_ev,1444,5.615673451915668,1,236.2952088072912,estimated 61-feature build from representative benchmark + RF fit amortized by test pair; prediction time not separately logged; benchmark used hashed fallback embeddings locally
OpenData__View -Unionable__miller2_both_0_50_ec_av,230.67953535537555,OpenData__Joinable__miller2_vertical_30_ac1_ev,1444,5.178372998638553,1,235.8579083540141,estimated 61-feature build from representative benchmark + RF fit amortized by test pair; prediction time not separately logged; benchmark used hashed fallback embeddings locally
OpenData__View -Unionable__miller2_both_0_50_ac3_ev,230.67953535537555,OpenData__Joinable__miller2_vertical_30_ac1_ev,1444,5.39702322527711,2,236.07655858065266,estimated 61-feature build from representative benchmark + RF fit amortized by test pair; prediction time not separately logged; benchmark used hashed fallback embeddings locally
OpenData__View -Unionable__miller2_both_0_50_ac5_ev,230.67953535537555,OpenData__Joinable__miller2_vertical_30_ac1_ev,1444,5.754172111337352,4,236.4337074667129,estimated 61-feature build from representative benchmark + RF fit amortized by test pair; prediction time not separately logged; benchmark used hashed fallback embeddings locally
OpenData__View -Unionable__miller2_both_0_50_ac4_av,230.67953535537555,OpenData__Joinable__miller2_vertical_30_ac1_ev,1444,5.42661401036749,1,236.10614936574305,estimated 61-feature build from representative benchmark + RF fit amortized by test pair; prediction time not separately logged; benchmark used hashed fallback embeddings locally
OpenData__View -Unionable__miller2_both_0_50_ac4_ev,230.67953535537555,OpenData__Joinable__miller2_vertical_30_ac1_ev,1444,6.490463595692778,1,237.16999895106832,estimated 61-feature build from representative benchmark + RF fit amortized by test pair; prediction time not separately logged; benchmark used hashed fallback embeddings locally
OpenData__View -Unionable__miller2_both_0_50_ec_ev,230.67953535537555,OpenData__Joinable__miller2_vertical_30_ac1_ev,1444,5.615673451915668,1,236.2952088072912,estimated 61-feature build from representative benchmark + RF fit amortized by test pair; prediction time not separately logged; benchmark used hashed fallback embeddings locally
OpenData__View -Unionable__miller2_both_0_50_ac5_av,230.67953535537555,OpenData__Joinable__miller2_vertical_30_ac1_ev,1444,5.698483534899606,3,236.37801889027514,estimated 61-feature build from representative benchmark + RF fit amortized by test pair; prediction time not separately logged; benchmark used hashed fallback embeddings locally
OpenData__Semantically-Joinable__miller2_both_50_50_ac1_av,230.67953535537555,OpenData__Joinable__miller2_vertical_30_ac1_ev,1444,5.698483534899606,3,236.37801889027514,estimated 61-feature build from representative benchmark + RF fit amortized by test pair; prediction time not separately logged; benchmark used hashed fallback embeddings locally
OpenData__View -Unionable__miller2_both_0_50_ac1_av,230.67953535537555,OpenData__Joinable__miller2_vertical_30_ac1_ev,1444,6.490463595692778,1,237.16999895106832,estimated 61-feature build from representative benchmark + RF fit amortized by test pair; prediction time not separately logged; benchmark used hashed fallback embeddings locally
OpenData__View -Unionable__miller2_both_0_50_ac2_ev,230.67953535537555,OpenData__Joinable__miller2_vertical_30_ac1_ev,1444,5.178372998638553,1,235.8579083540141,estimated 61-feature build from representative benchmark + RF fit amortized by test pair; prediction time not separately logged; benchmark used hashed fallback embeddings locally
OpenData__View -Unionable__miller2_both_0_50_ac2_av,230.67953535537555,OpenData__Joinable__miller2_vertical_30_ac1_ev,1444,5.726472379453016,5,236.40600773482856,estimated 61-feature build from representative benchmark + RF fit amortized by test pair; prediction time not separately logged; benchmark used hashed fallback embeddings locally
OpenData__Semantically-Joinable__miller2_vertical_50_ac3_av,230.67953535537555,OpenData__Joinable__miller2_vertical_30_ac1_ev,1444,5.549805419644571,2,236.22934077502012,estimated 61-feature build from representative benchmark + RF fit amortized by test pair; prediction time not separately logged; benchmark used hashed fallback embeddings locally
OpenData__Semantically-Joinable__miller2_vertical_50_ac2_av,230.67953535537555,OpenData__Joinable__miller2_vertical_30_ac1_ev,1444,5.958538803030134,2,236.6380741584057,estimated 61-feature build from representative benchmark + RF fit amortized by test pair; prediction time not separately logged; benchmark used hashed fallback embeddings locally
OpenData__Semantically-Joinable__miller2_both_50_50_ac2_av,230.67953535537555,OpenData__Joinable__miller2_vertical_30_ac1_ev,1444,5.178372998638553,1,235.8579083540141,estimated 61-feature build from representative benchmark + RF fit amortized by test pair; prediction time not separately logged; benchmark used hashed fallback embeddings locally
OpenData__View -Unionable__miller2_both_0_50_ac3_av,230.67953535537555,OpenData__Joinable__miller2_vertical_30_ac1_ev,1444,5.521143731141579,2,236.20067908651714,estimated 61-feature build from representative benchmark + RF fit amortized by test pair; prediction time not separately logged; benchmark used hashed fallback embeddings locally
OpenData__Joinable__miller2_vertical_50_ac5_ev,230.67953535537555,OpenData__Joinable__miller2_vertical_30_ac1_ev,1444,5.42661401036749,1,236.10614936574305,estimated 61-feature build from representative benchmark + RF fit amortized by test pair; prediction time not separately logged; benchmark used hashed fallback embeddings locally
OpenData__Joinable__miller2_both_50_50_ac4_ev,230.67953535537555,OpenData__Joinable__miller2_vertical_30_ac1_ev,1444,5.615673451915668,1,236.2952088072912,estimated 61-feature build from representative benchmark + RF fit amortized by test pair; prediction time not separately logged; benchmark used hashed fallback embeddings locally
OpenData__Joinable__miller2_both_50_50_ec_ev,230.67953535537555,OpenData__Joinable__miller2_vertical_30_ac1_ev,1444,12.894884620442308,1,243.57441997581785,estimated 61-feature build from representative benchmark + RF fit amortized by test pair; prediction time not separately logged; benchmark used hashed fallback embeddings locally
OpenData__Joinable__miller2_vertical_50_ac3_ev,230.67953535537555,OpenData__Joinable__miller2_vertical_30_ac1_ev,1444,5.178372998638553,1,235.8579083540141,estimated 61-feature build from representative benchmark + RF fit amortized by test pair; prediction time not separately logged; benchmark used hashed fallback embeddings locally
OpenData__Joinable__miller2_vertical_50_ec_ev,230.67953535537555,OpenData__Joinable__miller2_vertical_30_ac1_ev,1444,5.698483534899606,3,236.37801889027514,estimated 61-feature build from representative benchmark + RF fit amortized by test pair; prediction time not separately logged; benchmark used hashed fallback embeddings locally
OpenData__Joinable__miller2_vertical_50_ac4_ev,230.67953535537555,OpenData__Joinable__miller2_vertical_30_ac1_ev,1444,12.894884620442308,1,243.57441997581785,estimated 61-feature build from representative benchmark + RF fit amortized by test pair; prediction time not separately logged; benchmark used hashed fallback embeddings locally
OpenData__Joinable__miller2_both_50_50_ac2_ev,230.67953535537555,OpenData__Joinable__miller2_vertical_30_ac1_ev,1444,5.42661401036749,1,236.10614936574305,estimated 61-feature build from representative benchmark + RF fit amortized by test pair; prediction time not separately logged; benchmark used hashed fallback embeddings locally
OpenData__Joinable__miller2_both_50_50_ac5_ev,230.67953535537555,OpenData__Joinable__miller2_vertical_30_ac1_ev,1444,5.549805419644571,2,236.22934077502012,estimated 61-feature build from representative benchmark + RF fit amortized by test pair; prediction time not separately logged; benchmark used hashed fallback embeddings locally
OpenData__Joinable__miller2_vertical_50_ac2_ev,230.67953535537555,OpenData__Joinable__miller2_vertical_30_ac1_ev,1444,5.615673451915668,1,236.2952088072912,estimated 61-feature build from representative benchmark + RF fit amortized by test pair; prediction time not separately logged; benchmark used hashed fallback embeddings locally
OpenData__Semantically-Joinable__miller2_vertical_50_ac4_av,230.67953535537555,OpenData__Joinable__miller2_vertical_30_ac1_ev,1444,5.761503348749,3,236.44103870412454,estimated 61-feature build from representative benchmark + RF fit amortized by test pair; prediction time not separately logged; benchmark used hashed fallback embeddings locally
OpenData__Semantically-Joinable__miller2_vertical_50_ac5_av,230.67953535537555,OpenData__Joinable__miller2_vertical_30_ac1_ev,1444,5.406886820307236,3,236.0864221756828,estimated 61-feature build from representative benchmark + RF fit amortized by test pair; prediction time not separately logged; benchmark used hashed fallback embeddings locally
OpenData__Semantically-Joinable__miller2_both_50_50_ac3_av,230.67953535537555,OpenData__Joinable__miller2_vertical_30_ac1_ev,1444,5.958538803030134,2,236.6380741584057,estimated 61-feature build from representative benchmark + RF fit amortized by test pair; prediction time not separately logged; benchmark used hashed fallback embeddings locally
OpenData__Semantically-Joinable__miller2_vertical_50_ec_av,230.67953535537555,OpenData__Joinable__miller2_vertical_30_ac1_ev,1444,12.894884620442308,1,243.57441997581785,estimated 61-feature build from representative benchmark + RF fit amortized by test pair; prediction time not separately logged; benchmark used hashed fallback embeddings locally
OpenData__Semantically-Joinable__miller2_vertical_50_ac1_av,230.67953535537555,OpenData__Joinable__miller2_vertical_30_ac1_ev,1444,5.521143731141579,2,236.20067908651714,estimated 61-feature build from representative benchmark + RF fit amortized by test pair; prediction time not separately logged; benchmark used hashed fallback embeddings locally
OpenData__Semantically-Joinable__miller2_both_50_50_ac5_av,230.67953535537555,OpenData__Joinable__miller2_vertical_30_ac1_ev,1444,6.490463595692778,1,237.16999895106832,estimated 61-feature build from representative benchmark + RF fit amortized by test pair; prediction time not separately logged; benchmark used hashed fallback embeddings locally
OpenData__Semantically-Joinable__miller2_both_50_50_ec_av,230.67953535537555,OpenData__Joinable__miller2_vertical_30_ac1_ev,1444,5.92123784065059,1,236.60077319602613,estimated 61-feature build from representative benchmark + RF fit amortized by test pair; prediction time not separately logged; benchmark used hashed fallback embeddings locally
OpenData__Semantically-Joinable__miller2_both_50_50_ac4_av,230.67953535537555,OpenData__Joinable__miller2_vertical_30_ac1_ev,1444,5.521143731141579,2,236.20067908651714,estimated 61-feature build from representative benchmark + RF fit amortized by test pair; prediction time not separately logged; benchmark used hashed fallback embeddings locally
OpenData__Joinable__miller2_vertical_50_ac1_ev,230.67953535537555,OpenData__Joinable__miller2_vertical_30_ac1_ev,1444,5.863358144993974,3,236.54289350036953,estimated 61-feature build from representative benchmark + RF fit amortized by test pair; prediction time not separately logged; benchmark used hashed fallback embeddings locally
OpenData__Joinable__miller2_both_50_50_ac3_ev,230.67953535537555,OpenData__Joinable__miller2_vertical_30_ac1_ev,1444,5.92123784065059,1,236.60077319602613,estimated 61-feature build from representative benchmark + RF fit amortized by test pair; prediction time not separately logged; benchmark used hashed fallback embeddings locally
OpenData__Joinable__miller2_both_50_50_ac1_ev,230.67953535537555,OpenData__Joinable__miller2_vertical_30_ac1_ev,1444,12.894884620442308,1,243.57441997581785,estimated 61-feature build from representative benchmark + RF fit amortized by test pair; prediction time not separately logged; benchmark used hashed fallback embeddings locally
OpenData__View -Unionable__miller2_both_0_70_ac5_av,282.8657470645912,OpenData__Unionable__miller2_horizontal_100_ac2_ev,1849,6.490463595692778,1,289.356210660284,estimated 61-feature build from representative benchmark + RF fit amortized by test pair; prediction time not separately logged; benchmark used hashed fallback embeddings locally
OpenData__View -Unionable__miller2_both_0_70_ac4_ev,282.8657470645912,OpenData__Unionable__miller2_horizontal_100_ac2_ev,1849,5.42661401036749,1,288.29236107495865,estimated 61-feature build from representative benchmark + RF fit amortized by test pair; prediction time not separately logged; benchmark used hashed fallback embeddings locally
OpenData__View -Unionable__miller2_both_0_70_ac2_ev,282.8657470645912,OpenData__Unionable__miller2_horizontal_100_ac2_ev,1849,6.053068523804223,2,288.9188155883954,estimated 61-feature build from representative benchmark + RF fit amortized by test pair; prediction time not separately logged; benchmark used hashed fallback embeddings locally
OpenData__View -Unionable__miller2_both_0_70_ac1_av,282.8657470645912,OpenData__Unionable__miller2_horizontal_100_ac2_ev,1849,5.42661401036749,1,288.29236107495865,estimated 61-feature build from representative benchmark + RF fit amortized by test pair; prediction time not separately logged; benchmark used hashed fallback embeddings locally
OpenData__View -Unionable__miller2_both_0_70_ac2_av,282.8657470645912,OpenData__Unionable__miller2_horizontal_100_ac2_ev,1849,12.894884620442308,1,295.7606316850335,estimated 61-feature build from representative benchmark + RF fit amortized by test pair; prediction time not separately logged; benchmark used hashed fallback embeddings locally
OpenData__View -Unionable__miller2_both_0_70_ac1_ev,282.8657470645912,OpenData__Unionable__miller2_horizontal_100_ac2_ev,1849,6.490463595692778,1,289.356210660284,estimated 61-feature build from representative benchmark + RF fit amortized by test pair; prediction time not separately logged; benchmark used hashed fallback embeddings locally
OpenData__View -Unionable__miller2_both_0_70_ac3_av,282.8657470645912,OpenData__Unionable__miller2_horizontal_100_ac2_ev,1849,5.42661401036749,1,288.29236107495865,estimated 61-feature build from representative benchmark + RF fit amortized by test pair; prediction time not separately logged; benchmark used hashed fallback embeddings locally
OpenData__Joinable__miller2_vertical_70_ac1_ev,282.8657470645912,OpenData__Unionable__miller2_horizontal_100_ac2_ev,1849,5.615673451915668,1,288.48142051650683,estimated 61-feature build from representative benchmark + RF fit amortized by test pair; prediction time not separately logged; benchmark used hashed fallback embeddings locally
OpenData__Joinable__miller2_both_50_70_ac1_ev,282.8657470645912,OpenData__Unionable__miller2_horizontal_100_ac2_ev,1849,5.302493504503021,2,288.1682405690942,estimated 61-feature build from representative benchmark + RF fit amortized by test pair; prediction time not separately logged; benchmark used hashed fallback embeddings locally
OpenData__Joinable__miller2_both_50_70_ac4_ev,282.8657470645912,OpenData__Unionable__miller2_horizontal_100_ac2_ev,1849,12.894884620442308,1,295.7606316850335,estimated 61-feature build from representative benchmark + RF fit amortized by test pair; prediction time not separately logged; benchmark used hashed fallback embeddings locally
OpenData__Joinable__miller2_both_50_70_ec_ev,282.8657470645912,OpenData__Unionable__miller2_horizontal_100_ac2_ev,1849,5.67392592550904,2,288.5396729901002,estimated 61-feature build from representative benchmark + RF fit amortized by test pair; prediction time not separately logged; benchmark used hashed fallback embeddings locally
OpenData__Joinable__miller2_both_50_70_ac5_ev,282.8657470645912,OpenData__Unionable__miller2_horizontal_100_ac2_ev,1849,5.801436971724397,4,288.6671840363156,estimated 61-feature build from representative benchmark + RF fit amortized by test pair; prediction time not separately logged; benchmark used hashed fallback embeddings locally
OpenData__Joinable__miller2_vertical_70_ac2_ev,282.8657470645912,OpenData__Unionable__miller2_horizontal_100_ac2_ev,1849,5.39702322527711,2,288.2627702898683,estimated 61-feature build from representative benchmark + RF fit amortized by test pair; prediction time not separately logged; benchmark used hashed fallback embeddings locally
OpenData__View -Unionable__miller2_both_0_70_ec_ev,282.8657470645912,OpenData__Unionable__miller2_horizontal_100_ac2_ev,1849,5.302493504503021,2,288.1682405690942,estimated 61-feature build from representative benchmark + RF fit amortized by test pair; prediction time not separately logged; benchmark used hashed fallback embeddings locally
OpenData__Semantically-Joinable__miller2_vertical_70_ac4_av,282.8657470645912,OpenData__Unionable__miller2_horizontal_100_ac2_ev,1849,5.39702322527711,2,288.2627702898683,estimated 61-feature build from representative benchmark + RF fit amortized by test pair; prediction time not separately logged; benchmark used hashed fallback embeddings locally
OpenData__Semantically-Joinable__miller2_vertical_70_ac3_av,282.8657470645912,OpenData__Unionable__miller2_horizontal_100_ac2_ev,1849,12.894884620442308,1,295.7606316850335,estimated 61-feature build from representative benchmark + RF fit amortized by test pair; prediction time not separately logged; benchmark used hashed fallback embeddings locally
OpenData__Semantically-Joinable__miller2_vertical_70_ac2_av,282.8657470645912,OpenData__Unionable__miller2_horizontal_100_ac2_ev,1849,5.677781014153622,4,288.54352807874477,estimated 61-feature build from representative benchmark + RF fit amortized by test pair; prediction time not separately logged; benchmark used hashed fallback embeddings locally
OpenData__Semantically-Joinable__miller2_vertical_70_ac1_av,282.8657470645912,OpenData__Unionable__miller2_horizontal_100_ac2_ev,1849,6.205850718171684,2,289.07159778276286,estimated 61-feature build from representative benchmark + RF fit amortized by test pair; prediction time not separately logged; benchmark used hashed fallback embeddings locally
OpenData__View -Unionable__miller2_both_0_70_ac4_av,282.8657470645912,OpenData__Unionable__miller2_horizontal_100_ac2_ev,1849,5.508741616552211,3,288.37448868114336,estimated 61-feature build from representative benchmark + RF fit amortized by test pair; prediction time not separately logged; benchmark used hashed fallback embeddings locally
OpenData__View -Unionable__miller2_both_0_70_ac3_ev,282.8657470645912,OpenData__Unionable__miller2_horizontal_100_ac2_ev,1849,5.178372998638553,1,288.04412006322974,estimated 61-feature build from representative benchmark + RF fit amortized by test pair; prediction time not separately logged; benchmark used hashed fallback embeddings locally
OpenData__View -Unionable__miller2_both_0_70_ac5_ev,282.8657470645912,OpenData__Unionable__miller2_horizontal_100_ac2_ev,1849,5.768455646283129,2,288.6342027108743,estimated 61-feature build from representative benchmark + RF fit amortized by test pair; prediction time not separately logged; benchmark used hashed fallback embeddings locally
OpenData__View -Unionable__miller2_both_0_70_ec_av,282.8657470645912,OpenData__Unionable__miller2_horizontal_100_ac2_ev,1849,6.205850718171684,2,289.07159778276286,estimated 61-feature build from representative benchmark + RF fit amortized by test pair; prediction time not separately logged; benchmark used hashed fallback embeddings locally
OpenData__Joinable__miller2_both_50_70_ac3_ev,282.8657470645912,OpenData__Unionable__miller2_horizontal_100_ac2_ev,1849,5.946105148903619,3,288.8118522134948,estimated 61-feature build from representative benchmark + RF fit amortized by test pair; prediction time not separately logged; benchmark used hashed fallback embeddings locally
OpenData__Joinable__miller2_both_50_70_ac2_ev,282.8657470645912,OpenData__Unionable__miller2_horizontal_100_ac2_ev,1849,5.768455646283129,2,288.6342027108743,estimated 61-feature build from representative benchmark + RF fit amortized by test pair; prediction time not separately logged; benchmark used hashed fallback embeddings locally
OpenData__Joinable__miller2_vertical_70_ec_ev,282.8657470645912,OpenData__Unionable__miller2_horizontal_100_ac2_ev,1849,12.894884620442308,1,295.7606316850335,estimated 61-feature build from representative benchmark + RF fit amortized by test pair; prediction time not separately logged; benchmark used hashed fallback embeddings locally
OpenData__Joinable__miller2_vertical_70_ac3_ev,282.8657470645912,OpenData__Unionable__miller2_horizontal_100_ac2_ev,1849,12.894884620442308,1,295.7606316850335,estimated 61-feature build from representative benchmark + RF fit amortized by test pair; prediction time not separately logged; benchmark used hashed fallback embeddings locally
OpenData__Joinable__miller2_vertical_70_ac4_ev,282.8657470645912,OpenData__Unionable__miller2_horizontal_100_ac2_ev,1849,5.801436971724397,4,288.6671840363156,estimated 61-feature build from representative benchmark + RF fit amortized by test pair; prediction time not separately logged; benchmark used hashed fallback embeddings locally
OpenData__Joinable__miller2_vertical_70_ac5_ev,282.8657470645912,OpenData__Unionable__miller2_horizontal_100_ac2_ev,1849,5.42661401036749,1,288.29236107495865,estimated 61-feature build from representative benchmark + RF fit amortized by test pair; prediction time not separately logged; benchmark used hashed fallback embeddings locally
OpenData__Semantically-Joinable__miller2_both_50_70_ec_av,282.8657470645912,OpenData__Unionable__miller2_horizontal_100_ac2_ev,1849,5.67392592550904,2,288.5396729901002,estimated 61-feature build from representative benchmark + RF fit amortized by test pair; prediction time not separately logged; benchmark used hashed fallback embeddings locally
OpenData__Semantically-Joinable__miller2_both_50_70_ac3_av,282.8657470645912,OpenData__Unionable__miller2_horizontal_100_ac2_ev,1849,5.67392592550904,2,288.5396729901002,estimated 61-feature build from representative benchmark + RF fit amortized by test pair; prediction time not separately logged; benchmark used hashed fallback embeddings locally
OpenData__Semantically-Joinable__miller2_both_50_70_ac4_av,282.8657470645912,OpenData__Unionable__miller2_horizontal_100_ac2_ev,1849,5.571761430401604,3,288.43750849499276,estimated 61-feature build from representative benchmark + RF fit amortized by test pair; prediction time not separately logged; benchmark used hashed fallback embeddings locally
OpenData__Semantically-Joinable__miller2_both_50_70_ac5_av,282.8657470645912,OpenData__Unionable__miller2_horizontal_100_ac2_ev,1849,5.42661401036749,1,288.29236107495865,estimated 61-feature build from representative benchmark + RF fit amortized by test pair; prediction time not separately logged; benchmark used hashed fallback embeddings locally
OpenData__Semantically-Joinable__miller2_both_50_70_ac1_av,282.8657470645912,OpenData__Unionable__miller2_horizontal_100_ac2_ev,1849,5.768455646283129,2,288.6342027108743,estimated 61-feature build from representative benchmark + RF fit amortized by test pair; prediction time not separately logged; benchmark used hashed fallback embeddings locally
OpenData__Semantically-Joinable__miller2_both_50_70_ac2_av,282.8657470645912,OpenData__Unionable__miller2_horizontal_100_ac2_ev,1849,12.894884620442308,1,295.7606316850335,estimated 61-feature build from representative benchmark + RF fit amortized by test pair; prediction time not separately logged; benchmark used hashed fallback embeddings locally
OpenData__Semantically-Joinable__miller2_vertical_70_ec_av,282.8657470645912,OpenData__Unionable__miller2_horizontal_100_ac2_ev,1849,5.92123784065059,1,288.78698490524175,estimated 61-feature build from representative benchmark + RF fit amortized by test pair; prediction time not separately logged; benchmark used hashed fallback embeddings locally
OpenData__Semantically-Joinable__miller2_vertical_70_ac5_av,282.8657470645912,OpenData__Unionable__miller2_horizontal_100_ac2_ev,1849,5.615673451915668,1,288.48142051650683,estimated 61-feature build from representative benchmark + RF fit amortized by test pair; prediction time not separately logged; benchmark used hashed fallback embeddings locally
OpenData__Unionable__miller2_horizontal_100_ac2_av,397.9090362979998,OpenData__Unionable__miller2_horizontal_100_ac2_ev,2601,5.844250352658645,3,403.7532866506585,estimated 61-feature build from representative benchmark + RF fit amortized by test pair; prediction time not separately logged; benchmark used hashed fallback embeddings locally
OpenData__Unionable__miller2_horizontal_100_ac2_ev,397.9090362979998,OpenData__Unionable__miller2_horizontal_100_ac2_ev,2601,5.92123784065059,1,403.8302741386504,estimated 61-feature build from representative benchmark + RF fit amortized by test pair; prediction time not separately logged; benchmark used hashed fallback embeddings locally
OpenData__Unionable__miller2_horizontal_100_ac1_ev,397.9090362979998,OpenData__Unionable__miller2_horizontal_100_ac2_ev,2601,5.302493504503021,2,403.21152980250287,estimated 61-feature build from representative benchmark + RF fit amortized by test pair; prediction time not separately logged; benchmark used hashed fallback embeddings locally
OpenData__Unionable__miller2_horizontal_100_ac1_av,397.9090362979998,OpenData__Unionable__miller2_horizontal_100_ac2_ev,2601,12.894884620442308,1,410.80392091844215,estimated 61-feature build from representative benchmark + RF fit amortized by test pair; prediction time not separately logged; benchmark used hashed fallback embeddings locally
OpenData__Unionable__miller2_horizontal_50_ac2_ev,397.9090362979998,OpenData__Unionable__miller2_horizontal_100_ac2_ev,2601,6.205850718171684,2,404.1148870161715,estimated 61-feature build from representative benchmark + RF fit amortized by test pair; prediction time not separately logged; benchmark used hashed fallback embeddings locally
OpenData__Unionable__miller2_horizontal_50_ac2_av,397.9090362979998,OpenData__Unionable__miller2_horizontal_100_ac2_ev,2601,6.490463595692778,1,404.3994998936926,estimated 61-feature build from representative benchmark + RF fit amortized by test pair; prediction time not separately logged; benchmark used hashed fallback embeddings locally
OpenData__Unionable__miller2_horizontal_50_ac1_ev,397.9090362979998,OpenData__Unionable__miller2_horizontal_100_ac2_ev,2601,12.894884620442308,1,410.80392091844215,estimated 61-feature build from representative benchmark + RF fit amortized by test pair; prediction time not separately logged; benchmark used hashed fallback embeddings locally
OpenData__Unionable__miller2_horizontal_50_ac1_av,397.9090362979998,OpenData__Unionable__miller2_horizontal_100_ac2_ev,2601,5.698483534899606,3,403.6075198328994,estimated 61-feature build from representative benchmark + RF fit amortized by test pair; prediction time not separately logged; benchmark used hashed fallback embeddings locally
OpenData__Unionable__miller2_horizontal_100_ec_av,397.9090362979998,OpenData__Unionable__miller2_horizontal_100_ac2_ev,2601,12.894884620442308,1,410.80392091844215,estimated 61-feature build from representative benchmark + RF fit amortized by test pair; prediction time not separately logged; benchmark used hashed fallback embeddings locally
OpenData__Unionable__miller2_horizontal_100_ec_ev,397.9090362979998,OpenData__Unionable__miller2_horizontal_100_ac2_ev,2601,5.946105148903619,3,403.8551414469034,estimated 61-feature build from representative benchmark + RF fit amortized by test pair; prediction time not separately logged; benchmark used hashed fallback embeddings locally
OpenData__Unionable__miller2_horizontal_100_ac5_ev,397.9090362979998,OpenData__Unionable__miller2_horizontal_100_ac2_ev,2601,5.754172111337352,4,403.6632084093372,estimated 61-feature build from representative benchmark + RF fit amortized by test pair; prediction time not separately logged; benchmark used hashed fallback embeddings locally
OpenData__Unionable__miller2_horizontal_100_ac5_av,397.9090362979998,OpenData__Unionable__miller2_horizontal_100_ac2_ev,2601,6.205850718171684,2,404.1148870161715,estimated 61-feature build from representative benchmark + RF fit amortized by test pair; prediction time not separately logged; benchmark used hashed fallback embeddings locally
OpenData__Unionable__miller2_horizontal_100_ac3_av,397.9090362979998,OpenData__Unionable__miller2_horizontal_100_ac2_ev,2601,5.42661401036749,1,403.3356503083673,estimated 61-feature build from representative benchmark + RF fit amortized by test pair; prediction time not separately logged; benchmark used hashed fallback embeddings locally
OpenData__Unionable__miller2_horizontal_100_ac4_ev,397.9090362979998,OpenData__Unionable__miller2_horizontal_100_ac2_ev,2601,5.39702322527711,2,403.30605952327693,estimated 61-feature build from representative benchmark + RF fit amortized by test pair; prediction time not separately logged; benchmark used hashed fallback embeddings locally
OpenData__Unionable__miller2_horizontal_100_ac4_av,397.9090362979998,OpenData__Unionable__miller2_horizontal_100_ac2_ev,2601,5.768455646283129,2,403.67749194428296,estimated 61-feature build from representative benchmark + RF fit amortized by test pair; prediction time not separately logged; benchmark used hashed fallback embeddings locally
OpenData__Unionable__miller2_horizontal_100_ac3_ev,397.9090362979998,OpenData__Unionable__miller2_horizontal_100_ac2_ev,2601,5.39702322527711,2,403.30605952327693,estimated 61-feature build from representative benchmark + RF fit amortized by test pair; prediction time not separately logged; benchmark used hashed fallback embeddings locally
OpenData__Unionable__miller2_horizontal_50_ac3_ev,397.9090362979998,OpenData__Unionable__miller2_horizontal_100_ac2_ev,2601,12.894884620442308,1,410.80392091844215,estimated 61-feature build from representative benchmark + RF fit amortized by test pair; prediction time not separately logged; benchmark used hashed fallback embeddings locally
OpenData__Unionable__miller2_horizontal_50_ac4_av,397.9090362979998,OpenData__Unionable__miller2_horizontal_100_ac2_ev,2601,5.39702322527711,2,403.30605952327693,estimated 61-feature build from representative benchmark + RF fit amortized by test pair; prediction time not separately logged; benchmark used hashed fallback embeddings locally
OpenData__Unionable__miller2_horizontal_50_ac4_ev,397.9090362979998,OpenData__Unionable__miller2_horizontal_100_ac2_ev,2601,6.490463595692778,1,404.3994998936926,estimated 61-feature build from representative benchmark + RF fit amortized by test pair; prediction time not separately logged; benchmark used hashed fallback embeddings locally
OpenData__Unionable__miller2_horizontal_50_ac5_av,397.9090362979998,OpenData__Unionable__miller2_horizontal_100_ac2_ev,2601,5.615673451915668,1,403.5247097499155,estimated 61-feature build from representative benchmark + RF fit amortized by test pair; prediction time not separately logged; benchmark used hashed fallback embeddings locally
OpenData__Unionable__miller2_horizontal_0_ac3_av,397.9090362979998,OpenData__Unionable__miller2_horizontal_100_ac2_ev,2601,12.894884620442308,1,410.80392091844215,estimated 61-feature build from representative benchmark + RF fit amortized by test pair; prediction time not separately logged; benchmark used hashed fallback embeddings locally
OpenData__Unionable__miller2_horizontal_0_ac3_ev,397.9090362979998,OpenData__Unionable__miller2_horizontal_100_ac2_ev,2601,12.894884620442308,1,410.80392091844215,estimated 61-feature build from representative benchmark + RF fit amortized by test pair; prediction time not separately logged; benchmark used hashed fallback embeddings locally
OpenData__Unionable__miller2_horizontal_0_ac4_ev,397.9090362979998,OpenData__Unionable__miller2_horizontal_100_ac2_ev,2601,5.92123784065059,1,403.8302741386504,estimated 61-feature build from representative benchmark + RF fit amortized by test pair; prediction time not separately logged; benchmark used hashed fallback embeddings locally
OpenData__Unionable__miller2_horizontal_0_ac4_av,397.9090362979998,OpenData__Unionable__miller2_horizontal_100_ac2_ev,2601,5.768455646283129,2,403.67749194428296,estimated 61-feature build from representative benchmark + RF fit amortized by test pair; prediction time not separately logged; benchmark used hashed fallback embeddings locally
OpenData__Unionable__miller2_horizontal_0_ac1_ev,397.9090362979998,OpenData__Unionable__miller2_horizontal_100_ac2_ev,2601,5.549805419644571,2,403.4588417176444,estimated 61-feature build from representative benchmark + RF fit amortized by test pair; prediction time not separately logged; benchmark used hashed fallback embeddings locally
OpenData__Unionable__miller2_horizontal_0_ac2_av,397.9090362979998,OpenData__Unionable__miller2_horizontal_100_ac2_ev,2601,5.302493504503021,2,403.21152980250287,estimated 61-feature build from representative benchmark + RF fit amortized by test pair; prediction time not separately logged; benchmark used hashed fallback embeddings locally
OpenData__Unionable__miller2_horizontal_0_ac2_ev,397.9090362979998,OpenData__Unionable__miller2_horizontal_100_ac2_ev,2601,5.654508434311249,3,403.5635447323111,estimated 61-feature build from representative benchmark + RF fit amortized by test pair; prediction time not separately logged; benchmark used hashed fallback embeddings locally
OpenData__Unionable__miller2_horizontal_0_ac1_av,397.9090362979998,OpenData__Unionable__miller2_horizontal_100_ac2_ev,2601,6.053068523804223,2,403.962104821804,estimated 61-feature build from representative benchmark + RF fit amortized by test pair; prediction time not separately logged; benchmark used hashed fallback embeddings locally
OpenData__Unionable__miller2_horizontal_0_ac5_av,397.9090362979998,OpenData__Unionable__miller2_horizontal_100_ac2_ev,2601,5.42661401036749,1,403.3356503083673,estimated 61-feature build from representative benchmark + RF fit amortized by test pair; prediction time not separately logged; benchmark used hashed fallback embeddings locally
OpenData__Unionable__miller2_horizontal_0_ac5_ev,397.9090362979998,OpenData__Unionable__miller2_horizontal_100_ac2_ev,2601,6.490463595692778,1,404.3994998936926,estimated 61-feature build from representative benchmark + RF fit amortized by test pair; prediction time not separately logged; benchmark used hashed fallback embeddings locally
OpenData__Unionable__miller2_horizontal_0_ec_av,397.9090362979998,OpenData__Unionable__miller2_horizontal_100_ac2_ev,2601,5.67392592550904,2,403.58296222350884,estimated 61-feature build from representative benchmark + RF fit amortized by test pair; prediction time not separately logged; benchmark used hashed fallback embeddings locally
OpenData__Unionable__miller2_horizontal_0_ec_ev,397.9090362979998,OpenData__Unionable__miller2_horizontal_100_ac2_ev,2601,5.615673451915668,1,403.5247097499155,estimated 61-feature build from representative benchmark + RF fit amortized by test pair; prediction time not separately logged; benchmark used hashed fallback embeddings locally
OpenData__Unionable__miller2_horizontal_50_ac5_ev,397.9090362979998,OpenData__Unionable__miller2_horizontal_100_ac2_ev,2601,5.834418297165666,2,403.7434545951655,estimated 61-feature build from representative benchmark + RF fit amortized by test pair; prediction time not separately logged; benchmark used hashed fallback embeddings locally
OpenData__Unionable__miller2_horizontal_50_ec_av,397.9090362979998,OpenData__Unionable__miller2_horizontal_100_ac2_ev,2601,5.521143731141579,2,403.4301800291414,estimated 61-feature build from representative benchmark + RF fit amortized by test pair; prediction time not separately logged; benchmark used hashed fallback embeddings locally
OpenData__Unionable__miller2_horizontal_50_ec_ev,397.9090362979998,OpenData__Unionable__miller2_horizontal_100_ac2_ev,2601,5.178372998638553,1,403.0874092966384,estimated 61-feature build from representative benchmark + RF fit amortized by test pair; prediction time not separately logged; benchmark used hashed fallback embeddings locally
OpenData__Unionable__miller2_horizontal_50_ac3_av,397.9090362979998,OpenData__Unionable__miller2_horizontal_100_ac2_ev,2601,5.178372998638553,1,403.0874092966384,estimated 61-feature build from representative benchmark + RF fit amortized by test pair; prediction time not separately logged; benchmark used hashed fallback embeddings locally
